ISO-10303-21;
HEADER;
FILE_DESCRIPTION (( 'STEP AP214' ),
    '1' );
FILE_NAME ('BH-67D-5.STEP',
    '2024-08-27T23:20:34',
    ( '' ),
    ( '' ),
    'SwSTEP 2.0',
    'SolidWorks 2024',
    '' );
FILE_SCHEMA (( 'AUTOMOTIVE_DESIGN' ));
ENDSEC;

DATA;
#1 = DIRECTION ( 'NONE',  ( 0.7071067811865474617, 0.000000000000000000, -0.7071067811865474617 ) ) ;
#2 = CIRCLE ( 'NONE', #1530, 0.3090233761809167423 ) ;
#3 = CARTESIAN_POINT ( 'NONE',  ( -3.997679860455589207, 3.349806298170199259, 3.225883073012070668 ) ) ;
#4 = DIRECTION ( 'NONE',  ( -0.000000000000000000, -1.000000000000000000, -0.000000000000000000 ) ) ;
#5 = ORIENTED_EDGE ( 'NONE', *, *, #6504, .T. ) ;
#6 = CYLINDRICAL_SURFACE ( 'NONE', #1233, 0.2000000000000005107 ) ;
#7 = EDGE_CURVE ( 'NONE', #6738, #6686, #7100, .T. ) ;
#8 = CARTESIAN_POINT ( 'NONE',  ( 6.730133292351277774, 1.101722829898835743, -2.157882877095675500 ) ) ;
#9 = ORIENTED_EDGE ( 'NONE', *, *, #6121, .T. ) ;
#10 = ORIENTED_EDGE ( 'NONE', *, *, #7840, .T. ) ;
#11 = CARTESIAN_POINT ( 'NONE',  ( 10.65000000000002167, 0.3000000000000382916, -3.306410161513776202 ) ) ;
#12 = CARTESIAN_POINT ( 'NONE',  ( 6.792675524780387164, 1.351227264125369532, -1.849260921126146595 ) ) ;
#13 = CIRCLE ( 'NONE', #516, 0.1499999999999999667 ) ;
#14 = CARTESIAN_POINT ( 'NONE',  ( 6.646189909848320809, 1.238057886610382852, -1.556363514144647020 ) ) ;
#15 = DIRECTION ( 'NONE',  ( 1.000000000000000000, -3.624795322936608189E-15, -4.485885711162466802E-16 ) ) ;
#16 = B_SPLINE_CURVE_WITH_KNOTS ( 'NONE', 3,
 ( #517, #2982, #2367, #5479, #1210, #6734, #6078, #555 ),
 .UNSPECIFIED., .F., .F.,
 ( 4, 2, 2, 4 ),
 ( 0.000000000000000000, 0.4999999999999998890, 0.7499999999999997780, 1.000000000000000000 ),
 .UNSPECIFIED. ) ;
#17 = ADVANCED_FACE ( 'NONE', ( #3560 ), #4161, .T. ) ;
#18 = ADVANCED_FACE ( 'NONE', ( #1537 ), #1051, .T. ) ;
#19 = CYLINDRICAL_SURFACE ( 'NONE', #710, 0.2000000000000002887 ) ;
#20 = ORIENTED_EDGE ( 'NONE', *, *, #5679, .F. ) ;
#21 = VERTEX_POINT ( 'NONE', #2217 ) ;
#22 = DIRECTION ( 'NONE',  ( 0.000000000000000000, -0.9116918447891283472, 0.4108746525949196760 ) ) ;
#23 = ORIENTED_EDGE ( 'NONE', *, *, #5897, .T. ) ;
#24 = DIRECTION ( 'NONE',  ( -1.000000000000000000, -0.000000000000000000, -0.000000000000000000 ) ) ;
#25 = DIRECTION ( 'NONE',  ( -0.000000000000000000, -0.000000000000000000, -1.000000000000000000 ) ) ;
#26 = CARTESIAN_POINT ( 'NONE',  ( -10.65000000000002345, 0.4500000000000385914, -2.959999999999995968 ) ) ;
#27 = FACE_OUTER_BOUND ( 'NONE', #6660, .T. ) ;
#28 = VERTEX_POINT ( 'NONE', #4030 ) ;
#29 = ORIENTED_EDGE ( 'NONE', *, *, #3636, .F. ) ;
#30 = DIRECTION ( 'NONE',  ( 0.000000000000000000, 0.4108746525949195094, 0.9116918447891283472 ) ) ;
#31 = EDGE_CURVE ( 'NONE', #6439, #3972, #5925, .T. ) ;
#32 = ORIENTED_EDGE ( 'NONE', *, *, #827, .F. ) ;
#33 = CARTESIAN_POINT ( 'NONE',  ( 6.713940986800958299, 1.360884354994985834, -1.692173136489470764 ) ) ;
#34 = CARTESIAN_POINT ( 'NONE',  ( 6.646393202258554567, 1.617645749922231646, -1.907167435587722615 ) ) ;
#35 = DIRECTION ( 'NONE',  ( -5.234484735909391501E-16, -0.4108746525949196760, -0.9116918447891282362 ) ) ;
#36 = AXIS2_PLACEMENT_3D ( 'NONE', #7353, #5502, #5424 ) ;
#37 = CYLINDRICAL_SURFACE ( 'NONE', #6128, 0.1999999999999999833 ) ;
#38 = CARTESIAN_POINT ( 'NONE',  ( -3.996197584358212929, 3.349862007049223767, 3.228253769999909206 ) ) ;
#39 = ORIENTED_EDGE ( 'NONE', *, *, #5663, .T. ) ;
#40 = CARTESIAN_POINT ( 'NONE',  ( 6.646393202251342558, 1.042592249482984901, -1.852281368217522983 ) ) ;
#41 = EDGE_CURVE ( 'NONE', #4155, #383, #4198, .T. ) ;
#42 = CARTESIAN_POINT ( 'NONE',  ( 5.599999999999999645, 1.099999999999978106, -2.259999999999998899 ) ) ;
#43 = ORIENTED_EDGE ( 'NONE', *, *, #7791, .T. ) ;
#44 = VERTEX_POINT ( 'NONE', #5285 ) ;
#45 = CARTESIAN_POINT ( 'NONE',  ( 7.200000000000001066, 1.238057920502389830, -1.556363431405267672 ) ) ;
#46 = CARTESIAN_POINT ( 'NONE',  ( 4.316963709548970130, 1.122967236716881700, -1.955140056724811615 ) ) ;
#47 = EDGE_CURVE ( 'NONE', #6216, #787, #5888, .T. ) ;
#48 = CARTESIAN_POINT ( 'NONE',  ( -8.728703347107824514E-16, -5.314986337483599857E-15, -2.810000000000001386 ) ) ;
#49 = CARTESIAN_POINT ( 'NONE',  ( 6.560000000000002274, 1.095098409454163368, -2.174393058130196454 ) ) ;
#50 = CARTESIAN_POINT ( 'NONE',  ( -5.600000000000000533, 1.099999999999978106, -3.859999999999996323 ) ) ;
#51 = CARTESIAN_POINT ( 'NONE',  ( -7.703731956237318990, 1.699999999999999512, -7.830889243762690910 ) ) ;
#52 = ORIENTED_EDGE ( 'NONE', *, *, #6813, .F. ) ;
#53 = PLANE ( 'NONE',  #3707 ) ;
#54 = ORIENTED_EDGE ( 'NONE', *, *, #7, .F. ) ;
#55 = ORIENTED_EDGE ( 'NONE', *, *, #5279, .T. ) ;
#56 = DIRECTION ( 'NONE',  ( 0.000000000000000000, -1.836970198721029688E-16, 1.000000000000000000 ) ) ;
#57 = CARTESIAN_POINT ( 'NONE',  ( -10.07253967321225652, 3.349999999999999645, -4.825685423719864531 ) ) ;
#58 = EDGE_CURVE ( 'NONE', #7911, #3355, #585, .T. ) ;
#59 = LINE ( 'NONE', #6096, #5937 ) ;
#60 = DIRECTION ( 'NONE',  ( 0.000000000000000000, 0.000000000000000000, -1.000000000000000000 ) ) ;
#61 = ORIENTED_EDGE ( 'NONE', *, *, #3894, .T. ) ;
#62 = ORIENTED_EDGE ( 'NONE', *, *, #5629, .T. ) ;
#63 = LINE ( 'NONE', #735, #3701 ) ;
#64 = VECTOR ( 'NONE', #5501, 1000.000000000000114 ) ;
#65 = EDGE_LOOP ( 'NONE', ( #443, #4114, #1552, #5909 ) ) ;
#66 =( BOUNDED_SURFACE ( )  B_SPLINE_SURFACE ( 3, 2, ( 
 ( #4182, #5942, #4049 ),
 ( #381, #6689, #6553 ),
 ( #7199, #548, #6640 ),
 ( #1030, #2842, #5305 ),
 ( #7920, #7880, #5348 ),
 ( #2316, #6598, #3623 ) ),
 .UNSPECIFIED., .F., .F., .T. ) 
 B_SPLINE_SURFACE_WITH_KNOTS ( ( 4, 2, 4 ),
 ( 3, 3 ),
 ( -1.099923103986544248E-16, 0.0002545849024173145675, 0.0005091698048347391816 ),
 ( 0.000000000000000000, 1.000000000000000000 ),
 .UNSPECIFIED. ) 
 GEOMETRIC_REPRESENTATION_ITEM ( )  RATIONAL_B_SPLINE_SURFACE ( (
 ( 1.000000000000000000, 0.9333010955103001605, 1.000000000000000000),
 ( 1.000000000000000000, 0.9334410724405012294, 1.000000000000000000),
 ( 1.000000000000000000, 0.9306817936049246454, 1.000000000000000000),
 ( 1.000000000000000000, 0.9243175505878730158, 1.000000000000000000),
 ( 1.000000000000000000, 0.9209706827374152249, 1.000000000000000000),
 ( 1.000000000000000000, 0.9211323729461644572, 1.000000000000000000) ) ) 
 REPRESENTATION_ITEM ( '' )  SURFACE ( )  );
#67 = ORIENTED_EDGE ( 'NONE', *, *, #6242, .F. ) ;
#68 = CARTESIAN_POINT ( 'NONE',  ( 4.516005238246710185, 1.498116780039514984, -1.586698455756771819 ) ) ;
#69 = DIRECTION ( 'NONE',  ( 0.000000000000000000, -0.000000000000000000, -1.000000000000000000 ) ) ;
#70 = EDGE_CURVE ( 'NONE', #7531, #1405, #5485, .T. ) ;
#71 = ADVANCED_FACE ( 'NONE', ( #4602 ), #2092, .T. ) ;
#72 = CARTESIAN_POINT ( 'NONE',  ( 5.910307944779840561, 1.503276080241479296, -1.572038693219073746 ) ) ;
#73 = VECTOR ( 'NONE', #7535, 1000.000000000000000 ) ;
#74 = AXIS2_PLACEMENT_3D ( 'NONE', #3860, #3642, #4470 ) ;
#75 = LINE ( 'NONE', #7878, #722 ) ;
#76 = CARTESIAN_POINT ( 'NONE',  ( 6.646393202251077881, 1.042592249483210054, -1.852281368216459834 ) ) ;
#77 = CYLINDRICAL_SURFACE ( 'NONE', #3307, 0.1499999999999999667 ) ;
#78 = CARTESIAN_POINT ( 'NONE',  ( 6.728563479876171094, 1.042592249483339284, -1.852281368217598478 ) ) ;
#79 =( LENGTH_UNIT ( ) NAMED_UNIT ( * ) SI_UNIT ( .MILLI., .METRE. ) );
#80 = VECTOR ( 'NONE', #2338, 1000.000000000000000 ) ;
#81 = CARTESIAN_POINT ( 'NONE',  ( 4.000000000000000000, 1.099999999999978106, -2.259999999999998899 ) ) ;
#82 = EDGE_CURVE ( 'NONE', #6645, #4641, #1702, .T. ) ;
#83 = ORIENTED_EDGE ( 'NONE', *, *, #1148, .T. ) ;
#84 = ORIENTED_EDGE ( 'NONE', *, *, #3774, .F. ) ;
#85 = CARTESIAN_POINT ( 'NONE',  ( 5.506106797749979798, 1.126713653625258660, -1.557341709393825768 ) ) ;
#86 = AXIS2_PLACEMENT_3D ( 'NONE', #4922, #4283, #1219 ) ;
#87 = DIRECTION ( 'NONE',  ( -1.511542678439622683E-31, -4.170008355713322337E-17, 1.000000000000000000 ) ) ;
#88 = DIRECTION ( 'NONE',  ( -0.000000000000000000, -0.2123927026747532421, -0.9771843939863725792 ) ) ;
#89 = DIRECTION ( 'NONE',  ( 1.000000000000000000, 0.000000000000000000, 0.000000000000000000 ) ) ;
#90 = AXIS2_PLACEMENT_3D ( 'NONE', #3319, #249, #2669 ) ;
#91 = VECTOR ( 'NONE', #5763, 1000.000000000000000 ) ;
#92 = VERTEX_POINT ( 'NONE', #6449 ) ;
#93 = DIRECTION ( 'NONE',  ( 1.000000000000000000, 0.000000000000000000, -4.485885711162466802E-16 ) ) ;
#94 = ORIENTED_EDGE ( 'NONE', *, *, #3011, .F. ) ;
#95 = ORIENTED_EDGE ( 'NONE', *, *, #7956, .F. ) ;
#96 = DIRECTION ( 'NONE',  ( 1.000000000000000000, 1.333139840934740450E-16, -2.895170079404854329E-30 ) ) ;
#97 = CARTESIAN_POINT ( 'NONE',  ( -7.200000000000001954, 1.349999999999978106, -2.257615395000000191 ) ) ;
#98 = DIRECTION ( 'NONE',  ( 1.000000000000000000, -3.624795322936608189E-15, -4.485885711162466802E-16 ) ) ;
#99 = CIRCLE ( 'NONE', #7432, 1.850000000000000089 ) ;
#100 = VECTOR ( 'NONE', #2825, 1000.000000000000000 ) ;
#101 = CARTESIAN_POINT ( 'NONE',  ( 6.621259239853922729, 1.095098649552981529, -2.174393343026394643 ) ) ;
#102 = ADVANCED_FACE ( 'NONE', ( #4075 ), #3997, .T. ) ;
#103 = ORIENTED_EDGE ( 'NONE', *, *, #5765, .F. ) ;
#104 = VECTOR ( 'NONE', #7062, 1000.000000000000000 ) ;
#105 = CARTESIAN_POINT ( 'NONE',  ( 10.40000000000000746, 0.3000000000000375144, 0.000000000000000000 ) ) ;
#106 = VERTEX_POINT ( 'NONE', #4720 ) ;
#107 = ORIENTED_EDGE ( 'NONE', *, *, #1608, .T. ) ;
#108 = CARTESIAN_POINT ( 'NONE',  ( 5.269463606425993873, 1.069999999999979412, -2.257615395000003300 ) ) ;
#109 = LINE ( 'NONE', #4376, #6876 ) ;
#110 = CARTESIAN_POINT ( 'NONE',  ( 5.599999999999999645, 1.349999999999978106, -2.957499999999998685 ) ) ;
#111 = CIRCLE ( 'NONE', #743, 0.4499999999999945155 ) ;
#112 = EDGE_CURVE ( 'NONE', #7932, #6989, #7782, .T. ) ;
#113 = EDGE_CURVE ( 'NONE', #4811, #2202, #7074, .T. ) ;
#114 = CARTESIAN_POINT ( 'NONE',  ( 5.285249604469581364, 1.096801526281418360, -2.957499999999998685 ) ) ;
#115 = PRODUCT_DEFINITION_SHAPE ( 'NONE', 'NONE',  #7960 ) ;
#116 = FACE_OUTER_BOUND ( 'NONE', #5989, .T. ) ;
#117 = EDGE_LOOP ( 'NONE', ( #7160, #6334, #6611, #2188 ) ) ;
#118 = DIRECTION ( 'NONE',  ( 0.000000000000000000, 0.000000000000000000, 1.000000000000000000 ) ) ;
#119 = LINE ( 'NONE', #1925, #7551 ) ;
#120 = AXIS2_PLACEMENT_3D ( 'NONE', #6625, #2343, #4210 ) ;
#121 = ORIENTED_EDGE ( 'NONE', *, *, #6993, .T. ) ;
#122 = CARTESIAN_POINT ( 'NONE',  ( 5.506106797749979798, 1.089965520103052254, -1.661773075905845332 ) ) ;
#123 = CARTESIAN_POINT ( 'NONE',  ( 6.559999999999998721, 1.071127705751742321, -2.192508545081036875 ) ) ;
#124 = LINE ( 'NONE', #6820, #5071 ) ;
#125 = CARTESIAN_POINT ( 'NONE',  ( 10.39073772474620405, 1.699999999999999734, -5.143883475253820947 ) ) ;
#126 = DIRECTION ( 'NONE',  ( 0.000000000000000000, 0.000000000000000000, -1.000000000000000000 ) ) ;
#127 = ORIENTED_EDGE ( 'NONE', *, *, #7219, .T. ) ;
#128 = CARTESIAN_POINT ( 'NONE',  ( -4.000000000000000000, 3.305845922394564429, 3.034562673702538405 ) ) ;
#129 = AXIS2_PLACEMENT_3D ( 'NONE', #5131, #5634, #3324 ) ;
#130 = ORIENTED_EDGE ( 'NONE', *, *, #2412, .F. ) ;
#131 = DIRECTION ( 'NONE',  ( 1.000000000000000000, 0.000000000000000000, 0.000000000000000000 ) ) ;
#132 = CARTESIAN_POINT ( 'NONE',  ( 5.930536393574005416, 1.824056394205139542, -0.2533876050802070790 ) ) ;
#133 = CARTESIAN_POINT ( 'NONE',  ( 5.599999999999999645, 3.349999999999999645, -2.510000000000002451 ) ) ;
#134 = CARTESIAN_POINT ( 'NONE',  ( -10.85000000000002096, 0.4500000000000164979, 0.2899999999999970379 ) ) ;
#135 = CIRCLE ( 'NONE', #1677, 0.1499999999999999667 ) ;
#136 = FACE_OUTER_BOUND ( 'NONE', #4622, .T. ) ;
#137 = ORIENTED_EDGE ( 'NONE', *, *, #6079, .F. ) ;
#138 = B_SPLINE_CURVE_WITH_KNOTS ( 'NONE', 3,
 ( #3781, #6240, #715, #1369, #2490, #4954 ),
 .UNSPECIFIED., .F., .F.,
 ( 4, 2, 4 ),
 ( 0.000000000000000000, 0.5000000000000000000, 1.000000000000000000 ),
 .UNSPECIFIED. ) ;
#139 = DIRECTION ( 'NONE',  ( 0.000000000000000000, -1.000000000000000000, 0.000000000000000000 ) ) ;
#140 = VERTEX_POINT ( 'NONE', #5492 ) ;
#141 = EDGE_CURVE ( 'NONE', #3027, #21, #7381, .T. ) ;
#142 = VERTEX_POINT ( 'NONE', #1819 ) ;
#143 = CARTESIAN_POINT ( 'NONE',  ( 6.837388497488463557, 1.163118790456584950, -1.745057335872020499 ) ) ;
#144 = DIRECTION ( 'NONE',  ( -1.000000000000000000, 3.624795322936608189E-15, 4.485885711162466802E-16 ) ) ;
#145 = CARTESIAN_POINT ( 'NONE',  ( 10.65000000000001634, 0.5000000000000386358, 4.289999999999998259 ) ) ;
#146 = EDGE_CURVE ( 'NONE', #712, #1566, #6745, .T. ) ;
#147 = CYLINDRICAL_SURFACE ( 'NONE', #4586, 0.1999999999999779732 ) ;
#148 = DIRECTION ( 'NONE',  ( 0.000000000000000000, 6.550704629611132873E-16, -1.000000000000000000 ) ) ;
#149 = DIRECTION ( 'NONE',  ( -1.000000000000000000, 0.000000000000000000, 5.421010862428118746E-16 ) ) ;
#150 = CYLINDRICAL_SURFACE ( 'NONE', #3068, 0.03000000000000007869 ) ;
#151 = EDGE_CURVE ( 'NONE', #1391, #2168, #5578, .T. ) ;
#152 = EDGE_CURVE ( 'NONE', #1832, #6624, #3551, .T. ) ;
#153 = DIRECTION ( 'NONE',  ( 1.000000000000000000, 0.000000000000000000, 0.000000000000000000 ) ) ;
#154 = DIRECTION ( 'NONE',  ( 1.000000000000000000, -5.767953441034692240E-14, -1.384206567203477049E-13 ) ) ;
#155 = VERTEX_POINT ( 'NONE', #7944 ) ;
#156 = CARTESIAN_POINT ( 'NONE',  ( 5.599999999999999645, 1.499847494822332816, -0.7293931419030968977 ) ) ;
#157 = DIRECTION ( 'NONE',  ( 0.000000000000000000, 1.000000000000000000, 0.000000000000000000 ) ) ;
#158 = CYLINDRICAL_SURFACE ( 'NONE', #1355, 1.599999999999999867 ) ;
#159 = EDGE_CURVE ( 'NONE', #3604, #6203, #810, .T. ) ;
#160 = DIRECTION ( 'NONE',  ( -0.000000000000000000, -0.000000000000000000, 1.000000000000000000 ) ) ;
#161 = ADVANCED_FACE ( 'NONE', ( #565 ), #2991, .T. ) ;
#162 = CARTESIAN_POINT ( 'NONE',  ( 10.85000000000002096, 0.2500000000000383027, 0.2899999999999953171 ) ) ;
#163 = ORIENTED_EDGE ( 'NONE', *, *, #1289, .F. ) ;
#164 = CARTESIAN_POINT ( 'NONE',  ( 5.276863521315640959, 1.101340863830482464, -2.186876793025119614 ) ) ;
#165 = ORIENTED_EDGE ( 'NONE', *, *, #294, .F. ) ;
#166 = ORIENTED_EDGE ( 'NONE', *, *, #1799, .F. ) ;
#167 = CARTESIAN_POINT ( 'NONE',  ( -5.600000000000000533, 3.349999999999999645, -2.509999999999999343 ) ) ;
#168 = FACE_OUTER_BOUND ( 'NONE', #1618, .T. ) ;
#169 = CARTESIAN_POINT ( 'NONE',  ( 5.289588568189934392, 1.536384009845484178, -1.494348853171252545 ) ) ;
#170 = CARTESIAN_POINT ( 'NONE',  ( -4.000000000000000888, 3.305845922394564873, 3.034562673702539293 ) ) ;
#171 = DIRECTION ( 'NONE',  ( -3.624795322936607400E-15, -1.000000000000000000, 0.000000000000000000 ) ) ;
#172 = ORIENTED_EDGE ( 'NONE', *, *, #1853, .F. ) ;
#173 = CARTESIAN_POINT ( 'NONE',  ( 5.930536393574005416, 1.516019331796416791, -1.485171048121554094 ) ) ;
#174 = ORIENTED_EDGE ( 'NONE', *, *, #1148, .F. ) ;
#175 = EDGE_CURVE ( 'NONE', #751, #5318, #4800, .T. ) ;
#176 = ORIENTED_EDGE ( 'NONE', *, *, #4557, .T. ) ;
#177 = DIRECTION ( 'NONE',  ( -1.000000000000000000, -3.493540333564572431E-15, 0.000000000000000000 ) ) ;
#178 = AXIS2_PLACEMENT_3D ( 'NONE', #7142, #1097, #6497 ) ;
#179 = DIRECTION ( 'NONE',  ( -8.673617379884041783E-15, 0.000000000000000000, -1.000000000000000000 ) ) ;
#180 = DIRECTION ( 'NONE',  ( 0.7071067811865475727, -3.035766082959420304E-15, 0.7071067811865475727 ) ) ;
#181 = DIRECTION ( 'NONE',  ( -1.000000000000000000, 0.000000000000000000, 0.000000000000000000 ) ) ;
#182 = ADVANCED_FACE ( 'NONE', ( #5539 ), #7258, .T. ) ;
#183 = AXIS2_PLACEMENT_3D ( 'NONE', #6981, #3992, #840 ) ;
#184 = CARTESIAN_POINT ( 'NONE',  ( 10.65000000000002167, 0.4500000000000385914, -2.960000000000000853 ) ) ;
#185 = CARTESIAN_POINT ( 'NONE',  ( -6.256204919917499829, 3.349999999999999645, 7.610000000000002096 ) ) ;
#186 = CARTESIAN_POINT ( 'NONE',  ( 7.225000000000000533, 3.349999999999999645, 3.239999999999997993 ) ) ;
#187 = DIRECTION ( 'NONE',  ( 0.000000000000000000, 1.000000000000000000, 0.000000000000000000 ) ) ;
#188 = AXIS2_PLACEMENT_3D ( 'NONE', #4425, #1142, #3684 ) ;
#189 = PRODUCT_CONTEXT ( 'NONE', #4729, 'mechanical' ) ;
#190 = FACE_OUTER_BOUND ( 'NONE', #2169, .T. ) ;
#191 = ADVANCED_FACE ( 'NONE', ( #2495 ), #19, .T. ) ;
#192 = VERTEX_POINT ( 'NONE', #1138 ) ;
#193 = VERTEX_POINT ( 'NONE', #1855 ) ;
#194 = LINE ( 'NONE', #5498, #7777 ) ;
#195 = CARTESIAN_POINT ( 'NONE',  ( -10.85000000000002274, -5.149960319306146062E-15, -0.8100000000000008304 ) ) ;
#196 = FACE_OUTER_BOUND ( 'NONE', #3936, .T. ) ;
#197 = DIRECTION ( 'NONE',  ( 0.000000000000000000, 0.2078636034790008469, 0.9781578207777744671 ) ) ;
#198 = AXIS2_PLACEMENT_3D ( 'NONE', #3134, #4379, #3098 ) ;
#199 = CARTESIAN_POINT ( 'NONE',  ( 10.01898628384834744, 3.349999999999999645, -4.409999999999999254 ) ) ;
#200 = ORIENTED_EDGE ( 'NONE', *, *, #5279, .F. ) ;
#201 = EDGE_CURVE ( 'NONE', #4725, #5352, #6670, .T. ) ;
#202 = VECTOR ( 'NONE', #4798, 1000.000000000000000 ) ;
#203 = DIRECTION ( 'NONE',  ( -1.000000000000000000, 3.624795322936608189E-15, 4.485885711162466802E-16 ) ) ;
#204 = ORIENTED_EDGE ( 'NONE', *, *, #3610, .F. ) ;
#205 = CARTESIAN_POINT ( 'NONE',  ( 5.313493194907396244, 1.349999999999978106, -2.257615395000003300 ) ) ;
#206 = CARTESIAN_POINT ( 'NONE',  ( 10.65000000000001279, 0.4714285714286098883, -3.108461497791619177 ) ) ;
#207 = CARTESIAN_POINT ( 'NONE',  ( 5.290976623819083180, 1.824150234765844480, -0.8523470498205699686 ) ) ;
#208 = LINE ( 'NONE', #5201, #2926 ) ;
#209 = AXIS2_PLACEMENT_3D ( 'NONE', #5028, #154, #4385 ) ;
#210 = CIRCLE ( 'NONE', #462, 0.3000000000000004330 ) ;
#211 = DIRECTION ( 'NONE',  ( -1.000000000000000000, -0.000000000000000000, -0.000000000000000000 ) ) ;
#212 = ORIENTED_EDGE ( 'NONE', *, *, #3453, .F. ) ;
#213 = CARTESIAN_POINT ( 'NONE',  ( 5.693893202250020380, 1.445708456097916317, -1.579672218218385327 ) ) ;
#214 = ORIENTED_EDGE ( 'NONE', *, *, #3259, .F. ) ;
#215 = AXIS2_PLACEMENT_3D ( 'NONE', #7440, #2551, #6803 ) ;
#216 = VERTEX_POINT ( 'NONE', #4358 ) ;
#217 = CIRCLE ( 'NONE', #709, 0.4499999999999945155 ) ;
#218 = DIRECTION ( 'NONE',  ( 0.000000000000000000, 0.000000000000000000, 1.000000000000000000 ) ) ;
#219 = DIRECTION ( 'NONE',  ( 0.000000000000000000, -1.000000000000000000, 0.000000000000000000 ) ) ;
#220 = DIRECTION ( 'NONE',  ( 0.000000000000000000, 1.000000000000000000, 0.000000000000000000 ) ) ;
#221 = EDGE_CURVE ( 'NONE', #6686, #283, #4844, .T. ) ;
#222 = AXIS2_PLACEMENT_3D ( 'NONE', #3321, #5777, #3437 ) ;
#223 = CARTESIAN_POINT ( 'NONE',  ( 5.269463606425994762, 1.552438342445744413, -0.8560822739350688604 ) ) ;
#224 = LINE ( 'NONE', #4380, #3572 ) ;
#225 = ORIENTED_EDGE ( 'NONE', *, *, #3112, .T. ) ;
#226 = CYLINDRICAL_SURFACE ( 'NONE', #4041, 0.2000000000000008993 ) ;
#227 = CARTESIAN_POINT ( 'NONE',  ( 4.352736434038512847, 1.398081323906077866, -1.868323187536581553 ) ) ;
#228 = VECTOR ( 'NONE', #3294, 1000.000000000000000 ) ;
#229 = ADVANCED_FACE ( 'NONE', ( #4284 ), #3720, .T. ) ;
#230 = DIRECTION ( 'NONE',  ( 0.000000000000000000, -0.000000000000000000, -1.000000000000000000 ) ) ;
#231 = ORIENTED_EDGE ( 'NONE', *, *, #610, .T. ) ;
#232 = CARTESIAN_POINT ( 'NONE',  ( 7.200000000000001066, 3.533768883591846155, 2.931844010553806612 ) ) ;
#233 = CARTESIAN_POINT ( 'NONE',  ( 5.287855207492073717, 1.512407640663602670, -1.553364675140820106 ) ) ;
#234 = DIRECTION ( 'NONE',  ( 4.485885711162466802E-16, -0.000000000000000000, 1.000000000000000000 ) ) ;
#235 = DIRECTION ( 'NONE',  ( -0.7284468846642538908, 0.000000000000000000, 0.6851022815776803832 ) ) ;
#236 = EDGE_CURVE ( 'NONE', #970, #3691, #831, .T. ) ;
#237 = CARTESIAN_POINT ( 'NONE',  ( -10.39073772474620228, 3.350000000000000533, -5.143883475253812954 ) ) ;
#238 = CARTESIAN_POINT ( 'NONE',  ( 7.200000000000001066, 1.210296697591617843, -1.544991777941569389 ) ) ;
#239 = ORIENTED_EDGE ( 'NONE', *, *, #3988, .F. ) ;
#241 = CARTESIAN_POINT ( 'NONE',  ( 5.423936520126657612, 1.028147679596601805, -1.927488663940314817 ) ) ;
#240 = CIRCLE ( 'NONE', #1286, 0.2865068050926034560 ) ;
#242 = ORIENTED_EDGE ( 'NONE', *, *, #3383, .T. ) ;
#243 = LINE ( 'NONE', #2249, #1413 ) ;
#244 = FACE_OUTER_BOUND ( 'NONE', #6326, .T. ) ;
#245 = DIRECTION ( 'NONE',  ( 0.000000000000000000, 1.000000000000000000, 0.000000000000000000 ) ) ;
#246 = ADVANCED_FACE ( 'NONE', ( #3828 ), #2932, .F. ) ;
#247 = LINE ( 'NONE', #170, #7040 ) ;
#248 = EDGE_CURVE ( 'NONE', #3491, #6472, #1337, .T. ) ;
#249 = DIRECTION ( 'NONE',  ( 1.000000000000000000, -3.624795322936608189E-15, -4.485885711162466802E-16 ) ) ;
#250 = ORIENTED_EDGE ( 'NONE', *, *, #866, .F. ) ;
#251 = DIRECTION ( 'NONE',  ( 0.000000000000000000, -0.4108746525949196760, -0.9116918447891283472 ) ) ;
#252 = ORIENTED_EDGE ( 'NONE', *, *, #3445, .T. ) ;
#253 = CARTESIAN_POINT ( 'NONE',  ( 5.913577174974270712, 1.504996835626394969, -1.574731833280306859 ) ) ;
#254 = LINE ( 'NONE', #6919, #7122 ) ;
#255 = DIRECTION ( 'NONE',  ( -1.000000000000000000, -3.624795322936608189E-15, -0.000000000000000000 ) ) ;
#256 = AXIS2_PLACEMENT_3D ( 'NONE', #6388, #3249, #7637 ) ;
#257 = VECTOR ( 'NONE', #3286, 1000.000000000000000 ) ;
#258 = DIRECTION ( 'NONE',  ( -1.000000000000000000, -3.624795322936608189E-15, 0.000000000000000000 ) ) ;
#259 = EDGE_CURVE ( 'NONE', #4221, #3606, #6506, .T. ) ;
#260 = CARTESIAN_POINT ( 'NONE',  ( 5.506106797749979798, 1.406713653625257798, -1.557341709393824880 ) ) ;
#261 = LINE ( 'NONE', #7604, #762 ) ;
#262 = EDGE_LOOP ( 'NONE', ( #61, #2867, #2587, #5919 ) ) ;
#263 = CARTESIAN_POINT ( 'NONE',  ( 5.909023376181130160, 1.090909090909292001, -2.152068286918850326 ) ) ;
#264 =( BOUNDED_SURFACE ( )  B_SPLINE_SURFACE ( 3, 3, ( 
 ( #5609, #4918, #789, #7377 ),
 ( #6206, #3822, #1891, #3751 ),
 ( #1927, #675, #1964, #5572 ),
 ( #3257, #122, #85, #4390 ) ),
 .UNSPECIFIED., .F., .F., .T. ) 
 B_SPLINE_SURFACE_WITH_KNOTS ( ( 4, 4 ),
 ( 4, 4 ),
 ( 0.000000000000000000, 1.000000000000000000 ),
 ( 0.000000000000000000, 1.000000000000000000 ),
 .UNSPECIFIED. ) 
 GEOMETRIC_REPRESENTATION_ITEM ( )  RATIONAL_B_SPLINE_SURFACE ( (
 ( 1.000000000000000000, 0.9975898588337610562, 0.9975898588337610562, 1.000000000000000000),
 ( 0.9474215819621308876, 0.9451381622056607146, 0.9451381622056607146, 0.9474215819621308876),
 ( 0.9474215819621308876, 0.9451381622056607146, 0.9451381622056607146, 0.9474215819621308876),
 ( 1.000000000000000000, 0.9975898588337610562, 0.9975898588337610562, 1.000000000000000000) ) ) 
 REPRESENTATION_ITEM ( '' )  SURFACE ( )  );
#265 = PLANE ( 'NONE',  #1253 ) ;
#266 = ORIENTED_EDGE ( 'NONE', *, *, #357, .F. ) ;
#267 = ORIENTED_EDGE ( 'NONE', *, *, #1668, .F. ) ;
#268 = EDGE_CURVE ( 'NONE', #5854, #2319, #2517, .T. ) ;
#269 = CARTESIAN_POINT ( 'NONE',  ( 4.437611215709324597, 1.315574370853674235, -1.885305160713932393 ) ) ;
#270 = CARTESIAN_POINT ( 'NONE',  ( 5.693893202250020380, 0.9999999999999781286, -2.957499999999998241 ) ) ;
#271 = DIRECTION ( 'NONE',  ( -1.000000000000000000, 0.000000000000000000, -8.191749747668242225E-15 ) ) ;
#272 = PLANE ( 'NONE',  #3022 ) ;
#273 = CARTESIAN_POINT ( 'NONE',  ( 6.867250395531612206, 1.137279419479133802, -1.872402882292599102 ) ) ;
#274 = CARTESIAN_POINT ( 'NONE',  ( 5.917500000000001315, 1.307813721342086621, -1.929438750280536130 ) ) ;
#275 = EDGE_LOOP ( 'NONE', ( #214, #3767, #4902, #4089, #7708 ) ) ;
#276 = CARTESIAN_POINT ( 'NONE',  ( 5.910307944779840561, 1.503276080241479296, -1.572038693219073746 ) ) ;
#277 = ORIENTED_EDGE ( 'NONE', *, *, #7913, .T. ) ;
#278 = EDGE_CURVE ( 'NONE', #7234, #3897, #3149, .T. ) ;
#279 = CARTESIAN_POINT ( 'NONE',  ( 5.719768163515117188, 1.023079737351174190, -1.957166497568879615 ) ) ;
#280 = CARTESIAN_POINT ( 'NONE',  ( -6.256204919917499829, 3.600000000000000533, 5.710000000000002629 ) ) ;
#281 = CARTESIAN_POINT ( 'NONE',  ( -10.85000000000000497, -4.829602641996959320E-15, -2.809999999999999609 ) ) ;
#282 = DIRECTION ( 'NONE',  ( 1.000000000000000000, 0.000000000000000000, 0.000000000000000000 ) ) ;
#283 = VERTEX_POINT ( 'NONE', #5653 ) ;
#284 = DIRECTION ( 'NONE',  ( -0.7071067811865497932, 0.000000000000000000, -0.7071067811865453523 ) ) ;
#285 = ORIENTED_EDGE ( 'NONE', *, *, #6858, .T. ) ;
#286 = ADVANCED_FACE ( 'NONE', ( #6429 ), #3787, .T. ) ;
#287 = ORIENTED_EDGE ( 'NONE', *, *, #2754, .T. ) ;
#288 = DIRECTION ( 'NONE',  ( 1.000000000000000000, 7.228014483236697541E-16, 0.000000000000000000 ) ) ;
#289 = CARTESIAN_POINT ( 'NONE',  ( 5.917500000000001315, 1.323534687289454892, -1.979927464852761165 ) ) ;
#290 = CARTESIAN_POINT ( 'NONE',  ( -7.200000000000003730, 3.600000000000000533, -7.609999999999998543 ) ) ;
#291 = VERTEX_POINT ( 'NONE', #162 ) ;
#292 = DIRECTION ( 'NONE',  ( -8.673617379884035472E-15, -5.421010862427522170E-16, 1.000000000000000000 ) ) ;
#293 = CARTESIAN_POINT ( 'NONE',  ( 5.833342459146908077, 1.304812549638216579, -2.148315754564938285 ) ) ;
#294 = EDGE_CURVE ( 'NONE', #815, #1391, #1875, .T. ) ;
#295 = ADVANCED_FACE ( 'NONE', ( #5265 ), #6938, .T. ) ;
#296 = ORIENTED_EDGE ( 'NONE', *, *, #7617, .F. ) ;
#297 = CARTESIAN_POINT ( 'NONE',  ( 7.201226716610547030, 3.349725945582308295, 3.223224361764672530 ) ) ;
#298 = EDGE_LOOP ( 'NONE', ( #6028, #2970, #1191, #6977 ) ) ;
#299 = DIRECTION ( 'NONE',  ( -1.000000000000000000, -3.624795322936608189E-15, -0.000000000000000000 ) ) ;
#300 = AXIS2_PLACEMENT_3D ( 'NONE', #972, #4685, #6627 ) ;
#301 = CARTESIAN_POINT ( 'NONE',  ( 4.553606797749979229, 1.322592249483063309, -1.852281368217149060 ) ) ;
#302 = DIRECTION ( 'NONE',  ( -0.000000000000000000, -1.000000000000000000, -0.000000000000000000 ) ) ;
#303 = ORIENTED_EDGE ( 'NONE', *, *, #3843, .T. ) ;
#304 = CIRCLE ( 'NONE', #3913, 0.02999999999999964501 ) ;
#305 = EDGE_LOOP ( 'NONE', ( #7749, #6012, #4359, #5946 ) ) ;
#306 = CARTESIAN_POINT ( 'NONE',  ( 4.574722480921362688, 1.312375242422717303, -1.903696066988263880 ) ) ;
#307 = ORIENTED_EDGE ( 'NONE', *, *, #989, .T. ) ;
#308 = CARTESIAN_POINT ( 'NONE',  ( 5.651199914703863847, 1.779847494822332843, -0.7293931419030971197 ) ) ;
#309 = FACE_OUTER_BOUND ( 'NONE', #6871, .T. ) ;
#310 = CARTESIAN_POINT ( 'NONE',  ( 7.211567740722153452, 3.599992760483117227, 3.236269777801242142 ) ) ;
#311 = DIRECTION ( 'NONE',  ( 0.7171005797607434840, 0.6810679109702740819, -0.1480312776185909451 ) ) ;
#312 = DIRECTION ( 'NONE',  ( 1.000000000000000000, 0.000000000000000000, 0.000000000000000000 ) ) ;
#313 = CIRCLE ( 'NONE', #5606, 1.599999999999999867 ) ;
#314 = EDGE_CURVE ( 'NONE', #6912, #712, #943, .T. ) ;
#315 = ORIENTED_EDGE ( 'NONE', *, *, #4473, .F. ) ;
#316 = VERTEX_POINT ( 'NONE', #3412 ) ;
#317 = DIRECTION ( 'NONE',  ( 1.000000000000000000, 0.000000000000000000, 0.000000000000000000 ) ) ;
#318 = LINE ( 'NONE', #2779, #694 ) ;
#319 = CARTESIAN_POINT ( 'NONE',  ( 5.599999999999999645, 3.600000000000000533, -2.510000000000002451 ) ) ;
#320 = DIRECTION ( 'NONE',  ( 1.000000000000000000, 0.000000000000000000, 0.000000000000000000 ) ) ;
#321 = DIRECTION ( 'NONE',  ( -0.000000000000000000, 0.4108746525949196204, 0.9116918447891282362 ) ) ;
#322 = DIRECTION ( 'NONE',  ( 0.7071067811865496822, 0.000000000000000000, 0.7071067811865453523 ) ) ;
#323 = CIRCLE ( 'NONE', #3043, 0.2000000000000005107 ) ;
#324 = ORIENTED_EDGE ( 'NONE', *, *, #396, .T. ) ;
#325 = DIRECTION ( 'NONE',  ( -0.000000000000000000, 2.171692714077831440E-14, 1.000000000000000000 ) ) ;
#326 = VERTEX_POINT ( 'NONE', #5867 ) ;
#327 = DIRECTION ( 'NONE',  ( 0.000000000000000000, -0.4108746525949196760, -0.9116918447891283472 ) ) ;
#328 = CARTESIAN_POINT ( 'NONE',  ( -11.85000000000003340, 0.2499999999999961975, -2.610000000000002984 ) ) ;
#329 = CARTESIAN_POINT ( 'NONE',  ( -10.07253967321226362, 3.600000000000000533, -4.825685423719871636 ) ) ;
#330 = CIRCLE ( 'NONE', #5491, 1.600000000000000089 ) ;
#331 = EDGE_CURVE ( 'NONE', #4409, #882, #323, .T. ) ;
#332 = CYLINDRICAL_SURFACE ( 'NONE', #7424, 0.1999999999999999833 ) ;
#333 = ORIENTED_EDGE ( 'NONE', *, *, #7633, .T. ) ;
#334 = CARTESIAN_POINT ( 'NONE',  ( 5.276435678092914472, 1.585353710489945556, -0.7830461973004843035 ) ) ;
#335 = AXIS2_PLACEMENT_3D ( 'NONE', #7530, #4503, #711 ) ;
#336 = CARTESIAN_POINT ( 'NONE',  ( 5.348246817313630608, 1.373186348501207021, -1.776964157618830420 ) ) ;
#337 = VECTOR ( 'NONE', #2269, 1000.000000000000000 ) ;
#338 = CARTESIAN_POINT ( 'NONE',  ( 6.646394011942391877, 1.047032274190063061, -1.831755019668140472 ) ) ;
#339 = EDGE_LOOP ( 'NONE', ( #7139, #3475, #7190, #3723 ) ) ;
#340 = CARTESIAN_POINT ( 'NONE',  ( -11.85000000000003340, -3.843964275861633587E-15, -2.610000000000002984 ) ) ;
#341 = AXIS2_PLACEMENT_3D ( 'NONE', #2095, #251, #849 ) ;
#342 = CIRCLE ( 'NONE', #731, 0.1999999999999999833 ) ;
#343 = EDGE_CURVE ( 'NONE', #216, #1442, #4839, .T. ) ;
#344 = EDGE_CURVE ( 'NONE', #807, #7772, #5860, .T. ) ;
#345 = CARTESIAN_POINT ( 'NONE',  ( 4.351403306932372317, 1.399864706833973127, -1.865747520862660158 ) ) ;
#346 = CARTESIAN_POINT ( 'NONE',  ( 5.787418681290672495, 1.383174803195845737, -1.673082247369109377 ) ) ;
#347 = ORIENTED_EDGE ( 'NONE', *, *, #3260, .F. ) ;
#348 = VECTOR ( 'NONE', #4125, 1000.000000000000114 ) ;
#349 = VERTEX_POINT ( 'NONE', #4395 ) ;
#350 = CARTESIAN_POINT ( 'NONE',  ( 4.639999999999949942, 1.360580711935460485, -2.155919981339343927 ) ) ;
#351 = ORIENTED_EDGE ( 'NONE', *, *, #6346, .T. ) ;
#352 = CARTESIAN_POINT ( 'NONE',  ( 5.655001364463421609, 0.9999999999999780176, -3.051393202250019865 ) ) ;
#353 = CARTESIAN_POINT ( 'NONE',  ( -7.590533904703348433, 1.499999999999998446, -7.590533904703389290 ) ) ;
#354 = CIRCLE ( 'NONE', #4476, 0.1999999999999999833 ) ;
#355 = DIRECTION ( 'NONE',  ( -1.000000000000000000, -3.624795322936608189E-15, -0.000000000000000000 ) ) ;
#356 = ORIENTED_EDGE ( 'NONE', *, *, #151, .T. ) ;
#357 = EDGE_CURVE ( 'NONE', #2147, #2541, #2575, .T. ) ;
#358 =( BOUNDED_SURFACE ( )  B_SPLINE_SURFACE ( 3, 2, ( 
 ( #5861, #4738, #2312 ),
 ( #2276, #5217, #338 ),
 ( #7195, #7036, #1512 ),
 ( #7679, #2803, #7718 ),
 ( #2192, #4654, #6106 ),
 ( #6069, #4302, #1760 ),
 ( #3736, #6191, #3576 ),
 ( #582, #1801, #664 ) ),
 .UNSPECIFIED., .F., .F., .T. ) 
 B_SPLINE_SURFACE_WITH_KNOTS ( ( 4, 2, 2, 4 ),
 ( 3, 3 ),
 ( 0.0001896462353777504867, 0.0002196825767925722158, 0.0002497189182073939720, 0.0003097916010370374844 ),
 ( 0.03706350744625048349, 1.000000000000000000 ),
 .UNSPECIFIED. ) 
 GEOMETRIC_REPRESENTATION_ITEM ( )  RATIONAL_B_SPLINE_SURFACE ( (
 ( 0.9937807611034452648, 0.9161002381443018594, 1.000000000000000000),
 ( 0.9937879038459531689, 0.9161965963008813496, 1.000000000000000000),
 ( 0.9936674329610168943, 0.9145714008831122843, 1.000000000000000000),
 ( 0.9933843538647012528, 0.9107525624107131179, 1.000000000000000000),
 ( 0.9932348338920116149, 0.9087354843871822130, 1.000000000000000000),
 ( 0.9928949155309032548, 0.9041498638600200533, 1.000000000000000000),
 ( 0.9927850537924083341, 0.9026677896303437754, 1.000000000000000000),
 ( 0.9927858878895452488, 0.9026790418996821774, 1.000000000000000000) ) ) 
 REPRESENTATION_ITEM ( '' )  SURFACE ( )  );
#359 = ORIENTED_EDGE ( 'NONE', *, *, #5696, .F. ) ;
#360 = CARTESIAN_POINT ( 'NONE',  ( 5.742092339852765015, 1.022816282536389787, -1.981860839274995678 ) ) ;
#361 = CARTESIAN_POINT ( 'NONE',  ( -10.65000000000001990, 0.4500000000000383693, 2.440000000000003499 ) ) ;
#362 = CYLINDRICAL_SURFACE ( 'NONE', #4526, 0.1499999999999999667 ) ;
#363 = CARTESIAN_POINT ( 'NONE',  ( 10.01898628384834744, 3.600000000000000533, -4.559999999999998721 ) ) ;
#364 = CARTESIAN_POINT ( 'NONE',  ( 5.348246817314104895, 1.031984737185574152, -2.957499999999998241 ) ) ;
#365 = DIRECTION ( 'NONE',  ( 4.336808689941769340E-13, 0.7648696410233440934, 0.6441850916008695638 ) ) ;
#366 = ORIENTED_EDGE ( 'NONE', *, *, #3073, .T. ) ;
#367 = CARTESIAN_POINT ( 'NONE',  ( 4.490364206209645381, 1.208931518610286693, -1.608337893876779390 ) ) ;
#368 = EDGE_LOOP ( 'NONE', ( #3417, #5078, #5581, #4605 ) ) ;
#369 = ORIENTED_EDGE ( 'NONE', *, *, #4819, .T. ) ;
#370 = CARTESIAN_POINT ( 'NONE',  ( -10.65000000000002167, 0.4500000000000383693, 0.1400000000000033717 ) ) ;
#371 = CARTESIAN_POINT ( 'NONE',  ( -10.40000000000000746, 0.5000000000000365263, -0.3135898384862206290 ) ) ;
#372 = CARTESIAN_POINT ( 'NONE',  ( -10.40000000000004299, 0.4500000000000374256, 0.1400000000000032607 ) ) ;
#373 = ORIENTED_EDGE ( 'NONE', *, *, #3221, .F. ) ;
#374 = EDGE_CURVE ( 'NONE', #4077, #5522, #1587, .T. ) ;
#375 = CARTESIAN_POINT ( 'NONE',  ( 6.605367489385812974, 1.504188178203574200, -1.571602881966854826 ) ) ;
#376 = CIRCLE ( 'NONE', #4897, 0.1999999999999999833 ) ;
#377 = DIRECTION ( 'NONE',  ( -0.7071067811865493491, 0.000000000000000000, 0.7071067811865456854 ) ) ;
#378 = DIRECTION ( 'NONE',  ( 0.000000000000000000, -1.000000000000000000, 0.000000000000000000 ) ) ;
#379 = ADVANCED_FACE ( 'NONE', ( #2976 ), #3014, .T. ) ;
#380 = AXIS2_PLACEMENT_3D ( 'NONE', #6956, #4375, #177 ) ;
#381 = CARTESIAN_POINT ( 'NONE',  ( 4.559999503018450362, 1.223275992159597925, -1.572038735487674810 ) ) ;
#382 = CARTESIAN_POINT ( 'NONE',  ( -10.65000000000002345, 0.3000000000000382916, -3.306410161513771762 ) ) ;
#383 = VERTEX_POINT ( 'NONE', #5472 ) ;
#384 = VERTEX_POINT ( 'NONE', #3455 ) ;
#385 = DIRECTION ( 'NONE',  ( 1.000000000000000000, 0.000000000000000000, 0.000000000000000000 ) ) ;
#386 = EDGE_CURVE ( 'NONE', #5289, #192, #3420, .T. ) ;
#387 = ORIENTED_EDGE ( 'NONE', *, *, #6909, .F. ) ;
#388 = ADVANCED_FACE ( 'NONE', ( #5906 ), #66, .F. ) ;
#389 = CARTESIAN_POINT ( 'NONE',  ( 11.85000000000004405, -5.056779725387218836E-15, -0.8100000000000093792 ) ) ;
#390 = CARTESIAN_POINT ( 'NONE',  ( 7.205284835940650723, 3.599945156340221608, 3.230624959042099675 ) ) ;
#391 = FACE_BOUND ( 'NONE', #4915, .T. ) ;
#392 = LINE ( 'NONE', #803, #7151 ) ;
#393 = ORIENTED_EDGE ( 'NONE', *, *, #5954, .F. ) ;
#394 = ORIENTED_EDGE ( 'NONE', *, *, #2069, .F. ) ;
#395 = EDGE_CURVE ( 'NONE', #3585, #6146, #4781, .T. ) ;
#396 = EDGE_CURVE ( 'NONE', #6176, #2763, #6370, .T. ) ;
#397 = CARTESIAN_POINT ( 'NONE',  ( 6.632754171517708741, 1.313921923049710339, -1.895335627819194402 ) ) ;
#398 = FACE_OUTER_BOUND ( 'NONE', #275, .T. ) ;
#399 = DIRECTION ( 'NONE',  ( 0.000000000000000000, -1.000000000000000000, 0.000000000000000000 ) ) ;
#400 = CARTESIAN_POINT ( 'NONE',  ( 5.429620613051330480, 1.094754510009044557, -1.689595655365378368 ) ) ;
#401 = CARTESIAN_POINT ( 'NONE',  ( 5.599999999999998757, 0.9999999999999781286, -3.051393202250019865 ) ) ;
#402 = CIRCLE ( 'NONE', #7233, 0.4499999999999945155 ) ;
#403 = DIRECTION ( 'NONE',  ( 1.000000000000000000, -0.000000000000000000, -4.485885711162466802E-16 ) ) ;
#404 = EDGE_LOOP ( 'NONE', ( #4549, #4766, #2613, #6595 ) ) ;
#405 = DIRECTION ( 'NONE',  ( -1.000000000000000000, 0.000000000000000000, 0.000000000000000000 ) ) ;
#406 = ORIENTED_EDGE ( 'NONE', *, *, #4102, .F. ) ;
#407 = ORIENTED_EDGE ( 'NONE', *, *, #2731, .F. ) ;
#408 = CYLINDRICAL_SURFACE ( 'NONE', #1929, 0.1499999999999999667 ) ;
#409 = CARTESIAN_POINT ( 'NONE',  ( 5.693893202250020380, 1.452200902661177961, -1.456409822439909130 ) ) ;
#410 = CARTESIAN_POINT ( 'NONE',  ( 8.728703347107824514E-16, -7.155734338404329264E-15, 9.565913048533951780E-31 ) ) ;
#411 = CARTESIAN_POINT ( 'NONE',  ( 5.693893202250020380, 0.9999999999999781286, -2.957499999999999130 ) ) ;
#412 = ORIENTED_EDGE ( 'NONE', *, *, #5405, .T. ) ;
#413 = LINE ( 'NONE', #7192, #7289 ) ;
#414 = CARTESIAN_POINT ( 'NONE',  ( 5.888156685853734196, 1.351391822241286622, -2.257615395000082792 ) ) ;
#415 = ORIENTED_EDGE ( 'NONE', *, *, #5392, .T. ) ;
#416 = CARTESIAN_POINT ( 'NONE',  ( 5.824454866688368426, 1.131868347649402473, -1.639696297110127210 ) ) ;
#417 = ORIENTED_EDGE ( 'NONE', *, *, #6966, .F. ) ;
#418 = FACE_OUTER_BOUND ( 'NONE', #7753, .T. ) ;
#419 = ADVANCED_FACE ( 'NONE', ( #7237 ), #822, .F. ) ;
#420 = CARTESIAN_POINT ( 'NONE',  ( -3.996198241052648648, 3.599907995299977514, 3.228252719650235303 ) ) ;
#421 = CARTESIAN_POINT ( 'NONE',  ( 5.793623736497759857, 1.099999999999978106, -3.288036393574004013 ) ) ;
#422 = LINE ( 'NONE', #7201, #5097 ) ;
#423 = VERTEX_POINT ( 'NONE', #3171 ) ;
#424 = CARTESIAN_POINT ( 'NONE',  ( 3.998591905870784835, 3.599813420736969416, 3.223271757930838533 ) ) ;
#425 = ORIENTED_EDGE ( 'NONE', *, *, #4299, .T. ) ;
#426 = CARTESIAN_POINT ( 'NONE',  ( 6.256204919917502494, 3.349999999999999645, 5.709999999999999964 ) ) ;
#427 = AXIS2_PLACEMENT_3D ( 'NONE', #2143, #5705, #3325 ) ;
#428 = FACE_OUTER_BOUND ( 'NONE', #4176, .T. ) ;
#429 = EDGE_CURVE ( 'NONE', #6989, #5766, #6122, .T. ) ;
#430 = DIRECTION ( 'NONE',  ( 0.000000000000000000, 0.000000000000000000, 1.000000000000000000 ) ) ;
#431 = AXIS2_PLACEMENT_3D ( 'NONE', #478, #6615, #1085 ) ;
#432 = ORIENTED_EDGE ( 'NONE', *, *, #5897, .F. ) ;
#433 = ORIENTED_EDGE ( 'NONE', *, *, #6814, .T. ) ;
#434 = CARTESIAN_POINT ( 'NONE',  ( 5.304187451253659091, 1.080001549425120499, -2.156273577042535194 ) ) ;
#435 = CARTESIAN_POINT ( 'NONE',  ( 5.269463606425993873, 1.100665804298097461, -2.200306241917068917 ) ) ;
#436 = DIRECTION ( 'NONE',  ( 1.000000000000000000, 3.624795322936608189E-15, 0.000000000000000000 ) ) ;
#437 = AXIS2_PLACEMENT_3D ( 'NONE', #7693, #912, #2769 ) ;
#438 = LINE ( 'NONE', #7822, #202 ) ;
#439 = CARTESIAN_POINT ( 'NONE',  ( 5.599999999999998757, 1.031984737185574152, -3.209253182685894323 ) ) ;
#440 = EDGE_CURVE ( 'NONE', #2858, #2946, #2636, .T. ) ;
#441 = EDGE_CURVE ( 'NONE', #1962, #4489, #2444, .T. ) ;
#442 = CARTESIAN_POINT ( 'NONE',  ( -7.199999999999999289, 3.305845922394564429, 3.034562673702539737 ) ) ;
#443 = ORIENTED_EDGE ( 'NONE', *, *, #1634, .F. ) ;
#444 = CARTESIAN_POINT ( 'NONE',  ( 5.289177479655108982, 1.503893169478600411, -1.571736054868846377 ) ) ;
#445 = ORIENTED_EDGE ( 'NONE', *, *, #5490, .F. ) ;
#446 = VERTEX_POINT ( 'NONE', #76 ) ;
#447 = CARTESIAN_POINT ( 'NONE',  ( 5.913547841360719204, 1.538562082777498841, -1.495330451248801928 ) ) ;
#448 = DIRECTION ( 'NONE',  ( 0.000000000000000000, 0.000000000000000000, -1.000000000000000000 ) ) ;
#449 = CARTESIAN_POINT ( 'NONE',  ( 6.646393970809332252, 1.040104708793667676, -1.863987156720354754 ) ) ;
#450 = VECTOR ( 'NONE', #7060, 1000.000000000000000 ) ;
#451 = DIRECTION ( 'NONE',  ( -1.000000000000000000, -0.000000000000000000, -0.000000000000000000 ) ) ;
#452 = VERTEX_POINT ( 'NONE', #6844 ) ;
#453 = CARTESIAN_POINT ( 'NONE',  ( -5.600000000000000533, 1.099999999999978106, -2.259999999999996234 ) ) ;
#454 = CARTESIAN_POINT ( 'NONE',  ( 5.914750395530417926, 1.237474533871115279, -1.548795770801871363 ) ) ;
#455 = AXIS2_PLACEMENT_3D ( 'NONE', #6487, #960, #2951 ) ;
#456 = VECTOR ( 'NONE', #3635, 1000.000000000000000 ) ;
#457 = CARTESIAN_POINT ( 'NONE',  ( 4.000000000000000000, 3.305845922394564429, 3.034562673702536628 ) ) ;
#458 = ORIENTED_EDGE ( 'NONE', *, *, #3700, .F. ) ;
#459 = CARTESIAN_POINT ( 'NONE',  ( -10.65000000000002345, 0.4500000000000270450, 2.290000000000004032 ) ) ;
#460 = EDGE_CURVE ( 'NONE', #6216, #5014, #1878, .T. ) ;
#461 = VECTOR ( 'NONE', #5943, 1000.000000000000000 ) ;
#462 = AXIS2_PLACEMENT_3D ( 'NONE', #7907, #1189, #576 ) ;
#463 = DIRECTION ( 'NONE',  ( -0.000000000000000000, -1.000000000000000000, -0.000000000000000000 ) ) ;
#464 = CARTESIAN_POINT ( 'NONE',  ( 5.909023376180916109, 1.255081979460189512, -1.493762063584902045 ) ) ;
#465 = EDGE_LOOP ( 'NONE', ( #4017, #1787, #3770, #5682, #2543, #6220 ) ) ;
#466 = VERTEX_POINT ( 'NONE', #6230 ) ;
#467 = CARTESIAN_POINT ( 'NONE',  ( 3.985886652276498410, 3.599997874101016571, 3.237678340359310347 ) ) ;
#468 = VERTEX_POINT ( 'NONE', #5021 ) ;
#469 = CARTESIAN_POINT ( 'NONE',  ( 5.313262304319977147, 1.351294578872816787, -2.183319525301154584 ) ) ;
#470 = CIRCLE ( 'NONE', #4983, 0.4500000000000007327 ) ;
#471 = DIRECTION ( 'NONE',  ( 0.000000000000000000, -1.000000000000000000, 0.000000000000000000 ) ) ;
#472 = CARTESIAN_POINT ( 'NONE',  ( 7.200000000000001066, 1.223276080241502140, -1.572038693219062200 ) ) ;
#473 = AXIS2_PLACEMENT_3D ( 'NONE', #7784, #4890, #6054 ) ;
#474 = CYLINDRICAL_SURFACE ( 'NONE', #2133, 1.850000000000000089 ) ;
#475 = ORIENTED_EDGE ( 'NONE', *, *, #5315, .F. ) ;
#476 = ORIENTED_EDGE ( 'NONE', *, *, #1719, .F. ) ;
#477 = DIRECTION ( 'NONE',  ( -0.000000000000000000, -0.000000000000000000, 1.000000000000000000 ) ) ;
#478 = CARTESIAN_POINT ( 'NONE',  ( 5.269463606425993873, 1.516019331796417458, -1.485171048121553872 ) ) ;
#479 = EDGE_CURVE ( 'NONE', #4409, #6153, #5638, .T. ) ;
#480 = CARTESIAN_POINT ( 'NONE',  ( 6.560000000000007603, 1.238057920502403819, -1.556363431405232811 ) ) ;
#481 = AXIS2_PLACEMENT_3D ( 'NONE', #6312, #783, #5677 ) ;
#482 = DIRECTION ( 'NONE',  ( 1.000000000000000000, 0.000000000000000000, 0.000000000000000000 ) ) ;
#483 = CARTESIAN_POINT ( 'NONE',  ( 5.506106797749978909, 1.299999999999978062, -2.957499999999998685 ) ) ;
#484 = CARTESIAN_POINT ( 'NONE',  ( -7.250000000000000000, 3.349999999999999645, 17.39000000000000767 ) ) ;
#485 = ORIENTED_EDGE ( 'NONE', *, *, #6427, .T. ) ;
#486 = MANIFOLD_SOLID_BREP ( 'Fillet7', #1865 ) ;
#487 = CARTESIAN_POINT ( 'NONE',  ( 5.289437608814726133, 1.503584889054505602, -1.571890500801978785 ) ) ;
#488 = ORIENTED_EDGE ( 'NONE', *, *, #3739, .T. ) ;
#489 = VERTEX_POINT ( 'NONE', #4306 ) ;
#490 = DIRECTION ( 'NONE',  ( 0.000000000000000000, 0.9116918447891286803, -0.4108746525949191208 ) ) ;
#491 = DIRECTION ( 'NONE',  ( 0.000000000000000000, -1.000000000000000000, 0.000000000000000000 ) ) ;
#492 = ADVANCED_FACE ( 'NONE', ( #703 ), #4269, .F. ) ;
#493 = EDGE_CURVE ( 'NONE', #3834, #4352, #5223, .T. ) ;
#494 = PLANE ( 'NONE',  #36 ) ;
#495 = CARTESIAN_POINT ( 'NONE',  ( 4.316963606425994193, 1.122682344185434777, -1.956480694782906093 ) ) ;
#496 = VERTEX_POINT ( 'NONE', #1804 ) ;
#497 = VECTOR ( 'NONE', #957, 1000.000000000000000 ) ;
#498 = LINE ( 'NONE', #1104, #5493 ) ;
#499 = CARTESIAN_POINT ( 'NONE',  ( 5.930536393574006304, 1.251595058868162358, -1.523624957488422194 ) ) ;
#500 = VERTEX_POINT ( 'NONE', #1202 ) ;
#501 = VECTOR ( 'NONE', #3886, 1000.000000000000000 ) ;
#502 = CARTESIAN_POINT ( 'NONE',  ( 4.574681859721855481, 1.336290656316939662, -1.792418038271469394 ) ) ;
#503 = VERTEX_POINT ( 'NONE', #588 ) ;
#504 = CARTESIAN_POINT ( 'NONE',  ( 10.40000000000000746, 0.4500000000000374256, 0.1399999999999985978 ) ) ;
#505 = CARTESIAN_POINT ( 'NONE',  ( 5.851753182686027621, 1.373186348501070020, -1.776964157618794227 ) ) ;
#506 = EDGE_CURVE ( 'NONE', #6600, #5268, #2395, .T. ) ;
#507 = CARTESIAN_POINT ( 'NONE',  ( -7.201406611318862616, 3.349719945936744825, 3.223267527589237513 ) ) ;
#508 = CARTESIAN_POINT ( 'NONE',  ( 10.07253967321226185, 1.499999999999999112, -5.108528136194491864 ) ) ;
#509 = ORIENTED_EDGE ( 'NONE', *, *, #4827, .T. ) ;
#510 = ORIENTED_EDGE ( 'NONE', *, *, #4940, .T. ) ;
#511 = CYLINDRICAL_SURFACE ( 'NONE', #1134, 0.2999999999999999334 ) ;
#512 = ORIENTED_EDGE ( 'NONE', *, *, #2089, .F. ) ;
#513 = VECTOR ( 'NONE', #3550, 1000.000000000000000 ) ;
#514 = CARTESIAN_POINT ( 'NONE',  ( -10.40000000000000924, 0.5000000000000374145, -4.209999999999993747 ) ) ;
#515 = CARTESIAN_POINT ( 'NONE',  ( 10.85000000000002274, 0.4499999999999955147, -0.8100000000000047162 ) ) ;
#516 = AXIS2_PLACEMENT_3D ( 'NONE', #370, #5930, #893 ) ;
#517 = CARTESIAN_POINT ( 'NONE',  ( 4.639999999999991687, 1.027813721342135223, -1.929438750279898862 ) ) ;
#518 = DIRECTION ( 'NONE',  ( 0.000000000000000000, 0.000000000000000000, 1.000000000000000000 ) ) ;
#519 = ADVANCED_FACE ( 'NONE', ( #5562 ), #37, .T. ) ;
#520 = ORIENTED_EDGE ( 'NONE', *, *, #4418, .F. ) ;
#521 = ORIENTED_EDGE ( 'NONE', *, *, #5417, .F. ) ;
#522 = CARTESIAN_POINT ( 'NONE',  ( 10.65000000000001101, 0.5000000000000383027, -4.409999999999999254 ) ) ;
#523 = CARTESIAN_POINT ( 'NONE',  ( 6.646393202250020060, 1.324490431726551787, -1.843449624784234020 ) ) ;
#524 = CARTESIAN_POINT ( 'NONE',  ( 5.693893202250020380, 1.579999999999978089, -2.257615395000002856 ) ) ;
#525 = CARTESIAN_POINT ( 'NONE',  ( 4.553606797746564183, 1.042592249483158762, -1.852281368216702084 ) ) ;
#526 =( BOUNDED_SURFACE ( )  B_SPLINE_SURFACE ( 3, 3, ( 
 ( #7577, #4392, #4956, #1966 ),
 ( #4428, #6897, #2609, #2042 ),
 ( #5574, #6936, #4509, #1410 ),
 ( #3863, #1372, #3824, #646 ) ),
 .UNSPECIFIED., .F., .F., .T. ) 
 B_SPLINE_SURFACE_WITH_KNOTS ( ( 4, 4 ),
 ( 4, 4 ),
 ( 0.000000000000000000, 1.000000000000000000 ),
 ( 0.000000000000000000, 1.000000000000000000 ),
 .UNSPECIFIED. ) 
 GEOMETRIC_REPRESENTATION_ITEM ( )  RATIONAL_B_SPLINE_SURFACE ( (
 ( 1.000000000000000000, 0.9998200609883710621, 0.9998200609883710621, 1.000000000000000000),
 ( 0.9474215819624492996, 0.9472511038593950383, 0.9472511038593950383, 0.9474215819624492996),
 ( 0.9474215819624492996, 0.9472511038593950383, 0.9472511038593950383, 0.9474215819624492996),
 ( 1.000000000000000000, 0.9998200609883710621, 0.9998200609883710621, 1.000000000000000000) ) ) 
 REPRESENTATION_ITEM ( '' )  SURFACE ( )  );
#527 = CARTESIAN_POINT ( 'NONE',  ( 6.861529241235252208, 1.126316070466714780, -1.895674675648376217 ) ) ;
#528 = EDGE_CURVE ( 'NONE', #5307, #2488, #6196, .T. ) ;
#529 = ORIENTED_EDGE ( 'NONE', *, *, #6850, .T. ) ;
#530 = CARTESIAN_POINT ( 'NONE',  ( 10.65000000000001101, 0.2499999999999948097, -2.810000000000000053 ) ) ;
#531 = ORIENTED_EDGE ( 'NONE', *, *, #1649, .T. ) ;
#532 = CARTESIAN_POINT ( 'NONE',  ( -10.01898628384834922, 3.349999999999999645, -4.559999999999994280 ) ) ;
#533 = ORIENTED_EDGE ( 'NONE', *, *, #7472, .F. ) ;
#534 = DIRECTION ( 'NONE',  ( 0.000000000000000000, -1.000000000000000000, 0.000000000000000000 ) ) ;
#535 = CARTESIAN_POINT ( 'NONE',  ( 4.553606797749451651, 1.044490431726539770, -1.843449624784290197 ) ) ;
#536 = CARTESIAN_POINT ( 'NONE',  ( 6.600402548050953833, 1.028850780449451996, -1.923160147681267418 ) ) ;
#537 = DIRECTION ( 'NONE',  ( 0.000000000000000000, 0.000000000000000000, -1.000000000000000000 ) ) ;
#538 = LINE ( 'NONE', #1753, #6675 ) ;
#539 = ORIENTED_EDGE ( 'NONE', *, *, #6112, .T. ) ;
#540 = EDGE_CURVE ( 'NONE', #1519, #1418, #3926, .T. ) ;
#541 = DIRECTION ( 'NONE',  ( 0.000000000000000000, -0.000000000000000000, -1.000000000000000000 ) ) ;
#542 = CARTESIAN_POINT ( 'NONE',  ( 4.350070820739486699, 1.414193431235324372, -1.805442762435558013 ) ) ;
#543 = ORIENTED_EDGE ( 'NONE', *, *, #7791, .F. ) ;
#544 = CARTESIAN_POINT ( 'NONE',  ( 6.579927370043930246, 1.342718993545187978, -1.767033696732057457 ) ) ;
#545 = ORIENTED_EDGE ( 'NONE', *, *, #4570, .F. ) ;
#546 = CARTESIAN_POINT ( 'NONE',  ( 7.640254000779585830, 3.600000000000000977, 7.011694334997590872 ) ) ;
#547 = EDGE_CURVE ( 'NONE', #3006, #4162, #3362, .T. ) ;
#548 = CARTESIAN_POINT ( 'NONE',  ( 4.475896548139867370, 1.220165149131239968, -1.599141171042609777 ) ) ;
#549 = ADVANCED_FACE ( 'NONE', ( #6342 ), #2800, .T. ) ;
#550 = DIRECTION ( 'NONE',  ( 1.000000000000000000, 3.624795322936608189E-15, 0.000000000000000000 ) ) ;
#551 = ORIENTED_EDGE ( 'NONE', *, *, #3659, .F. ) ;
#552 = CARTESIAN_POINT ( 'NONE',  ( 4.000000000000000000, 3.599676483179540476, 3.217796414679250816 ) ) ;
#553 = ORIENTED_EDGE ( 'NONE', *, *, #4940, .F. ) ;
#554 = FACE_OUTER_BOUND ( 'NONE', #3003, .T. ) ;
#555 = CARTESIAN_POINT ( 'NONE',  ( 4.553606797746564183, 1.042592249483158762, -1.852281368216702084 ) ) ;
#556 = CARTESIAN_POINT ( 'NONE',  ( 6.837996826225155367, 1.112860916156994673, -2.032198145819661850 ) ) ;
#557 = ORIENTED_EDGE ( 'NONE', *, *, #2813, .F. ) ;
#558 = ORIENTED_EDGE ( 'NONE', *, *, #1444, .F. ) ;
#559 = CARTESIAN_POINT ( 'NONE',  ( 6.722093214642758774, 1.324490431726552009, -1.843449624784233798 ) ) ;
#560 = CARTESIAN_POINT ( 'NONE',  ( -10.21396102944956397, 3.149999999999987033, -4.967106779957171980 ) ) ;
#561 = CARTESIAN_POINT ( 'NONE',  ( -10.65000000000002167, 0.6000000000000382805, 0.1400000000000033717 ) ) ;
#562 = DIRECTION ( 'NONE',  ( 0.000000000000000000, 0.000000000000000000, -1.000000000000000000 ) ) ;
#563 = ADVANCED_FACE ( 'NONE', ( #1473 ), #2104, .F. ) ;
#564 = AXIS2_PLACEMENT_3D ( 'NONE', #97, #2430, #3197 ) ;
#565 = FACE_OUTER_BOUND ( 'NONE', #2061, .T. ) ;
#566 = ORIENTED_EDGE ( 'NONE', *, *, #3288, .F. ) ;
#567 = DIRECTION ( 'NONE',  ( 0.000000000000000000, -1.000000000000000000, 0.000000000000000000 ) ) ;
#568 = VERTEX_POINT ( 'NONE', #6421 ) ;
#569 = DIRECTION ( 'NONE',  ( 0.000000000000000000, -1.000000000000000000, 0.000000000000000000 ) ) ;
#570 = ORIENTED_EDGE ( 'NONE', *, *, #1477, .F. ) ;
#571 = LINE ( 'NONE', #4291, #4365 ) ;
#572 = VECTOR ( 'NONE', #2646, 1000.000000000000000 ) ;
#573 = DIRECTION ( 'NONE',  ( -1.000000000000000000, -0.000000000000000000, -0.000000000000000000 ) ) ;
#574 = FACE_OUTER_BOUND ( 'NONE', #1024, .T. ) ;
#575 =( BOUNDED_SURFACE ( )  B_SPLINE_SURFACE ( 3, 3, ( 
 ( #756, #3864, #875, #1373 ),
 ( #3944, #2652, #5797, #6400 ),
 ( #273, #2610, #3225, #832 ),
 ( #7537, #4475, #5114, #792 ) ),
 .UNSPECIFIED., .F., .F., .T. ) 
 B_SPLINE_SURFACE_WITH_KNOTS ( ( 4, 4 ),
 ( 4, 4 ),
 ( 0.000000000000000000, 1.000000000000000000 ),
 ( 0.000000000000000000, 1.000000000000000000 ),
 .UNSPECIFIED. ) 
 GEOMETRIC_REPRESENTATION_ITEM ( )  RATIONAL_B_SPLINE_SURFACE ( (
 ( 1.000000000000000000, 0.9999982116393303366, 0.9999982116393303366, 1.000000000000000000),
 ( 0.9474215819623241774, 0.9474198876308294048, 0.9474198876308294048, 0.9474215819623241774),
 ( 0.9474215819623241774, 0.9474198876308294048, 0.9474198876308294048, 0.9474215819623241774),
 ( 1.000000000000000000, 0.9999982116393303366, 0.9999982116393303366, 1.000000000000000000) ) ) 
 REPRESENTATION_ITEM ( '' )  SURFACE ( )  );
#576 = DIRECTION ( 'NONE',  ( -9.830099697201892564E-14, -0.7614542594456383817, -0.6482186442644908286 ) ) ;
#577 = FACE_OUTER_BOUND ( 'NONE', #7241, .T. ) ;
#578 = VERTEX_POINT ( 'NONE', #4572 ) ;
#579 = VERTEX_POINT ( 'NONE', #813 ) ;
#580 = CARTESIAN_POINT ( 'NONE',  ( 4.352736434038512847, 1.398081323906077866, -1.868323187536581553 ) ) ;
#581 = ORIENTED_EDGE ( 'NONE', *, *, #1014, .T. ) ;
#582 = CARTESIAN_POINT ( 'NONE',  ( 6.560000000000051124, 1.224707398265315605, -1.571356474215147792 ) ) ;
#583 = ORIENTED_EDGE ( 'NONE', *, *, #2216, .F. ) ;
#584 = CARTESIAN_POINT ( 'NONE',  ( 4.553606797746564183, 1.322592249483170113, -1.852281368216647239 ) ) ;
#585 = CIRCLE ( 'NONE', #965, 0.1999999999999999833 ) ;
#586 = EDGE_CURVE ( 'NONE', #3278, #7799, #5746, .T. ) ;
#587 = CARTESIAN_POINT ( 'NONE',  ( 5.851753182686028509, 1.436619979062685015, -1.568827899030819983 ) ) ;
#588 = CARTESIAN_POINT ( 'NONE',  ( 5.599999999999999645, 1.349999999999978106, -3.859999999999998987 ) ) ;
#589 = AXIS2_PLACEMENT_3D ( 'NONE', #5886, #4118, #5370 ) ;
#590 = CARTESIAN_POINT ( 'NONE',  ( 10.40000000000000746, 0.5000000000000365263, -0.3135898384862252919 ) ) ;
#591 = CIRCLE ( 'NONE', #3426, 0.02499999999999984873 ) ;
#592 = ORIENTED_EDGE ( 'NONE', *, *, #4330, .T. ) ;
#593 = CARTESIAN_POINT ( 'NONE',  ( 3.988258386061039662, 3.599990346390752105, 3.236194697472181581 ) ) ;
#594 = EDGE_LOOP ( 'NONE', ( #5039, #6205, #2226, #4083 ) ) ;
#595 = EDGE_CURVE ( 'NONE', #283, #5522, #591, .T. ) ;
#596 = CARTESIAN_POINT ( 'NONE',  ( -10.40000000000000568, 0.4714285714286088336, 2.588461497791621380 ) ) ;
#597 = AXIS2_PLACEMENT_3D ( 'NONE', #4743, #7640, #5266 ) ;
#598 = CIRCLE ( 'NONE', #2134, 0.2000000000000005107 ) ;
#599 = CARTESIAN_POINT ( 'NONE',  ( 6.861523352168705792, 1.114999271943155179, -1.948900355702604115 ) ) ;
#600 = ORIENTED_EDGE ( 'NONE', *, *, #4421, .T. ) ;
#601 = AXIS2_PLACEMENT_3D ( 'NONE', #4006, #7716, #3404 ) ;
#602 = CIRCLE ( 'NONE', #3696, 0.2999999999999998779 ) ;
#603 = ORIENTED_EDGE ( 'NONE', *, *, #2297, .T. ) ;
#604 = CARTESIAN_POINT ( 'NONE',  ( 4.351241448976449711, 1.114145602946521096, -1.976997846697663430 ) ) ;
#605 = CARTESIAN_POINT ( 'NONE',  ( 4.338476623819083500, 1.131515687735844100, -1.871178059441311214 ) ) ;
#606 = DIRECTION ( 'NONE',  ( 0.000000000000000000, 0.000000000000000000, -1.000000000000000000 ) ) ;
#607 = CARTESIAN_POINT ( 'NONE',  ( 10.39073772474620583, 1.699999999999999512, -5.143883475253820947 ) ) ;
#608 = CARTESIAN_POINT ( 'NONE',  ( -9.061988307341508640E-16, 0.2499999999999928391, 1.637676157402797023E-16 ) ) ;
#609 = CIRCLE ( 'NONE', #1127, 0.3000000000000010436 ) ;
#610 = EDGE_CURVE ( 'NONE', #489, #579, #780, .T. ) ;
#611 = CARTESIAN_POINT ( 'NONE',  ( -10.40000000000000568, 0.5000000000000377476, 4.090000000000004299 ) ) ;
#612 = ORIENTED_EDGE ( 'NONE', *, *, #1359, .T. ) ;
#613 = CARTESIAN_POINT ( 'NONE',  ( 10.65000000000002167, 0.4500000000000384248, -0.6600000000000008082 ) ) ;
#614 = ORIENTED_EDGE ( 'NONE', *, *, #4349, .T. ) ;
#615 = CARTESIAN_POINT ( 'NONE',  ( -7.640254000779582277, 3.600000000000000533, 7.011694334997594424 ) ) ;
#616 = AXIS2_PLACEMENT_3D ( 'NONE', #6847, #4346, #7525 ) ;
#617 = VERTEX_POINT ( 'NONE', #2679 ) ;
#618 = CARTESIAN_POINT ( 'NONE',  ( -10.40000000000000746, 0.3000000000000375144, 4.665321139608969971E-15 ) ) ;
#619 = FACE_OUTER_BOUND ( 'NONE', #6720, .T. ) ;
#620 = CARTESIAN_POINT ( 'NONE',  ( 5.599999999999999645, 1.099999999999978106, -3.859999999999998987 ) ) ;
#621 = CIRCLE ( 'NONE', #999, 1.599999999999999867 ) ;
#622 = CARTESIAN_POINT ( 'NONE',  ( 6.560000000000007603, 1.062718980692920479, -1.767033746175317166 ) ) ;
#623 = ORIENTED_EDGE ( 'NONE', *, *, #633, .F. ) ;
#624 = ORIENTED_EDGE ( 'NONE', *, *, #6444, .F. ) ;
#625 = CARTESIAN_POINT ( 'NONE',  ( -10.65000000000001634, 0.4500000000000056177, -0.8099999999999967226 ) ) ;
#626 = EDGE_CURVE ( 'NONE', #1493, #4668, #5096, .T. ) ;
#627 =( BOUNDED_SURFACE ( )  B_SPLINE_SURFACE ( 3, 3, ( 
 ( #7697, #833, #5237, #3306 ),
 ( #953, #2166, #4969, #1489 ),
 ( #5876, #5764, #4629, #3945 ),
 ( #6402, #876, #5403, #3547 ) ),
 .UNSPECIFIED., .F., .F., .T. ) 
 B_SPLINE_SURFACE_WITH_KNOTS ( ( 4, 4 ),
 ( 4, 4 ),
 ( 0.000000000000000000, 1.000000000000000000 ),
 ( 0.000000000000000000, 1.000000000000000000 ),
 .UNSPECIFIED. ) 
 GEOMETRIC_REPRESENTATION_ITEM ( )  RATIONAL_B_SPLINE_SURFACE ( (
 ( 1.000000000000000000, 0.8047378541243649375, 0.8047378541243649375, 1.000000000000000000),
 ( 0.9599054302165193064, 0.7724722360747671157, 0.7724722360747671157, 0.9599054302165193064),
 ( 0.9599054302165193064, 0.7724722360747671157, 0.7724722360747671157, 0.9599054302165193064),
 ( 1.000000000000000000, 0.8047378541243649375, 0.8047378541243649375, 1.000000000000000000) ) ) 
 REPRESENTATION_ITEM ( '' )  SURFACE ( )  );
#628 = VERTEX_POINT ( 'NONE', #7564 ) ;
#629 = CARTESIAN_POINT ( 'NONE',  ( 4.639999999999909086, 1.504707398263460671, -1.571356474215219290 ) ) ;
#630 = CARTESIAN_POINT ( 'NONE',  ( -10.85000000000001918, 3.827233668873830652E-14, 0.2899999999999969824 ) ) ;
#631 = FACE_OUTER_BOUND ( 'NONE', #1452, .T. ) ;
#632 = CARTESIAN_POINT ( 'NONE',  ( 10.24931636850889660, 1.499999999999999556, -5.285304831491130173 ) ) ;
#633 = EDGE_CURVE ( 'NONE', #2868, #6710, #2608, .T. ) ;
#634 = VECTOR ( 'NONE', #7809, 1000.000000000000000 ) ;
#635 = CARTESIAN_POINT ( 'NONE',  ( -3.977798032353771163, 3.350000000000000089, 3.240000000000000213 ) ) ;
#636 = ADVANCED_FACE ( 'NONE', ( #3328 ), #5820, .F. ) ;
#637 = CARTESIAN_POINT ( 'NONE',  ( 6.646393202251343446, 1.043218157439024241, -1.849335990806362684 ) ) ;
#638 = APPLICATION_PROTOCOL_DEFINITION ( 'draft international standard', 'automotive_design', 1998, #5139 ) ;
#639 = PLANE ( 'NONE',  #1763 ) ;
#640 = EDGE_CURVE ( 'NONE', #7358, #1935, #2899, .T. ) ;
#641 = VERTEX_POINT ( 'NONE', #1154 ) ;
#642 = VECTOR ( 'NONE', #3469, 1000.000000000000000 ) ;
#643 = EDGE_LOOP ( 'NONE', ( #7259, #7935, #5792, #7053 ) ) ;
#644 = DIRECTION ( 'NONE',  ( 1.000000000000000000, 0.000000000000000000, 0.000000000000000000 ) ) ;
#645 = CARTESIAN_POINT ( 'NONE',  ( 6.792675524780387164, 1.349355715902333497, -1.857968743457149685 ) ) ;
#646 = CARTESIAN_POINT ( 'NONE',  ( 5.269463606425993873, 1.263370087140091025, -1.497497287699401491 ) ) ;
#647 = PLANE ( 'NONE',  #4580 ) ;
#648 = VECTOR ( 'NONE', #6992, 1000.000000000000227 ) ;
#649 = DIRECTION ( 'NONE',  ( 0.000000000000000000, 0.000000000000000000, 1.000000000000000000 ) ) ;
#650 = VERTEX_POINT ( 'NONE', #5296 ) ;
#651 = EDGE_CURVE ( 'NONE', #5014, #761, #716, .T. ) ;
#652 = CYLINDRICAL_SURFACE ( 'NONE', #7042, 0.2999999999999999334 ) ;
#653 = ORIENTED_EDGE ( 'NONE', *, *, #1924, .F. ) ;
#654 = ORIENTED_EDGE ( 'NONE', *, *, #3352, .T. ) ;
#655 = FACE_OUTER_BOUND ( 'NONE', #7022, .T. ) ;
#656 = DIRECTION ( 'NONE',  ( 0.000000000000000000, -5.421010862427519212E-16, 1.000000000000000000 ) ) ;
#657 = CARTESIAN_POINT ( 'NONE',  ( 5.290976623819083180, 2.078089979429931233, -0.2888788659938812953 ) ) ;
#658 = CARTESIAN_POINT ( 'NONE',  ( 6.714048075699305507, 1.013634241261932134, -2.005044176370639697 ) ) ;
#659 = ORIENTED_EDGE ( 'NONE', *, *, #2176, .F. ) ;
#660 = ORIENTED_EDGE ( 'NONE', *, *, #5380, .T. ) ;
#661 = DIRECTION ( 'NONE',  ( -0.000000000000000000, -0.4108746525949196204, -0.9116918447891285693 ) ) ;
#662 = VERTEX_POINT ( 'NONE', #2227 ) ;
#663 = ORIENTED_EDGE ( 'NONE', *, *, #5773, .T. ) ;
#664 = CARTESIAN_POINT ( 'NONE',  ( 6.560000000000016485, 1.062718980692702875, -1.767033746175917797 ) ) ;
#665 = LINE ( 'NONE', #630, #4677 ) ;
#666 = FACE_OUTER_BOUND ( 'NONE', #6124, .T. ) ;
#667 = EDGE_CURVE ( 'NONE', #4668, #3577, #498, .T. ) ;
#668 =( LENGTH_UNIT ( ) NAMED_UNIT ( * ) SI_UNIT ( .MILLI., .METRE. ) );
#669 = CARTESIAN_POINT ( 'NONE',  ( 5.599999999999999645, 0.9999999999999781286, -3.051393202250019421 ) ) ;
#670 = ORIENTED_EDGE ( 'NONE', *, *, #3874, .F. ) ;
#671 = CYLINDRICAL_SURFACE ( 'NONE', #7051, 0.1999999999999999833 ) ;
#672 = FACE_OUTER_BOUND ( 'NONE', #6249, .T. ) ;
#673 = ORIENTED_EDGE ( 'NONE', *, *, #5055, .T. ) ;
#674 = EDGE_LOOP ( 'NONE', ( #4912, #4691, #1212, #6138 ) ) ;
#675 = CARTESIAN_POINT ( 'NONE',  ( 5.423936520126419580, 1.089965520103052254, -1.661773075905845776 ) ) ;
#676 = CARTESIAN_POINT ( 'NONE',  ( 4.338476661130538758, 1.115118766030702480, -1.948337978469948384 ) ) ;
#677 = FACE_OUTER_BOUND ( 'NONE', #6791, .T. ) ;
#678 = EDGE_CURVE ( 'NONE', #7492, #4551, #978, .T. ) ;
#679 = DIRECTION ( 'NONE',  ( -1.333139840934740450E-16, 1.000000000000000000, -2.171692714077831124E-14 ) ) ;
#680 = CARTESIAN_POINT ( 'NONE',  ( 10.85000000000002096, 0.4500000000000164979, 2.289999999999998703 ) ) ;
#681 = ORIENTED_EDGE ( 'NONE', *, *, #5541, .F. ) ;
#682 = CARTESIAN_POINT ( 'NONE',  ( 5.909023376180916109, 1.824150234765844480, -0.8523470498205696355 ) ) ;
#683 = EDGE_LOOP ( 'NONE', ( #5308, #806, #4105, #6093 ) ) ;
#684 = ORIENTED_EDGE ( 'NONE', *, *, #708, .T. ) ;
#685 = CARTESIAN_POINT ( 'NONE',  ( 5.423936520126686922, 1.461269157966830878, -0.8149948086755766097 ) ) ;
#686 = CARTESIAN_POINT ( 'NONE',  ( 4.316963606425994193, 2.949999999999978861, -2.257615395000002856 ) ) ;
#687 = CARTESIAN_POINT ( 'NONE',  ( 5.288065622245380126, 1.537554012524751545, -1.494876141472807340 ) ) ;
#688 = AXIS2_PLACEMENT_3D ( 'NONE', #5302, #7757, #5941 ) ;
#689 = EDGE_CURVE ( 'NONE', #6074, #4277, #4812, .T. ) ;
#690 = EDGE_CURVE ( 'NONE', #1163, #6604, #5978, .T. ) ;
#691 = DIRECTION ( 'NONE',  ( 0.7071067811865496822, 0.000000000000000000, 0.7071067811865453523 ) ) ;
#692 = ORIENTED_EDGE ( 'NONE', *, *, #1501, .F. ) ;
#693 = CARTESIAN_POINT ( 'NONE',  ( -10.39073772474619339, 3.149999999999987921, -5.143883475253804072 ) ) ;
#694 = VECTOR ( 'NONE', #5410, 1000.000000000000000 ) ;
#695 = ORIENTED_EDGE ( 'NONE', *, *, #7144, .T. ) ;
#696 = VERTEX_POINT ( 'NONE', #2311 ) ;
#697 = CARTESIAN_POINT ( 'NONE',  ( 5.693893202250020380, 1.279999999999978266, -2.257615395000002856 ) ) ;
#698 = CARTESIAN_POINT ( 'NONE',  ( -10.65000000000002167, 0.4500000000000384248, -0.6599999999999962563 ) ) ;
#699 = DIRECTION ( 'NONE',  ( -1.333139840934643075E-16, -1.000000000000000000, 2.171692714077831124E-14 ) ) ;
#700 = AXIS2_PLACEMENT_3D ( 'NONE', #7166, #4058, #6399 ) ;
#701 = AXIS2_PLACEMENT_3D ( 'NONE', #2005, #4472, #1371 ) ;
#702 = DIRECTION ( 'NONE',  ( 0.000000000000000000, 0.000000000000000000, -1.000000000000000000 ) ) ;
#703 = FACE_OUTER_BOUND ( 'NONE', #3313, .T. ) ;
#704 = CARTESIAN_POINT ( 'NONE',  ( 5.923136478684358330, 1.235527843247853141, -1.562540021192222017 ) ) ;
#705 = DIRECTION ( 'NONE',  ( -4.485885711162466802E-16, 0.000000000000000000, -1.000000000000000000 ) ) ;
#706 = EDGE_LOOP ( 'NONE', ( #7450, #861, #7618, #4287 ) ) ;
#707 = CARTESIAN_POINT ( 'NONE',  ( 3.994528535677869918, 3.349911798582960731, 3.230608853135170211 ) ) ;
#708 = EDGE_CURVE ( 'NONE', #92, #2107, #7272, .T. ) ;
#709 = AXIS2_PLACEMENT_3D ( 'NONE', #1077, #3590, #6042 ) ;
#710 = AXIS2_PLACEMENT_3D ( 'NONE', #51, #3601, #4923 ) ;
#711 = DIRECTION ( 'NONE',  ( 0.7071067811865496822, 0.000000000000000000, -0.7071067811865453523 ) ) ;
#712 = VERTEX_POINT ( 'NONE', #5386 ) ;
#713 = EDGE_CURVE ( 'NONE', #193, #3548, #6651, .T. ) ;
#714 = AXIS2_PLACEMENT_3D ( 'NONE', #7299, #7940, #4998 ) ;
#715 = CARTESIAN_POINT ( 'NONE',  ( 4.351675537896238843, 1.184709239248521007, -1.701008714008610978 ) ) ;
#716 = CIRCLE ( 'NONE', #2776, 1.599999999999999867 ) ;
#717 = DIRECTION ( 'NONE',  ( -0.000000000000000000, 0.4108746525949196760, 0.9116918447891283472 ) ) ;
#718 = DIRECTION ( 'NONE',  ( 0.000000000000000000, -0.4108746525949196760, -0.9116918447891283472 ) ) ;
#719 = CARTESIAN_POINT ( 'NONE',  ( 5.599999999999999645, 1.299999999999978062, -3.051393202250019421 ) ) ;
#720 = AXIS2_PLACEMENT_3D ( 'NONE', #1640, #2282, #3370 ) ;
#721 = CARTESIAN_POINT ( 'NONE',  ( 6.256204919917502494, 3.600000000000000533, 5.709999999999999964 ) ) ;
#722 = VECTOR ( 'NONE', #2355, 1000.000000000000000 ) ;
#723 = CARTESIAN_POINT ( 'NONE',  ( 7.200000000000001066, 1.633069906740344246, -1.842507845993992532 ) ) ;
#724 = EDGE_LOOP ( 'NONE', ( #2804, #1429, #2394, #5049, #1197, #2241 ) ) ;
#725 = EDGE_CURVE ( 'NONE', #3750, #2045, #413, .T. ) ;
#726 = VERTEX_POINT ( 'NONE', #125 ) ;
#727 = CYLINDRICAL_SURFACE ( 'NONE', #1153, 1.599999999999999867 ) ;
#728 = PLANE ( 'NONE',  #564 ) ;
#729 = CYLINDRICAL_SURFACE ( 'NONE', #3883, 0.1499999999999999667 ) ;
#730 = AXIS2_PLACEMENT_3D ( 'NONE', #213, #1539, #5810 ) ;
#731 = AXIS2_PLACEMENT_3D ( 'NONE', #3265, #5727, #3904 ) ;
#732 = DIRECTION ( 'NONE',  ( -0.000000000000000000, 1.000000000000000000, 0.000000000000000000 ) ) ;
#733 = ORIENTED_EDGE ( 'NONE', *, *, #725, .T. ) ;
#734 = AXIS2_PLACEMENT_3D ( 'NONE', #3477, #7826, #5419 ) ;
#735 = CARTESIAN_POINT ( 'NONE',  ( -7.199999999999999289, 3.533768883591846155, 2.931844010553810165 ) ) ;
#736 = ORIENTED_EDGE ( 'NONE', *, *, #2471, .T. ) ;
#737 = EDGE_CURVE ( 'NONE', #1768, #1379, #6780, .T. ) ;
#738 = ADVANCED_FACE ( 'NONE', ( #6856 ), #647, .T. ) ;
#739 = EDGE_LOOP ( 'NONE', ( #2846, #4737, #1528, #6559 ) ) ;
#740 = CARTESIAN_POINT ( 'NONE',  ( 4.351151719805968376, 1.440898087115693560, -1.759396344753183739 ) ) ;
#741 = CARTESIAN_POINT ( 'NONE',  ( -10.65000000000002345, 0.5000000000000383027, -4.209999999999993747 ) ) ;
#742 = DIRECTION ( 'NONE',  ( -1.000000000000000000, -3.624795322936608189E-15, -0.000000000000000000 ) ) ;
#743 = AXIS2_PLACEMENT_3D ( 'NONE', #3492, #5432, #4867 ) ;
#744 = FILL_AREA_STYLE ('',( #3061 ) ) ;
#745 = CARTESIAN_POINT ( 'NONE',  ( 5.285249604469583140, 1.096801526281418138, -3.141876512939421495 ) ) ;
#746 = EDGE_CURVE ( 'NONE', #641, #140, #6510, .T. ) ;
#747 = DIRECTION ( 'NONE',  ( 0.000000000000000000, 0.000000000000000000, -1.000000000000000000 ) ) ;
#748 = CARTESIAN_POINT ( 'NONE',  ( 6.804253182689802060, 1.075745417751861721, -1.850242949559813166 ) ) ;
#749 = EDGE_CURVE ( 'NONE', #5182, #696, #4999, .T. ) ;
#750 = CARTESIAN_POINT ( 'NONE',  ( 4.352382884095260529, 1.400216322839437755, -1.859908776992824864 ) ) ;
#751 = VERTEX_POINT ( 'NONE', #3718 ) ;
#752 = DIRECTION ( 'NONE',  ( 0.000000000000000000, 0.000000000000000000, 1.000000000000000000 ) ) ;
#753 = CARTESIAN_POINT ( 'NONE',  ( -10.85000000000000497, 0.2499999999999955591, -2.809999999999996056 ) ) ;
#754 = CYLINDRICAL_SURFACE ( 'NONE', #2376, 0.2999999999999999334 ) ;
#755 = CARTESIAN_POINT ( 'NONE',  ( 5.599999999999999645, 1.499847494822332816, -0.7293931419030968977 ) ) ;
#756 = CARTESIAN_POINT ( 'NONE',  ( 6.883036393575363121, 1.140408031560804947, -1.873067728565222634 ) ) ;
#757 = EDGE_CURVE ( 'NONE', #1418, #6055, #3296, .T. ) ;
#758 = DIRECTION ( 'NONE',  ( 0.000000000000000000, 0.000000000000000000, -1.000000000000000000 ) ) ;
#759 = ORIENTED_EDGE ( 'NONE', *, *, #3373, .F. ) ;
#760 = DIRECTION ( 'NONE',  ( 0.000000000000000000, 0.000000000000000000, -1.000000000000000000 ) ) ;
#761 = VERTEX_POINT ( 'NONE', #50 ) ;
#762 = VECTOR ( 'NONE', #6996, 1000.000000000000000 ) ;
#763 = EDGE_LOOP ( 'NONE', ( #5569, #6260, #1439, #1766, #5838, #4323, #5553, #5253, #7101, #3136, #406, #4262, #1268, #3791, #7004, #3820 ) ) ;
#764 = CARTESIAN_POINT ( 'NONE',  ( 5.693893202250020380, 1.538425831677834754, -0.6437914751306164085 ) ) ;
#765 = CARTESIAN_POINT ( 'NONE',  ( 5.277680634188321562, 1.817304057350719981, -0.2683703994788505520 ) ) ;
#766 = ADVANCED_FACE ( 'NONE', ( #6172 ), #2574, .F. ) ;
#767 = CARTESIAN_POINT ( 'NONE',  ( 5.288065622245380126, 1.503950034515517453, -1.574317432143892637 ) ) ;
#768 = VECTOR ( 'NONE', #644, 1000.000000000000000 ) ;
#769 = EDGE_CURVE ( 'NONE', #7760, #4239, #1852, .T. ) ;
#770 = CARTESIAN_POINT ( 'NONE',  ( 6.772853006026670286, 1.100660279540645270, -2.090627313951933353 ) ) ;
#771 = EDGE_LOOP ( 'NONE', ( #6395, #3204, #7196, #3310 ) ) ;
#772 = DIRECTION ( 'NONE',  ( 0.7071067811865489050, -0.000000000000000000, 0.7071067811865462405 ) ) ;
#773 = ORIENTED_EDGE ( 'NONE', *, *, #4092, .T. ) ;
#774 = ORIENTED_EDGE ( 'NONE', *, *, #4446, .F. ) ;
#775 = CARTESIAN_POINT ( 'NONE',  ( -10.40000000000000746, 0.4500000000000374811, -0.6599999999999962563 ) ) ;
#776 = DIRECTION ( 'NONE',  ( 1.000000000000000000, 0.000000000000000000, 0.000000000000000000 ) ) ;
#777 = DIRECTION ( 'NONE',  ( -1.000000000000000000, 2.168404344971009262E-15, -7.228014483236697541E-16 ) ) ;
#778 = ADVANCED_FACE ( 'NONE', ( #1266 ), #6087, .F. ) ;
#779 = LINE ( 'NONE', #3246, #6263 ) ;
#780 = LINE ( 'NONE', #2030, #1492 ) ;
#781 = CARTESIAN_POINT ( 'NONE',  ( 6.560000000000018261, 1.503738357682742555, -1.571806967231273999 ) ) ;
#782 = FACE_OUTER_BOUND ( 'NONE', #1645, .T. ) ;
#783 = DIRECTION ( 'NONE',  ( -0.7071067811865475727, 3.035766082959420304E-15, -0.7071067811865475727 ) ) ;
#784 = CIRCLE ( 'NONE', #5689, 3.000000000000000000 ) ;
#785 = EDGE_CURVE ( 'NONE', #3202, #970, #2493, .T. ) ;
#786 = CARTESIAN_POINT ( 'NONE',  ( 6.559999999999998721, 1.323534687289454892, -1.979927464852761165 ) ) ;
#787 = VERTEX_POINT ( 'NONE', #3109 ) ;
#788 = FACE_OUTER_BOUND ( 'NONE', #2322, .T. ) ;
#789 = CARTESIAN_POINT ( 'NONE',  ( 5.290976623818567148, 1.211715348095439015, -1.589988501263767784 ) ) ;
#790 = FACE_OUTER_BOUND ( 'NONE', #6279, .T. ) ;
#791 = FACE_OUTER_BOUND ( 'NONE', #2372, .T. ) ;
#792 = CARTESIAN_POINT ( 'NONE',  ( 6.861523376181841272, 1.133325376635335280, -1.862758052300323319 ) ) ;
#793 = CARTESIAN_POINT ( 'NONE',  ( 5.599999999999999645, 1.688247368325442199, -0.5547349395076381917 ) ) ;
#794 = ORIENTED_EDGE ( 'NONE', *, *, #221, .T. ) ;
#795 = CARTESIAN_POINT ( 'NONE',  ( 5.290976623819023672, 1.099875846543206803, -2.046902753982926981 ) ) ;
#796 = ORIENTED_EDGE ( 'NONE', *, *, #1529, .T. ) ;
#797 = EDGE_LOOP ( 'NONE', ( #3561, #29, #3713, #660 ) ) ;
#798 = CARTESIAN_POINT ( 'NONE',  ( 5.930536393574005416, 1.099999999999978106, -2.257615395000003300 ) ) ;
#799 = DIRECTION ( 'NONE',  ( 0.000000000000000000, -0.4108746525949196204, -0.9116918447891282362 ) ) ;
#800 = EDGE_CURVE ( 'NONE', #1002, #1547, #7552, .T. ) ;
#801 = CARTESIAN_POINT ( 'NONE',  ( 5.289588568189934392, 1.502756801113027452, -1.573845062299775943 ) ) ;
#802 = LINE ( 'NONE', #5248, #4719 ) ;
#803 = CARTESIAN_POINT ( 'NONE',  ( 10.19999999999999751, 3.600000000000001421, 4.289999999999998259 ) ) ;
#804 = ORIENTED_EDGE ( 'NONE', *, *, #2512, .T. ) ;
#805 = FACE_OUTER_BOUND ( 'NONE', #2283, .T. ) ;
#806 = ORIENTED_EDGE ( 'NONE', *, *, #47, .T. ) ;
#807 = VERTEX_POINT ( 'NONE', #6784 ) ;
#808 = CARTESIAN_POINT ( 'NONE',  ( -10.65000000000001990, 0.4500000000000383693, 2.440000000000003499 ) ) ;
#809 = DIRECTION ( 'NONE',  ( 2.895170079404854329E-30, 3.859666579136807492E-46, 1.000000000000000000 ) ) ;
#810 = B_SPLINE_CURVE_WITH_KNOTS ( 'NONE', 3,
 ( #4888, #1897, #7896, #3079 ),
 .UNSPECIFIED., .F., .F.,
 ( 4, 4 ),
 ( 0.000000000000000000, 1.000000000000000000 ),
 .UNSPECIFIED. ) ;
#811 = CARTESIAN_POINT ( 'NONE',  ( 6.646393202251991816, 1.044490431726508239, -1.843449624784437635 ) ) ;
#812 = AXIS2_PLACEMENT_3D ( 'NONE', #3040, #6252, #5584 ) ;
#813 = CARTESIAN_POINT ( 'NONE',  ( 7.199999999999999289, 3.350000000000000089, -7.609999999999997655 ) ) ;
#814 = DIRECTION ( 'NONE',  ( -0.000000000000000000, -1.000000000000000000, 0.000000000000000000 ) ) ;
#815 = VERTEX_POINT ( 'NONE', #5538 ) ;
#816 = CARTESIAN_POINT ( 'NONE',  ( 5.506106797749978909, 1.299999999999978728, -2.257615395000003300 ) ) ;
#817 = VERTEX_POINT ( 'NONE', #4957 ) ;
#818 = CARTESIAN_POINT ( 'NONE',  ( 5.269463606425994762, 1.099999999999978106, -2.957499999999998685 ) ) ;
#819 = ADVANCED_FACE ( 'NONE', ( #6821 ), #1301, .T. ) ;
#820 = VECTOR ( 'NONE', #2573, 1000.000000000000000 ) ;
#821 = CIRCLE ( 'NONE', #3540, 0.4499999999999781952 ) ;
#822 =( BOUNDED_SURFACE ( )  B_SPLINE_SURFACE ( 3, 3, ( 
 ( #4697, #421, #3581, #7803 ),
 ( #4742, #1115, #6032, #5435 ),
 ( #2357, #7279, #6072, #6157 ),
 ( #6113, #4413, #3658, #2559 ) ),
 .UNSPECIFIED., .F., .F., .T. ) 
 B_SPLINE_SURFACE_WITH_KNOTS ( ( 4, 4 ),
 ( 4, 4 ),
 ( 0.000000000000000000, 1.000000000000000000 ),
 ( 0.000000000000000000, 1.000000000000000000 ),
 .UNSPECIFIED. ) 
 GEOMETRIC_REPRESENTATION_ITEM ( )  RATIONAL_B_SPLINE_SURFACE ( (
 ( 1.000000000000000000, 0.8047378541243652705, 0.8047378541243652705, 1.000000000000000000),
 ( 0.9474215819624511870, 0.7624260108195743957, 0.7624260108195743957, 0.9474215819624511870),
 ( 0.9474215819624511870, 0.7624260108195743957, 0.7624260108195743957, 0.9474215819624511870),
 ( 1.000000000000000000, 0.8047378541243652705, 0.8047378541243652705, 1.000000000000000000) ) ) 
 REPRESENTATION_ITEM ( '' )  SURFACE ( )  );
#823 = CYLINDRICAL_SURFACE ( 'NONE', #974, 0.1499999999999999667 ) ;
#824 = ORIENTED_EDGE ( 'NONE', *, *, #1725, .T. ) ;
#825 = CARTESIAN_POINT ( 'NONE',  ( 0.000000000000000000, 3.600000000000000533, -7.609999999999999432 ) ) ;
#826 = EDGE_CURVE ( 'NONE', #5182, #2788, #837, .T. ) ;
#827 = EDGE_CURVE ( 'NONE', #1199, #4803, #4394, .T. ) ;
#828 = PLANE ( 'NONE',  #6167 ) ;
#829 = DIRECTION ( 'NONE',  ( 0.000000000000000000, 0.000000000000000000, 1.000000000000000000 ) ) ;
#830 = CARTESIAN_POINT ( 'NONE',  ( 7.203801758947350642, 3.599907995299977070, 3.228252719650235303 ) ) ;
#831 = CIRCLE ( 'NONE', #2250, 0.02499999999999984873 ) ;
#832 = CARTESIAN_POINT ( 'NONE',  ( 6.867250395531612206, 1.139083372523527871, -1.864009562574340473 ) ) ;
#833 = CARTESIAN_POINT ( 'NONE',  ( 5.506106797749978909, 1.279999999999978266, -3.012501364463420650 ) ) ;
#834 = ORIENTED_EDGE ( 'NONE', *, *, #4807, .F. ) ;
#835 = AXIS2_PLACEMENT_3D ( 'NONE', #6617, #2174, #1136 ) ;
#836 = DIRECTION ( 'NONE',  ( -3.624795322936607400E-15, 1.000000000000000000, 0.000000000000000000 ) ) ;
#837 = CIRCLE ( 'NONE', #6381, 0.1499999999999999667 ) ;
#838 = ORIENTED_EDGE ( 'NONE', *, *, #357, .T. ) ;
#839 = CYLINDRICAL_SURFACE ( 'NONE', #4762, 0.1999999999999999833 ) ;
#840 = DIRECTION ( 'NONE',  ( 4.485885711162466802E-16, 0.000000000000000000, 1.000000000000000000 ) ) ;
#841 = CARTESIAN_POINT ( 'NONE',  ( 5.286422825025728578, 1.526771967030934096, -1.521540588087234358 ) ) ;
#842 = CARTESIAN_POINT ( 'NONE',  ( 5.917500000000001315, 1.094073794982443948, -2.173182992333012375 ) ) ;
#843 = DIRECTION ( 'NONE',  ( -1.000000000000000000, 8.432683563776132341E-16, -8.673617379884021273E-15 ) ) ;
#844 = EDGE_CURVE ( 'NONE', #4208, #5328, #1967, .T. ) ;
#845 = AXIS2_PLACEMENT_3D ( 'NONE', #42, #7335, #6815 ) ;
#846 = AXIS2_PLACEMENT_3D ( 'NONE', #4856, #6629, #4809 ) ;
#847 = DIRECTION ( 'NONE',  ( -1.000000000000000000, -3.624795322936608189E-15, -0.000000000000000000 ) ) ;
#848 = ORIENTED_EDGE ( 'NONE', *, *, #1295, .T. ) ;
#849 = DIRECTION ( 'NONE',  ( 0.000000000000000000, 0.9116918447891283472, -0.4108746525949195094 ) ) ;
#850 = ORIENTED_EDGE ( 'NONE', *, *, #7304, .F. ) ;
#851 = VECTOR ( 'NONE', #3768, 999.9999999999998863 ) ;
#852 = EDGE_LOOP ( 'NONE', ( #307, #3114, #10, #2342 ) ) ;
#853 = CARTESIAN_POINT ( 'NONE',  ( 4.556624336627148608, 1.329647731659460819, -1.820279045160350773 ) ) ;
#854 = CARTESIAN_POINT ( 'NONE',  ( 10.85000000000002096, 3.832751613198275766E-14, 2.289999999999998703 ) ) ;
#855 = DIRECTION ( 'NONE',  ( 6.490305332790986332E-15, -0.000000000000000000, -1.000000000000000000 ) ) ;
#856 = LINE ( 'NONE', #2225, #6387 ) ;
#857 = AXIS2_PLACEMENT_3D ( 'NONE', #3151, #93, #3789 ) ;
#858 = EDGE_CURVE ( 'NONE', #5859, #2379, #4429, .T. ) ;
#859 = DIRECTION ( 'NONE',  ( 0.000000000000000000, 0.000000000000000000, -1.000000000000000000 ) ) ;
#860 = CARTESIAN_POINT ( 'NONE',  ( 5.423936520126419580, 1.369965520103051171, -1.661773075905845110 ) ) ;
#861 = ORIENTED_EDGE ( 'NONE', *, *, #4565, .F. ) ;
#862 = DIRECTION ( 'NONE',  ( 0.000000000000000000, 1.000000000000000000, 0.000000000000000000 ) ) ;
#863 = DIRECTION ( 'NONE',  ( 0.000000000000000000, -1.000000000000000000, 0.000000000000000000 ) ) ;
#864 = AXIS2_PLACEMENT_3D ( 'NONE', #2688, #5910, #3300 ) ;
#865 = EDGE_CURVE ( 'NONE', #2391, #6016, #2421, .T. ) ;
#866 = EDGE_CURVE ( 'NONE', #4301, #1240, #3078, .T. ) ;
#867 = CARTESIAN_POINT ( 'NONE',  ( 5.909023376181060883, 1.501618638213424450, -1.572840339603875925 ) ) ;
#868 = VERTEX_POINT ( 'NONE', #5236 ) ;
#869 = ORIENTED_EDGE ( 'NONE', *, *, #1933, .T. ) ;
#870 = CARTESIAN_POINT ( 'NONE',  ( 4.475925668668359947, 1.298875685280346470, -1.974438727376758962 ) ) ;
#871 =( BOUNDED_CURVE ( )  B_SPLINE_CURVE ( 3, ( #669, #3775, #7523, #3173 ),
 .UNSPECIFIED., .F., .F. ) 
 B_SPLINE_CURVE_WITH_KNOTS ( ( 4, 4 ),
 ( 0.000000000000000000, 1.000000000000000000 ),
 .UNSPECIFIED. ) 
 CURVE ( )  GEOMETRIC_REPRESENTATION_ITEM ( )  RATIONAL_B_SPLINE_CURVE ( ( 1.000000000000000000, 0.8047378541243649375, 0.8047378541243649375, 1.000000000000000000 ) ) 
 REPRESENTATION_ITEM ( '' )  );
#872 = CARTESIAN_POINT ( 'NONE',  ( 5.703135598671183359, 0.9999999999999780176, -3.133563479873310076 ) ) ;
#873 = CARTESIAN_POINT ( 'NONE',  ( 5.547499872579845004, 1.779847494822332843, -0.7293931419030971197 ) ) ;
#874 = CARTESIAN_POINT ( 'NONE',  ( -7.200000000000001954, 1.491293048337372751, -1.600215950848128843 ) ) ;
#875 = CARTESIAN_POINT ( 'NONE',  ( 6.883036393575362233, 1.141602122601250047, -1.867480446650240822 ) ) ;
#876 = CARTESIAN_POINT ( 'NONE',  ( 5.313493194907396244, 1.349999999999978106, -3.125331800711061092 ) ) ;
#877 = EDGE_CURVE ( 'NONE', #5445, #6516, #7934, .T. ) ;
#878 = AXIS2_PLACEMENT_3D ( 'NONE', #7387, #7951, #490 ) ;
#879 = ORIENTED_EDGE ( 'NONE', *, *, #905, .F. ) ;
#881 = DIRECTION ( 'NONE',  ( 1.333139840934743161E-16, 1.000000000000000000, 6.550704629611133859E-16 ) ) ;
#880 = AXIS2_PLACEMENT_3D ( 'NONE', #410, #2186, #1543 ) ;
#882 = VERTEX_POINT ( 'NONE', #6937 ) ;
#883 = CARTESIAN_POINT ( 'NONE',  ( 5.917500000000001315, 1.027813721342084596, -1.929438750280549897 ) ) ;
#884 = DIRECTION ( 'NONE',  ( 0.000000000000000000, -0.4108746525949196204, -0.9116918447891282362 ) ) ;
#885 = CARTESIAN_POINT ( 'NONE',  ( 6.883036393574004208, 1.142208871125188541, -1.864688895051712647 ) ) ;
#886 = LINE ( 'NONE', #7508, #4203 ) ;
#887 = EDGE_CURVE ( 'NONE', #2809, #1684, #5105, .T. ) ;
#888 = EDGE_CURVE ( 'NONE', #7785, #1584, #6519, .T. ) ;
#889 = EDGE_LOOP ( 'NONE', ( #5041, #7817, #736, #1034 ) ) ;
#890 = LINE ( 'NONE', #6492, #104 ) ;
#891 = VERTEX_POINT ( 'NONE', #5833 ) ;
#892 = EDGE_LOOP ( 'NONE', ( #2330, #879, #1192, #1071 ) ) ;
#893 = DIRECTION ( 'NONE',  ( 0.000000000000000000, 1.000000000000000000, 0.000000000000000000 ) ) ;
#894 = VECTOR ( 'NONE', #2209, 1000.000000000000114 ) ;
#895 = DIRECTION ( 'NONE',  ( -4.485885711162466802E-16, 0.000000000000000000, -1.000000000000000000 ) ) ;
#896 = CARTESIAN_POINT ( 'NONE',  ( 10.40000000000000746, 0.4714285714286085005, -0.008461497791619521786 ) ) ;
#897 = PRODUCT_DEFINITION_CONTEXT ( 'detailed design', #5408, 'design' ) ;
#898 = VECTOR ( 'NONE', #6582, 1000.000000000000000 ) ;
#899 = B_SPLINE_CURVE_WITH_KNOTS ( 'NONE', 3,
 ( #5400, #1916, #469, #4748 ),
 .UNSPECIFIED., .F., .F.,
 ( 4, 4 ),
 ( 0.000000000000000000, 0.0001114090532473416522 ),
 .UNSPECIFIED. ) ;
#900 = DIRECTION ( 'NONE',  ( 0.000000000000000000, -1.000000000000000000, -0.000000000000000000 ) ) ;
#901 = DIRECTION ( 'NONE',  ( -1.000000000000000000, -0.000000000000000000, -0.000000000000000000 ) ) ;
#902 = DIRECTION ( 'NONE',  ( 0.000000000000000000, -0.000000000000000000, 1.000000000000000000 ) ) ;
#903 = ORIENTED_EDGE ( 'NONE', *, *, #5509, .F. ) ;
#904 = CARTESIAN_POINT ( 'NONE',  ( 5.519889514146662179, 1.099999999999978106, -3.281064321907090076 ) ) ;
#905 = EDGE_CURVE ( 'NONE', #4126, #6189, #4338, .T. ) ;
#906 = CARTESIAN_POINT ( 'NONE',  ( 4.553606797749979229, 1.324490431726551787, -1.843449624784234242 ) ) ;
#907 = LINE ( 'NONE', #5907, #5631 ) ;
#908 = ORIENTED_EDGE ( 'NONE', *, *, #5774, .T. ) ;
#909 = ORIENTED_EDGE ( 'NONE', *, *, #4011, .T. ) ;
#910 = CARTESIAN_POINT ( 'NONE',  ( 10.40000000000000746, 0.3000000000000365152, 0.000000000000000000 ) ) ;
#911 = CARTESIAN_POINT ( 'NONE',  ( 5.286526072527720999, 1.532079528152024084, -1.509714624494955748 ) ) ;
#912 = DIRECTION ( 'NONE',  ( -0.7071067811865484609, 0.000000000000000000, 0.7071067811865465735 ) ) ;
#913 = CARTESIAN_POINT ( 'NONE',  ( 7.201225218244657889, 3.599817246660345749, 3.223220711604568134 ) ) ;
#914 = CYLINDRICAL_SURFACE ( 'NONE', #3819, 0.03000000000000007869 ) ;
#915 = AXIS2_PLACEMENT_3D ( 'NONE', #133, #7507, #7431 ) ;
#916 = ORIENTED_EDGE ( 'NONE', *, *, #1335, .T. ) ;
#917 = ORIENTED_EDGE ( 'NONE', *, *, #4192, .F. ) ;
#918 = DIRECTION ( 'NONE',  ( -1.000000000000000000, -0.000000000000000000, -0.000000000000000000 ) ) ;
#919 = FACE_OUTER_BOUND ( 'NONE', #7955, .T. ) ;
#920 = CARTESIAN_POINT ( 'NONE',  ( 4.639999999999999680, 1.353878595024240905, -2.146276001350330365 ) ) ;
#921 = DIRECTION ( 'NONE',  ( 1.000000000000000000, -1.333139840934641103E-16, 2.895170079404639230E-30 ) ) ;
#922 = CARTESIAN_POINT ( 'NONE',  ( 5.599999999999999645, 1.090909090909069068, -3.266523376180914706 ) ) ;
#923 = CARTESIAN_POINT ( 'NONE',  ( 7.200000000000001066, 3.305845922394563985, 3.034562673702536628 ) ) ;
#924 = ORIENTED_EDGE ( 'NONE', *, *, #905, .T. ) ;
#925 = CARTESIAN_POINT ( 'NONE',  ( 4.561638154473485862, 1.220364878764176320, -1.578729600251600695 ) ) ;
#926 = ORIENTED_EDGE ( 'NONE', *, *, #667, .T. ) ;
#927 = VERTEX_POINT ( 'NONE', #2773 ) ;
#928 = FACE_OUTER_BOUND ( 'NONE', #1706, .T. ) ;
#929 = CARTESIAN_POINT ( 'NONE',  ( -10.65000000000002345, 0.4714285714286098883, -3.108461497791614292 ) ) ;
#930 = ADVANCED_FACE ( 'NONE', ( #2165 ), #575, .F. ) ;
#931 = EDGE_CURVE ( 'NONE', #3548, #6776, #6284, .T. ) ;
#932 = CARTESIAN_POINT ( 'NONE',  ( -7.249999999999998224, 3.349999999999999645, 3.215000000000001634 ) ) ;
#933 = DIRECTION ( 'NONE',  ( 1.000000000000000000, -3.624795322936608189E-15, -4.485885711162466802E-16 ) ) ;
#934 = ORIENTED_EDGE ( 'NONE', *, *, #6785, .T. ) ;
#935 = DIRECTION ( 'NONE',  ( 0.000000000000000000, -1.000000000000000000, 0.000000000000000000 ) ) ;
#936 = CARTESIAN_POINT ( 'NONE',  ( -10.40000000000000746, 0.3000000000000365707, -0.2064101615137723666 ) ) ;
#937 = VECTOR ( 'NONE', #7561, 1000.000000000000000 ) ;
#938 = ORIENTED_EDGE ( 'NONE', *, *, #6444, .T. ) ;
#939 = CARTESIAN_POINT ( 'NONE',  ( 7.203802415641785473, 3.349862007049223322, 3.228253769999907874 ) ) ;
#940 = VERTEX_POINT ( 'NONE', #7009 ) ;
#941 = CARTESIAN_POINT ( 'NONE',  ( -6.256204919917499829, 3.349999999999999645, 7.610000000000002096 ) ) ;
#942 = CIRCLE ( 'NONE', #1592, 0.1500000000000008271 ) ;
#943 = LINE ( 'NONE', #7465, #3807 ) ;
#944 = CARTESIAN_POINT ( 'NONE',  ( 5.856533595814227056, 1.440704854015122605, -1.612164580996446883 ) ) ;
#945 = ORIENTED_EDGE ( 'NONE', *, *, #3142, .T. ) ;
#946 = VECTOR ( 'NONE', #5915, 1000.000000000000114 ) ;
#947 = CIRCLE ( 'NONE', #188, 0.03000000000000007869 ) ;
#948 = ORIENTED_EDGE ( 'NONE', *, *, #3072, .F. ) ;
#949 = CARTESIAN_POINT ( 'NONE',  ( 4.597517449665872391, 1.286586194223558355, -2.053771981124272727 ) ) ;
#950 = VERTEX_POINT ( 'NONE', #3342 ) ;
#951 = DIRECTION ( 'NONE',  ( 0.000000000000000000, -0.4108746525949198980, -0.9116918447891283472 ) ) ;
#952 = CARTESIAN_POINT ( 'NONE',  ( 7.199999999999885603, 3.599644648807984737, 3.216841914252777546 ) ) ;
#953 = CARTESIAN_POINT ( 'NONE',  ( 5.434940406816041403, 1.279999999999978044, -2.957499999999998241 ) ) ;
#954 = CIRCLE ( 'NONE', #5205, 0.3000000000000000444 ) ;
#955 = ORIENTED_EDGE ( 'NONE', *, *, #1971, .F. ) ;
#956 = ORIENTED_EDGE ( 'NONE', *, *, #3866, .T. ) ;
#957 = DIRECTION ( 'NONE',  ( -1.000000000000000000, -0.000000000000000000, -0.000000000000000000 ) ) ;
#958 = CARTESIAN_POINT ( 'NONE',  ( 5.269463606425993873, 1.099999999999979217, -2.228956950879453114 ) ) ;
#959 = CYLINDRICAL_SURFACE ( 'NONE', #4403, 0.2000000000000005107 ) ;
#960 = DIRECTION ( 'NONE',  ( 0.000000000000000000, 0.000000000000000000, -1.000000000000000000 ) ) ;
#961 = PLANE ( 'NONE',  #6143 ) ;
#962 = EDGE_CURVE ( 'NONE', #4387, #6452, #3264, .T. ) ;
#963 = VECTOR ( 'NONE', #4159, 1000.000000000000000 ) ;
#964 = CARTESIAN_POINT ( 'NONE',  ( 4.338476623815199495, 1.133325376638169235, -1.862758052301618061 ) ) ;
#965 = AXIS2_PLACEMENT_3D ( 'NONE', #5249, #6489, #5846 ) ;
#966 = EDGE_CURVE ( 'NONE', #6568, #7394, #2043, .T. ) ;
#967 = VERTEX_POINT ( 'NONE', #7649 ) ;
#968 = CARTESIAN_POINT ( 'NONE',  ( 10.07253967321225119, 3.349999999999990319, -4.825685423719868083 ) ) ;
#969 = ORIENTED_EDGE ( 'NONE', *, *, #2968, .T. ) ;
#970 = VERTEX_POINT ( 'NONE', #2728 ) ;
#971 = DIRECTION ( 'NONE',  ( 8.225028808767795004E-15, 0.000000000000000000, -1.000000000000000000 ) ) ;
#972 = CARTESIAN_POINT ( 'NONE',  ( -10.65000000000002167, 0.4500000000000384248, -0.6599999999999962563 ) ) ;
#973 = LINE ( 'NONE', #6498, #5010 ) ;
#974 = AXIS2_PLACEMENT_3D ( 'NONE', #3297, #5756, #7606 ) ;
#975 = VECTOR ( 'NONE', #4497, 1000.000000000000000 ) ;
#976 = EDGE_LOOP ( 'NONE', ( #2352, #5948, #2014, #6746, #7652, #5692 ) ) ;
#977 = ADVANCED_FACE ( 'NONE', ( #4510 ), #2692, .T. ) ;
#978 = LINE ( 'NONE', #7149, #7929 ) ;
#979 = EDGE_CURVE ( 'NONE', #2379, #6052, #6788, .T. ) ;
#980 = CARTESIAN_POINT ( 'NONE',  ( -7.201408094129214454, 3.599813420736969860, 3.223271757930842085 ) ) ;
#981 = CIRCLE ( 'NONE', #4074, 0.2999999999999999334 ) ;
#982 = ORIENTED_EDGE ( 'NONE', *, *, #989, .F. ) ;
#983 = PLANE ( 'NONE',  #2828 ) ;
#984 = ORIENTED_EDGE ( 'NONE', *, *, #2483, .F. ) ;
#985 = CARTESIAN_POINT ( 'NONE',  ( 4.599657906928852569, 1.308845890071697937, -1.923188583336021829 ) ) ;
#986 = AXIS2_PLACEMENT_3D ( 'NONE', #5453, #1012, #7306 ) ;
#987 = EDGE_CURVE ( 'NONE', #5128, #5365, #598, .T. ) ;
#988 = CARTESIAN_POINT ( 'NONE',  ( -7.219491660075854966, 3.349999622542493949, 3.239385614471589125 ) ) ;
#989 = EDGE_CURVE ( 'NONE', #4926, #7580, #3568, .T. ) ;
#990 = CARTESIAN_POINT ( 'NONE',  ( 4.352736434038512847, 1.398081323906077866, -1.868323187536581553 ) ) ;
#991 = VERTEX_POINT ( 'NONE', #1603 ) ;
#992 = AXIS2_PLACEMENT_3D ( 'NONE', #7848, #1166, #3625 ) ;
#993 = VERTEX_POINT ( 'NONE', #5359 ) ;
#994 = DIRECTION ( 'NONE',  ( 0.000000000000000000, -1.000000000000000000, 0.000000000000000000 ) ) ;
#995 = VERTEX_POINT ( 'NONE', #2325 ) ;
#996 = DIRECTION ( 'NONE',  ( 0.000000000000000000, 0.000000000000000000, -1.000000000000000000 ) ) ;
#997 = LINE ( 'NONE', #3462, #946 ) ;
#998 = FACE_OUTER_BOUND ( 'NONE', #2675, .T. ) ;
#999 = AXIS2_PLACEMENT_3D ( 'NONE', #6550, #378, #3578 ) ;
#1000 = DIRECTION ( 'NONE',  ( -1.000000000000000000, 0.000000000000000000, -0.000000000000000000 ) ) ;
#1001 = CARTESIAN_POINT ( 'NONE',  ( 5.599999999999999645, 1.579999999999978089, -3.051393202250019421 ) ) ;
#1002 = VERTEX_POINT ( 'NONE', #3463 ) ;
#1003 = EDGE_LOOP ( 'NONE', ( #4644, #945, #4935, #5718 ) ) ;
#1004 = DIRECTION ( 'NONE',  ( -3.624795322936608189E-15, 1.000000000000000000, 4.170008355713485040E-17 ) ) ;
#1005 = DIRECTION ( 'NONE',  ( 0.000000000000000000, -1.000000000000000000, 0.000000000000000000 ) ) ;
#1006 = FACE_OUTER_BOUND ( 'NONE', #2320, .T. ) ;
#1007 = CARTESIAN_POINT ( 'NONE',  ( 7.200000000000001066, 1.099999999999978106, -2.257615395000003300 ) ) ;
#1008 = LINE ( 'NONE', #4842, #6641 ) ;
#1009 = VECTOR ( 'NONE', #35, 1000.000000000000227 ) ;
#1010 = DIRECTION ( 'NONE',  ( -0.000000000000000000, 1.000000000000000000, 0.000000000000000000 ) ) ;
#1011 = VERTEX_POINT ( 'NONE', #7124 ) ;
#1012 = DIRECTION ( 'NONE',  ( 1.000000000000000000, 0.000000000000000000, 0.000000000000000000 ) ) ;
#1013 = ORIENTED_EDGE ( 'NONE', *, *, #5026, .F. ) ;
#1014 = EDGE_CURVE ( 'NONE', #6472, #3372, #3060, .T. ) ;
#1015 = ORIENTED_EDGE ( 'NONE', *, *, #1799, .T. ) ;
#1016 = CARTESIAN_POINT ( 'NONE',  ( 10.65000000000002167, 0.3000000000000386247, 4.089999999999998970 ) ) ;
#1017 = LINE ( 'NONE', #3443, #1344 ) ;
#1018 = CYLINDRICAL_SURFACE ( 'NONE', #7459, 0.1999999999999999833 ) ;
#1019 = CARTESIAN_POINT ( 'NONE',  ( -10.65000000000002345, 0.4714285714286094997, -0.5115385022083781541 ) ) ;
#1020 = CARTESIAN_POINT ( 'NONE',  ( -3.999999999999998224, 3.349999999999999645, 3.215000000000000302 ) ) ;
#1021 = ORIENTED_EDGE ( 'NONE', *, *, #4473, .T. ) ;
#1022 = DIRECTION ( 'NONE',  ( -1.000000000000000000, 0.000000000000000000, 4.485885711162466802E-16 ) ) ;
#1023 = CARTESIAN_POINT ( 'NONE',  ( 6.559999999999998721, 1.603534687289454919, -1.979927464852761165 ) ) ;
#1024 = EDGE_LOOP ( 'NONE', ( #4773, #4251, #673, #7425, #2371, #2927 ) ) ;
#1025 = CARTESIAN_POINT ( 'NONE',  ( 5.745653719428348793, 1.076875266158241251, -1.712574128848725952 ) ) ;
#1026 = ORIENTED_EDGE ( 'NONE', *, *, #1923, .T. ) ;
#1027 = CARTESIAN_POINT ( 'NONE',  ( -10.65000000000000391, 0.5000000000000386358, 4.290000000000003588 ) ) ;
#1028 = EDGE_CURVE ( 'NONE', #3158, #1011, #7677, .T. ) ;
#1029 = VECTOR ( 'NONE', #3805, 1000.000000000000000 ) ;
#1030 = CARTESIAN_POINT ( 'NONE',  ( 4.370074720132820723, 1.172899977380739367, -1.709787987198017722 ) ) ;
#1031 = CARTESIAN_POINT ( 'NONE',  ( -10.65000000000002167, 0.3000000000000374589, -0.2064101615137722834 ) ) ;
#1032 = VERTEX_POINT ( 'NONE', #2816 ) ;
#1033 = CARTESIAN_POINT ( 'NONE',  ( 4.594869776903943936, 1.097990331235781269, -1.631343916091337887 ) ) ;
#1034 = ORIENTED_EDGE ( 'NONE', *, *, #2920, .T. ) ;
#1035 = CARTESIAN_POINT ( 'NONE',  ( -7.250000000000000000, 3.600000000000000533, -0.004506036726488861846 ) ) ;
#1036 = ADVANCED_FACE ( 'NONE', ( #998 ), #4751, .T. ) ;
#1037 = EDGE_CURVE ( 'NONE', #3691, #662, #3558, .T. ) ;
#1038 = CARTESIAN_POINT ( 'NONE',  ( 7.703731956237314549, 1.699999999999999512, -7.830889243762694463 ) ) ;
#1039 = CARTESIAN_POINT ( 'NONE',  ( 5.269463606425994762, 1.069999999999978080, -2.957499999999998685 ) ) ;
#1040 = CARTESIAN_POINT ( 'NONE',  ( -10.64999999999999680, 0.5000000000000386358, 4.290000000000003588 ) ) ;
#1041 = CARTESIAN_POINT ( 'NONE',  ( 5.290976623819083180, 3.229999999999978222, -2.257615395000002856 ) ) ;
#1042 = VERTEX_POINT ( 'NONE', #3411 ) ;
#1043 = CIRCLE ( 'NONE', #3240, 3.000000000000000000 ) ;
#1044 = ORIENTED_EDGE ( 'NONE', *, *, #6121, .F. ) ;
#1045 = CARTESIAN_POINT ( 'NONE',  ( 4.548943209431375756, 1.005837996267583856, -2.054576703607204458 ) ) ;
#1046 = CARTESIAN_POINT ( 'NONE',  ( 5.285249604469527185, 1.096801526281442563, -2.228907403160354406 ) ) ;
#1047 = CARTESIAN_POINT ( 'NONE',  ( 7.200000000000001066, 2.949999999999978861, -2.257615395000002856 ) ) ;
#1048 = CARTESIAN_POINT ( 'NONE',  ( 5.395990269976569387, 1.116379668097352118, -1.658152176097995145 ) ) ;
#1049 = CARTESIAN_POINT ( 'NONE',  ( 5.452526399953193881, 1.031984737185573708, -3.209253182685892991 ) ) ;
#1050 = VECTOR ( 'NONE', #1059, 1000.000000000000000 ) ;
#1051 = PLANE ( 'NONE',  #5617 ) ;
#1052 = ORIENTED_EDGE ( 'NONE', *, *, #1838, .T. ) ;
#1053 = DIRECTION ( 'NONE',  ( 0.000000000000000000, 2.171692714077829862E-14, 1.000000000000000000 ) ) ;
#1054 = ORIENTED_EDGE ( 'NONE', *, *, #1194, .F. ) ;
#1055 = ADVANCED_FACE ( 'NONE', ( #1919 ), #7480, .F. ) ;
#1056 = ORIENTED_EDGE ( 'NONE', *, *, #6701, .T. ) ;
#1057 = CARTESIAN_POINT ( 'NONE',  ( 11.84999999999999787, -5.621871448478030850E-16, 0.4899999999999977152 ) ) ;
#1058 = DIRECTION ( 'NONE',  ( 6.935313465782115751E-31, 1.913297951445023645E-16, 1.000000000000000000 ) ) ;
#1059 = DIRECTION ( 'NONE',  ( -0.000000000000000000, -1.000000000000000000, -0.000000000000000000 ) ) ;
#1060 = PLANE ( 'NONE',  #6928 ) ;
#1061 = ORIENTED_EDGE ( 'NONE', *, *, #689, .F. ) ;
#1062 = FACE_OUTER_BOUND ( 'NONE', #6287, .T. ) ;
#1063 = EDGE_CURVE ( 'NONE', #5482, #4695, #5597, .T. ) ;
#1064 = ORIENTED_EDGE ( 'NONE', *, *, #5817, .T. ) ;
#1065 = CARTESIAN_POINT ( 'NONE',  ( 5.783200502248688757, 1.101303851673051559, -1.677120687207709127 ) ) ;
#1066 = ORIENTED_EDGE ( 'NONE', *, *, #2300, .F. ) ;
#1067 = CARTESIAN_POINT ( 'NONE',  ( -10.40000000000000568, 0.4500000000000374256, 2.440000000000003499 ) ) ;
#1068 = CARTESIAN_POINT ( 'NONE',  ( -7.224999999999998757, 3.349999999999999645, 3.240000000000000657 ) ) ;
#1069 = LINE ( 'NONE', #2977, #1631 ) ;
#1070 = EDGE_CURVE ( 'NONE', #7103, #5768, #2918, .T. ) ;
#1071 = ORIENTED_EDGE ( 'NONE', *, *, #7191, .T. ) ;
#1072 = ORIENTED_EDGE ( 'NONE', *, *, #7114, .F. ) ;
#1073 = ORIENTED_EDGE ( 'NONE', *, *, #7813, .F. ) ;
#1074 = CARTESIAN_POINT ( 'NONE',  ( 5.930536393574007192, 1.263370087140091025, -1.497497287699401713 ) ) ;
#1075 = AXIS2_PLACEMENT_3D ( 'NONE', #289, #776, #4568 ) ;
#1076 = LINE ( 'NONE', #6118, #4316 ) ;
#1077 = CARTESIAN_POINT ( 'NONE',  ( -10.07253967321225119, 3.149999999999986144, -4.825685423719861866 ) ) ;
#1078 = CARTESIAN_POINT ( 'NONE',  ( -8.728703347107824514E-16, -6.625127263405821107E-15, -0.8100000000000093792 ) ) ;
#1079 = AXIS2_PLACEMENT_3D ( 'NONE', #686, #3154, #1791 ) ;
#1080 = EDGE_CURVE ( 'NONE', #2744, #7799, #4908, .T. ) ;
#1081 = VERTEX_POINT ( 'NONE', #1839 ) ;
#1082 = ADVANCED_FACE ( 'NONE', ( #4304 ), #4943, .T. ) ;
#1083 = ORIENTED_EDGE ( 'NONE', *, *, #3155, .T. ) ;
#1084 = CARTESIAN_POINT ( 'NONE',  ( 4.620072629956108123, 1.027813712744459762, -1.929438800637584217 ) ) ;
#1085 = DIRECTION ( 'NONE',  ( -3.758567531283079345E-13, 0.9116918447891286803, -0.4108746525949191208 ) ) ;
#1086 = CIRCLE ( 'NONE', #5604, 0.1999999999999999833 ) ;
#1087 = CARTESIAN_POINT ( 'NONE',  ( -10.07253967321225829, 3.599999999999990319, -4.825685423719867195 ) ) ;
#1088 = VECTOR ( 'NONE', #6674, 1000.000000000000000 ) ;
#1089 = CARTESIAN_POINT ( 'NONE',  ( 5.506106797749978909, 3.229999999999978222, -2.257615395000002856 ) ) ;
#1090 = CARTESIAN_POINT ( 'NONE',  ( 5.423936520126688698, 0.9999999999999781286, -2.957499999999998241 ) ) ;
#1091 =( BOUNDED_SURFACE ( )  B_SPLINE_SURFACE ( 3, 3, ( 
 ( #7869, #2345, #4853, #7953 ),
 ( #4808, #4213, #7389, #2431 ),
 ( #6679, #6061, #6795, #1275 ),
 ( #3727, #6180, #657, #207 ) ),
 .UNSPECIFIED., .F., .F., .T. ) 
 B_SPLINE_SURFACE_WITH_KNOTS ( ( 4, 4 ),
 ( 4, 4 ),
 ( 0.000000000000000000, 1.000000000000000000 ),
 ( 0.000000000000000000, 1.000000000000000000 ),
 .UNSPECIFIED. ) 
 GEOMETRIC_REPRESENTATION_ITEM ( )  RATIONAL_B_SPLINE_SURFACE ( (
 ( 1.000000000000000000, 0.3333333333333337034, 0.3333333333333337034, 1.000000000000000000),
 ( 0.9967474597990133578, 0.3322491532663381375, 0.3322491532663381375, 0.9967474597990133578),
 ( 0.9967474597990133578, 0.3322491532663381375, 0.3322491532663381375, 0.9967474597990133578),
 ( 1.000000000000000000, 0.3333333333333337034, 0.3333333333333337034, 1.000000000000000000) ) ) 
 REPRESENTATION_ITEM ( '' )  SURFACE ( )  );
#1092 = CARTESIAN_POINT ( 'NONE',  ( -10.07253967321225119, 3.149999999999986144, -4.825685423719861866 ) ) ;
#1093 = VERTEX_POINT ( 'NONE', #632 ) ;
#1094 = CARTESIAN_POINT ( 'NONE',  ( -10.40000000000000568, 0.3000000000000374589, 2.786410161513778849 ) ) ;
#1095 = EDGE_LOOP ( 'NONE', ( #4864, #3357, #7438, #4860 ) ) ;
#1096 = FACE_OUTER_BOUND ( 'NONE', #3891, .T. ) ;
#1097 = DIRECTION ( 'NONE',  ( 1.333139840934738478E-16, -1.000000000000000000, 2.171692714077831440E-14 ) ) ;
#1098 = EDGE_CURVE ( 'NONE', #6988, #5768, #75, .T. ) ;
#1099 = DIRECTION ( 'NONE',  ( -1.000000000000000000, 9.741965315117441665E-30, 4.485885711162495398E-16 ) ) ;
#1100 = VECTOR ( 'NONE', #2666, 1000.000000000000000 ) ;
#1101 = AXIS2_PLACEMENT_3D ( 'NONE', #5688, #7685, #6857 ) ;
#1102 = CARTESIAN_POINT ( 'NONE',  ( 4.639999999999996128, 1.101109710447210510, -2.193547484174989570 ) ) ;
#1103 = ORIENTED_EDGE ( 'NONE', *, *, #1063, .T. ) ;
#1104 = CARTESIAN_POINT ( 'NONE',  ( 7.250000000000000000, 3.349999999999999645, 17.39000000000000767 ) ) ;
#1105 = CARTESIAN_POINT ( 'NONE',  ( 5.930536393574007192, 1.229881588883795729, -1.576665579125779537 ) ) ;
#1106 = AXIS2_PLACEMENT_3D ( 'NONE', #3690, #3200, #171 ) ;
#1107 = ORIENTED_EDGE ( 'NONE', *, *, #749, .T. ) ;
#1108 = VECTOR ( 'NONE', #3677, 1000.000000000000000 ) ;
#1109 = LINE ( 'NONE', #1157, #3619 ) ;
#1110 = ORIENTED_EDGE ( 'NONE', *, *, #5944, .F. ) ;
#1111 = DIRECTION ( 'NONE',  ( 1.000000000000000000, -3.624795322936608189E-15, -4.485885711162466802E-16 ) ) ;
#1112 = ADVANCED_FACE ( 'NONE', ( #4571 ), #147, .F. ) ;
#1113 = AXIS2_PLACEMENT_3D ( 'NONE', #3254, #6202, #5715 ) ;
#1114 = CIRCLE ( 'NONE', #3179, 0.02499999999999984873 ) ;
#1115 = CARTESIAN_POINT ( 'NONE',  ( 5.788810313076984571, 1.099999999999978106, -3.279819365811675436 ) ) ;
#1116 = CARTESIAN_POINT ( 'NONE',  ( -3.980634650539324859, 3.350000624406154870, 3.239516926671348163 ) ) ;
#1117 = ORIENTED_EDGE ( 'NONE', *, *, #3111, .F. ) ;
#1118 = CARTESIAN_POINT ( 'NONE',  ( 3.978698476748073531, 3.600000081151512710, 3.239793553970597095 ) ) ;
#1119 = ORIENTED_EDGE ( 'NONE', *, *, #6966, .T. ) ;
#1120 = EDGE_CURVE ( 'NONE', #1238, #568, #1114, .T. ) ;
#1121 = AXIS2_PLACEMENT_3D ( 'NONE', #2560, #1356, #6845 ) ;
#1122 = AXIS2_PLACEMENT_3D ( 'NONE', #1742, #4202, #2213 ) ;
#1123 = CARTESIAN_POINT ( 'NONE',  ( 4.639999999999992575, 1.062718980693138082, -1.767033746174715203 ) ) ;
#1124 = EDGE_CURVE ( 'NONE', #6480, #6516, #3848, .T. ) ;
#1125 = DIRECTION ( 'NONE',  ( 0.7071067811865474617, 0.000000000000000000, 0.7071067811865474617 ) ) ;
#1126 = DIRECTION ( 'NONE',  ( 1.000000000000000000, 0.000000000000000000, -4.485885711162466802E-16 ) ) ;
#1127 = AXIS2_PLACEMENT_3D ( 'NONE', #7653, #5157, #7542 ) ;
#1128 = DIRECTION ( 'NONE',  ( 1.836970198721029688E-16, 0.4108746525949196760, 0.9116918447891283472 ) ) ;
#1129 = ORIENTED_EDGE ( 'NONE', *, *, #1634, .T. ) ;
#1130 = ORIENTED_EDGE ( 'NONE', *, *, #7219, .F. ) ;
#1131 = CARTESIAN_POINT ( 'NONE',  ( 4.639999999999948166, 1.095098409455826705, -2.174393058131028234 ) ) ;
#1132 = CARTESIAN_POINT ( 'NONE',  ( 5.290976623819023672, 1.091578166972841712, -2.200024624457203259 ) ) ;
#1133 = CARTESIAN_POINT ( 'NONE',  ( 6.560000000000006715, 1.233682589236552385, -1.567044775764476761 ) ) ;
#1134 = AXIS2_PLACEMENT_3D ( 'NONE', #7328, #7806, #6692 ) ;
#1135 = EDGE_CURVE ( 'NONE', #7915, #4374, #779, .T. ) ;
#1136 = DIRECTION ( 'NONE',  ( 0.000000000000000000, 0.000000000000000000, 1.000000000000000000 ) ) ;
#1137 = CARTESIAN_POINT ( 'NONE',  ( 7.250000000000000000, 3.349999999999999645, -0.004506036726491914092 ) ) ;
#1138 = CARTESIAN_POINT ( 'NONE',  ( -11.84999999999999787, 0.2499999999999951150, 0.2899999999999975930 ) ) ;
#1139 = ORIENTED_EDGE ( 'NONE', *, *, #5892, .F. ) ;
#1140 = LINE ( 'NONE', #5375, #2536 ) ;
#1141 = VERTEX_POINT ( 'NONE', #1471 ) ;
#1142 = DIRECTION ( 'NONE',  ( 0.000000000000000000, -1.836970198721029688E-16, 1.000000000000000000 ) ) ;
#1143 = ORIENTED_EDGE ( 'NONE', *, *, #5434, .T. ) ;
#1144 = DIRECTION ( 'NONE',  ( 0.000000000000000000, 0.000000000000000000, 1.000000000000000000 ) ) ;
#1145 = PLANE ( 'NONE',  #178 ) ;
#1146 = DIRECTION ( 'NONE',  ( 8.673617379884041783E-15, -0.000000000000000000, 1.000000000000000000 ) ) ;
#1147 =( BOUNDED_SURFACE ( )  B_SPLINE_SURFACE ( 3, 3, ( 
 ( #4093, #5138, #6545, #5175 ),
 ( #336, #6995, #2801, #2190 ),
 ( #6386, #860, #3329, #4652 ),
 ( #1510, #5785, #260, #7636 ) ),
 .UNSPECIFIED., .F., .F., .T. ) 
 B_SPLINE_SURFACE_WITH_KNOTS ( ( 4, 4 ),
 ( 4, 4 ),
 ( 0.000000000000000000, 1.000000000000000000 ),
 ( 0.000000000000000000, 1.000000000000000000 ),
 .UNSPECIFIED. ) 
 GEOMETRIC_REPRESENTATION_ITEM ( )  RATIONAL_B_SPLINE_SURFACE ( (
 ( 1.000000000000000000, 0.9975898588337610562, 0.9975898588337610562, 1.000000000000000000),
 ( 0.9474215819621307766, 0.9451381622056606036, 0.9451381622056606036, 0.9474215819621307766),
 ( 0.9474215819621307766, 0.9451381622056606036, 0.9451381622056606036, 0.9474215819621307766),
 ( 1.000000000000000000, 0.9975898588337610562, 0.9975898588337610562, 1.000000000000000000) ) ) 
 REPRESENTATION_ITEM ( '' )  SURFACE ( )  );
#1148 = EDGE_CURVE ( 'NONE', #3496, #6055, #856, .T. ) ;
#1149 = ADVANCED_FACE ( 'NONE', ( #2836 ), #332, .T. ) ;
#1150 = DIRECTION ( 'NONE',  ( 0.7071067811865496822, 0.000000000000000000, 0.7071067811865453523 ) ) ;
#1151 = LINE ( 'NONE', #1020, #1638 ) ;
#1152 = VERTEX_POINT ( 'NONE', #4689 ) ;
#1153 = AXIS2_PLACEMENT_3D ( 'NONE', #3725, #1381, #6945 ) ;
#1154 = CARTESIAN_POINT ( 'NONE',  ( 10.85000000000000497, 0.2499999999999948097, -2.810000000000000941 ) ) ;
#1155 = CARTESIAN_POINT ( 'NONE',  ( 4.509853966800863923, 1.491231948970403343, -1.600107170446888771 ) ) ;
#1156 = ORIENTED_EDGE ( 'NONE', *, *, #1312, .F. ) ;
#1157 = CARTESIAN_POINT ( 'NONE',  ( 5.693893202250020380, 0.9999999999999781286, -2.257615395000002856 ) ) ;
#1158 = ORIENTED_EDGE ( 'NONE', *, *, #7607, .T. ) ;
#1159 = CARTESIAN_POINT ( 'NONE',  ( 10.07253967321224941, 3.149999999999986144, -4.825685423719866307 ) ) ;
#1160 = CARTESIAN_POINT ( 'NONE',  ( 5.693893202250020380, 1.342222206662710748, -1.768948838969536475 ) ) ;
#1161 = CARTESIAN_POINT ( 'NONE',  ( -7.199999999999998401, 3.349514499543175372, 3.217794313689462893 ) ) ;
#1162 = CARTESIAN_POINT ( 'NONE',  ( 7.200000000000001066, 1.349999999999978106, -2.257615395000003300 ) ) ;
#1163 = VERTEX_POINT ( 'NONE', #1019 ) ;
#1164 = VECTOR ( 'NONE', #7750, 1000.000000000000000 ) ;
#1165 = EDGE_LOOP ( 'NONE', ( #2359, #2413, #5499, #6863, #1427, #2994, #1902, #1945 ) ) ;
#1166 = DIRECTION ( 'NONE',  ( 1.000000000000000000, -3.624795322936608189E-15, -4.485885711162466802E-16 ) ) ;
#1167 = EDGE_CURVE ( 'NONE', #4239, #7771, #7294, .T. ) ;
#1168 = VERTEX_POINT ( 'NONE', #4649 ) ;
#1169 = CARTESIAN_POINT ( 'NONE',  ( 6.844242431535307425, 1.379856901744017206, -1.940975094184473670 ) ) ;
#1170 = VECTOR ( 'NONE', #7429, 1000.000000000000000 ) ;
#1171 = CARTESIAN_POINT ( 'NONE',  ( 6.829925279866596810, 1.104744006140703672, -2.026899820625730708 ) ) ;
#1172 = VERTEX_POINT ( 'NONE', #7793 ) ;
#1173 = ORIENTED_EDGE ( 'NONE', *, *, #3072, .T. ) ;
#1174 = CARTESIAN_POINT ( 'NONE',  ( 5.383064853081473089, 1.035946842476448193, -2.065381056033285034 ) ) ;
#1175 = CARTESIAN_POINT ( 'NONE',  ( 4.369882134450242539, 1.104774294461937423, -2.026617245331102879 ) ) ;
#1176 = CARTESIAN_POINT ( 'NONE',  ( 6.643088364055392603, 1.233682556581457757, -1.567044856132862929 ) ) ;
#1177 = CARTESIAN_POINT ( 'NONE',  ( 5.693893202250020380, 1.279999999999978266, -2.257615395000002412 ) ) ;
#1178 = DIRECTION ( 'NONE',  ( 0.000000000000000000, -1.000000000000000000, 0.000000000000000000 ) ) ;
#1179 = ORIENTED_EDGE ( 'NONE', *, *, #4072, .T. ) ;
#1180 = DIRECTION ( 'NONE',  ( 1.333139840934643075E-16, 1.000000000000000000, -2.171692714077831124E-14 ) ) ;
#1181 = ORIENTED_EDGE ( 'NONE', *, *, #3259, .T. ) ;
#1182 = EDGE_CURVE ( 'NONE', #2799, #4408, #1627, .T. ) ;
#1183 = CARTESIAN_POINT ( 'NONE',  ( -10.40000000000000746, 0.4500000000000374811, -0.6599999999999962563 ) ) ;
#1184 = ORIENTED_EDGE ( 'NONE', *, *, #2233, .T. ) ;
#1185 = DIRECTION ( 'NONE',  ( 0.000000000000000000, 0.000000000000000000, 1.000000000000000000 ) ) ;
#1186 = DIRECTION ( 'NONE',  ( 0.7071067811865496822, 0.000000000000000000, 0.7071067811865453523 ) ) ;
#1187 = CARTESIAN_POINT ( 'NONE',  ( 10.65000000000002167, 0.3000000000000386247, 4.289999999999998259 ) ) ;
#1188 = AXIS2_PLACEMENT_3D ( 'NONE', #3512, #6485, #7132 ) ;
#1189 = DIRECTION ( 'NONE',  ( -1.000000000000000000, 6.096358730028446084E-15, 1.433110583895450646E-13 ) ) ;
#1190 = DIRECTION ( 'NONE',  ( 0.000000000000000000, 0.000000000000000000, 1.000000000000000000 ) ) ;
#1191 = ORIENTED_EDGE ( 'NONE', *, *, #4405, .T. ) ;
#1192 = ORIENTED_EDGE ( 'NONE', *, *, #3238, .F. ) ;
#1193 = CARTESIAN_POINT ( 'NONE',  ( 5.914750395530419702, 1.260454064735108570, -1.496183115921454254 ) ) ;
#1194 = EDGE_CURVE ( 'NONE', #2168, #6081, #4611, .T. ) ;
#1195 = EDGE_CURVE ( 'NONE', #6732, #2799, #4132, .T. ) ;
#1196 =( BOUNDED_SURFACE ( )  B_SPLINE_SURFACE ( 3, 2, ( 
 ( #5467, #4906, #4938 ),
 ( #3053, #3095, #5431 ),
 ( #3130, #6763, #7276 ),
 ( #4267, #1835, #5185 ),
 ( #1717, #33, #7400 ),
 ( #4222, #4865, #6723 ),
 ( #7322, #5594, #544 ),
 ( #1198, #7916, #5511 ) ),
 .UNSPECIFIED., .F., .F., .F. ) 
 B_SPLINE_SURFACE_WITH_KNOTS ( ( 4, 2, 2, 4 ),
 ( 3, 3 ),
 ( 0.0001896462353775453557, 0.0002196825767924183675, 0.0002497189182072914065, 0.0003097916010370374844 ),
 ( 0.03706350744625399457, 1.000000000000000000 ),
 .UNSPECIFIED. ) 
 GEOMETRIC_REPRESENTATION_ITEM ( )  RATIONAL_B_SPLINE_SURFACE ( (
 ( 0.9937807611034448207, 0.9161002381443017484, 1.000000000000000000),
 ( 0.9937879038459540570, 0.9161965963009001124, 1.000000000000000000),
 ( 0.9936674329610186707, 0.9145714008831430375, 1.000000000000000000),
 ( 0.9933843538647029181, 0.9107525624107415396, 1.000000000000000000),
 ( 0.9932348338920125030, 0.9087354843872016419, 1.000000000000000000),
 ( 0.9928949155309034769, 0.9041498638600289350, 1.000000000000000000),
 ( 0.9927850537924076679, 0.9026677896303419990, 1.000000000000000000),
 ( 0.9927858878895446937, 0.9026790418996826215, 1.000000000000000000) ) ) 
 REPRESENTATION_ITEM ( '' )  SURFACE ( )  );
#1197 = ORIENTED_EDGE ( 'NONE', *, *, #7131, .F. ) ;
#1198 = CARTESIAN_POINT ( 'NONE',  ( 6.560000000000052012, 1.504707398265315410, -1.571356474215148458 ) ) ;
#1199 = VERTEX_POINT ( 'NONE', #3523 ) ;
#1200 = CARTESIAN_POINT ( 'NONE',  ( 5.886737695676120374, 1.351294578869547403, -2.183319525300970732 ) ) ;
#1201 = CARTESIAN_POINT ( 'NONE',  ( 5.851753182686027621, 1.481361126711059795, -1.469551540219403485 ) ) ;
#1202 = CARTESIAN_POINT ( 'NONE',  ( 5.313493194907396244, 1.349999999999978106, -2.957499999999998685 ) ) ;
#1203 = CARTESIAN_POINT ( 'NONE',  ( 5.909023376180916109, 1.535081979460189539, -1.493762063584902045 ) ) ;
#1204 = B_SPLINE_CURVE_WITH_KNOTS ( 'NONE', 3,
 ( #6337, #5742, #2062, #4527, #3923, #5779 ),
 .UNSPECIFIED., .F., .F.,
 ( 4, 2, 4 ),
 ( 0.000000000000000000, 0.5000000000000000000, 1.000000000000000000 ),
 .UNSPECIFIED. ) ;
#1205 = ORIENTED_EDGE ( 'NONE', *, *, #1294, .F. ) ;
#1206 = FACE_OUTER_BOUND ( 'NONE', #7865, .T. ) ;
#1207 = ORIENTED_EDGE ( 'NONE', *, *, #7664, .F. ) ;
#1208 = DIRECTION ( 'NONE',  ( -0.7071067811865472397, -3.035766082959420304E-15, 0.7071067811865479058 ) ) ;
#1209 = ADVANCED_FACE ( 'NONE', ( #2749 ), #1545, .F. ) ;
#1210 = CARTESIAN_POINT ( 'NONE',  ( 4.567293662458227210, 1.033909409288607639, -1.895401689838445813 ) ) ;
#1211 = CARTESIAN_POINT ( 'NONE',  ( 5.767831800711062940, 1.349999999999978106, -3.244006805092601642 ) ) ;
#1212 = ORIENTED_EDGE ( 'NONE', *, *, #4951, .T. ) ;
#1213 = AXIS2_PLACEMENT_3D ( 'NONE', #698, #4340, #3163 ) ;
#1214 = ORIENTED_EDGE ( 'NONE', *, *, #1289, .T. ) ;
#1215 = CARTESIAN_POINT ( 'NONE',  ( 10.65000000000002167, 0.5000000000000374145, -0.3135898384862252919 ) ) ;
#1216 = CARTESIAN_POINT ( 'NONE',  ( 4.556911635945414929, 1.101509453516655412, -2.182011590229756770 ) ) ;
#1217 = DIRECTION ( 'NONE',  ( -1.000000000000000000, 3.624795322936608189E-15, 0.000000000000000000 ) ) ;
#1218 = LINE ( 'NONE', #1931, #5483 ) ;
#1219 = DIRECTION ( 'NONE',  ( 0.000000000000000000, 0.000000000000000000, 1.000000000000000000 ) ) ;
#1220 = CIRCLE ( 'NONE', #431, 0.03000000000000001971 ) ;
#1221 = CARTESIAN_POINT ( 'NONE',  ( 7.200000000000001066, 1.491293048337372085, -1.600215950848133062 ) ) ;
#1222 = ORIENTED_EDGE ( 'NONE', *, *, #479, .T. ) ;
#1223 = CARTESIAN_POINT ( 'NONE',  ( 3.975000000000000089, 3.600000000000000089, 3.239999999999997993 ) ) ;
#1224 = ORIENTED_EDGE ( 'NONE', *, *, #6850, .F. ) ;
#1225 = CYLINDRICAL_SURFACE ( 'NONE', #5072, 1.599999999999999867 ) ;
#1226 = VECTOR ( 'NONE', #1930, 1000.000000000000000 ) ;
#1227 = ORIENTED_EDGE ( 'NONE', *, *, #4442, .T. ) ;
#1228 = CARTESIAN_POINT ( 'NONE',  ( 5.909023376180951637, 1.255081979460223707, -1.493762063584917366 ) ) ;
#1229 = CARTESIAN_POINT ( 'NONE',  ( 6.560000000000000497, 1.094073794982440617, -2.173182992333138497 ) ) ;
#1230 = ADVANCED_FACE ( 'NONE', ( #6099 ), #6062, .F. ) ;
#1231 = CARTESIAN_POINT ( 'NONE',  ( 4.639999999999998792, 1.210296697591617843, -1.544991777941569389 ) ) ;
#1232 = EDGE_CURVE ( 'NONE', #7748, #650, #4898, .T. ) ;
#1233 = AXIS2_PLACEMENT_3D ( 'NONE', #2451, #1689, #4788 ) ;
#1234 = CARTESIAN_POINT ( 'NONE',  ( 6.775129281734435516, 1.042592249482955591, -1.852281368217655988 ) ) ;
#1235 = ORIENTED_EDGE ( 'NONE', *, *, #2442, .T. ) ;
#1236 = ORIENTED_EDGE ( 'NONE', *, *, #7490, .F. ) ;
#1237 = FACE_OUTER_BOUND ( 'NONE', #3184, .T. ) ;
#1238 = VERTEX_POINT ( 'NONE', #6181 ) ;
#1239 = DIRECTION ( 'NONE',  ( -1.000000000000000000, -3.624795322936608189E-15, -0.000000000000000000 ) ) ;
#1240 = VERTEX_POINT ( 'NONE', #1793 ) ;
#1241 = LINE ( 'NONE', #2555, #6097 ) ;
#1242 = FACE_OUTER_BOUND ( 'NONE', #7261, .T. ) ;
#1243 = VECTOR ( 'NONE', #2422, 1000.000000000000000 ) ;
#1244 = EDGE_CURVE ( 'NONE', #6472, #1547, #6917, .T. ) ;
#1245 = DIRECTION ( 'NONE',  ( -1.333139840934740203E-16, 1.000000000000000000, 6.550704629611134845E-16 ) ) ;
#1246 = ADVANCED_FACE ( 'NONE', ( #7229 ), #4294, .F. ) ;
#1247 = DIRECTION ( 'NONE',  ( -1.000000000000000000, 3.624795322936608189E-15, 4.485885711162466802E-16 ) ) ;
#1248 = VECTOR ( 'NONE', #482, 1000.000000000000000 ) ;
#1249 = CARTESIAN_POINT ( 'NONE',  ( -10.07253967321226185, 1.499999999999998668, -5.108528136194489200 ) ) ;
#1250 = AXIS2_PLACEMENT_3D ( 'NONE', #4344, #4985, #148 ) ;
#1251 = CARTESIAN_POINT ( 'NONE',  ( -10.65000000000001990, 0.5000000000000384137, 2.786410161513778849 ) ) ;
#1252 = VERTEX_POINT ( 'NONE', #7315 ) ;
#1253 = AXIS2_PLACEMENT_3D ( 'NONE', #2156, #4014, #6512 ) ;
#1254 = VECTOR ( 'NONE', #5560, 1000.000000000000000 ) ;
#1255 = EDGE_CURVE ( 'NONE', #6389, #7873, #981, .T. ) ;
#1256 = EDGE_CURVE ( 'NONE', #2865, #192, #1712, .T. ) ;
#1257 = DIRECTION ( 'NONE',  ( -1.000000000000000000, -3.624795322936608189E-15, -0.000000000000000000 ) ) ;
#1258 = ORIENTED_EDGE ( 'NONE', *, *, #4421, .F. ) ;
#1259 = VECTOR ( 'NONE', #3126, 1000.000000000000000 ) ;
#1260 = CIRCLE ( 'NONE', #7943, 0.2000000000000000944 ) ;
#1261 = ORIENTED_EDGE ( 'NONE', *, *, #6552, .F. ) ;
#1262 = DIRECTION ( 'NONE',  ( -8.673617379884041783E-15, 0.000000000000000000, -1.000000000000000000 ) ) ;
#1263 = CARTESIAN_POINT ( 'NONE',  ( 4.350919788099554708, 1.112051800023548420, -2.038443245316490238 ) ) ;
#1264 = CARTESIAN_POINT ( 'NONE',  ( -10.85000000000000675, 0.4499999999999955147, -2.809999999999997389 ) ) ;
#1265 = FACE_OUTER_BOUND ( 'NONE', #3906, .T. ) ;
#1266 = FACE_OUTER_BOUND ( 'NONE', #5700, .T. ) ;
#1267 = DIRECTION ( 'NONE',  ( 4.485885711162466802E-16, 0.000000000000000000, 1.000000000000000000 ) ) ;
#1268 = ORIENTED_EDGE ( 'NONE', *, *, #2813, .T. ) ;
#1269 = CARTESIAN_POINT ( 'NONE',  ( 5.506106797749979798, 1.741269157966830683, -0.8149948086755768317 ) ) ;
#1270 = VERTEX_POINT ( 'NONE', #7267 ) ;
#1271 = CIRCLE ( 'NONE', #6809, 1.859090909090847399 ) ;
#1272 = ORIENTED_EDGE ( 'NONE', *, *, #1464, .F. ) ;
#1273 = CARTESIAN_POINT ( 'NONE',  ( 5.886506805092603045, 1.349999999999978106, -2.957499999999998685 ) ) ;
#1274 = CARTESIAN_POINT ( 'NONE',  ( 10.01898628384834744, 3.349999999999999645, -4.559999999999998721 ) ) ;
#1275 = CARTESIAN_POINT ( 'NONE',  ( 5.289596873951907696, 1.825444474141021400, -0.8529303282130334951 ) ) ;
#1276 = CARTESIAN_POINT ( 'NONE',  ( 10.19999999999999929, 3.149999999999999911, -4.409999999999999254 ) ) ;
#1277 = ORIENTED_EDGE ( 'NONE', *, *, #4194, .F. ) ;
#1278 = ORIENTED_EDGE ( 'NONE', *, *, #314, .T. ) ;
#1279 = EDGE_CURVE ( 'NONE', #2086, #1684, #602, .T. ) ;
#1280 = CARTESIAN_POINT ( 'NONE',  ( 5.914750395530419702, 1.097468481691723285, -2.200207159852318739 ) ) ;
#1281 = ORIENTED_EDGE ( 'NONE', *, *, #1464, .T. ) ;
#1282 = CARTESIAN_POINT ( 'NONE',  ( 4.548800614097380901, 1.374081613811541924, -1.643979408317641555 ) ) ;
#1283 = CARTESIAN_POINT ( 'NONE',  ( 7.244112548466062229, 3.349999999999996092, -7.654112548466059707 ) ) ;
#1284 = CARTESIAN_POINT ( 'NONE',  ( 4.639999999999974811, 1.094073794982670211, -2.173182992332834740 ) ) ;
#1285 = SURFACE_SIDE_STYLE ('',( #5056 ) ) ;
#1286 = AXIS2_PLACEMENT_3D ( 'NONE', #110, #2713, #2631 ) ;
#1287 = CARTESIAN_POINT ( 'NONE',  ( 4.553606797749451651, 1.324490431726540018, -1.843449624784289753 ) ) ;
#1288 = CARTESIAN_POINT ( 'NONE',  ( 3.976847499163756794, 3.350000000000121325, 3.240000000000121450 ) ) ;
#1289 = EDGE_CURVE ( 'NONE', #4155, #1081, #210, .T. ) ;
#1290 = CARTESIAN_POINT ( 'NONE',  ( 5.765059593183956110, 1.279999999999978266, -3.054189671087375491 ) ) ;
#1291 = VERTEX_POINT ( 'NONE', #3044 ) ;
#1292 = AXIS2_PLACEMENT_3D ( 'NONE', #5067, #1262, #7533 ) ;
#1293 = ORIENTED_EDGE ( 'NONE', *, *, #1080, .T. ) ;
#1294 = EDGE_CURVE ( 'NONE', #712, #5620, #4711, .T. ) ;
#1295 = EDGE_CURVE ( 'NONE', #2140, #5809, #2653, .T. ) ;
#1296 = CYLINDRICAL_SURFACE ( 'NONE', #1292, 0.2000000000000005107 ) ;
#1297 = CARTESIAN_POINT ( 'NONE',  ( 5.506106797749978909, 1.308147679596601165, -1.927488663940315261 ) ) ;
#1298 = CIRCLE ( 'NONE', #5275, 0.4500000000000007327 ) ;
#1299 = LINE ( 'NONE', #5112, #820 ) ;
#1300 = DIRECTION ( 'NONE',  ( 1.000000000000000000, -3.624795322936608189E-15, -4.485885711162466802E-16 ) ) ;
#1301 = CYLINDRICAL_SURFACE ( 'NONE', #7798, 0.2000000000000000944 ) ;
#1302 = CARTESIAN_POINT ( 'NONE',  ( 6.742881832298560418, 1.097426336886640597, -2.111915195630714059 ) ) ;
#1303 = ORIENTED_EDGE ( 'NONE', *, *, #6569, .T. ) ;
#1304 = CARTESIAN_POINT ( 'NONE',  ( 5.776063479873312367, 1.741269157966832237, -0.8149948086755764987 ) ) ;
#1305 = ORIENTED_EDGE ( 'NONE', *, *, #3251, .F. ) ;
#1306 = ORIENTED_EDGE ( 'NONE', *, *, #2654, .T. ) ;
#1307 = DIRECTION ( 'NONE',  ( -8.225028808767795004E-15, 0.000000000000000000, 1.000000000000000000 ) ) ;
#1308 = DIRECTION ( 'NONE',  ( 0.7071067811865469066, 0.000000000000000000, -0.7071067811865482389 ) ) ;
#1309 = CARTESIAN_POINT ( 'NONE',  ( 5.506106797749978909, 1.483867824482985265, -0.7648505132419997077 ) ) ;
#1310 = CARTESIAN_POINT ( 'NONE',  ( 5.290976623819083180, 1.255081979460190178, -1.493762063584902045 ) ) ;
#1311 = ORIENTED_EDGE ( 'NONE', *, *, #2112, .F. ) ;
#1312 = EDGE_CURVE ( 'NONE', #5074, #1270, #4468, .T. ) ;
#1313 = ORIENTED_EDGE ( 'NONE', *, *, #7767, .T. ) ;
#1314 = CARTESIAN_POINT ( 'NONE',  ( 10.19999999999999751, 3.349999999999999645, 4.289999999999998259 ) ) ;
#1315 = EDGE_LOOP ( 'NONE', ( #4042, #1316, #5362, #2309 ) ) ;
#1316 = ORIENTED_EDGE ( 'NONE', *, *, #865, .T. ) ;
#1317 = DIRECTION ( 'NONE',  ( 0.000000000000000000, 6.550704629611132873E-16, -1.000000000000000000 ) ) ;
#1318 = DIRECTION ( 'NONE',  ( -1.000000000000000000, -3.624795322936608189E-15, -0.000000000000000000 ) ) ;
#1319 = CYLINDRICAL_SURFACE ( 'NONE', #2034, 0.03000000000000007869 ) ;
#1320 = CIRCLE ( 'NONE', #5808, 0.5000000000000004441 ) ;
#1321 = EDGE_CURVE ( 'NONE', #5015, #2788, #342, .T. ) ;
#1322 = DIRECTION ( 'NONE',  ( 0.000000000000000000, -1.000000000000000000, 0.000000000000000000 ) ) ;
#1323 = DIRECTION ( 'NONE',  ( 0.000000000000000000, 1.000000000000000000, 0.000000000000000000 ) ) ;
#1324 = FACE_OUTER_BOUND ( 'NONE', #852, .T. ) ;
#1325 = ORIENTED_EDGE ( 'NONE', *, *, #2412, .T. ) ;
#1326 = CARTESIAN_POINT ( 'NONE',  ( 3.996275236690881805, 3.349870745809484074, 3.228423521980101629 ) ) ;
#1327 = CARTESIAN_POINT ( 'NONE',  ( 0.000000000000000000, 0.000000000000000000, 0.000000000000000000 ) ) ;
#1328 = EDGE_CURVE ( 'NONE', #3790, #4437, #7435, .T. ) ;
#1329 = DIRECTION ( 'NONE',  ( 0.000000000000000000, 0.000000000000000000, -1.000000000000000000 ) ) ;
#1330 = ORIENTED_EDGE ( 'NONE', *, *, #2038, .F. ) ;
#1331 = CARTESIAN_POINT ( 'NONE',  ( 10.01898628384834744, 3.349999999999999645, -4.409999999999998366 ) ) ;
#1332 = LINE ( 'NONE', #5151, #2238 ) ;
#1333 = CARTESIAN_POINT ( 'NONE',  ( -10.65000000000002345, 0.6000000000000385025, -2.959999999999995968 ) ) ;
#1334 = DIRECTION ( 'NONE',  ( -8.673617379884041783E-15, 0.000000000000000000, -1.000000000000000000 ) ) ;
#1335 = EDGE_CURVE ( 'NONE', #6508, #7468, #6976, .T. ) ;
#1336 = EDGE_CURVE ( 'NONE', #384, #2913, #2506, .T. ) ;
#1337 = LINE ( 'NONE', #6285, #7020 ) ;
#1338 = ORIENTED_EDGE ( 'NONE', *, *, #7839, .F. ) ;
#1339 = DIRECTION ( 'NONE',  ( 0.6851022815776800501, 0.000000000000000000, -0.7284468846642542239 ) ) ;
#1340 = EDGE_LOOP ( 'NONE', ( #5108, #7025, #4964, #5301, #5656 ) ) ;
#1341 = ORIENTED_EDGE ( 'NONE', *, *, #5191, .T. ) ;
#1342 = CYLINDRICAL_SURFACE ( 'NONE', #3598, 3.000000000000000000 ) ;
#1343 = DIRECTION ( 'NONE',  ( 0.000000000000000000, 0.000000000000000000, 1.000000000000000000 ) ) ;
#1344 = VECTOR ( 'NONE', #5895, 1000.000000000000000 ) ;
#1345 = LINE ( 'NONE', #1942, #1880 ) ;
#1346 = ORIENTED_EDGE ( 'NONE', *, *, #6020, .F. ) ;
#1347 = FACE_OUTER_BOUND ( 'NONE', #262, .T. ) ;
#1348 = AXIS2_PLACEMENT_3D ( 'NONE', #5659, #5622, #1186 ) ;
#1349 = ORIENTED_EDGE ( 'NONE', *, *, #5663, .F. ) ;
#1350 = EDGE_CURVE ( 'NONE', #7760, #2777, #7302, .T. ) ;
#1351 = EDGE_LOOP ( 'NONE', ( #7037, #6555, #6495, #1021 ) ) ;
#1352 = DIRECTION ( 'NONE',  ( 0.000000000000000000, 1.000000000000000000, 0.000000000000000000 ) ) ;
#1353 = DIRECTION ( 'NONE',  ( 0.000000000000000000, 1.000000000000000000, 0.000000000000000000 ) ) ;
#1354 = CARTESIAN_POINT ( 'NONE',  ( 8.728703347107824514E-16, -5.314986337483599068E-15, -2.810000000000003162 ) ) ;
#1355 = AXIS2_PLACEMENT_3D ( 'NONE', #5111, #7534, #7497 ) ;
#1356 = DIRECTION ( 'NONE',  ( 1.000000000000000000, 0.000000000000000000, 0.000000000000000000 ) ) ;
#1357 = CARTESIAN_POINT ( 'NONE',  ( -7.224999999999998757, 3.349999999999999645, 3.240000000000000657 ) ) ;
#1358 = CARTESIAN_POINT ( 'NONE',  ( 6.861523376184800682, 1.133325376638311344, -1.862758052300969691 ) ) ;
#1359 = EDGE_CURVE ( 'NONE', #1935, #7318, #6538, .T. ) ;
#1360 = LINE ( 'NONE', #4990, #7407 ) ;
#1361 = VECTOR ( 'NONE', #4708, 1000.000000000000000 ) ;
#1362 = AXIS2_PLACEMENT_3D ( 'NONE', #680, #7115, #6212 ) ;
#1363 = CARTESIAN_POINT ( 'NONE',  ( -9.912920266670367297, 3.600000000000000533, -4.666066017177977976 ) ) ;
#1364 = VERTEX_POINT ( 'NONE', #7579 ) ;
#1365 = EDGE_CURVE ( 'NONE', #489, #7061, #2044, .T. ) ;
#1366 = ORIENTED_EDGE ( 'NONE', *, *, #4578, .F. ) ;
#1367 = DIRECTION ( 'NONE',  ( 0.000000000000000000, 1.000000000000000000, 0.000000000000000000 ) ) ;
#1368 = AXIS2_PLACEMENT_3D ( 'NONE', #1775, #2369, #518 ) ;
#1369 = CARTESIAN_POINT ( 'NONE',  ( 4.471139647498890035, 1.224258558822916454, -1.588377809741349900 ) ) ;
#1370 = VECTOR ( 'NONE', #2965, 1000.000000000000000 ) ;
#1371 = DIRECTION ( 'NONE',  ( 0.000000000000000000, -6.550704629611125970E-16, 1.000000000000000000 ) ) ;
#1372 = CARTESIAN_POINT ( 'NONE',  ( 5.269463606425993873, 1.240430217125565893, -1.550019137306298367 ) ) ;
#1373 = CARTESIAN_POINT ( 'NONE',  ( 6.883036393575363121, 1.142208871125189873, -1.864688895051709538 ) ) ;
#1374 = VECTOR ( 'NONE', #5936, 1000.000000000000000 ) ;
#1375 = CARTESIAN_POINT ( 'NONE',  ( -7.199999999999998401, 3.349374608885954618, 3.215000000000001634 ) ) ;
#1376 = AXIS2_PLACEMENT_3D ( 'NONE', #2307, #7714, #1150 ) ;
#1377 = ORIENTED_EDGE ( 'NONE', *, *, #6405, .T. ) ;
#1378 = FACE_OUTER_BOUND ( 'NONE', #6570, .T. ) ;
#1379 = VERTEX_POINT ( 'NONE', #3379 ) ;
#1380 = ORIENTED_EDGE ( 'NONE', *, *, #82, .T. ) ;
#1381 = DIRECTION ( 'NONE',  ( 0.000000000000000000, -1.000000000000000000, 0.000000000000000000 ) ) ;
#1382 = ADVANCED_FACE ( 'NONE', ( #4511 ), #914, .F. ) ;
#1383 = CARTESIAN_POINT ( 'NONE',  ( 6.724201093993614542, 1.298905719448902207, -1.974265210990431063 ) ) ;
#1384 = VECTOR ( 'NONE', #5464, 1000.000000000000000 ) ;
#1385 = CIRCLE ( 'NONE', #2120, 0.1999999999999999833 ) ;
#1386 = CARTESIAN_POINT ( 'NONE',  ( 6.848848280192858518, 1.114184797339973887, -1.976741013118308299 ) ) ;
#1387 = EDGE_LOOP ( 'NONE', ( #3672, #1430, #4963, #5339 ) ) ;
#1388 = AXIS2_PLACEMENT_3D ( 'NONE', #2659, #5118, #2085 ) ;
#1389 = CARTESIAN_POINT ( 'NONE',  ( 5.922319365811675951, 1.099999999999978550, -2.257615395000002856 ) ) ;
#1390 = VERTEX_POINT ( 'NONE', #7010 ) ;
#1391 = VERTEX_POINT ( 'NONE', #3422 ) ;
#1392 = CARTESIAN_POINT ( 'NONE',  ( 6.560000000000024478, 1.223276080241635810, -1.572038693219317107 ) ) ;
#1393 = CARTESIAN_POINT ( 'NONE',  ( 5.869038375416830711, 1.339807288664678575, -2.125157767112940466 ) ) ;
#1394 = ADVANCED_FACE ( 'NONE', ( #3343 ), #627, .F. ) ;
#1395 = EDGE_CURVE ( 'NONE', #4880, #6600, #4830, .T. ) ;
#1396 = CARTESIAN_POINT ( 'NONE',  ( 6.632706337541790731, 1.054291404297858614, -1.800569620267745696 ) ) ;
#1397 = AXIS2_PLACEMENT_3D ( 'NONE', #3542, #2404, #5947 ) ;
#1398 = B_SPLINE_CURVE_WITH_KNOTS ( 'NONE', 3,
 ( #3738, #6878, #2101, #1433, #1396, #5706, #3166, #811 ),
 .UNSPECIFIED., .F., .F.,
 ( 4, 2, 2, 4 ),
 ( 0.000000000000000000, 0.5000000000000001110, 0.7500000000000002220, 1.000000000000000000 ),
 .UNSPECIFIED. ) ;
#1399 = CARTESIAN_POINT ( 'NONE',  ( 5.468689046632370321, 1.677122755481026850, -0.5794193992148392036 ) ) ;
#1400 = CARTESIAN_POINT ( 'NONE',  ( 5.599999999999998757, 1.096801526281418360, -3.272250395530416522 ) ) ;
#1401 = CARTESIAN_POINT ( 'NONE',  ( 4.338476623815874511, 1.131515687737782772, -1.871178059439622343 ) ) ;
#1402 = CARTESIAN_POINT ( 'NONE',  ( -7.200000000000001954, 1.349999999999978550, -2.257615394999999303 ) ) ;
#1403 = CARTESIAN_POINT ( 'NONE',  ( 5.693893202250020380, 2.949999999999978861, -2.257615395000002856 ) ) ;
#1404 = ADVANCED_FACE ( 'NONE', ( #3627 ), #1772, .T. ) ;
#1405 = VERTEX_POINT ( 'NONE', #2326 ) ;
#1406 = ORIENTED_EDGE ( 'NONE', *, *, #966, .T. ) ;
#1407 = CARTESIAN_POINT ( 'NONE',  ( 10.40000000000000924, 3.860407018927490601E-14, 4.289999999999998259 ) ) ;
#1408 = DIRECTION ( 'NONE',  ( -0.7071067811865456854, 3.315229009045128656E-15, -0.7071067811865493491 ) ) ;
#1409 = DIRECTION ( 'NONE',  ( -1.333139840934743161E-16, -1.000000000000000000, -6.550704629611133859E-16 ) ) ;
#1410 = CARTESIAN_POINT ( 'NONE',  ( 5.277680634188322450, 1.263370087140091469, -1.497497287699401713 ) ) ;
#1411 = DIRECTION ( 'NONE',  ( -1.000000000000000000, 0.000000000000000000, 4.485885711162466802E-16 ) ) ;
#1412 = CARTESIAN_POINT ( 'NONE',  ( 5.849573979339448115, 1.642018898724936671, -0.6573115245213033697 ) ) ;
#1413 = VECTOR ( 'NONE', #1453, 1000.000000000000000 ) ;
#1414 = ORIENTED_EDGE ( 'NONE', *, *, #4589, .F. ) ;
#1415 = DIRECTION ( 'NONE',  ( 0.000000000000000000, -0.4108746525949199535, -0.9116918447891284583 ) ) ;
#1416 = ORIENTED_EDGE ( 'NONE', *, *, #2423, .F. ) ;
#1417 = VECTOR ( 'NONE', #1317, 1000.000000000000000 ) ;
#1418 = VERTEX_POINT ( 'NONE', #4667 ) ;
#1419 = DIRECTION ( 'NONE',  ( 8.673617379884041783E-15, -0.000000000000000000, 1.000000000000000000 ) ) ;
#1420 = CARTESIAN_POINT ( 'NONE',  ( 5.290976623819083180, 1.544150234765844010, -0.8523470498205700796 ) ) ;
#1421 = CARTESIAN_POINT ( 'NONE',  ( 5.286422825025728578, 1.504996835626519314, -1.574731833279993110 ) ) ;
#1422 = VECTOR ( 'NONE', #5292, 1000.000000000000000 ) ;
#1423 = CARTESIAN_POINT ( 'NONE',  ( 5.458525678942216963, 1.359416375751224981, -1.718040865515743087 ) ) ;
#1424 = CARTESIAN_POINT ( 'NONE',  ( 10.65000000000002167, 0.5000000000000386358, 4.089999999999998970 ) ) ;
#1425 = CARTESIAN_POINT ( 'NONE',  ( 7.200000000000001066, 1.263370087140091025, -1.497497287699401936 ) ) ;
#1426 = EDGE_CURVE ( 'NONE', #4374, #1172, #6667, .T. ) ;
#1427 = ORIENTED_EDGE ( 'NONE', *, *, #5721, .T. ) ;
#1428 = CARTESIAN_POINT ( 'NONE',  ( 5.917500000000001315, 1.871721860165718176, -0.5255326479550284091 ) ) ;
#1429 = ORIENTED_EDGE ( 'NONE', *, *, #4770, .F. ) ;
#1430 = ORIENTED_EDGE ( 'NONE', *, *, #7538, .F. ) ;
#1431 = CARTESIAN_POINT ( 'NONE',  ( 4.553606029190508053, 1.327032172951154720, -1.831755485451969312 ) ) ;
#1432 = CARTESIAN_POINT ( 'NONE',  ( 12.05000000000000071, 0.2499999999999994726, 0.2899999999999977041 ) ) ;
#1433 = CARTESIAN_POINT ( 'NONE',  ( 6.625277519078550448, 1.056300666207631522, -1.792377353984491606 ) ) ;
#1434 = EDGE_CURVE ( 'NONE', #7785, #349, #5360, .T. ) ;
#1435 = CARTESIAN_POINT ( 'NONE',  ( 6.883036393575344469, 1.140408031560957269, -1.873067728564503431 ) ) ;
#1436 = ADVANCED_FACE ( 'NONE', ( #391, #7812, #7167 ), #7853, .T. ) ;
#1437 = CARTESIAN_POINT ( 'NONE',  ( 6.883036393575344469, 1.140408031560957269, -1.873067728564503431 ) ) ;
#1438 = DIRECTION ( 'NONE',  ( -8.482601042805228293E-12, -0.2078636034786659204, -0.9781578207778456324 ) ) ;
#1439 = ORIENTED_EDGE ( 'NONE', *, *, #4630, .T. ) ;
#1440 = CARTESIAN_POINT ( 'NONE',  ( 5.693893202250020380, 0.9999999999999786837, -2.146907059139808283 ) ) ;
#1441 = CYLINDRICAL_SURFACE ( 'NONE', #3425, 1.899999999999999689 ) ;
#1442 = VERTEX_POINT ( 'NONE', #5314 ) ;
#1443 = DIRECTION ( 'NONE',  ( 0.000000000000000000, 1.000000000000000000, 0.000000000000000000 ) ) ;
#1444 = EDGE_CURVE ( 'NONE', #1291, #5646, #3308, .T. ) ;
#1445 =( BOUNDED_SURFACE ( )  B_SPLINE_SURFACE ( 3, 3, ( 
 ( #6129, #4919, #6819, #6047 ),
 ( #12, #7378, #4882, #645 ),
 ( #559, #7461, #6781, #6740 ),
 ( #523, #5573, #4955, #5486 ) ),
 .UNSPECIFIED., .F., .F., .T. ) 
 B_SPLINE_SURFACE_WITH_KNOTS ( ( 4, 4 ),
 ( 4, 4 ),
 ( 0.000000000000000000, 1.000000000000000000 ),
 ( 0.000000000000000000, 1.000000000000000000 ),
 .UNSPECIFIED. ) 
 GEOMETRIC_REPRESENTATION_ITEM ( )  RATIONAL_B_SPLINE_SURFACE ( (
 ( 1.000000000000000000, 0.9999982116393310028, 0.9999982116393310028, 1.000000000000000000),
 ( 0.9549299743082715342, 0.9549282665490638200, 0.9549282665490638200, 0.9549299743082715342),
 ( 0.9549299743082715342, 0.9549282665490638200, 0.9549282665490638200, 0.9549299743082715342),
 ( 1.000000000000000000, 0.9999982116393310028, 0.9999982116393310028, 1.000000000000000000) ) ) 
 REPRESENTATION_ITEM ( '' )  SURFACE ( )  );
#1446 = CARTESIAN_POINT ( 'NONE',  ( -10.19999999999999574, 3.349999999999999645, 4.290000000000001812 ) ) ;
#1447 = CYLINDRICAL_SURFACE ( 'NONE', #5337, 0.2999999999999999334 ) ;
#1448 = CYLINDRICAL_SURFACE ( 'NONE', #7403, 0.03000000000000001971 ) ;
#1449 = DIRECTION ( 'NONE',  ( 0.000000000000000000, 0.000000000000000000, -1.000000000000000000 ) ) ;
#1450 = ORIENTED_EDGE ( 'NONE', *, *, #1946, .F. ) ;
#1451 = CARTESIAN_POINT ( 'NONE',  ( 6.256204919917502494, 3.600000000000000533, 7.609999999999999432 ) ) ;
#1452 = EDGE_LOOP ( 'NONE', ( #239, #7375, #7065, #3780 ) ) ;
#1453 = DIRECTION ( 'NONE',  ( 1.000000000000000000, 3.624795322936608189E-15, -0.000000000000000000 ) ) ;
#1454 = PLANE ( 'NONE',  #183 ) ;
#1455 = CARTESIAN_POINT ( 'NONE',  ( 6.834165214658693976, 1.380153870542893291, -1.967790628559501043 ) ) ;
#1456 = EDGE_CURVE ( 'NONE', #7897, #4334, #4061, .T. ) ;
#1457 = CARTESIAN_POINT ( 'NONE',  ( -10.40000000000000568, 0.3000000000000375144, 4.090000000000004299 ) ) ;
#1458 = CARTESIAN_POINT ( 'NONE',  ( -10.85000000000000675, 0.4499999999999955147, -2.809999999999996501 ) ) ;
#1459 = PRODUCT_DEFINITION_FORMATION_WITH_SPECIFIED_SOURCE ( 'ANY', '', #4932, .NOT_KNOWN. ) ;
#1460 = CYLINDRICAL_SURFACE ( 'NONE', #6255, 0.1999999999999999833 ) ;
#1461 = ORIENTED_EDGE ( 'NONE', *, *, #5191, .F. ) ;
#1462 = DIRECTION ( 'NONE',  ( 0.7071067811865480168, 0.000000000000000000, -0.7071067811865470176 ) ) ;
#1463 = ORIENTED_EDGE ( 'NONE', *, *, #1098, .F. ) ;
#1464 = EDGE_CURVE ( 'NONE', #3125, #787, #7125, .T. ) ;
#1465 = ORIENTED_EDGE ( 'NONE', *, *, #4062, .F. ) ;
#1466 = DIRECTION ( 'NONE',  ( 1.000000000000000000, -0.000000000000000000, -4.485885711162466802E-16 ) ) ;
#1467 = VECTOR ( 'NONE', #6877, 1000.000000000000000 ) ;
#1468 = CARTESIAN_POINT ( 'NONE',  ( 10.01898628384834744, 3.349999999999999645, -4.409999999999999254 ) ) ;
#1469 = DIRECTION ( 'NONE',  ( 0.000000000000000000, 1.000000000000000000, 0.000000000000000000 ) ) ;
#1470 = EDGE_CURVE ( 'NONE', #2107, #7762, #1385, .T. ) ;
#1471 = CARTESIAN_POINT ( 'NONE',  ( -7.562310600000005323, 3.149999999999999023, -7.972310599999999248 ) ) ;
#1472 = CIRCLE ( 'NONE', #4180, 0.5000000000000000000 ) ;
#1473 = FACE_OUTER_BOUND ( 'NONE', #7224, .T. ) ;
#1474 = CARTESIAN_POINT ( 'NONE',  ( 4.316963606425994193, 1.111063296937762734, -1.866831820459481373 ) ) ;
#1475 = DIRECTION ( 'NONE',  ( 0.7247770403244395698, -0.6739345836841350579, 0.1432145898050798671 ) ) ;
#1476 = DIRECTION ( 'NONE',  ( 0.000000000000000000, -6.550704629611122026E-16, 1.000000000000000000 ) ) ;
#1477 = EDGE_CURVE ( 'NONE', #7468, #3282, #2817, .T. ) ;
#1478 =( GEOMETRIC_REPRESENTATION_CONTEXT ( 3 ) GLOBAL_UNCERTAINTY_ASSIGNED_CONTEXT ( ( #3400 ) ) GLOBAL_UNIT_ASSIGNED_CONTEXT ( ( #79, #3747, #1883 ) ) REPRESENTATION_CONTEXT ( 'NONE', 'WORKASPACE' ) );
#1479 = DIRECTION ( 'NONE',  ( 0.000000000000000000, 0.000000000000000000, 1.000000000000000000 ) ) ;
#1480 = ORIENTED_EDGE ( 'NONE', *, *, #2354, .F. ) ;
#1481 = EDGE_LOOP ( 'NONE', ( #176, #520, #2259, #5288 ) ) ;
#1482 = CARTESIAN_POINT ( 'NONE',  ( 4.553606797741443835, 1.322592249483596438, -1.852281368214640400 ) ) ;
#1483 = CARTESIAN_POINT ( 'NONE',  ( 5.286669753925811399, 1.528838851835780277, -1.516905377563954493 ) ) ;
#1484 = CARTESIAN_POINT ( 'NONE',  ( 5.506106797749978909, 1.579999999999978089, -2.257615395000002856 ) ) ;
#1485 = ADVANCED_FACE ( 'NONE', ( #6521 ), #3464, .F. ) ;
#1486 = EDGE_CURVE ( 'NONE', #4239, #6624, #7886, .T. ) ;
#1487 = CARTESIAN_POINT ( 'NONE',  ( -4.000000000000000888, 1.349999999999978106, -2.259999999999997122 ) ) ;
#1488 = AXIS2_PLACEMENT_3D ( 'NONE', #3032, #7345, #2378 ) ;
#1489 = CARTESIAN_POINT ( 'NONE',  ( 5.599999999999998757, 1.279999999999978044, -3.122559593183956039 ) ) ;
#1490 = AXIS2_PLACEMENT_3D ( 'NONE', #6911, #3089, #7169 ) ;
#1491 = CARTESIAN_POINT ( 'NONE',  ( 5.506106797749978909, 1.028147679596601805, -1.927488663940314817 ) ) ;
#1492 = VECTOR ( 'NONE', #4005, 1000.000000000000000 ) ;
#1493 = VERTEX_POINT ( 'NONE', #3504 ) ;
#1494 = LINE ( 'NONE', #3384, #497 ) ;
#1495 = DIRECTION ( 'NONE',  ( 0.000000000000000000, -0.9116918447891283472, 0.4108746525949196760 ) ) ;
#1496 = CARTESIAN_POINT ( 'NONE',  ( -7.199999999999999289, 2.849999999999999645, 3.239999999999999769 ) ) ;
#1497 = CIRCLE ( 'NONE', #4214, 0.1999999999999999833 ) ;
#1498 = DIRECTION ( 'NONE',  ( -0.7071067811865474617, 3.035766082959420304E-15, -0.7071067811865474617 ) ) ;
#1499 = VERTEX_POINT ( 'NONE', #5952 ) ;
#1500 = PLANE ( 'NONE',  #7039 ) ;
#1501 = EDGE_CURVE ( 'NONE', #4387, #7503, #217, .T. ) ;
#1502 = CIRCLE ( 'NONE', #6391, 0.03000000000000001971 ) ;
#1503 = ORIENTED_EDGE ( 'NONE', *, *, #3842, .T. ) ;
#1504 = VECTOR ( 'NONE', #3473, 1000.000000000000000 ) ;
#1505 = LINE ( 'NONE', #7066, #6182 ) ;
#1506 = CYLINDRICAL_SURFACE ( 'NONE', #1075, 0.2999999999999999334 ) ;
#1507 = LINE ( 'NONE', #1354, #1029 ) ;
#1508 = VECTOR ( 'NONE', #881, 1000.000000000000000 ) ;
#1509 = DIRECTION ( 'NONE',  ( -3.624795322936608189E-15, 1.000000000000000000, -1.913297951445007375E-16 ) ) ;
#1510 = CARTESIAN_POINT ( 'NONE',  ( 5.506106797749978909, 1.342222206662710082, -1.768948838969537363 ) ) ;
#1511 = ORIENTED_EDGE ( 'NONE', *, *, #7813, .T. ) ;
#1512 = CARTESIAN_POINT ( 'NONE',  ( 6.643357510632412755, 1.049660714481552182, -1.820222528191648870 ) ) ;
#1513 = ORIENTED_EDGE ( 'NONE', *, *, #201, .T. ) ;
#1514 = CARTESIAN_POINT ( 'NONE',  ( 5.693893202250020380, 1.028147679596601805, -1.927488663940313929 ) ) ;
#1515 = AXIS2_PLACEMENT_3D ( 'NONE', #2921, #451, #1190 ) ;
#1516 = CARTESIAN_POINT ( 'NONE',  ( 4.407324475220859128, 1.349355715901705333, -1.857968743457810490 ) ) ;
#1517 = CARTESIAN_POINT ( 'NONE',  ( 5.839586293130004435, 1.424920843687212946, -1.626368689554208657 ) ) ;
#1518 = EDGE_CURVE ( 'NONE', #1081, #1768, #16, .T. ) ;
#1519 = VERTEX_POINT ( 'NONE', #3021 ) ;
#1520 = VERTEX_POINT ( 'NONE', #7930 ) ;
#1521 = DIRECTION ( 'NONE',  ( 0.000000000000000000, 0.000000000000000000, 1.000000000000000000 ) ) ;
#1522 = CARTESIAN_POINT ( 'NONE',  ( -10.40000000000000568, 0.5000000000000381917, 4.290000000000003588 ) ) ;
#1523 = CARTESIAN_POINT ( 'NONE',  ( 5.506106797749978909, 1.452200902661177961, -1.456409822439909352 ) ) ;
#1524 = CARTESIAN_POINT ( 'NONE',  ( 10.01898628384834744, 3.349999999999999645, -4.559999999999998721 ) ) ;
#1525 = CARTESIAN_POINT ( 'NONE',  ( 5.909023376180915221, 1.090909090909068624, -2.257615395000002856 ) ) ;
#1526 = CARTESIAN_POINT ( 'NONE',  ( 7.200000000000001066, 1.099999999999978550, -2.257615395000003300 ) ) ;
#1527 = EDGE_CURVE ( 'NONE', #5365, #140, #4275, .T. ) ;
#1528 = ORIENTED_EDGE ( 'NONE', *, *, #651, .F. ) ;
#1529 = EDGE_CURVE ( 'NONE', #7043, #3382, #6247, .T. ) ;
#1530 = AXIS2_PLACEMENT_3D ( 'NONE', #2078, #3375, #951 ) ;
#1531 = ORIENTED_EDGE ( 'NONE', *, *, #2161, .T. ) ;
#1532 = DIRECTION ( 'NONE',  ( -1.000000000000000000, -0.000000000000000000, -0.000000000000000000 ) ) ;
#1533 = CARTESIAN_POINT ( 'NONE',  ( 10.07253967321225474, 3.349999999999999645, -4.825685423719871636 ) ) ;
#1534 = CARTESIAN_POINT ( 'NONE',  ( 6.838195598025505362, 1.182386964888555880, -1.708569900835217537 ) ) ;
#1535 = CARTESIAN_POINT ( 'NONE',  ( 5.316111118112714529, 1.467144567837333158, -1.589644960757032210 ) ) ;
#1536 = LINE ( 'NONE', #5125, #3947 ) ;
#1537 = FACE_OUTER_BOUND ( 'NONE', #6462, .T. ) ;
#1538 = ORIENTED_EDGE ( 'NONE', *, *, #4735, .T. ) ;
#1539 = DIRECTION ( 'NONE',  ( 0.000000000000000000, -0.4108746525949196760, -0.9116918447891283472 ) ) ;
#1540 = ORIENTED_EDGE ( 'NONE', *, *, #58, .F. ) ;
#1541 = CARTESIAN_POINT ( 'NONE',  ( 7.385533904703372343, 3.641658390006350397E-14, -7.795533904703370709 ) ) ;
#1542 = DIRECTION ( 'NONE',  ( -1.000000000000000000, 0.000000000000000000, -0.000000000000000000 ) ) ;
#1543 = DIRECTION ( 'NONE',  ( 0.000000000000000000, 6.550704629611132873E-16, -1.000000000000000000 ) ) ;
#1544 = AXIS2_PLACEMENT_3D ( 'NONE', #3442, #327, #7630 ) ;
#1545 = CYLINDRICAL_SURFACE ( 'NONE', #1376, 0.1999999999999947653 ) ;
#1546 = EDGE_CURVE ( 'NONE', #3972, #3548, #247, .T. ) ;
#1547 = VERTEX_POINT ( 'NONE', #922 ) ;
#1548 = DIRECTION ( 'NONE',  ( -1.333139840934743161E-16, -1.000000000000000000, -6.550704629611133859E-16 ) ) ;
#1549 = CARTESIAN_POINT ( 'NONE',  ( 5.765825309724347925, 1.308147679596601609, -1.927488663940313929 ) ) ;
#1550 = ORIENTED_EDGE ( 'NONE', *, *, #785, .F. ) ;
#1551 = CARTESIAN_POINT ( 'NONE',  ( 5.895827300197868048, 1.203519111450937373, -1.581663077591537458 ) ) ;
#1552 = ORIENTED_EDGE ( 'NONE', *, *, #6993, .F. ) ;
#1553 = CARTESIAN_POINT ( 'NONE',  ( 5.851753182686094235, 1.031984737185657197, -2.257615395000002412 ) ) ;
#1554 = CARTESIAN_POINT ( 'NONE',  ( 4.351403306932371429, 1.401085839752340023, -1.860097767983397432 ) ) ;
#1555 = CARTESIAN_POINT ( 'NONE',  ( 5.879071545232183560, 1.463418247491889090, -1.593955163501095562 ) ) ;
#1556 = ORIENTED_EDGE ( 'NONE', *, *, #2605, .F. ) ;
#1557 = ORIENTED_EDGE ( 'NONE', *, *, #5721, .F. ) ;
#1558 = CARTESIAN_POINT ( 'NONE',  ( 4.494901479607107397, 1.295487428005982711, -1.995033957149968229 ) ) ;
#1559 = EDGE_LOOP ( 'NONE', ( #1207, #2602, #1258, #62 ) ) ;
#1560 = ADVANCED_FACE ( 'NONE', ( #3353 ), #4181, .F. ) ;
#1561 = CARTESIAN_POINT ( 'NONE',  ( 5.747473600046806297, 1.031984737185573708, -3.209253182685893879 ) ) ;
#1562 = CARTESIAN_POINT ( 'NONE',  ( -10.65000000000001279, 0.3000000000000386247, 4.090000000000004299 ) ) ;
#1563 = ADVANCED_FACE ( 'NONE', ( #3956 ), #961, .T. ) ;
#1564 = DIRECTION ( 'NONE',  ( -1.000000000000000000, -1.445602896647339508E-15, 0.000000000000000000 ) ) ;
#1565 = CARTESIAN_POINT ( 'NONE',  ( 5.641509288095112318, 1.688247368325441755, -0.5547349395076381917 ) ) ;
#1566 = VERTEX_POINT ( 'NONE', #7624 ) ;
#1567 = ORIENTED_EDGE ( 'NONE', *, *, #757, .F. ) ;
#1568 = LINE ( 'NONE', #6482, #894 ) ;
#1569 = DIRECTION ( 'NONE',  ( -1.000000000000000000, -0.000000000000000000, -0.000000000000000000 ) ) ;
#1570 = DIRECTION ( 'NONE',  ( 1.000000000000000000, -0.000000000000000000, -4.485885711162466802E-16 ) ) ;
#1571 = ADVANCED_FACE ( 'NONE', ( #7550 ), #6948, .T. ) ;
#1572 = LINE ( 'NONE', #6007, #1248 ) ;
#1573 = CARTESIAN_POINT ( 'NONE',  ( 4.332749604468387972, 1.139083372523528537, -1.864009562574340029 ) ) ;
#1574 = EDGE_CURVE ( 'NONE', #6942, #4053, #802, .T. ) ;
#1575 = DIRECTION ( 'NONE',  ( -0.7071067811865483499, 0.000000000000000000, -0.7071067811865466846 ) ) ;
#1576 = ORIENTED_EDGE ( 'NONE', *, *, #1837, .F. ) ;
#1577 = DIRECTION ( 'NONE',  ( -1.000000000000000000, 0.000000000000000000, -0.000000000000000000 ) ) ;
#1578 = ORIENTED_EDGE ( 'NONE', *, *, #6726, .F. ) ;
#1579 = ORIENTED_EDGE ( 'NONE', *, *, #667, .F. ) ;
#1580 = LINE ( 'NONE', #5332, #2558 ) ;
#1581 = CARTESIAN_POINT ( 'NONE',  ( 6.637435684343014231, 1.333670569402481521, -1.803002755902126442 ) ) ;
#1582 = LINE ( 'NONE', #5932, #6961 ) ;
#1583 = EDGE_CURVE ( 'NONE', #7286, #5328, #3441, .T. ) ;
#1584 = VERTEX_POINT ( 'NONE', #6446 ) ;
#1585 = DIRECTION ( 'NONE',  ( 0.000000000000000000, 0.2078636034790008469, 0.9781578207777744671 ) ) ;
#1586 = AXIS2_PLACEMENT_3D ( 'NONE', #3397, #895, #6455 ) ;
#1587 = B_SPLINE_CURVE_WITH_KNOTS ( 'NONE', 3,
 ( #1375, #1161, #7157, #507, #2281, #1639, #2401, #1720, #6511, #4141, #2931, #4821, #988, #7326, #1682, #1068 ),
 .UNSPECIFIED., .F., .F.,
 ( 4, 3, 3, 3, 3, 4 ),
 ( 0.000000000000000000, 8.393439433261895994E-06, 1.678733762360698972E-05, 2.517554989125649726E-05, 3.356621397935381811E-05, 3.906395788008615804E-05 ),
 .UNSPECIFIED. ) ;
#1588 = EDGE_LOOP ( 'NONE', ( #2945, #2837, #2955, #4054, #3935, #6125, #1598, #3788, #7866, #3489, #6215, #1064, #5871, #4134, #7112, #7117, #570, #3345, #3500, #5776 ) ) ;
#1589 = FACE_OUTER_BOUND ( 'NONE', #6030, .T. ) ;
#1590 = ORIENTED_EDGE ( 'NONE', *, *, #6999, .T. ) ;
#1591 = CARTESIAN_POINT ( 'NONE',  ( 5.909023376181131937, 1.117744524370871018, -1.942879187532877916 ) ) ;
#1592 = AXIS2_PLACEMENT_3D ( 'NONE', #3086, #3119, #4401 ) ;
#1593 = DIRECTION ( 'NONE',  ( 0.000000000000000000, 1.000000000000000000, 0.000000000000000000 ) ) ;
#1594 = LINE ( 'NONE', #382, #1626 ) ;
#1595 = ORIENTED_EDGE ( 'NONE', *, *, #4673, .F. ) ;
#1596 = CIRCLE ( 'NONE', #6358, 0.2000000000000005107 ) ;
#1597 = CIRCLE ( 'NONE', #3921, 1.950000000000000178 ) ;
#1598 = ORIENTED_EDGE ( 'NONE', *, *, #5804, .F. ) ;
#1599 = CARTESIAN_POINT ( 'NONE',  ( 4.599657906928852569, 1.308845890071698159, -1.923188583336021384 ) ) ;
#1600 = ORIENTED_EDGE ( 'NONE', *, *, #888, .F. ) ;
#1601 = DIRECTION ( 'NONE',  ( 0.000000000000000000, -1.000000000000000000, 0.000000000000000000 ) ) ;
#1602 = CARTESIAN_POINT ( 'NONE',  ( -12.04999999999999893, -1.118715212700270955E-14, 2.428259248564732624E-28 ) ) ;
#1603 = CARTESIAN_POINT ( 'NONE',  ( 10.65000000000000036, 3.150000000000000355, -4.409999999999999254 ) ) ;
#1604 = DIRECTION ( 'NONE',  ( 1.000000000000000000, -0.000000000000000000, 0.000000000000000000 ) ) ;
#1605 = EDGE_CURVE ( 'NONE', #2723, #3227, #5698, .T. ) ;
#1606 = EDGE_LOOP ( 'NONE', ( #4702, #1937, #1061, #5556 ) ) ;
#1607 = ORIENTED_EDGE ( 'NONE', *, *, #6056, .F. ) ;
#1608 = EDGE_CURVE ( 'NONE', #967, #6916, #1260, .T. ) ;
#1609 = CARTESIAN_POINT ( 'NONE',  ( 6.559999999999999609, 1.307813721342085511, -1.929438750280538573 ) ) ;
#1610 = AXIS2_PLACEMENT_3D ( 'NONE', #5984, #463, #3494 ) ;
#1611 = DIRECTION ( 'NONE',  ( -4.464295434176361258E-30, -1.000000000000000000, -6.550704629611125970E-16 ) ) ;
#1612 = DIRECTION ( 'NONE',  ( 0.7071067811865472397, 3.035766082959420304E-15, -0.7071067811865479058 ) ) ;
#1613 = FACE_OUTER_BOUND ( 'NONE', #2160, .T. ) ;
#1614 = CARTESIAN_POINT ( 'NONE',  ( 5.506106797749978909, 1.342718980693138109, -1.767033746174717868 ) ) ;
#1615 = CIRCLE ( 'NONE', #6650, 0.03000000000000007869 ) ;
#1616 = CARTESIAN_POINT ( 'NONE',  ( 4.553606797749979229, 1.042592249483318190, -1.852281368215950907 ) ) ;
#1617 = AXIS2_PLACEMENT_3D ( 'NONE', #608, #1894, #6244 ) ;
#1618 = EDGE_LOOP ( 'NONE', ( #1722, #2076, #5729, #5299, #5142, #1341, #3662, #1044, #6453, #6105, #1869, #4669, #3438, #5481 ) ) ;
#1619 = FACE_OUTER_BOUND ( 'NONE', #1003, .T. ) ;
#1620 = ORIENTED_EDGE ( 'NONE', *, *, #1120, .T. ) ;
#1621 = EDGE_CURVE ( 'NONE', #641, #5128, #208, .T. ) ;
#1622 = ORIENTED_EDGE ( 'NONE', *, *, #2300, .T. ) ;
#1623 = CARTESIAN_POINT ( 'NONE',  ( 5.910411431810169702, 1.536384009844848242, -1.494348853172877689 ) ) ;
#1624 = CARTESIAN_POINT ( 'NONE',  ( 6.560000000000007603, 1.342718980692920727, -1.767033746175316944 ) ) ;
#1625 = DIRECTION ( 'NONE',  ( -0.7071067811865465735, -0.000000000000000000, -0.7071067811865484609 ) ) ;
#1626 = VECTOR ( 'NONE', #2843, 1000.000000000000000 ) ;
#1627 = CIRCLE ( 'NONE', #3815, 0.1999999999999996780 ) ;
#1628 = DIRECTION ( 'NONE',  ( 0.000000000000000000, 1.000000000000000000, 0.000000000000000000 ) ) ;
#1629 = ORIENTED_EDGE ( 'NONE', *, *, #4127, .F. ) ;
#1630 = CARTESIAN_POINT ( 'NONE',  ( -10.65000000000001990, 0.4500000000000157208, 2.290000000000003588 ) ) ;
#1631 = VECTOR ( 'NONE', #4307, 1000.000000000000000 ) ;
#1632 = CARTESIAN_POINT ( 'NONE',  ( 5.765825309724347925, 1.289405227792194575, -2.036598957356193562 ) ) ;
#1633 = CIRCLE ( 'NONE', #6797, 1.850000000000000533 ) ;
#1634 = EDGE_CURVE ( 'NONE', #1900, #2957, #2738, .T. ) ;
#1635 = VERTEX_POINT ( 'NONE', #2175 ) ;
#1636 = LINE ( 'NONE', #5260, #6304 ) ;
#1637 = LINE ( 'NONE', #2313, #4305 ) ;
#1638 = VECTOR ( 'NONE', #4172, 1000.000000000000000 ) ;
#1639 = CARTESIAN_POINT ( 'NONE',  ( -7.203724763309116597, 3.349870745809484518, 3.228423521980105182 ) ) ;
#1640 = CARTESIAN_POINT ( 'NONE',  ( -10.65000000000002345, 0.5000000000000383027, -3.306410161513771762 ) ) ;
#1641 = ORIENTED_EDGE ( 'NONE', *, *, #5680, .F. ) ;
#1642 = VECTOR ( 'NONE', #2765, 1000.000000000000000 ) ;
#1643 = ORIENTED_EDGE ( 'NONE', *, *, #7763, .T. ) ;
#1644 = CARTESIAN_POINT ( 'NONE',  ( -3.999999999999998224, 1.263370087140091247, -1.497497287699399493 ) ) ;
#1645 = EDGE_LOOP ( 'NONE', ( #1703, #2151, #425, #2827 ) ) ;
#1646 = CARTESIAN_POINT ( 'NONE',  ( 4.371992378577715499, 1.107522709753458123, -2.011098245222416203 ) ) ;
#1647 = CARTESIAN_POINT ( 'NONE',  ( 7.202318969416482197, 3.599870841462597948, 3.225880940065723568 ) ) ;
#1648 = DIRECTION ( 'NONE',  ( -1.000000000000000000, -1.445602896647339508E-15, -3.614007241618348771E-16 ) ) ;
#1649 = EDGE_CURVE ( 'NONE', #5766, #5226, #1536, .T. ) ;
#1650 = LINE ( 'NONE', #1425, #5231 ) ;
#1651 = ORIENTED_EDGE ( 'NONE', *, *, #6716, .F. ) ;
#1652 = VERTEX_POINT ( 'NONE', #4518 ) ;
#1653 = CARTESIAN_POINT ( 'NONE',  ( 5.353940919500168150, 1.047782177551314975, -2.098656270614262631 ) ) ;
#1654 = DIRECTION ( 'NONE',  ( -6.123233995736766036E-17, -0.000000000000000000, -1.000000000000000000 ) ) ;
#1655 = DIRECTION ( 'NONE',  ( -0.000000000000000000, -1.000000000000000000, -0.000000000000000000 ) ) ;
#1656 = CARTESIAN_POINT ( 'NONE',  ( 5.399473515012847002, 1.113939329313754278, -1.661345376730187340 ) ) ;
#1657 = LINE ( 'NONE', #1700, #1504 ) ;
#1658 = SHAPE_REPRESENTATION ( 'BH-67D-5_BH-67D-5', ( #6889 ), #1478 ) ;
#1659 = CIRCLE ( 'NONE', #2053, 1.950000000000000178 ) ;
#1660 = DIRECTION ( 'NONE',  ( 1.843136733154392667E-16, -0.9116918447891283472, 0.4108746525949196760 ) ) ;
#1661 = VERTEX_POINT ( 'NONE', #6984 ) ;
#1662 = CARTESIAN_POINT ( 'NONE',  ( 5.286452158639265875, 3.533768883591846599, 2.931844010553806612 ) ) ;
#1663 = ORIENTED_EDGE ( 'NONE', *, *, #6701, .F. ) ;
#1664 = EDGE_LOOP ( 'NONE', ( #2766, #917, #5787, #4491 ) ) ;
#1665 = LINE ( 'NONE', #3359, #6053 ) ;
#1666 = FACE_OUTER_BOUND ( 'NONE', #7359, .T. ) ;
#1667 = DIRECTION ( 'NONE',  ( -1.000000000000000000, 0.000000000000000000, 4.485885711162466802E-16 ) ) ;
#1668 = EDGE_CURVE ( 'NONE', #7394, #5328, #470, .T. ) ;
#1669 = DIRECTION ( 'NONE',  ( 0.000000000000000000, 1.000000000000000000, 0.000000000000000000 ) ) ;
#1670 = DIRECTION ( 'NONE',  ( 0.000000000000000000, -0.4108746525949200090, -0.9116918447891282362 ) ) ;
#1671 = ORIENTED_EDGE ( 'NONE', *, *, #746, .T. ) ;
#1672 = CARTESIAN_POINT ( 'NONE',  ( 4.639999999999999680, 1.353878595024240905, -2.146276001350330365 ) ) ;
#1673 = EDGE_LOOP ( 'NONE', ( #2848, #3107, #3116, #924 ) ) ;
#1674 = DIRECTION ( 'NONE',  ( 0.000000000000000000, -0.4108746525949196204, -0.9116918447891282362 ) ) ;
#1675 = ORIENTED_EDGE ( 'NONE', *, *, #1070, .F. ) ;
#1676 = DIRECTION ( 'NONE',  ( -0.7071067811865405783, -3.469446951953626811E-15, 0.7071067811865544561 ) ) ;
#1677 = AXIS2_PLACEMENT_3D ( 'NONE', #3480, #7026, #4645 ) ;
#1678 = CIRCLE ( 'NONE', #7211, 0.1499999999999999112 ) ;
#1679 = EDGE_CURVE ( 'NONE', #5318, #452, #3318, .T. ) ;
#1680 = CARTESIAN_POINT ( 'NONE',  ( -3.997681030583517092, 3.599870841462598392, 3.225880940065723568 ) ) ;
#1681 = EDGE_CURVE ( 'NONE', #1032, #6986, #1657, .T. ) ;
#1682 = CARTESIAN_POINT ( 'NONE',  ( -7.223152500836243384, 3.350000000000121769, 3.240000000000124114 ) ) ;
#1683 = CARTESIAN_POINT ( 'NONE',  ( 5.910307945706368749, 1.094073795775901692, -2.173182993506796112 ) ) ;
#1684 = VERTEX_POINT ( 'NONE', #4247 ) ;
#1685 = ORIENTED_EDGE ( 'NONE', *, *, #1335, .F. ) ;
#1686 = CARTESIAN_POINT ( 'NONE',  ( 3.994524773220045510, 3.599941260854482739, 3.230613559254592371 ) ) ;
#1687 = ORIENTED_EDGE ( 'NONE', *, *, #4300, .F. ) ;
#1688 = DIRECTION ( 'NONE',  ( 0.000000000000000000, 1.000000000000000000, 0.000000000000000000 ) ) ;
#1689 = DIRECTION ( 'NONE',  ( 4.485885711162466802E-16, 0.000000000000000000, 1.000000000000000000 ) ) ;
#1690 = DIRECTION ( 'NONE',  ( -0.000000000000000000, -0.000000000000000000, 1.000000000000000000 ) ) ;
#1691 = CARTESIAN_POINT ( 'NONE',  ( 12.04999999999999893, 3.420000180370401912E-14, 2.089999999999998526 ) ) ;
#1692 = EDGE_LOOP ( 'NONE', ( #7239, #6213, #5002, #6623, #4561, #695 ) ) ;
#1693 = EDGE_CURVE ( 'NONE', #7427, #1141, #1008, .T. ) ;
#1694 = CIRCLE ( 'NONE', #2716, 0.2999999999999999334 ) ;
#1695 = ORIENTED_EDGE ( 'NONE', *, *, #2796, .T. ) ;
#1696 = CARTESIAN_POINT ( 'NONE',  ( 4.434627071475483184, 1.027837982381949455, -1.924746684740466396 ) ) ;
#1697 = CYLINDRICAL_SURFACE ( 'NONE', #3274, 1.899999999999999689 ) ;
#1698 = DIRECTION ( 'NONE',  ( -1.000000000000000000, 0.000000000000000000, -8.673617379884021273E-15 ) ) ;
#1699 = CARTESIAN_POINT ( 'NONE',  ( 10.65000000000001101, 3.350000000000000533, 4.289999999999998259 ) ) ;
#1700 = CARTESIAN_POINT ( 'NONE',  ( 5.359088742721784371, 3.349999999999999645, 7.384867924528304428 ) ) ;
#1701 = CIRCLE ( 'NONE', #5570, 0.2000000000000005107 ) ;
#1702 = LINE ( 'NONE', #4640, #450 ) ;
#1703 = ORIENTED_EDGE ( 'NONE', *, *, #4432, .T. ) ;
#1704 = CARTESIAN_POINT ( 'NONE',  ( 10.65000000000001101, 0.3000000000000382916, -4.209999999999999076 ) ) ;
#1705 = ORIENTED_EDGE ( 'NONE', *, *, #3482, .T. ) ;
#1706 = EDGE_LOOP ( 'NONE', ( #4823, #2084, #654, #2114 ) ) ;
#1707 = CARTESIAN_POINT ( 'NONE',  ( 5.911504825185980749, 1.507436118693228799, -1.564396010347219645 ) ) ;
#1708 = CARTESIAN_POINT ( 'NONE',  ( 4.567245828481953929, 1.054275669782498870, -1.800634990059583052 ) ) ;
#1709 = ADVANCED_FACE ( 'NONE', ( #5449 ), #5000, .T. ) ;
#1710 = CARTESIAN_POINT ( 'NONE',  ( 6.559999999999999609, 1.027813721342085929, -1.929438750280538128 ) ) ;
#1711 =( BOUNDED_SURFACE ( )  B_SPLINE_SURFACE ( 3, 3, ( 
 ( #2462, #2696, #795, #4479 ),
 ( #3869, #6978, #5767, #3346 ),
 ( #6941, #7582, #3312, #241 ),
 ( #2733, #3907, #2012, #1491 ) ),
 .UNSPECIFIED., .F., .F., .F. ) 
 B_SPLINE_SURFACE_WITH_KNOTS ( ( 4, 4 ),
 ( 4, 4 ),
 ( 0.000000000000000000, 1.000000000000000000 ),
 ( 0.000000000000000000, 1.000000000000000000 ),
 .UNSPECIFIED. ) 
 GEOMETRIC_REPRESENTATION_ITEM ( )  RATIONAL_B_SPLINE_SURFACE ( (
 ( 1.000000000000000000, 0.9975898588337610562, 0.9975898588337610562, 1.000000000000000000),
 ( 0.9474215819624136614, 0.9451381622059428222, 0.9451381622059428222, 0.9474215819624136614),
 ( 0.9474215819624136614, 0.9451381622059428222, 0.9451381622059428222, 0.9474215819624136614),
 ( 1.000000000000000000, 0.9975898588337610562, 0.9975898588337610562, 1.000000000000000000) ) ) 
 REPRESENTATION_ITEM ( '' )  SURFACE ( )  );
#1712 = LINE ( 'NONE', #3569, #5504 ) ;
#1713 = DIRECTION ( 'NONE',  ( 0.000000000000000000, 0.000000000000000000, 1.000000000000000000 ) ) ;
#1714 = VERTEX_POINT ( 'NONE', #5323 ) ;
#1715 = CARTESIAN_POINT ( 'NONE',  ( 7.200000000000001066, 1.491293048337372529, -1.600215950848132840 ) ) ;
#1716 = ORIENTED_EDGE ( 'NONE', *, *, #2919, .T. ) ;
#1717 = CARTESIAN_POINT ( 'NONE',  ( 6.772698808346822474, 1.475409958669957389, -1.649869386093602230 ) ) ;
#1718 = DIRECTION ( 'NONE',  ( -1.000000000000000000, -3.624795322936608189E-15, -0.000000000000000000 ) ) ;
#1719 = EDGE_CURVE ( 'NONE', #3577, #1168, #7780, .T. ) ;
#1720 = CARTESIAN_POINT ( 'NONE',  ( -7.207217026870282872, 3.349952824599059298, 3.232792759935013471 ) ) ;
#1721 = CARTESIAN_POINT ( 'NONE',  ( 5.930536393574005416, 1.101109710447193413, -2.193547484175488282 ) ) ;
#1722 = ORIENTED_EDGE ( 'NONE', *, *, #5168, .F. ) ;
#1723 = EDGE_LOOP ( 'NONE', ( #4712, #5628, #2097, #7856, #4603 ) ) ;
#1724 = CARTESIAN_POINT ( 'NONE',  ( 4.553606029190508053, 1.047032172951155582, -1.831755485451966425 ) ) ;
#1725 = EDGE_CURVE ( 'NONE', #4223, #3129, #2255, .T. ) ;
#1726 = ORIENTED_EDGE ( 'NONE', *, *, #877, .T. ) ;
#1727 = DIRECTION ( 'NONE',  ( 1.000000000000000000, 0.000000000000000000, 0.000000000000000000 ) ) ;
#1728 = AXIS2_PLACEMENT_3D ( 'NONE', #7751, #7904, #2870 ) ;
#1729 = CARTESIAN_POINT ( 'NONE',  ( 5.693893202250020380, 1.126713653625259104, -1.557341709393824658 ) ) ;
#1730 = CARTESIAN_POINT ( 'NONE',  ( 10.19999999999999929, 3.149999999999999911, 4.289999999999998259 ) ) ;
#1731 = CARTESIAN_POINT ( 'NONE',  ( 6.645345040894316213, 1.101109715255956134, -2.193547345402809601 ) ) ;
#1732 = AXIS2_PLACEMENT_3D ( 'NONE', #6483, #2822, #1005 ) ;
#1733 = ORIENTED_EDGE ( 'NONE', *, *, #7370, .F. ) ;
#1734 = ORIENTED_EDGE ( 'NONE', *, *, #1719, .T. ) ;
#1735 = EDGE_CURVE ( 'NONE', #6472, #5938, #3167, .T. ) ;
#1736 = FACE_OUTER_BOUND ( 'NONE', #7593, .T. ) ;
#1737 = DIRECTION ( 'NONE',  ( 0.000000000000000000, 0.000000000000000000, 1.000000000000000000 ) ) ;
#1738 = CIRCLE ( 'NONE', #7526, 1.599999999999999867 ) ;
#1739 = CARTESIAN_POINT ( 'NONE',  ( 6.724241894758602456, 1.220143405374620738, -1.599187873470781174 ) ) ;
#1740 = AXIS2_PLACEMENT_3D ( 'NONE', #3852, #6926, #2032 ) ;
#1741 = CARTESIAN_POINT ( 'NONE',  ( 5.421120163052561836, 1.099791084133635133, -1.681498651914946851 ) ) ;
#1742 = CARTESIAN_POINT ( 'NONE',  ( -10.85000000000002274, 0.4499999999999955147, -0.8099999999999993872 ) ) ;
#1743 = DIRECTION ( 'NONE',  ( -1.000000000000000000, 0.000000000000000000, 4.485885711162466802E-16 ) ) ;
#1744 = ORIENTED_EDGE ( 'NONE', *, *, #1693, .F. ) ;
#1745 = CYLINDRICAL_SURFACE ( 'NONE', #6274, 0.2000000000000000944 ) ;
#1746 = ORIENTED_EDGE ( 'NONE', *, *, #2048, .T. ) ;
#1747 = ORIENTED_EDGE ( 'NONE', *, *, #4578, .T. ) ;
#1748 = DIRECTION ( 'NONE',  ( 1.000000000000000000, 0.000000000000000000, 0.000000000000000000 ) ) ;
#1749 = CARTESIAN_POINT ( 'NONE',  ( 7.250000000000000000, 3.600000000000000533, -0.004506036726491914092 ) ) ;
#1750 = CARTESIAN_POINT ( 'NONE',  ( -10.40000000000000746, 0.3000000000000365707, -0.3135898384862206290 ) ) ;
#1751 = VECTOR ( 'NONE', #1690, 1000.000000000000000 ) ;
#1752 = VECTOR ( 'NONE', #4204, 1000.000000000000000 ) ;
#1753 = CARTESIAN_POINT ( 'NONE',  ( 10.40000000000000036, 3.149999999999999911, 4.289999999999998259 ) ) ;
#1754 = ORIENTED_EDGE ( 'NONE', *, *, #7828, .T. ) ;
#1755 = ADVANCED_FACE ( 'NONE', ( #7177 ), #2906, .T. ) ;
#1756 = CARTESIAN_POINT ( 'NONE',  ( 5.922319365811676839, 1.229881588883795951, -1.576665579125779759 ) ) ;
#1757 =( BOUNDED_SURFACE ( )  B_SPLINE_SURFACE ( 3, 3, ( 
 ( #4693, #7150, #4613, #414 ),
 ( #3363, #7073, #293, #5857 ),
 ( #1549, #1632, #2067, #5821 ),
 ( #5297, #2715, #6459, #3447 ) ),
 .UNSPECIFIED., .F., .F., .T. ) 
 B_SPLINE_SURFACE_WITH_KNOTS ( ( 4, 4 ),
 ( 4, 4 ),
 ( 0.000000000000000000, 1.000000000000000000 ),
 ( 0.000000000000000000, 1.000000000000000000 ),
 .UNSPECIFIED. ) 
 GEOMETRIC_REPRESENTATION_ITEM ( )  RATIONAL_B_SPLINE_SURFACE ( (
 ( 1.000000000000000000, 0.9975898588337598349, 0.9975898588337598349, 1.000000000000000000),
 ( 0.9590821752456349936, 0.9567706518132683691, 0.9567706518132683691, 0.9590821752456349936),
 ( 0.9590821752456349936, 0.9567706518132683691, 0.9567706518132683691, 0.9590821752456349936),
 ( 1.000000000000000000, 0.9975898588337598349, 0.9975898588337598349, 1.000000000000000000) ) ) 
 REPRESENTATION_ITEM ( '' )  SURFACE ( )  );
#1758 = CIRCLE ( 'NONE', #4837, 0.2000000000000005107 ) ;
#1759 = AXIS2_PLACEMENT_3D ( 'NONE', #7405, #2595, #1 ) ;
#1760 = CARTESIAN_POINT ( 'NONE',  ( 6.600342093071073002, 1.061091965334387544, -1.773156064374786345 ) ) ;
#1761 = ORIENTED_EDGE ( 'NONE', *, *, #4139, .F. ) ;
#1762 = DIRECTION ( 'NONE',  ( 1.000000000000000000, -3.624795322936608189E-15, -4.485885711162466802E-16 ) ) ;
#1763 = AXIS2_PLACEMENT_3D ( 'NONE', #4791, #2984, #4914 ) ;
#1764 = DIRECTION ( 'NONE',  ( 0.000000000000000000, -1.000000000000000000, 0.000000000000000000 ) ) ;
#1765 = CARTESIAN_POINT ( 'NONE',  ( -10.65000000000001990, 0.4714285714286097773, 2.588461497791621380 ) ) ;
#1766 = ORIENTED_EDGE ( 'NONE', *, *, #7355, .F. ) ;
#1767 = CARTESIAN_POINT ( 'NONE',  ( 3.996272168238066413, 3.599913911387299326, 3.228428439840346886 ) ) ;
#1768 = VERTEX_POINT ( 'NONE', #525 ) ;
#1769 = VECTOR ( 'NONE', #325, 1000.000000000000000 ) ;
#1770 = VECTOR ( 'NONE', #6477, 1000.000000000000000 ) ;
#1771 = CYLINDRICAL_SURFACE ( 'NONE', #7137, 0.02999999999999964501 ) ;
#1772 = CYLINDRICAL_SURFACE ( 'NONE', #3702, 0.2999999999999999334 ) ;
#1773 = EDGE_CURVE ( 'NONE', #787, #3972, #1633, .T. ) ;
#1774 = AXIS2_PLACEMENT_3D ( 'NONE', #4765, #4250, #405 ) ;
#1775 = CARTESIAN_POINT ( 'NONE',  ( -6.256204919917499829, 3.349999999999999645, 5.710000000000002629 ) ) ;
#1776 = EDGE_LOOP ( 'NONE', ( #7223, #7136, #54, #3724 ) ) ;
#1777 = ORIENTED_EDGE ( 'NONE', *, *, #4466, .F. ) ;
#1778 = CARTESIAN_POINT ( 'NONE',  ( 5.454217519287943183, 1.018320257331671863, -1.985043579421718718 ) ) ;
#1779 = CARTESIAN_POINT ( 'NONE',  ( 5.506106797749979798, 1.289405227792199016, -2.036598957356167361 ) ) ;
#1780 = FACE_OUTER_BOUND ( 'NONE', #1723, .T. ) ;
#1781 = VECTOR ( 'NONE', #5469, 1000.000000000000000 ) ;
#1782 = CARTESIAN_POINT ( 'NONE',  ( 4.000000000000000000, 1.349999999999978106, -2.257615395000003300 ) ) ;
#1783 = EDGE_CURVE ( 'NONE', #2391, #2528, #4799, .T. ) ;
#1784 = CARTESIAN_POINT ( 'NONE',  ( -3.974999999999998312, 3.600000000000000533, 3.215000000000000302 ) ) ;
#1785 = EDGE_LOOP ( 'NONE', ( #4607, #624, #3332, #1733, #3543, #5399 ) ) ;
#1786 = DIRECTION ( 'NONE',  ( 0.000000000000000000, -0.000000000000000000, -1.000000000000000000 ) ) ;
#1787 = ORIENTED_EDGE ( 'NONE', *, *, #5027, .F. ) ;
#1788 = DIRECTION ( 'NONE',  ( 1.000000000000000000, -3.624795322936608189E-15, -4.485885711162466802E-16 ) ) ;
#1789 = ORIENTED_EDGE ( 'NONE', *, *, #7178, .F. ) ;
#1790 = DIRECTION ( 'NONE',  ( -1.000000000000000000, -3.624795322936608189E-15, -0.000000000000000000 ) ) ;
#1791 = DIRECTION ( 'NONE',  ( 0.000000000000000000, 0.000000000000000000, 1.000000000000000000 ) ) ;
#1792 = FACE_OUTER_BOUND ( 'NONE', #4309, .T. ) ;
#1793 = CARTESIAN_POINT ( 'NONE',  ( 5.909023376180915221, 1.090909090909069068, -2.257615395000002856 ) ) ;
#1794 = CARTESIAN_POINT ( 'NONE',  ( -6.256204919917499829, 3.600000000000000533, 7.610000000000002096 ) ) ;
#1795 = EDGE_LOOP ( 'NONE', ( #3407, #7571, #351, #4745, #4595 ) ) ;
#1796 = AXIS2_PLACEMENT_3D ( 'NONE', #2960, #534, #1860 ) ;
#1797 = ORIENTED_EDGE ( 'NONE', *, *, #2007, .F. ) ;
#1798 = CARTESIAN_POINT ( 'NONE',  ( 4.418569801113320317, 1.464719600874963445, -1.660721558590973590 ) ) ;
#1799 = EDGE_CURVE ( 'NONE', #2207, #3195, #6618, .T. ) ;
#1800 = ORIENTED_EDGE ( 'NONE', *, *, #3774, .T. ) ;
#1801 = CARTESIAN_POINT ( 'NONE',  ( 6.560000000000040465, 1.097990277810638959, -1.631344101574273786 ) ) ;
#1802 = DIRECTION ( 'NONE',  ( 0.000000000000000000, 1.000000000000000000, 0.000000000000000000 ) ) ;
#1803 = ADVANCED_FACE ( 'NONE', ( #7255 ), #6665, .T. ) ;
#1804 = CARTESIAN_POINT ( 'NONE',  ( 7.200000000000000178, 3.599583217528247392, 3.214999999999998082 ) ) ;
#1805 = DIRECTION ( 'NONE',  ( -0.000000000000000000, 0.000000000000000000, 1.000000000000000000 ) ) ;
#1806 = DIRECTION ( 'NONE',  ( 0.7071067811865613395, 0.000000000000000000, 0.7071067811865335839 ) ) ;
#1807 = ORIENTED_EDGE ( 'NONE', *, *, #1783, .T. ) ;
#1808 = CARTESIAN_POINT ( 'NONE',  ( 5.909023376181059994, 1.150230495396526331, -1.791730496593372024 ) ) ;
#1809 = DIRECTION ( 'NONE',  ( 1.000000000000000000, 3.624795322936608189E-15, 0.000000000000000000 ) ) ;
#1810 = CARTESIAN_POINT ( 'NONE',  ( 5.599999999999999645, 1.349999999999978106, -3.244006805092601642 ) ) ;
#1811 = EDGE_LOOP ( 'NONE', ( #6673, #7070, #3414, #4681, #3415, #2157, #6407, #6089 ) ) ;
#1812 = EDGE_CURVE ( 'NONE', #3563, #891, #4675, .T. ) ;
#1813 = ORIENTED_EDGE ( 'NONE', *, *, #7737, .T. ) ;
#1814 = LINE ( 'NONE', #522, #6426 ) ;
#1815 = CARTESIAN_POINT ( 'NONE',  ( 4.549921628934338713, 1.500153345481873846, -1.580555792700155893 ) ) ;
#1816 = EDGE_CURVE ( 'NONE', #2202, #2868, #2141, .T. ) ;
#1817 = DIRECTION ( 'NONE',  ( 0.000000000000000000, -0.4108746525949196760, -0.9116918447891283472 ) ) ;
#1818 = DIRECTION ( 'NONE',  ( -1.333139840934641103E-16, -1.000000000000000000, 2.171692714077831440E-14 ) ) ;
#1819 = CARTESIAN_POINT ( 'NONE',  ( 10.19999999999999929, 3.349999999999999645, -4.409999999999999254 ) ) ;
#1820 = ORIENTED_EDGE ( 'NONE', *, *, #5123, .F. ) ;
#1821 = CARTESIAN_POINT ( 'NONE',  ( 5.269463606425994762, 1.101109710447193413, -2.193547484175488282 ) ) ;
#1822 = ORIENTED_EDGE ( 'NONE', *, *, #3636, .T. ) ;
#1823 = DIRECTION ( 'NONE',  ( 0.7071067811865457964, -3.491481338843134144E-15, 0.7071067811865493491 ) ) ;
#1824 = EDGE_LOOP ( 'NONE', ( #6184, #4253, #1173, #1643 ) ) ;
#1825 = CARTESIAN_POINT ( 'NONE',  ( 6.560000000000007603, 1.342718980692920727, -1.767033746175316944 ) ) ;
#1826 = DIRECTION ( 'NONE',  ( 1.333139840934740203E-16, -1.000000000000000000, -6.550704629611134845E-16 ) ) ;
#1827 = EDGE_CURVE ( 'NONE', #1635, #2645, #7319, .T. ) ;
#1828 = EDGE_CURVE ( 'NONE', #2428, #2576, #5357, .T. ) ;
#1829 = LINE ( 'NONE', #3000, #6204 ) ;
#1830 = CARTESIAN_POINT ( 'NONE',  ( 6.765431205821754723, 1.027871925009053555, -1.924569578976613071 ) ) ;
#1831 = ORIENTED_EDGE ( 'NONE', *, *, #633, .T. ) ;
#1832 = VERTEX_POINT ( 'NONE', #1457 ) ;
#1833 = CARTESIAN_POINT ( 'NONE',  ( 3.949999999999999734, 3.349999999999999645, -0.004506036726491247091 ) ) ;
#1834 = VERTEX_POINT ( 'NONE', #3914 ) ;
#1835 = CARTESIAN_POINT ( 'NONE',  ( 6.734173541755233749, 1.355134107170072877, -1.713687711417239745 ) ) ;
#1836 = CARTESIAN_POINT ( 'NONE',  ( -12.05000000000004512, 0.2499999999999948097, -0.8100000000000051603 ) ) ;
#1837 = EDGE_CURVE ( 'NONE', #5620, #751, #886, .T. ) ;
#1838 = EDGE_CURVE ( 'NONE', #4155, #940, #4600, .T. ) ;
#1839 = CARTESIAN_POINT ( 'NONE',  ( 4.639999999999991687, 1.027813721342135223, -1.929438750279898862 ) ) ;
#1840 = DIRECTION ( 'NONE',  ( 0.000000000000000000, 0.000000000000000000, -1.000000000000000000 ) ) ;
#1841 = DIRECTION ( 'NONE',  ( -0.000000000000000000, -1.000000000000000000, -0.000000000000000000 ) ) ;
#1842 = DIRECTION ( 'NONE',  ( 1.000000000000000000, 0.000000000000000000, 0.000000000000000000 ) ) ;
#1843 = ORIENTED_EDGE ( 'NONE', *, *, #3020, .T. ) ;
#1844 = SHAPE_DEFINITION_REPRESENTATION ( #3262, #2730 ) ;
#1845 = CARTESIAN_POINT ( 'NONE',  ( 6.642273392908588647, 1.101509455489146028, -2.182011542312609187 ) ) ;
#1846 = EDGE_LOOP ( 'NONE', ( #6979, #1236, #1981, #7077 ) ) ;
#1847 = AXIS2_PLACEMENT_3D ( 'NONE', #1873, #1318, #1353 ) ;
#1848 = ORIENTED_EDGE ( 'NONE', *, *, #1336, .T. ) ;
#1849 = LINE ( 'NONE', #45, #2967 ) ;
#1850 = CARTESIAN_POINT ( 'NONE',  ( 5.311843314142470796, 1.378508981770180997, -1.939574996710562438 ) ) ;
#1851 = CARTESIAN_POINT ( 'NONE',  ( 5.693893202250020380, 1.342718980693138331, -1.767033746174716757 ) ) ;
#1852 = LINE ( 'NONE', #3785, #1108 ) ;
#1853 = EDGE_CURVE ( 'NONE', #2865, #1364, #5806, .T. ) ;
#1854 = AXIS2_PLACEMENT_3D ( 'NONE', #1976, #5770, #7506 ) ;
#1855 = CARTESIAN_POINT ( 'NONE',  ( -3.999999999999998224, 3.349374608885954618, 3.215000000000000302 ) ) ;
#1856 = ORIENTED_EDGE ( 'NONE', *, *, #1906, .F. ) ;
#1857 = CARTESIAN_POINT ( 'NONE',  ( 10.19999999999999751, 3.349999999999999645, 4.289999999999998259 ) ) ;
#1858 = ORIENTED_EDGE ( 'NONE', *, *, #1135, .T. ) ;
#1859 = ORIENTED_EDGE ( 'NONE', *, *, #6908, .T. ) ;
#1860 = DIRECTION ( 'NONE',  ( 0.000000000000000000, 0.000000000000000000, -1.000000000000000000 ) ) ;
#1861 = AXIS2_PLACEMENT_3D ( 'NONE', #2726, #1409, #5685 ) ;
#1862 = CARTESIAN_POINT ( 'NONE',  ( -7.200000000000001066, 1.349999999999978106, -2.259999999999995790 ) ) ;
#1863 = DIRECTION ( 'NONE',  ( 1.000000000000000000, 0.000000000000000000, 0.000000000000000000 ) ) ;
#1864 = DIRECTION ( 'NONE',  ( -0.000000000000000000, 0.4108746525949196760, 0.9116918447891283472 ) ) ;
#1865 = CLOSED_SHELL ( 'NONE', ( #2871, #6590, #1394, #5019, #6715, #5816, #5913, #3855, #7245, #4504, #5381, #1436, #7236, #6758, #4538, #2083, #4958, #6185, #3252, #3245, #1209, #5326, #5368, #6355, #7925, #7735, #3709, #6551, #2489, #3487, #5497, #4532, #4836, #3104, #6838, #17, #5855, #6038, #4813, #6148, #1246, #7291, #6613, #3499, #182, #18, #5720, #7098, #2111, #1485, #4650, #3210, #1563, #4984, #3832, #549, #5414, #7905, #6542, #229, #7781, #2722, #2499, #7597, #191, #6879, #3797, #4048, #2265, #5602, #2855, #286, #5036, #2789, #4389, #7529, #7198, #3968, #4257, #7672, #1149, #6335, #3165, #563, #4258, #7333, #6403, #3931, #2196, #2565, #1960, #5346, #519, #636, #1571, #5530, #977, #3508, #2667, #7586, #4972, #5961, #2449, #4886, #2018, #6503, #1755, #4272, #4986, #4688, #2599, #1230, #738, #1803, #6195, #6982, #7180, #2365, #295, #5673, #4941, #2537, #6067, #3091, #778, #2403, #930, #7447, #5476, #3026, #3201, #6166, #7635, #2546, #1382, #388, #1560, #5137, #4038, #5050, #5244, #5586, #7331, #6481, #1112, #5789, #5755, #6768, #6021, #3341, #7244, #5221, #7283, #4606, #6211, #7045, #6953, #3311, #4100, #2564, #5270, #1082, #161, #3393, #819, #6223, #6798, #3064, #7354, #419, #7919, #379, #7554, #4494, #4090, #2068, #3996, #5736, #1036, #7871, #4920, #1868, #6478, #3911, #71, #6447, #1404, #3588, #4736, #5836, #492, #766, #4588, #7572, #2414, #246, #5155, #3509, #1055, #6603, #3493, #7694, #3001, #6098, #5159, #3887, #2969, #6235, #7274, #1709, #3938, #3454, #5284, #1877, #3181, #102, #5295, #7494, #2153, #2336 ) ) ;
#1866 = CARTESIAN_POINT ( 'NONE',  ( 6.600402548050953833, 1.028850780449451996, -1.923160147681267418 ) ) ;
#1867 = ORIENTED_EDGE ( 'NONE', *, *, #7434, .F. ) ;
#1868 = ADVANCED_FACE ( 'NONE', ( #3387 ), #5045, .T. ) ;
#1869 = ORIENTED_EDGE ( 'NONE', *, *, #3708, .F. ) ;
#1870 = CARTESIAN_POINT ( 'NONE',  ( -10.65000000000002167, 0.3000000000000375144, -0.3135898384862205734 ) ) ;
#1871 = ORIENTED_EDGE ( 'NONE', *, *, #1679, .T. ) ;
#1872 = CARTESIAN_POINT ( 'NONE',  ( 4.639999999999933067, 1.377990277810741571, -1.631344101574695227 ) ) ;
#1873 = CARTESIAN_POINT ( 'NONE',  ( 10.65000000000001101, 0.5000000000000383027, -4.209999999999999076 ) ) ;
#1874 = CARTESIAN_POINT ( 'NONE',  ( 4.485664429744722348, 1.094431749762050377, -2.144025581978504569 ) ) ;
#1875 = CIRCLE ( 'NONE', #6248, 0.2000000000000000944 ) ;
#1876 = CARTESIAN_POINT ( 'NONE',  ( 5.693893202250020380, 1.452200902661178183, -1.456409822439908908 ) ) ;
#1877 = ADVANCED_FACE ( 'NONE', ( #1613 ), #7703, .T. ) ;
#1878 = LINE ( 'NONE', #4909, #4699 ) ;
#1879 = EDGE_CURVE ( 'NONE', #291, #1834, #438, .T. ) ;
#1880 = VECTOR ( 'NONE', #4933, 1000.000000000000114 ) ;
#1881 = CARTESIAN_POINT ( 'NONE',  ( 5.599999999999998757, 1.099999999999978106, -3.288036393574004457 ) ) ;
#1882 = CARTESIAN_POINT ( 'NONE',  ( 5.917500000000001315, 1.071127705751742321, -2.192508545081036875 ) ) ;
#1883 =( NAMED_UNIT ( * ) SI_UNIT ( $, .STERADIAN. ) SOLID_ANGLE_UNIT ( ) );
#1884 = CIRCLE ( 'NONE', #209, 0.2999999999999988232 ) ;
#1885 = VECTOR ( 'NONE', #5516, 1000.000000000000114 ) ;
#1886 = CARTESIAN_POINT ( 'NONE',  ( 6.870359014349199711, 1.123511401659894826, -1.952579415808253893 ) ) ;
#1887 = ORIENTED_EDGE ( 'NONE', *, *, #3327, .F. ) ;
#1888 = CIRCLE ( 'NONE', #1121, 1.850000000000000089 ) ;
#1889 = AXIS2_PLACEMENT_3D ( 'NONE', #1730, #6653, #1000 ) ;
#1890 = VERTEX_POINT ( 'NONE', #4638 ) ;
#1891 = CARTESIAN_POINT ( 'NONE',  ( 5.348246817313629720, 1.156619979062817993, -1.568827899030871720 ) ) ;
#1892 = CARTESIAN_POINT ( 'NONE',  ( 5.506106797749979798, 1.279999999999977822, -2.146907059139809171 ) ) ;
#1893 = DIRECTION ( 'NONE',  ( 0.000000000000000000, -0.9781578207777743561, 0.2078636034790008469 ) ) ;
#1894 = DIRECTION ( 'NONE',  ( 1.333139840934742915E-16, -1.000000000000000000, -6.550704629611133859E-16 ) ) ;
#1895 = EDGE_CURVE ( 'NONE', #4880, #6580, #2862, .T. ) ;
#1896 = CIRCLE ( 'NONE', #6015, 0.3135478413607354353 ) ;
#1897 = CARTESIAN_POINT ( 'NONE',  ( 5.910562391188903142, 1.503584889058908525, -1.571890500799865809 ) ) ;
#1898 = ORIENTED_EDGE ( 'NONE', *, *, #4676, .F. ) ;
#1899 = CARTESIAN_POINT ( 'NONE',  ( 5.290976623819037883, 1.090909090909115919, -2.257615395000003300 ) ) ;
#1900 = VERTEX_POINT ( 'NONE', #6575 ) ;
#1901 = AXIS2_PLACEMENT_3D ( 'NONE', #2482, #4, #118 ) ;
#1902 = ORIENTED_EDGE ( 'NONE', *, *, #7313, .T. ) ;
#1903 = CARTESIAN_POINT ( 'NONE',  ( 5.290976623819083180, 1.544150234765843788, -0.8523470498205697465 ) ) ;
#1904 = LINE ( 'NONE', #2467, #64 ) ;
#1905 = CARTESIAN_POINT ( 'NONE',  ( 6.753328601860859592, 1.308853771861781201, -1.919706468968355395 ) ) ;
#1906 = EDGE_CURVE ( 'NONE', #6262, #2303, #3689, .T. ) ;
#1907 = DIRECTION ( 'NONE',  ( 1.000000000000000000, 0.000000000000000000, 0.000000000000000000 ) ) ;
#1908 = CARTESIAN_POINT ( 'NONE',  ( -7.224999999999998757, 3.349999999999999645, 3.215000000000001634 ) ) ;
#1909 = ORIENTED_EDGE ( 'NONE', *, *, #5541, .T. ) ;
#1910 = ORIENTED_EDGE ( 'NONE', *, *, #4763, .T. ) ;
#1911 = CARTESIAN_POINT ( 'NONE',  ( 5.914750395530417926, 1.096801526281418804, -2.257615395000002856 ) ) ;
#1912 = ORIENTED_EDGE ( 'NONE', *, *, #1256, .F. ) ;
#1913 = ORIENTED_EDGE ( 'NONE', *, *, #6669, .T. ) ;
#1914 = LINE ( 'NONE', #6840, #1417 ) ;
#1915 = CARTESIAN_POINT ( 'NONE',  ( 5.886506805096484385, 1.350000000003226841, -2.220479043917654494 ) ) ;
#1916 = CARTESIAN_POINT ( 'NONE',  ( 5.313493194907396244, 1.349999999999978328, -2.220479043917569228 ) ) ;
#1917 = EDGE_CURVE ( 'NONE', #726, #2070, #5844, .T. ) ;
#1918 = VECTOR ( 'NONE', #1419, 1000.000000000000000 ) ;
#1919 = FACE_OUTER_BOUND ( 'NONE', #5891, .T. ) ;
#1920 =( BOUNDED_CURVE ( )  B_SPLINE_CURVE ( 3, ( #1977, #1309, #2051, #6947 ),
 .UNSPECIFIED., .F., .T. ) 
 B_SPLINE_CURVE_WITH_KNOTS ( ( 4, 4 ),
 ( 0.000000000000000000, 1.000000000000000000 ),
 .UNSPECIFIED. ) 
 CURVE ( )  GEOMETRIC_REPRESENTATION_ITEM ( )  RATIONAL_B_SPLINE_CURVE ( ( 1.000000000000000000, 0.8047378541243652705, 0.8047378541243652705, 1.000000000000000000 ) ) 
 REPRESENTATION_ITEM ( '' )  );
#1921 = DIRECTION ( 'NONE',  ( -1.000000000000000000, -3.624795322936608189E-15, -0.000000000000000000 ) ) ;
#1922 = LINE ( 'NONE', #5098, #3059 ) ;
#1923 = EDGE_CURVE ( 'NONE', #2809, #5543, #3663, .T. ) ;
#1924 = EDGE_CURVE ( 'NONE', #452, #4164, #6126, .T. ) ;
#1925 = CARTESIAN_POINT ( 'NONE',  ( -7.640254000779582277, 3.349999999999999645, 7.011694334997594424 ) ) ;
#1926 = ORIENTED_EDGE ( 'NONE', *, *, #6253, .F. ) ;
#1927 = CARTESIAN_POINT ( 'NONE',  ( 5.423936520126419580, 1.062222206662710500, -1.768948838969537807 ) ) ;
#1928 = CARTESIAN_POINT ( 'NONE',  ( 4.361804401974621825, 1.112892734472154643, -2.031908302724764415 ) ) ;
#1929 = AXIS2_PLACEMENT_3D ( 'NONE', #4035, #2142, #3520 ) ;
#1930 = DIRECTION ( 'NONE',  ( 1.000000000000000000, -3.624795322936608189E-15, -4.485885711162466802E-16 ) ) ;
#1931 = CARTESIAN_POINT ( 'NONE',  ( -10.65000000000002167, 0.2499999999999950595, 0.2899999999999970934 ) ) ;
#1932 = DIRECTION ( 'NONE',  ( 0.000000000000000000, 1.000000000000000000, 0.000000000000000000 ) ) ;
#1933 = EDGE_CURVE ( 'NONE', #4077, #5445, #2782, .T. ) ;
#1934 = DIRECTION ( 'NONE',  ( 0.000000000000000000, -1.000000000000000000, 0.000000000000000000 ) ) ;
#1935 = VERTEX_POINT ( 'NONE', #2295 ) ;
#1936 = PLANE ( 'NONE',  #857 ) ;
#1937 = ORIENTED_EDGE ( 'NONE', *, *, #5095, .F. ) ;
#1938 = ORIENTED_EDGE ( 'NONE', *, *, #844, .F. ) ;
#1939 = DIRECTION ( 'NONE',  ( 1.000000000000000000, 0.000000000000000000, 8.225028808767795004E-15 ) ) ;
#1940 = DIRECTION ( 'NONE',  ( -4.485885711162466802E-16, 0.000000000000000000, -1.000000000000000000 ) ) ;
#1941 = CARTESIAN_POINT ( 'NONE',  ( 6.848205441041310237, 1.398915393804926577, -1.868500431717646126 ) ) ;
#1942 = CARTESIAN_POINT ( 'NONE',  ( -10.24931636850889838, 1.499999999999999334, -5.285304831491125732 ) ) ;
#1943 = VERTEX_POINT ( 'NONE', #4760 ) ;
#1944 = DIRECTION ( 'NONE',  ( 8.673617379884029161E-14, -0.9116918447891286803, 0.4108746525949191208 ) ) ;
#1945 = ORIENTED_EDGE ( 'NONE', *, *, #2523, .T. ) ;
#1946 = EDGE_CURVE ( 'NONE', #6942, #1152, #7096, .T. ) ;
#1947 = ORIENTED_EDGE ( 'NONE', *, *, #4835, .T. ) ;
#1948 = VECTOR ( 'NONE', #2949, 1000.000000000000114 ) ;
#1949 = PLANE ( 'NONE',  #4381 ) ;
#1950 = LINE ( 'NONE', #3207, #4420 ) ;
#1951 = DIRECTION ( 'NONE',  ( 1.836970198721029194E-16, 0.4108746525949195094, 0.9116918447891283472 ) ) ;
#1952 = EDGE_CURVE ( 'NONE', #6082, #4489, #7797, .T. ) ;
#1953 = DIRECTION ( 'NONE',  ( 0.000000000000000000, 1.000000000000000000, 0.000000000000000000 ) ) ;
#1954 = CARTESIAN_POINT ( 'NONE',  ( 5.277680634188322450, 1.099999999999977884, -2.957499999999998685 ) ) ;
#1955 = EDGE_CURVE ( 'NONE', #7873, #2809, #1572, .T. ) ;
#1956 = DIRECTION ( 'NONE',  ( 0.000000000000000000, 1.000000000000000000, 0.000000000000000000 ) ) ;
#1957 = CARTESIAN_POINT ( 'NONE',  ( 3.992782973129715085, 3.349952824599058854, 3.232792759935009919 ) ) ;
#1958 = DIRECTION ( 'NONE',  ( 1.000000000000000000, 0.000000000000000000, 0.000000000000000000 ) ) ;
#1959 = DIRECTION ( 'NONE',  ( 0.7071067811865470176, -0.000000000000000000, 0.7071067811865480168 ) ) ;
#1960 = ADVANCED_FACE ( 'NONE', ( #5283 ), #4027, .T. ) ;
#1961 = EDGE_LOOP ( 'NONE', ( #5277, #7786, #4850, #4107 ) ) ;
#1962 = VERTEX_POINT ( 'NONE', #3431 ) ;
#1963 = DIRECTION ( 'NONE',  ( 0.000000000000000000, 0.000000000000000000, -1.000000000000000000 ) ) ;
#1964 = CARTESIAN_POINT ( 'NONE',  ( 5.423936520126419580, 1.126713653625258438, -1.557341709393825546 ) ) ;
#1965 = CARTESIAN_POINT ( 'NONE',  ( 6.646393202251342558, 2.949999999999978861, -2.257615395000002856 ) ) ;
#1966 = CARTESIAN_POINT ( 'NONE',  ( 5.290976623819084068, 1.255081979460190178, -1.493762063584902045 ) ) ;
#1967 = LINE ( 'NONE', #6743, #3933 ) ;
#1968 = DIRECTION ( 'NONE',  ( 1.333139840934742915E-16, -1.000000000000000000, -6.550704629611133859E-16 ) ) ;
#1969 = CIRCLE ( 'NONE', #427, 1.850000000000000089 ) ;
#1970 = ORIENTED_EDGE ( 'NONE', *, *, #395, .F. ) ;
#1971 = EDGE_CURVE ( 'NONE', #3750, #5809, #5412, .T. ) ;
#1972 = DIRECTION ( 'NONE',  ( 1.000000000000000000, 3.624795322936608189E-15, -0.000000000000000000 ) ) ;
#1973 = VERTEX_POINT ( 'NONE', #3472 ) ;
#1974 = VERTEX_POINT ( 'NONE', #2212 ) ;
#1975 = FACE_OUTER_BOUND ( 'NONE', #7428, .T. ) ;
#1976 = CARTESIAN_POINT ( 'NONE',  ( 6.646393202250020060, 1.616039595716573851, -1.914640449260009314 ) ) ;
#1977 = CARTESIAN_POINT ( 'NONE',  ( 5.506106797749978909, 1.461269157966831100, -0.8149948086755767207 ) ) ;
#1978 = CIRCLE ( 'NONE', #2370, 0.2000000000000000944 ) ;
#1979 = CARTESIAN_POINT ( 'NONE',  ( 7.200000000000001066, 1.353069906740344219, -1.842507845993992532 ) ) ;
#1980 = CARTESIAN_POINT ( 'NONE',  ( 5.269463606425994762, 1.525087587102070597, -0.8437560343572212407 ) ) ;
#1981 = ORIENTED_EDGE ( 'NONE', *, *, #2741, .F. ) ;
#1982 = VECTOR ( 'NONE', #5796, 1000.000000000000000 ) ;
#1983 = DIRECTION ( 'NONE',  ( -1.000000000000000000, -0.000000000000000000, -0.000000000000000000 ) ) ;
#1984 = AXIS2_PLACEMENT_3D ( 'NONE', #6315, #2427, #2464 ) ;
#1985 = EDGE_LOOP ( 'NONE', ( #5823, #5607, #5421, #7706 ) ) ;
#1986 = ORIENTED_EDGE ( 'NONE', *, *, #3453, .T. ) ;
#1987 = DIRECTION ( 'NONE',  ( 0.000000000000000000, -1.000000000000000000, 0.000000000000000000 ) ) ;
#1988 = DIRECTION ( 'NONE',  ( -1.000000000000000000, -0.000000000000000000, -0.000000000000000000 ) ) ;
#1989 = DIRECTION ( 'NONE',  ( -1.000000000000000000, -0.000000000000000000, -0.000000000000000000 ) ) ;
#1990 = EDGE_CURVE ( 'NONE', #7468, #423, #3172, .T. ) ;
#1991 = CARTESIAN_POINT ( 'NONE',  ( 5.334874526351857327, 1.635445547767707453, -0.6718971662073840445 ) ) ;
#1992 = CARTESIAN_POINT ( 'NONE',  ( 5.930536393574006304, 1.238057920502389608, -1.556363431405268116 ) ) ;
#1993 = CARTESIAN_POINT ( 'NONE',  ( 6.646393202251339893, 1.336039595716536077, -1.914640449260187616 ) ) ;
#1994 = ORIENTED_EDGE ( 'NONE', *, *, #6437, .F. ) ;
#1995 = FACE_OUTER_BOUND ( 'NONE', #5466, .T. ) ;
#1996 = PRODUCT_CONTEXT ( 'NONE', #6323, 'mechanical' ) ;
#1997 = AXIS2_PLACEMENT_3D ( 'NONE', #1908, #5011, #60 ) ;
#1998 = AXIS2_PLACEMENT_3D ( 'NONE', #6533, #1010, #3474 ) ;
#1999 = LINE ( 'NONE', #2644, #4710 ) ;
#2000 = ORIENTED_EDGE ( 'NONE', *, *, #6006, .T. ) ;
#2001 = LINE ( 'NONE', #1407, #572 ) ;
#2002 = CIRCLE ( 'NONE', #1368, 1.899999999999999689 ) ;
#2003 = DIRECTION ( 'NONE',  ( 4.485885711162466802E-16, 0.000000000000000000, 1.000000000000000000 ) ) ;
#2004 = AXIS2_PLACEMENT_3D ( 'NONE', #4091, #1022, #5935 ) ;
#2005 = CARTESIAN_POINT ( 'NONE',  ( -11.85000000000004228, -4.937188806284069407E-15, -1.010000000000004006 ) ) ;
#2006 = CARTESIAN_POINT ( 'NONE',  ( 6.883036393574005096, 1.112893339305599305, -1.858317113971466705 ) ) ;
#2007 = EDGE_CURVE ( 'NONE', #1974, #4208, #3295, .T. ) ;
#2008 = DIRECTION ( 'NONE',  ( -6.458227422384143666E-12, 0.2123927026738490487, 0.9771843939865690887 ) ) ;
#2009 = CARTESIAN_POINT ( 'NONE',  ( 11.85000000000003162, -3.843964275861633587E-15, -2.610000000000008757 ) ) ;
#2010 = AXIS2_PLACEMENT_3D ( 'NONE', #4216, #3122, #537 ) ;
#2011 = ORIENTED_EDGE ( 'NONE', *, *, #844, .T. ) ;
#2012 = CARTESIAN_POINT ( 'NONE',  ( 5.506106797749979798, 1.009405227792199211, -2.036598957356166917 ) ) ;
#2013 = ORIENTED_EDGE ( 'NONE', *, *, #2548, .T. ) ;
#2014 = ORIENTED_EDGE ( 'NONE', *, *, #678, .F. ) ;
#2015 = PLANE ( 'NONE',  #4618 ) ;
#2016 = DIRECTION ( 'NONE',  ( 0.000000000000000000, -0.9116918447891283472, 0.4108746525949196760 ) ) ;
#2017 = CARTESIAN_POINT ( 'NONE',  ( 6.646393970809332252, 1.320104708793667481, -1.863987156720354754 ) ) ;
#2018 = ADVANCED_FACE ( 'NONE', ( #6783 ), #4246, .T. ) ;
#2019 = CARTESIAN_POINT ( 'NONE',  ( 4.338476623818157130, 1.132715646546268218, -1.865563321596667379 ) ) ;
#2020 = EDGE_CURVE ( 'NONE', #578, #817, #7463, .T. ) ;
#2021 = CARTESIAN_POINT ( 'NONE',  ( 6.861523376184166523, 1.131515687737839837, -1.871178059442718533 ) ) ;
#2022 = ORIENTED_EDGE ( 'NONE', *, *, #5436, .T. ) ;
#2023 = LINE ( 'NONE', #6951, #1259 ) ;
#2024 = VERTEX_POINT ( 'NONE', #3754 ) ;
#2025 = ORIENTED_EDGE ( 'NONE', *, *, #6266, .T. ) ;
#2026 = CARTESIAN_POINT ( 'NONE',  ( 6.828007621688351847, 1.168940831857637086, -1.725335853979510947 ) ) ;
#2027 = CARTESIAN_POINT ( 'NONE',  ( -7.199999999999999289, 2.849999999999999645, 3.239999999999999769 ) ) ;
#2028 = FACE_OUTER_BOUND ( 'NONE', #706, .T. ) ;
#2029 = VECTOR ( 'NONE', #4138, 1000.000000000000000 ) ;
#2030 = CARTESIAN_POINT ( 'NONE',  ( 3.061616997868383043E-15, 3.349999999999999645, -7.609999999999994991 ) ) ;
#2031 = CARTESIAN_POINT ( 'NONE',  ( 5.411189686923014719, 1.099999999999977884, -3.279819365811674103 ) ) ;
#2032 = DIRECTION ( 'NONE',  ( 0.000000000000000000, 1.000000000000000000, 0.000000000000000000 ) ) ;
#2033 = CARTESIAN_POINT ( 'NONE',  ( 5.693893202250020380, 0.9999999999999785727, -2.257615395000002856 ) ) ;
#2034 = AXIS2_PLACEMENT_3D ( 'NONE', #2479, #1727, #2287 ) ;
#2035 = DIRECTION ( 'NONE',  ( -1.000000000000000000, 1.333139840934785563E-16, -6.490305332790986332E-15 ) ) ;
#2036 = ORIENTED_EDGE ( 'NONE', *, *, #3978, .T. ) ;
#2037 = B_SPLINE_CURVE_WITH_KNOTS ( 'NONE', 3,
 ( #3228, #2614, #164, #1821 ),
 .UNSPECIFIED., .F., .F.,
 ( 4, 4 ),
 ( 0.000000000000000000, 1.000000000000000000 ),
 .UNSPECIFIED. ) ;
#2038 = EDGE_CURVE ( 'NONE', #1152, #991, #4884, .T. ) ;
#2039 = LINE ( 'NONE', #4289, #1088 ) ;
#2040 = FACE_BOUND ( 'NONE', #6792, .T. ) ;
#2041 = CARTESIAN_POINT ( 'NONE',  ( 10.85000000000002274, -5.157137873477514632E-15, -0.8100000000000069367 ) ) ;
#2042 = CARTESIAN_POINT ( 'NONE',  ( 5.285249604469581364, 1.260454064735108570, -1.496183115921454476 ) ) ;
#2043 = LINE ( 'NONE', #5725, #91 ) ;
#2044 = LINE ( 'NONE', #2123, #1770 ) ;
#2045 = VERTEX_POINT ( 'NONE', #6742 ) ;
#2046 = DIRECTION ( 'NONE',  ( -1.000000000000000000, -0.000000000000000000, -0.000000000000000000 ) ) ;
#2047 = ORIENTED_EDGE ( 'NONE', *, *, #4780, .F. ) ;
#2048 = EDGE_CURVE ( 'NONE', #192, #2576, #1218, .T. ) ;
#2049 = LINE ( 'NONE', #4483, #1918 ) ;
#2050 = DIRECTION ( 'NONE',  ( -1.000000000000000000, 1.333139840934641103E-16, -2.895170079404639230E-30 ) ) ;
#2051 = CARTESIAN_POINT ( 'NONE',  ( 5.544998635536577680, 1.499847494822332372, -0.7293931419030962315 ) ) ;
#2052 = B_SPLINE_CURVE_WITH_KNOTS ( 'NONE', 3,
 ( #4703, #7164, #4942, #7402, #1646, #3502, #4189, #1874, #3699, #1284 ),
 .UNSPECIFIED., .F., .F.,
 ( 4, 2, 2, 2, 4 ),
 ( 0.000000000000000000, 0.2500000000000005551, 0.3750000000000019429, 0.5000000000000033307, 1.000000000000000000 ),
 .UNSPECIFIED. ) ;
#2053 = AXIS2_PLACEMENT_3D ( 'NONE', #2593, #1989, #6920 ) ;
#2054 = CARTESIAN_POINT ( 'NONE',  ( 5.396116525365867389, 1.396354667544911443, -1.658065646064055043 ) ) ;
#2055 = CARTESIAN_POINT ( 'NONE',  ( 4.316963606424637057, 1.140408031561096047, -1.873067728563851286 ) ) ;
#2056 = CARTESIAN_POINT ( 'NONE',  ( 5.599999999999999645, 1.349999999999978106, -3.859999999999998987 ) ) ;
#2057 = ORIENTED_EDGE ( 'NONE', *, *, #2857, .T. ) ;
#2058 = CARTESIAN_POINT ( 'NONE',  ( 5.289692055220175604, 1.094073794982422188, -2.173182992333011043 ) ) ;
#2059 = ORIENTED_EDGE ( 'NONE', *, *, #2711, .T. ) ;
#2060 = EDGE_CURVE ( 'NONE', #726, #6416, #6131, .T. ) ;
#2061 = EDGE_LOOP ( 'NONE', ( #2508, #1054, #5088, #5468 ) ) ;
#2062 = CARTESIAN_POINT ( 'NONE',  ( 5.354884453698097957, 1.324997497200067098, -2.096812122080963015 ) ) ;
#2063 = DIRECTION ( 'NONE',  ( 0.000000000000000000, 0.000000000000000000, -1.000000000000000000 ) ) ;
#2064 = LINE ( 'NONE', #4529, #648 ) ;
#2065 = DIRECTION ( 'NONE',  ( -0.000000000000000000, -0.000000000000000000, -1.000000000000000000 ) ) ;
#2066 = CARTESIAN_POINT ( 'NONE',  ( 5.457051770995046347, 1.674959432342909782, -0.5842196078677925897 ) ) ;
#2067 = CARTESIAN_POINT ( 'NONE',  ( 5.765825309724347925, 1.279999999999973381, -2.146907059139862906 ) ) ;
#2068 = ADVANCED_FACE ( 'NONE', ( #1265 ), #5304, .T. ) ;
#2069 = EDGE_CURVE ( 'NONE', #4901, #7358, #5222, .T. ) ;
#2070 = VERTEX_POINT ( 'NONE', #6799 ) ;
#2071 = CARTESIAN_POINT ( 'NONE',  ( 4.000000000000000000, 1.491293048337372529, -1.600215950848132840 ) ) ;
#2072 = CARTESIAN_POINT ( 'NONE',  ( 5.851753182686093346, 1.031984737185657197, -2.148722944794552170 ) ) ;
#2073 = AXIS2_PLACEMENT_3D ( 'NONE', #3087, #1146, #5548 ) ;
#2074 = CARTESIAN_POINT ( 'NONE',  ( -10.85000000000001918, 0.2500000000000167089, 0.2899999999999970379 ) ) ;
#2075 = ORIENTED_EDGE ( 'NONE', *, *, #1527, .F. ) ;
#2076 = ORIENTED_EDGE ( 'NONE', *, *, #4165, .T. ) ;
#2077 = LINE ( 'NONE', #7761, #4871 ) ;
#2078 = CARTESIAN_POINT ( 'NONE',  ( 5.599999999999999645, 1.824150234765843814, -0.8523470498205697465 ) ) ;
#2079 = CARTESIAN_POINT ( 'NONE',  ( 5.506106797749978909, 1.725708456097916343, -1.579672218218385105 ) ) ;
#2080 = CARTESIAN_POINT ( 'NONE',  ( 7.209382819972522505, 3.599979993190468797, 3.234521877211393726 ) ) ;
#2081 = DIRECTION ( 'NONE',  ( 2.468850131082258244E-15, -1.000000000000000000, -2.468850131082273627E-15 ) ) ;
#2082 = CARTESIAN_POINT ( 'NONE',  ( 5.887719426186535543, 1.619456907746078977, -0.7073744404196706803 ) ) ;
#2083 = ADVANCED_FACE ( 'NONE', ( #27 ), #6145, .F. ) ;
#2084 = ORIENTED_EDGE ( 'NONE', *, *, #2020, .T. ) ;
#2085 = DIRECTION ( 'NONE',  ( 0.000000000000000000, 1.000000000000000000, 0.000000000000000000 ) ) ;
#2086 = VERTEX_POINT ( 'NONE', #1310 ) ;
#2087 = FACE_OUTER_BOUND ( 'NONE', #5250, .T. ) ;
#2088 = CARTESIAN_POINT ( 'NONE',  ( 5.914750395530418814, 1.808168238876111333, -0.2808573646586507433 ) ) ;
#2089 = EDGE_CURVE ( 'NONE', #2424, #6416, #2507, .T. ) ;
#2090 = DIRECTION ( 'NONE',  ( -1.000000000000000000, -3.624795322936608189E-15, -0.000000000000000000 ) ) ;
#2091 = DIRECTION ( 'NONE',  ( 0.000000000000000000, 1.000000000000000000, 0.000000000000000000 ) ) ;
#2092 =( BOUNDED_SURFACE ( )  B_SPLINE_SURFACE ( 3, 3, ( 
 ( #7220, #7705, #7179, #964 ),
 ( #2740, #2864, #5202, #7745 ),
 ( #3516, #7661, #2135, #4678 ),
 ( #1616, #5327, #3390, #2177 ) ),
 .UNSPECIFIED., .F., .F., .T. ) 
 B_SPLINE_SURFACE_WITH_KNOTS ( ( 4, 4 ),
 ( 4, 4 ),
 ( 0.000000000000000000, 1.000000000000000000 ),
 ( 0.000000000000000000, 1.000000000000000000 ),
 .UNSPECIFIED. ) 
 GEOMETRIC_REPRESENTATION_ITEM ( )  RATIONAL_B_SPLINE_SURFACE ( (
 ( 1.000000000000000000, 0.9999982116393312248, 0.9999982116393312248, 1.000000000000000000),
 ( 0.9474215819600404487, 0.9474198876285465643, 0.9474198876285465643, 0.9474215819600404487),
 ( 0.9474215819600404487, 0.9474198876285465643, 0.9474198876285465643, 0.9474215819600404487),
 ( 1.000000000000000000, 0.9999982116393312248, 0.9999982116393312248, 1.000000000000000000) ) ) 
 REPRESENTATION_ITEM ( '' )  SURFACE ( )  );
#2093 = FACE_OUTER_BOUND ( 'NONE', #4776, .T. ) ;
#2094 = ORIENTED_EDGE ( 'NONE', *, *, #3020, .F. ) ;
#2095 = CARTESIAN_POINT ( 'NONE',  ( 5.693893202250020380, 1.734776711403569704, -0.9382572044540524736 ) ) ;
#2096 = ORIENTED_EDGE ( 'NONE', *, *, #6597, .T. ) ;
#2097 = ORIENTED_EDGE ( 'NONE', *, *, #7553, .F. ) ;
#2098 = CARTESIAN_POINT ( 'NONE',  ( -10.85000000000000675, 0.4499999999999955147, -2.809999999999996056 ) ) ;
#2099 = CIRCLE ( 'NONE', #4029, 0.4500000000000007327 ) ;
#2100 = FACE_OUTER_BOUND ( 'NONE', #739, .T. ) ;
#2101 = CARTESIAN_POINT ( 'NONE',  ( 6.600342093071073002, 1.061091965334387544, -1.773156064374786345 ) ) ;
#2102 = EDGE_CURVE ( 'NONE', #6732, #3496, #1345, .T. ) ;
#2103 = VECTOR ( 'NONE', #1611, 1000.000000000000000 ) ;
#2104 = CYLINDRICAL_SURFACE ( 'NONE', #4329, 0.1499999999999999667 ) ;
#2105 = CARTESIAN_POINT ( 'NONE',  ( 7.200000000000001066, 1.353878595024236908, -2.146276001350386320 ) ) ;
#2106 = CARTESIAN_POINT ( 'NONE',  ( 5.506106797749978909, 1.741269157966831349, -0.8149948086755766097 ) ) ;
#2107 = VERTEX_POINT ( 'NONE', #3838 ) ;
#2108 = CARTESIAN_POINT ( 'NONE',  ( 5.558490711904860326, 1.099999999999978328, -3.288036393574004901 ) ) ;
#2109 = CIRCLE ( 'NONE', #7268, 0.2000000000000008993 ) ;
#2110 = CIRCLE ( 'NONE', #1740, 0.1499999999999999112 ) ;
#2111 = ADVANCED_FACE ( 'NONE', ( #6756 ), #6833, .F. ) ;
#2112 = EDGE_CURVE ( 'NONE', #4209, #142, #1758, .T. ) ;
#2113 = CARTESIAN_POINT ( 'NONE',  ( 5.909023376181060883, 1.501618638213424450, -1.572840339603875925 ) ) ;
#2114 = ORIENTED_EDGE ( 'NONE', *, *, #2752, .F. ) ;
#2115 = ORIENTED_EDGE ( 'NONE', *, *, #2844, .T. ) ;
#2116 = CARTESIAN_POINT ( 'NONE',  ( 4.567293662458112635, 1.313909409288633423, -1.895401689838307480 ) ) ;
#2117 = DIRECTION ( 'NONE',  ( 0.000000000000000000, -0.4108746525949196760, -0.9116918447891283472 ) ) ;
#2118 = DIRECTION ( 'NONE',  ( -1.000000000000000000, -0.000000000000000000, -0.000000000000000000 ) ) ;
#2119 = CARTESIAN_POINT ( 'NONE',  ( -12.05000000000004512, 0.2499999999999951150, -1.010000000000005338 ) ) ;
#2120 = AXIS2_PLACEMENT_3D ( 'NONE', #7209, #355, #4111 ) ;
#2121 = VECTOR ( 'NONE', #7824, 1000.000000000000000 ) ;
#2122 = CARTESIAN_POINT ( 'NONE',  ( 5.506106797749978909, 2.949999999999978861, -2.257615395000002856 ) ) ;
#2123 = CARTESIAN_POINT ( 'NONE',  ( -7.200000000000002842, 3.349999999999999645, -7.609999999999999432 ) ) ;
#2124 = VERTEX_POINT ( 'NONE', #622 ) ;
#2125 = CIRCLE ( 'NONE', #2387, 0.1999999999999947653 ) ;
#2126 = CARTESIAN_POINT ( 'NONE',  ( 4.000000000000000000, 2.849999999999999645, 3.239999999999996660 ) ) ;
#2127 = VECTOR ( 'NONE', #5035, 1000.000000000000000 ) ;
#2128 = ORIENTED_EDGE ( 'NONE', *, *, #493, .F. ) ;
#2129 = DIRECTION ( 'NONE',  ( 0.000000000000000000, 0.000000000000000000, -1.000000000000000000 ) ) ;
#2130 = DIRECTION ( 'NONE',  ( 1.000000000000000000, 0.000000000000000000, -0.000000000000000000 ) ) ;
#2131 = DIRECTION ( 'NONE',  ( 0.000000000000000000, 0.000000000000000000, 1.000000000000000000 ) ) ;
#2132 = DIRECTION ( 'NONE',  ( 1.333139840934740450E-16, -1.000000000000000000, 2.171692714077831124E-14 ) ) ;
#2133 = AXIS2_PLACEMENT_3D ( 'NONE', #2944, #2527, #4422 ) ;
#2134 = AXIS2_PLACEMENT_3D ( 'NONE', #515, #5951, #2244 ) ;
#2135 = CARTESIAN_POINT ( 'NONE',  ( 4.471436520124671077, 1.043850885985109445, -1.846392071063739593 ) ) ;
#2136 = ORIENTED_EDGE ( 'NONE', *, *, #6597, .F. ) ;
#2137 = CARTESIAN_POINT ( 'NONE',  ( -10.24931636850889838, 1.699999999999999512, -5.285304831491125732 ) ) ;
#2138 = ORIENTED_EDGE ( 'NONE', *, *, #5126, .F. ) ;
#2139 = AXIS2_PLACEMENT_3D ( 'NONE', #2933, #6033, #6730 ) ;
#2140 = VERTEX_POINT ( 'NONE', #3798 ) ;
#2141 = CIRCLE ( 'NONE', #2775, 0.03000000000000274669 ) ;
#2142 = DIRECTION ( 'NONE',  ( 1.000000000000000000, -3.624795322936608189E-15, -4.485885711162466802E-16 ) ) ;
#2143 = CARTESIAN_POINT ( 'NONE',  ( 5.930536393574005416, 2.949999999999978861, -2.257615395000002856 ) ) ;
#2144 = CARTESIAN_POINT ( 'NONE',  ( 7.200000000000001066, 1.342718980693142106, -1.767033746174702991 ) ) ;
#2145 = B_SPLINE_CURVE_WITH_KNOTS ( 'NONE', 3,
 ( #3314, #279, #360, #5319, #2778, #4023, #2735, #2821, #5196, #3991, #5160, #5280, #4597 ),
 .UNSPECIFIED., .F., .F.,
 ( 4, 2, 2, 1, 2, 2, 4 ),
 ( 0.000000000000000000, 0.2500000000000204836, 0.3750000000000307532, 0.4375000000000328626, 0.4687500000000324185, 0.5000000000000319744, 1.000000000000000000 ),
 .UNSPECIFIED. ) ;
#2146 = VECTOR ( 'NONE', #6543, 1000.000000000000000 ) ;
#2147 = VERTEX_POINT ( 'NONE', #4404 ) ;
#2148 = CARTESIAN_POINT ( 'NONE',  ( 5.506106797749978909, 0.9999999999999781286, -2.257615395000002856 ) ) ;
#2149 = EDGE_LOOP ( 'NONE', ( #2261, #6070, #407, #6325 ) ) ;
#2150 = CARTESIAN_POINT ( 'NONE',  ( 7.202320139544410083, 3.349806298170198815, 3.225883073012069335 ) ) ;
#2151 = ORIENTED_EDGE ( 'NONE', *, *, #5220, .T. ) ;
#2152 = CARTESIAN_POINT ( 'NONE',  ( 5.776063479873425166, 0.9999999999999785727, -2.146907059139808283 ) ) ;
#2153 = ADVANCED_FACE ( 'NONE', ( #136 ), #4900, .F. ) ;
#2154 = VECTOR ( 'NONE', #1806, 1000.000000000000114 ) ;
#2155 = CARTESIAN_POINT ( 'NONE',  ( 4.477906785357932407, 1.322592249483063309, -1.852281368217149060 ) ) ;
#2156 = CARTESIAN_POINT ( 'NONE',  ( -10.85000000000001918, 0.4500000000000164979, 2.290000000000004032 ) ) ;
#2157 = ORIENTED_EDGE ( 'NONE', *, *, #2060, .F. ) ;
#2158 = CARTESIAN_POINT ( 'NONE',  ( 4.581737952767620747, 1.360580976531853725, -2.155920298524994561 ) ) ;
#2159 = EDGE_CURVE ( 'NONE', #28, #1519, #2125, .T. ) ;
#2160 = EDGE_LOOP ( 'NONE', ( #5911, #6432, #1531, #5632, #4993, #5310, #7162, #5801, #4623, #3844, #3692, #1675, #2922, #1072, #7829, #52 ) ) ;
#2161 = EDGE_CURVE ( 'NONE', #6632, #1684, #2585, .T. ) ;
#2162 = CARTESIAN_POINT ( 'NONE',  ( 5.599999999999999645, 1.031984737185573708, -3.209253182685893879 ) ) ;
#2163 = DIRECTION ( 'NONE',  ( -1.000000000000000000, -3.624795322936608189E-15, -0.000000000000000000 ) ) ;
#2164 = DIRECTION ( 'NONE',  ( 8.225028808767795004E-15, 0.000000000000000000, -1.000000000000000000 ) ) ;
#2165 = FACE_OUTER_BOUND ( 'NONE', #4679, .T. ) ;
#2166 = CARTESIAN_POINT ( 'NONE',  ( 5.434940406816042291, 1.279999999999978266, -3.054189671087375046 ) ) ;
#2167 = AXIS2_PLACEMENT_3D ( 'NONE', #2661, #56, #5694 ) ;
#2168 = VERTEX_POINT ( 'NONE', #7357 ) ;
#2169 = EDGE_LOOP ( 'NONE', ( #529, #7204, #432, #1293 ) ) ;
#2170 = EDGE_CURVE ( 'NONE', #1834, #891, #7414, .T. ) ;
#2171 = CARTESIAN_POINT ( 'NONE',  ( -10.01898628384834922, 3.349999999999999645, -4.409999999999994813 ) ) ;
#2172 = CARTESIAN_POINT ( 'NONE',  ( 5.277680634188292252, 1.099999999999979439, -2.228956950879453558 ) ) ;
#2173 = DIRECTION ( 'NONE',  ( 0.000000000000000000, 0.000000000000000000, 1.000000000000000000 ) ) ;
#2174 = DIRECTION ( 'NONE',  ( -1.000000000000000000, -0.000000000000000000, -0.000000000000000000 ) ) ;
#2175 = CARTESIAN_POINT ( 'NONE',  ( 5.506106797749978909, 1.342718980693138109, -1.767033746174717868 ) ) ;
#2176 = EDGE_CURVE ( 'NONE', #868, #967, #2246, .T. ) ;
#2177 = CARTESIAN_POINT ( 'NONE',  ( 4.553606797749979229, 1.044490431726404545, -1.843449624784914143 ) ) ;
#2178 = ORIENTED_EDGE ( 'NONE', *, *, #3939, .T. ) ;
#2179 = CIRCLE ( 'NONE', #6702, 0.1999999999999999833 ) ;
#2180 = CARTESIAN_POINT ( 'NONE',  ( 4.338476623815830990, 1.133325376636309612, -1.862758052301922929 ) ) ;
#2181 = ORIENTED_EDGE ( 'NONE', *, *, #6860, .F. ) ;
#2182 = EDGE_LOOP ( 'NONE', ( #1705, #7035, #3448, #7330 ) ) ;
#2183 = DIRECTION ( 'NONE',  ( -6.123233995736766036E-17, -0.000000000000000000, -1.000000000000000000 ) ) ;
#2184 = AXIS2_PLACEMENT_3D ( 'NONE', #5366, #3632, #6083 ) ;
#2185 = CARTESIAN_POINT ( 'NONE',  ( 5.843851810765125165, 1.324690822680972380, -2.096881212279938289 ) ) ;
#2186 = DIRECTION ( 'NONE',  ( -1.333139840934745873E-16, -1.000000000000000000, -6.550704629611132873E-16 ) ) ;
#2187 = CIRCLE ( 'NONE', #878, 0.03000000000000001971 ) ;
#2188 = ORIENTED_EDGE ( 'NONE', *, *, #2999, .T. ) ;
#2189 = EDGE_CURVE ( 'NONE', #7371, #7654, #3042, .T. ) ;
#2190 = CARTESIAN_POINT ( 'NONE',  ( 5.348246817313630608, 1.481361126711188581, -1.469551540219461883 ) ) ;
#2191 = EDGE_LOOP ( 'NONE', ( #2229, #2094, #3831, #6834 ) ) ;
#2192 = CARTESIAN_POINT ( 'NONE',  ( 6.772698808346479638, 1.195409958670063943, -1.649869386093300694 ) ) ;
#2193 = ORIENTED_EDGE ( 'NONE', *, *, #4557, .F. ) ;
#2194 = CARTESIAN_POINT ( 'NONE',  ( 4.567293662458112635, 1.313909409288633645, -1.895401689838307924 ) ) ;
#2195 = EDGE_CURVE ( 'NONE', #6632, #6068, #3932, .T. ) ;
#2196 = ADVANCED_FACE ( 'NONE', ( #2093 ), #1460, .T. ) ;
#2197 = CARTESIAN_POINT ( 'NONE',  ( 10.19999999999999929, 3.149999999999999911, 4.289999999999998259 ) ) ;
#2198 = FACE_OUTER_BOUND ( 'NONE', #7912, .T. ) ;
#2199 = ORIENTED_EDGE ( 'NONE', *, *, #7114, .T. ) ;
#2200 = ORIENTED_EDGE ( 'NONE', *, *, #6119, .T. ) ;
#2201 = CARTESIAN_POINT ( 'NONE',  ( 12.05000000000000071, 0.2500000000000384692, 2.289999999999992930 ) ) ;
#2202 = VERTEX_POINT ( 'NONE', #2021 ) ;
#2203 = CYLINDRICAL_SURFACE ( 'NONE', #4496, 0.3000000000000001554 ) ;
#2204 = CARTESIAN_POINT ( 'NONE',  ( 7.200000000000001066, 2.849999999999999645, 3.239999999999996660 ) ) ;
#2205 = DIRECTION ( 'NONE',  ( -1.000000000000000000, 0.000000000000000000, 8.673617379884021273E-15 ) ) ;
#2206 = EDGE_CURVE ( 'NONE', #5750, #1547, #1615, .T. ) ;
#2207 = VERTEX_POINT ( 'NONE', #4488 ) ;
#2208 = ORIENTED_EDGE ( 'NONE', *, *, #7596, .F. ) ;
#2209 = DIRECTION ( 'NONE',  ( 0.000000000000000000, -0.4108746525949196204, -0.9116918447891282362 ) ) ;
#2210 = CARTESIAN_POINT ( 'NONE',  ( 5.290976623819023672, 1.092915957921606118, -2.171256441080410493 ) ) ;
#2211 = DIRECTION ( 'NONE',  ( -1.000000000000000000, -0.000000000000000000, -0.000000000000000000 ) ) ;
#2212 = CARTESIAN_POINT ( 'NONE',  ( -10.65000000000002345, 0.6000000000000385025, -2.959999999999995968 ) ) ;
#2213 = DIRECTION ( 'NONE',  ( 1.000000000000000000, 0.000000000000000000, 8.225028808767795004E-15 ) ) ;
#2214 =( BOUNDED_SURFACE ( )  B_SPLINE_SURFACE ( 3, 3, ( 
 ( #6343, #3290, #3135, #1881 ),
 ( #1954, #2596, #2031, #6231 ),
 ( #114, #745, #5057, #1400 ),
 ( #6882, #6811, #5708, #3889 ) ),
 .UNSPECIFIED., .F., .F., .T. ) 
 B_SPLINE_SURFACE_WITH_KNOTS ( ( 4, 4 ),
 ( 4, 4 ),
 ( 0.000000000000000000, 1.000000000000000000 ),
 ( 0.000000000000000000, 1.000000000000000000 ),
 .UNSPECIFIED. ) 
 GEOMETRIC_REPRESENTATION_ITEM ( )  RATIONAL_B_SPLINE_SURFACE ( (
 ( 1.000000000000000000, 0.8047378541243649375, 0.8047378541243649375, 1.000000000000000000),
 ( 0.9474215819624509649, 0.7624260108195739516, 0.7624260108195739516, 0.9474215819624509649),
 ( 0.9474215819624509649, 0.7624260108195739516, 0.7624260108195739516, 0.9474215819624509649),
 ( 1.000000000000000000, 0.8047378541243649375, 0.8047378541243649375, 1.000000000000000000) ) ) 
 REPRESENTATION_ITEM ( '' )  SURFACE ( )  );
#2215 = EDGE_CURVE ( 'NONE', #4146, #468, #6949, .T. ) ;
#2216 = EDGE_CURVE ( 'NONE', #4480, #3959, #7921, .T. ) ;
#2217 = CARTESIAN_POINT ( 'NONE',  ( 7.200000000000001066, 3.533768883591846155, 2.931844010553806612 ) ) ;
#2218 = ORIENTED_EDGE ( 'NONE', *, *, #6025, .F. ) ;
#2219 = DIRECTION ( 'NONE',  ( 0.000000000000000000, 0.000000000000000000, 1.000000000000000000 ) ) ;
#2220 = VERTEX_POINT ( 'NONE', #7625 ) ;
#2221 = ORIENTED_EDGE ( 'NONE', *, *, #1583, .T. ) ;
#2222 = DIRECTION ( 'NONE',  ( 0.000000000000000000, -0.4108746525949196204, -0.9116918447891282362 ) ) ;
#2223 = CARTESIAN_POINT ( 'NONE',  ( 4.599597451948776339, 1.061084740362109091, -1.773183998261683936 ) ) ;
#2224 = DIRECTION ( 'NONE',  ( 1.000000000000000000, 1.680372728448135551E-16, -7.572981649197462312E-17 ) ) ;
#2225 = CARTESIAN_POINT ( 'NONE',  ( -7.703731956237319878, 1.499999999999999334, -7.830889243762690910 ) ) ;
#2226 = ORIENTED_EDGE ( 'NONE', *, *, #1279, .F. ) ;
#2227 = CARTESIAN_POINT ( 'NONE',  ( -3.999999999999998224, 3.599583217528247836, 3.215000000000000302 ) ) ;
#2228 = AXIS2_PLACEMENT_3D ( 'NONE', #7186, #6060, #4085 ) ;
#2229 = ORIENTED_EDGE ( 'NONE', *, *, #7, .T. ) ;
#2230 = DIRECTION ( 'NONE',  ( 1.000000000000000000, 0.000000000000000000, -0.000000000000000000 ) ) ;
#2231 = ORIENTED_EDGE ( 'NONE', *, *, #4707, .F. ) ;
#2232 = CARTESIAN_POINT ( 'NONE',  ( 10.85000000000000497, 0.4499999999999955147, -2.810000000000002274 ) ) ;
#2233 = EDGE_CURVE ( 'NONE', #2957, #3330, #5093, .T. ) ;
#2234 = AXIS2_PLACEMENT_3D ( 'NONE', #3350, #2736, #2662 ) ;
#2235 = DIRECTION ( 'NONE',  ( 0.000000000000000000, 0.000000000000000000, 1.000000000000000000 ) ) ;
#2236 = ORIENTED_EDGE ( 'NONE', *, *, #4330, .F. ) ;
#2237 = CIRCLE ( 'NONE', #7775, 0.3000000000000001554 ) ;
#2238 = VECTOR ( 'NONE', #5187, 1000.000000000000000 ) ;
#2239 = ORIENTED_EDGE ( 'NONE', *, *, #2711, .F. ) ;
#2240 = CARTESIAN_POINT ( 'NONE',  ( -7.244112548466068446, 3.349999999999999645, -7.654112548466058819 ) ) ;
#2241 = ORIENTED_EDGE ( 'NONE', *, *, #2280, .F. ) ;
#2242 = LINE ( 'NONE', #4377, #634 ) ;
#2243 = DIRECTION ( 'NONE',  ( 0.000000000000000000, 0.000000000000000000, 1.000000000000000000 ) ) ;
#2244 = DIRECTION ( 'NONE',  ( -1.000000000000000000, 0.000000000000000000, 8.673617379884013384E-15 ) ) ;
#2245 = CARTESIAN_POINT ( 'NONE',  ( 5.917500000000001315, 1.323534687289454892, -1.979927464852761165 ) ) ;
#2246 = LINE ( 'NONE', #1691, #1361 ) ;
#2247 = ORIENTED_EDGE ( 'NONE', *, *, #547, .F. ) ;
#2248 = ORIENTED_EDGE ( 'NONE', *, *, #2215, .T. ) ;
#2249 = CARTESIAN_POINT ( 'NONE',  ( 10.65000000000002167, 0.3000000000000375144, -0.2064101615137770018 ) ) ;
#2250 = AXIS2_PLACEMENT_3D ( 'NONE', #1784, #1178, #6088 ) ;
#2251 = CARTESIAN_POINT ( 'NONE',  ( 5.290976623819023672, 1.090909090909131463, -2.228816123144218064 ) ) ;
#2252 = EDGE_CURVE ( 'NONE', #6153, #4221, #392, .T. ) ;
#2253 = CARTESIAN_POINT ( 'NONE',  ( 5.599999999999999645, 3.349999999999999645, -2.510000000000002451 ) ) ;
#2254 = CARTESIAN_POINT ( 'NONE',  ( 5.480167458432826599, 1.069813281758324131, -1.739741775964186887 ) ) ;
#2255 = LINE ( 'NONE', #3555, #2657 ) ;
#2256 = VECTOR ( 'NONE', #4282, 1000.000000000000000 ) ;
#2257 = DIRECTION ( 'NONE',  ( -1.000000000000000000, 3.692798441481937390E-13, 2.127696225251190481E-13 ) ) ;
#2258 = AXIS2_PLACEMENT_3D ( 'NONE', #3289, #1509, #258 ) ;
#2259 = ORIENTED_EDGE ( 'NONE', *, *, #1028, .F. ) ;
#2260 = LINE ( 'NONE', #6579, #4082 ) ;
#2261 = ORIENTED_EDGE ( 'NONE', *, *, #7342, .F. ) ;
#2262 = ORIENTED_EDGE ( 'NONE', *, *, #4807, .T. ) ;
#2263 = CARTESIAN_POINT ( 'NONE',  ( 5.910411431810168814, 1.513349122124307833, -1.547088250031015910 ) ) ;
#2264 = PLANE ( 'NONE',  #1728 ) ;
#2265 = ADVANCED_FACE ( 'NONE', ( #7021 ), #3958, .F. ) ;
#2266 = FACE_OUTER_BOUND ( 'NONE', #2465, .T. ) ;
#2267 = AXIS2_PLACEMENT_3D ( 'NONE', #7570, #2035, #6969 ) ;
#2268 = AXIS2_PLACEMENT_3D ( 'NONE', #6975, #1411, #3903 ) ;
#2269 = DIRECTION ( 'NONE',  ( -1.333139840934740203E-16, 1.000000000000000000, 6.550704629611134845E-16 ) ) ;
#2270 = CARTESIAN_POINT ( 'NONE',  ( 4.351555839818630034, 1.111925285308909217, -2.039565330292712364 ) ) ;
#2271 = ORIENTED_EDGE ( 'NONE', *, *, #6309, .T. ) ;
#2272 = CARTESIAN_POINT ( 'NONE',  ( -10.65000000000002167, 0.4714285714286094442, -0.5115385022083780431 ) ) ;
#2273 = CIRCLE ( 'NONE', #5503, 0.1999999999999999833 ) ;
#2274 = CARTESIAN_POINT ( 'NONE',  ( 4.459875248423854188, 1.480639293325539008, -1.623841294731733775 ) ) ;
#2275 = VECTOR ( 'NONE', #7894, 1000.000000000000000 ) ;
#2276 = CARTESIAN_POINT ( 'NONE',  ( 6.863828303972955958, 1.146782507143987440, -1.812133291575012128 ) ) ;
#2277 = ORIENTED_EDGE ( 'NONE', *, *, #7709, .F. ) ;
#2278 = LINE ( 'NONE', #3618, #4481 ) ;
#2279 = CIRCLE ( 'NONE', #4599, 1.859090909090908683 ) ;
#2280 = EDGE_CURVE ( 'NONE', #2070, #3706, #2854, .T. ) ;
#2281 = CARTESIAN_POINT ( 'NONE',  ( -7.202331422903885283, 3.349808315226461275, 3.225906701023709910 ) ) ;
#2282 = DIRECTION ( 'NONE',  ( 1.000000000000000000, -3.624795322936608189E-15, -4.485885711162466802E-16 ) ) ;
#2283 = EDGE_LOOP ( 'NONE', ( #982, #533, #1117, #512, #1986, #4514 ) ) ;
#2284 = ORIENTED_EDGE ( 'NONE', *, *, #2458, .F. ) ;
#2285 = CARTESIAN_POINT ( 'NONE',  ( 4.336173685651326437, 1.135666577312140380, -1.863266916280869490 ) ) ;
#2286 = ORIENTED_EDGE ( 'NONE', *, *, #3238, .T. ) ;
#2287 = DIRECTION ( 'NONE',  ( 0.000000000000000000, 0.000000000000000000, -1.000000000000000000 ) ) ;
#2288 = DIRECTION ( 'NONE',  ( -1.000000000000000000, 3.624795322936608189E-15, 4.485885711162466802E-16 ) ) ;
#2289 = CARTESIAN_POINT ( 'NONE',  ( 3.061616997868383043E-15, 3.349999999999999645, 17.39000000000000767 ) ) ;
#2290 = FACE_OUTER_BOUND ( 'NONE', #5206, .T. ) ;
#2291 = ORIENTED_EDGE ( 'NONE', *, *, #1971, .T. ) ;
#2292 = ORIENTED_EDGE ( 'NONE', *, *, #2857, .F. ) ;
#2293 = CARTESIAN_POINT ( 'NONE',  ( 5.290976623819023672, 1.092892094782016654, -2.171771136943992708 ) ) ;
#2294 = CYLINDRICAL_SURFACE ( 'NONE', #5841, 0.2999999999999999334 ) ;
#2295 = CARTESIAN_POINT ( 'NONE',  ( 5.599999999999999645, 1.688247368325442199, -0.5547349395076381917 ) ) ;
#2296 = CARTESIAN_POINT ( 'NONE',  ( 5.599999999999998757, 0.9999999999999781286, -3.133563479873310964 ) ) ;
#2297 = EDGE_CURVE ( 'NONE', #5582, #2207, #330, .T. ) ;
#2298 = AXIS2_PLACEMENT_3D ( 'NONE', #2849, #5596, #7242 ) ;
#2299 = DIRECTION ( 'NONE',  ( 0.7071067811865472397, 3.035766082959420304E-15, -0.7071067811865479058 ) ) ;
#2300 = EDGE_CURVE ( 'NONE', #3127, #3330, #1650, .T. ) ;
#2301 = ORIENTED_EDGE ( 'NONE', *, *, #4763, .F. ) ;
#2302 = CARTESIAN_POINT ( 'NONE',  ( -10.40000000000004299, 0.4500000000000374256, 0.1400000000000032607 ) ) ;
#2303 = VERTEX_POINT ( 'NONE', #4112 ) ;
#2304 = CARTESIAN_POINT ( 'NONE',  ( -7.526955260940682457, 1.499999999999998446, -7.654112548466055266 ) ) ;
#2305 = CARTESIAN_POINT ( 'NONE',  ( -4.000000000000000888, 1.491293048337372085, -2.259999999999997122 ) ) ;
#2306 = LINE ( 'NONE', #932, #6567 ) ;
#2307 = CARTESIAN_POINT ( 'NONE',  ( -10.07253967321225119, 3.149999999999986144, -4.825685423719861866 ) ) ;
#2308 = CARTESIAN_POINT ( 'NONE',  ( 5.599999999999999645, 1.827630338083624961, -0.8539154374834192485 ) ) ;
#2309 = ORIENTED_EDGE ( 'NONE', *, *, #1574, .T. ) ;
#2310 = EDGE_CURVE ( 'NONE', #6712, #5228, #6566, .T. ) ;
#2311 = CARTESIAN_POINT ( 'NONE',  ( -10.40000000000000568, 0.6000000000000373923, 2.440000000000003499 ) ) ;
#2312 = CARTESIAN_POINT ( 'NONE',  ( 6.646393202258554567, 1.044490431726330826, -1.843449624785252317 ) ) ;
#2313 = CARTESIAN_POINT ( 'NONE',  ( 7.200000000000001066, 1.101109710447193413, -2.193547484175488282 ) ) ;
#2314 = AXIS2_PLACEMENT_3D ( 'NONE', #808, #3162, #1352 ) ;
#2315 = EDGE_CURVE ( 'NONE', #7087, #2645, #6786, .T. ) ;
#2316 = CARTESIAN_POINT ( 'NONE',  ( 4.338476623817459021, 1.133325376634361170, -1.862758052301613176 ) ) ;
#2317 = EDGE_CURVE ( 'NONE', #503, #7170, #2896, .T. ) ;
#2318 = CARTESIAN_POINT ( 'NONE',  ( -3.998773283389451372, 3.349725945582308739, 3.223224361764672974 ) ) ;
#2319 = VERTEX_POINT ( 'NONE', #4754 ) ;
#2320 = EDGE_LOOP ( 'NONE', ( #5240, #3506, #1578, #1600 ) ) ;
#2321 = CARTESIAN_POINT ( 'NONE',  ( 4.567245828481953929, 1.054275669782498870, -1.800634990059583052 ) ) ;
#2322 = EDGE_LOOP ( 'NONE', ( #4469, #3193, #4700, #5571 ) ) ;
#2323 = CARTESIAN_POINT ( 'NONE',  ( 6.848444160176908824, 1.184651027920506028, -1.701191550900385430 ) ) ;
#2324 = DIRECTION ( 'NONE',  ( 0.000000000000000000, -1.000000000000000000, 0.000000000000000000 ) ) ;
#2325 = CARTESIAN_POINT ( 'NONE',  ( 5.930536393574005416, 1.101109710447193413, -2.193547484175488282 ) ) ;
#2326 = CARTESIAN_POINT ( 'NONE',  ( -10.07253967321225829, 3.349999999999990319, -4.825685423719868083 ) ) ;
#2327 = CARTESIAN_POINT ( 'NONE',  ( 5.831945905376583639, 1.304307950136347261, -2.957499999999998685 ) ) ;
#2328 = ORIENTED_EDGE ( 'NONE', *, *, #1879, .F. ) ;
#2329 = VECTOR ( 'NONE', #7216, 1000.000000000000000 ) ;
#2330 = ORIENTED_EDGE ( 'NONE', *, *, #6522, .F. ) ;
#2331 = CARTESIAN_POINT ( 'NONE',  ( 5.344925747225088841, 1.052513454075429289, -2.109045424010649761 ) ) ;
#2332 = CARTESIAN_POINT ( 'NONE',  ( 5.285249604469525408, 1.098802032478470414, -2.171530157955848583 ) ) ;
#2333 = CARTESIAN_POINT ( 'NONE',  ( 6.640791333418066600, 1.223276023451512984, -1.572038720471644169 ) ) ;
#2334 = DIRECTION ( 'NONE',  ( 1.000000000000000000, 0.000000000000000000, 0.000000000000000000 ) ) ;
#2335 = DIRECTION ( 'NONE',  ( -1.000000000000000000, 0.000000000000000000, 4.485885711162466802E-16 ) ) ;
#2336 = ADVANCED_FACE ( 'NONE', ( #2290 ), #3867, .F. ) ;
#2337 = AXIS2_PLACEMENT_3D ( 'NONE', #4967, #7314, #3041 ) ;
#2338 = DIRECTION ( 'NONE',  ( -1.000000000000000000, 0.000000000000000000, 4.485885711162466802E-16 ) ) ;
#2339 = ORIENTED_EDGE ( 'NONE', *, *, #7421, .T. ) ;
#2340 = CARTESIAN_POINT ( 'NONE',  ( 6.740063780630355161, 1.480651482100306948, -1.623814403588871969 ) ) ;
#2341 = ORIENTED_EDGE ( 'NONE', *, *, #3155, .F. ) ;
#2342 = ORIENTED_EDGE ( 'NONE', *, *, #3354, .T. ) ;
#2343 = DIRECTION ( 'NONE',  ( 0.000000000000000000, -1.000000000000000000, 0.000000000000000000 ) ) ;
#2344 = LINE ( 'NONE', #1749, #7520 ) ;
#2345 = CARTESIAN_POINT ( 'NONE',  ( 5.913547841360734303, 2.085288058865583771, -0.2821974176437845871 ) ) ;
#2346 = DIRECTION ( 'NONE',  ( 0.000000000000000000, 0.000000000000000000, -1.000000000000000000 ) ) ;
#2347 = CARTESIAN_POINT ( 'NONE',  ( 7.225000000000000533, 3.349999999999999645, 3.214999999999998526 ) ) ;
#2348 = EDGE_LOOP ( 'NONE', ( #2513, #475, #7827, #4582 ) ) ;
#2349 = CARTESIAN_POINT ( 'NONE',  ( -7.202333668913403208, 3.599872315112279342, 3.225911592578750930 ) ) ;
#2350 = ORIENTED_EDGE ( 'NONE', *, *, #858, .T. ) ;
#2351 = CARTESIAN_POINT ( 'NONE',  ( 5.652500127420210241, 1.279999999999978266, -3.051393202250019421 ) ) ;
#2352 = ORIENTED_EDGE ( 'NONE', *, *, #5765, .T. ) ;
#2353 = DIRECTION ( 'NONE',  ( -1.000000000000000000, -3.624795322936608189E-15, -0.000000000000000000 ) ) ;
#2354 = EDGE_CURVE ( 'NONE', #452, #7760, #5443, .T. ) ;
#2355 = DIRECTION ( 'NONE',  ( 1.000000000000000000, 0.000000000000000000, 0.000000000000000000 ) ) ;
#2356 = AXIS2_PLACEMENT_3D ( 'NONE', #5345, #7235, #5982 ) ;
#2357 = CARTESIAN_POINT ( 'NONE',  ( 5.599999999999999645, 1.096801526281418804, -3.272250395530416966 ) ) ;
#2358 = CARTESIAN_POINT ( 'NONE',  ( 5.923793577309271363, 1.101364110480693936, -2.186205934473794077 ) ) ;
#2359 = ORIENTED_EDGE ( 'NONE', *, *, #1365, .F. ) ;
#2360 = FACE_OUTER_BOUND ( 'NONE', #5344, .T. ) ;
#2361 = EDGE_LOOP ( 'NONE', ( #7807, #5475, #6493, #393, #6332, #166, #3928, #1926, #4977, #4015 ) ) ;
#2362 = CIRCLE ( 'NONE', #7390, 0.2999999999999994893 ) ;
#2363 = B_SPLINE_CURVE_WITH_KNOTS ( 'NONE', 3,
 ( #6192, #1200, #1915, #3772 ),
 .UNSPECIFIED., .F., .F.,
 ( 4, 4 ),
 ( 0.000000000000000000, 0.0001114090532473410424 ),
 .UNSPECIFIED. ) ;
#2364 = EDGE_CURVE ( 'NONE', #3006, #2858, #2002, .T. ) ;
#2365 = ADVANCED_FACE ( 'NONE', ( #3669 ), #639, .T. ) ;
#2366 = DIRECTION ( 'NONE',  ( 0.7071067811865474617, 0.000000000000000000, 0.7071067811865474617 ) ) ;
#2367 = CARTESIAN_POINT ( 'NONE',  ( 4.599657906928936946, 1.028845890071695246, -1.923188583336042701 ) ) ;
#2368 = CIRCLE ( 'NONE', #700, 0.2999999999999999889 ) ;
#2369 = DIRECTION ( 'NONE',  ( -0.000000000000000000, -1.000000000000000000, -0.000000000000000000 ) ) ;
#2370 = AXIS2_PLACEMENT_3D ( 'NONE', #4326, #1826, #656 ) ;
#2371 = ORIENTED_EDGE ( 'NONE', *, *, #1426, .F. ) ;
#2372 = EDGE_LOOP ( 'NONE', ( #7108, #83, #4682, #3144 ) ) ;
#2373 = CARTESIAN_POINT ( 'NONE',  ( 4.639999999999963265, 1.004218839693311605, -2.067637974634819908 ) ) ;
#2374 = CARTESIAN_POINT ( 'NONE',  ( 5.366657540849873342, 1.304812549639390973, -2.148315754564951607 ) ) ;
#2375 = DIRECTION ( 'NONE',  ( -0.000000000000000000, 0.000000000000000000, 1.000000000000000000 ) ) ;
#2376 = AXIS2_PLACEMENT_3D ( 'NONE', #1484, #7647, #6935 ) ;
#2377 = CARTESIAN_POINT ( 'NONE',  ( -10.65000000000001101, 3.947694052398568619E-14, 4.777468282388032849E-15 ) ) ;
#2378 = DIRECTION ( 'NONE',  ( -6.938893903907233111E-15, 0.000000000000000000, -1.000000000000000000 ) ) ;
#2379 = VERTEX_POINT ( 'NONE', #6080 ) ;
#2380 = FACE_OUTER_BOUND ( 'NONE', #2361, .T. ) ;
#2381 = ORIENTED_EDGE ( 'NONE', *, *, #5428, .F. ) ;
#2382 = CARTESIAN_POINT ( 'NONE',  ( 5.913547841360736079, 1.827630338083625183, -0.8539154374834192485 ) ) ;
#2383 = ORIENTED_EDGE ( 'NONE', *, *, #5696, .T. ) ;
#2384 = DIRECTION ( 'NONE',  ( 0.000000000000000000, 0.000000000000000000, -1.000000000000000000 ) ) ;
#2385 = LINE ( 'NONE', #2504, #6104 ) ;
#2386 = DIRECTION ( 'NONE',  ( 0.000000000000000000, 0.000000000000000000, 1.000000000000000000 ) ) ;
#2387 = AXIS2_PLACEMENT_3D ( 'NONE', #5664, #7436, #691 ) ;
#2388 = AXIS2_PLACEMENT_3D ( 'NONE', #5416, #649, #7303 ) ;
#2389 = CARTESIAN_POINT ( 'NONE',  ( 3.949999999999999734, 3.349999999999999645, -0.004506036726491914092 ) ) ;
#2390 = DIRECTION ( 'NONE',  ( -2.673324469642592668E-16, -0.000000000000000000, -1.000000000000000000 ) ) ;
#2391 = VERTEX_POINT ( 'NONE', #7887 ) ;
#2392 = EDGE_LOOP ( 'NONE', ( #23, #7699, #4937, #3391, #1511, #4801 ) ) ;
#2393 = LINE ( 'NONE', #1833, #3433 ) ;
#2394 = ORIENTED_EDGE ( 'NONE', *, *, #3482, .F. ) ;
#2395 = CIRCLE ( 'NONE', #5094, 0.1999999999999999833 ) ;
#2396 = CARTESIAN_POINT ( 'NONE',  ( 5.599999999999999645, 1.279999999999978266, -3.051393202250019421 ) ) ;
#2397 = ORIENTED_EDGE ( 'NONE', *, *, #7385, .F. ) ;
#2398 = CARTESIAN_POINT ( 'NONE',  ( 5.917500000000001315, 1.279999999999978044, -2.257615395000003300 ) ) ;
#2399 = AXIS2_PLACEMENT_3D ( 'NONE', #7845, #5473, #6690 ) ;
#2400 = AXIS2_PLACEMENT_3D ( 'NONE', #6476, #2942, #1125 ) ;
#2401 = CARTESIAN_POINT ( 'NONE',  ( -7.205471464322128483, 3.349911798582961175, 3.230608853135173764 ) ) ;
#2402 = CARTESIAN_POINT ( 'NONE',  ( -12.05000000000004334, -4.865414219780716725E-15, -1.010000000000004672 ) ) ;
#2403 = ADVANCED_FACE ( 'NONE', ( #4831 ), #3666, .F. ) ;
#2404 = DIRECTION ( 'NONE',  ( -3.624795322936608189E-15, 1.000000000000000000, 0.000000000000000000 ) ) ;
#2405 = ORIENTED_EDGE ( 'NONE', *, *, #6736, .T. ) ;
#2406 = CIRCLE ( 'NONE', #4225, 1.600000000000000089 ) ;
#2407 = VECTOR ( 'NONE', #1126, 1000.000000000000000 ) ;
#2408 = CARTESIAN_POINT ( 'NONE',  ( 10.65000000000002167, 0.4500000000000383693, 2.439999999999998614 ) ) ;
#2409 = CARTESIAN_POINT ( 'NONE',  ( 10.65000000000001101, 0.4499999999999947375, 0.000000000000000000 ) ) ;
#2410 = AXIS2_PLACEMENT_3D ( 'NONE', #3356, #3280, #1577 ) ;
#2411 = CARTESIAN_POINT ( 'NONE',  ( 5.917500000000001315, 3.229999999999978222, -2.257615395000002856 ) ) ;
#2412 = EDGE_CURVE ( 'NONE', #1291, #4522, #5748, .T. ) ;
#2413 = ORIENTED_EDGE ( 'NONE', *, *, #3957, .F. ) ;
#2414 = ADVANCED_FACE ( 'NONE', ( #5568 ), #7931, .F. ) ;
#2415 = EDGE_LOOP ( 'NONE', ( #7847, #6164, #1622, #6115, #5999, #612, #3631, #3695, #1947 ) ) ;
#2416 = LINE ( 'NONE', #6739, #5415 ) ;
#2417 = CARTESIAN_POINT ( 'NONE',  ( 5.366657540849873342, 1.304812549639390751, -2.257615395000004188 ) ) ;
#2418 = CYLINDRICAL_SURFACE ( 'NONE', #7744, 0.2999999999999999334 ) ;
#2419 = VECTOR ( 'NONE', #2390, 1000.000000000000000 ) ;
#2420 = DIRECTION ( 'NONE',  ( -0.7071067811865497932, 0.000000000000000000, -0.7071067811865453523 ) ) ;
#2421 = LINE ( 'NONE', #7343, #5749 ) ;
#2422 = DIRECTION ( 'NONE',  ( 1.000000000000000000, 0.000000000000000000, 0.000000000000000000 ) ) ;
#2423 = EDGE_CURVE ( 'NONE', #2024, #6322, #2647, .T. ) ;
#2424 = VERTEX_POINT ( 'NONE', #6162 ) ;
#2425 = CARTESIAN_POINT ( 'NONE',  ( 5.693893202250020380, 1.062718980693138526, -1.767033746174717423 ) ) ;
#2426 = ORIENTED_EDGE ( 'NONE', *, *, #4779, .T. ) ;
#2427 = DIRECTION ( 'NONE',  ( 1.000000000000000000, -0.000000000000000000, -4.485885711162466802E-16 ) ) ;
#2428 = VERTEX_POINT ( 'NONE', #4878 ) ;
#2429 = CARTESIAN_POINT ( 'NONE',  ( 5.506106797749978909, 1.307813721342086621, -1.929438750280535686 ) ) ;
#2430 = DIRECTION ( 'NONE',  ( 0.000000000000000000, -1.000000000000000000, 0.000000000000000000 ) ) ;
#2431 = CARTESIAN_POINT ( 'NONE',  ( 5.288083797550143572, 1.826608293951000883, -0.8534548300640056873 ) ) ;
#2432 = VECTOR ( 'NONE', #6473, 1000.000000000000000 ) ;
#2433 = CARTESIAN_POINT ( 'NONE',  ( -10.20000000000000107, 3.149999999999999911, -4.409999999999994813 ) ) ;
#2434 = CARTESIAN_POINT ( 'NONE',  ( 5.655001364463421609, 0.9999999999999780176, -3.051393202250020309 ) ) ;
#2435 = ORIENTED_EDGE ( 'NONE', *, *, #987, .T. ) ;
#2436 = ORIENTED_EDGE ( 'NONE', *, *, #7879, .T. ) ;
#2437 = CARTESIAN_POINT ( 'NONE',  ( -7.199999999999999289, 1.349999999999978106, 3.239999999999999769 ) ) ;
#2438 = ORIENTED_EDGE ( 'NONE', *, *, #3976, .T. ) ;
#2439 = FACE_OUTER_BOUND ( 'NONE', #2978, .T. ) ;
#2440 = ORIENTED_EDGE ( 'NONE', *, *, #6278, .F. ) ;
#2441 = DIRECTION ( 'NONE',  ( -0.000000000000000000, -1.000000000000000000, -0.000000000000000000 ) ) ;
#2442 = EDGE_CURVE ( 'NONE', #2541, #7170, #7155, .T. ) ;
#2443 = DIRECTION ( 'NONE',  ( 0.000000000000000000, 0.000000000000000000, -1.000000000000000000 ) ) ;
#2444 = LINE ( 'NONE', #7485, #3682 ) ;
#2445 = CARTESIAN_POINT ( 'NONE',  ( -3.999793557558425583, 3.349549303039447423, 3.218698906187126063 ) ) ;
#2446 = CIRCLE ( 'NONE', #7475, 0.1499999999999999667 ) ;
#2447 = CARTESIAN_POINT ( 'NONE',  ( 6.728563479876172870, 1.043850885985448063, -1.846392071063886142 ) ) ;
#2448 = ORIENTED_EDGE ( 'NONE', *, *, #4350, .T. ) ;
#2449 = ADVANCED_FACE ( 'NONE', ( #3748 ), #474, .T. ) ;
#2450 = VECTOR ( 'NONE', #6541, 999.9999999999998863 ) ;
#2451 = CARTESIAN_POINT ( 'NONE',  ( -10.19999999999999751, 3.149999999999999911, 4.290000000000002700 ) ) ;
#2452 = CARTESIAN_POINT ( 'NONE',  ( 5.886506805092602157, 1.349999999999978106, -3.125331800711060648 ) ) ;
#2453 = EDGE_LOOP ( 'NONE', ( #6801, #5377, #5966, #3446, #4756, #2509, #4764, #1822, #5406, #6892, #2000, #6534, #4046, #5758, #5374, #5654, #7386, #7284, #3541, #3948, #2708, #1480 ) ) ;
#2454 = ORIENTED_EDGE ( 'NONE', *, *, #3164, .F. ) ;
#2455 = CARTESIAN_POINT ( 'NONE',  ( 4.553606797741443835, 1.042592249483538236, -1.852281368214915069 ) ) ;
#2456 = CARTESIAN_POINT ( 'NONE',  ( 4.475758105241620655, 1.102372670858078774, -2.147144169407373404 ) ) ;
#2457 = CYLINDRICAL_SURFACE ( 'NONE', #3668, 0.02999999999999964501 ) ;
#2458 = EDGE_CURVE ( 'NONE', #4811, #7183, #3694, .T. ) ;
#2459 = CARTESIAN_POINT ( 'NONE',  ( 5.917500000000001315, 1.071127705751742321, -2.192508545081036875 ) ) ;
#2460 = DIRECTION ( 'NONE',  ( -1.000000000000000000, 3.624795322936608189E-15, 4.485885711162466802E-16 ) ) ;
#2461 = ORIENTED_EDGE ( 'NONE', *, *, #2069, .T. ) ;
#2462 = CARTESIAN_POINT ( 'NONE',  ( 5.290976623819023672, 1.090909090909131685, -2.257615395000003300 ) ) ;
#2463 = VERTEX_POINT ( 'NONE', #3140 ) ;
#2464 = DIRECTION ( 'NONE',  ( -5.421010862427522170E-16, 0.000000000000000000, -1.000000000000000000 ) ) ;
#2465 = EDGE_LOOP ( 'NONE', ( #7346, #1912, #6190, #6297 ) ) ;
#2466 = CARTESIAN_POINT ( 'NONE',  ( 7.225000000000000533, 3.600000000000000533, 3.239999999999997549 ) ) ;
#2467 = CARTESIAN_POINT ( 'NONE',  ( 7.200000000000001066, 3.305845922394564429, 3.034562673702536628 ) ) ;
#2468 = DIRECTION ( 'NONE',  ( 1.000000000000000000, -3.624795322936608189E-15, -4.485885711162466802E-16 ) ) ;
#2469 = AXIS2_PLACEMENT_3D ( 'NONE', #26, #2468, #4327 ) ;
#2470 = EDGE_CURVE ( 'NONE', #6632, #3402, #5864, .T. ) ;
#2471 = EDGE_CURVE ( 'NONE', #7729, #2625, #1497, .T. ) ;
#2472 = CARTESIAN_POINT ( 'NONE',  ( 6.775133752348144078, 1.035077155328006482, -1.887644901110812068 ) ) ;
#2473 = ORIENTED_EDGE ( 'NONE', *, *, #6552, .T. ) ;
#2474 = EDGE_LOOP ( 'NONE', ( #6024, #5778, #6691, #3065 ) ) ;
#2475 = DIRECTION ( 'NONE',  ( 0.7071067811865462405, 0.000000000000000000, -0.7071067811865489050 ) ) ;
#2476 = ORIENTED_EDGE ( 'NONE', *, *, #5113, .F. ) ;
#2477 = CARTESIAN_POINT ( 'NONE',  ( 4.594869776903949266, 1.377990331235773525, -1.631343916091334334 ) ) ;
#2478 = CARTESIAN_POINT ( 'NONE',  ( 10.40000000000000568, 0.4500000000000047851, -2.809999999999998277 ) ) ;
#2479 = CARTESIAN_POINT ( 'NONE',  ( 7.200000000000001066, 1.490296697591617647, -1.544991777941569389 ) ) ;
#2480 = CARTESIAN_POINT ( 'NONE',  ( 10.65000000000002167, 0.5000000000000384137, 2.786410161513773964 ) ) ;
#2481 = CARTESIAN_POINT ( 'NONE',  ( 5.909861704713360808, 1.093686826073997143, -2.172723526922770265 ) ) ;
#2482 = CARTESIAN_POINT ( 'NONE',  ( -5.600000000000000533, 3.600000000000000533, -2.509999999999999343 ) ) ;
#2483 = EDGE_CURVE ( 'NONE', #106, #6064, #1884, .T. ) ;
#2484 = LINE ( 'NONE', #4419, #2894 ) ;
#2485 = CARTESIAN_POINT ( 'NONE',  ( 6.724103451859708258, 1.102373305619719357, -2.147195681588754290 ) ) ;
#2486 = ORIENTED_EDGE ( 'NONE', *, *, #651, .T. ) ;
#2487 = VECTOR ( 'NONE', #7401, 1000.000000000000000 ) ;
#2488 = VERTEX_POINT ( 'NONE', #1363 ) ;
#2489 = ADVANCED_FACE ( 'NONE', ( #6930 ), #1441, .T. ) ;
#2490 = CARTESIAN_POINT ( 'NONE',  ( 4.553888314152290562, 1.237905609979859323, -1.556735261797490777 ) ) ;
#2491 = CARTESIAN_POINT ( 'NONE',  ( 5.366657540849873342, 1.332602067340000751, -1.931689323377091982 ) ) ;
#2492 = CARTESIAN_POINT ( 'NONE',  ( 4.553606797749979229, 1.336039595716650652, -1.914640449259651156 ) ) ;
#2493 = LINE ( 'NONE', #4885, #2127 ) ;
#2494 = AXIS2_PLACEMENT_3D ( 'NONE', #280, #3952, #6366 ) ;
#2495 = FACE_OUTER_BOUND ( 'NONE', #7024, .T. ) ;
#2496 = ORIENTED_EDGE ( 'NONE', *, *, #4150, .F. ) ;
#2497 = CARTESIAN_POINT ( 'NONE',  ( 5.290976623819083180, 1.824150234765843814, -0.8523470498205695245 ) ) ;
#2498 = ORIENTED_EDGE ( 'NONE', *, *, #3138, .F. ) ;
#2499 = ADVANCED_FACE ( 'NONE', ( #3778 ), #6237, .T. ) ;
#2500 = CIRCLE ( 'NONE', #3279, 0.03000000000000004399 ) ;
#2501 = ORIENTED_EDGE ( 'NONE', *, *, #7790, .T. ) ;
#2502 = DIRECTION ( 'NONE',  ( 0.000000000000000000, 0.000000000000000000, -1.000000000000000000 ) ) ;
#2503 = AXIS2_PLACEMENT_3D ( 'NONE', #4892, #5109, #1963 ) ;
#2504 = CARTESIAN_POINT ( 'NONE',  ( 10.40000000000000746, 0.4500000000000148881, 0.000000000000000000 ) ) ;
#2505 = CARTESIAN_POINT ( 'NONE',  ( 3.061616997868383043E-15, 3.349999999999999645, 17.39000000000000767 ) ) ;
#2506 = LINE ( 'NONE', #6438, #2792 ) ;
#2507 = LINE ( 'NONE', #4970, #4968 ) ;
#2508 = ORIENTED_EDGE ( 'NONE', *, *, #7956, .T. ) ;
#2509 = ORIENTED_EDGE ( 'NONE', *, *, #2007, .T. ) ;
#2510 = DIRECTION ( 'NONE',  ( -5.234484735909391501E-16, -0.4108746525949196760, -0.9116918447891282362 ) ) ;
#2511 = ORIENTED_EDGE ( 'NONE', *, *, #586, .F. ) ;
#2512 = EDGE_CURVE ( 'NONE', #2777, #4164, #2685, .T. ) ;
#2513 = ORIENTED_EDGE ( 'NONE', *, *, #7607, .F. ) ;
#2514 = CARTESIAN_POINT ( 'NONE',  ( 4.434568794177465634, 1.340771425433242570, -1.771496844356831302 ) ) ;
#2515 = DIRECTION ( 'NONE',  ( 0.000000000000000000, -1.000000000000000000, -4.336808689942017736E-15 ) ) ;
#2516 = DIRECTION ( 'NONE',  ( 0.000000000000000000, 0.000000000000000000, -1.000000000000000000 ) ) ;
#2517 = CIRCLE ( 'NONE', #1101, 0.2000000000000000944 ) ;
#2518 = B_SPLINE_CURVE_WITH_KNOTS ( 'NONE', 3,
 ( #5426, #3613, #6100, #6631, #4088, #5462, #3647, #3002, #5976, #2963, #5384, #2873, #3045 ),
 .UNSPECIFIED., .F., .F.,
 ( 4, 2, 2, 1, 2, 2, 4 ),
 ( 0.000000000000000000, 0.2500000000000008882, 0.5000000000000017764, 0.6250000000000038858, 0.6875000000000028866, 0.7500000000000018874, 1.000000000000000000 ),
 .UNSPECIFIED. ) ;
#2519 = CARTESIAN_POINT ( 'NONE',  ( 11.85000000000004228, -4.937188806284069407E-15, -1.010000000000009335 ) ) ;
#2520 = AXIS2_PLACEMENT_3D ( 'NONE', #5917, #2705, #7555 ) ;
#2521 = DIRECTION ( 'NONE',  ( 1.647987302177965982E-13, -0.4278750282488096301, 0.9038379059328504050 ) ) ;
#2522 = CARTESIAN_POINT ( 'NONE',  ( 6.804253182689803836, 1.074494011853418529, -1.856032764879271824 ) ) ;
#2523 = EDGE_CURVE ( 'NONE', #5177, #7061, #1999, .T. ) ;
#2524 =( BOUNDED_SURFACE ( )  B_SPLINE_SURFACE ( 3, 3, ( 
 ( #1591, #5219, #263, #5180 ),
 ( #7681, #7078, #2072, #1553 ),
 ( #5752, #7639, #2152, #4617 ),
 ( #1514, #4010, #1440, #2033 ) ),
 .UNSPECIFIED., .F., .F., .T. ) 
 B_SPLINE_SURFACE_WITH_KNOTS ( ( 4, 4 ),
 ( 4, 4 ),
 ( 0.000000000000000000, 1.000000000000000000 ),
 ( 0.000000000000000000, 1.000000000000000000 ),
 .UNSPECIFIED. ) 
 GEOMETRIC_REPRESENTATION_ITEM ( )  RATIONAL_B_SPLINE_SURFACE ( (
 ( 1.000000000000000000, 0.9975898588337610562, 0.9975898588337610562, 1.000000000000000000),
 ( 0.9474215819623169610, 0.9451381622058463439, 0.9451381622058463439, 0.9474215819623169610),
 ( 0.9474215819623169610, 0.9451381622058463439, 0.9451381622058463439, 0.9474215819623169610),
 ( 1.000000000000000000, 0.9975898588337610562, 0.9975898588337610562, 1.000000000000000000) ) ) 
 REPRESENTATION_ITEM ( '' )  SURFACE ( )  );
#2525 = VECTOR ( 'NONE', #1498, 1000.000000000000114 ) ;
#2526 = AXIS2_PLACEMENT_3D ( 'NONE', #4591, #7050, #1564 ) ;
#2527 = DIRECTION ( 'NONE',  ( -1.000000000000000000, -0.000000000000000000, -0.000000000000000000 ) ) ;
#2528 = VERTEX_POINT ( 'NONE', #3816 ) ;
#2529 = AXIS2_PLACEMENT_3D ( 'NONE', #7557, #3800, #139 ) ;
#2530 = AXIS2_PLACEMENT_3D ( 'NONE', #483, #5963, #2952 ) ;
#2531 = VERTEX_POINT ( 'NONE', #2566 ) ;
#2532 = CARTESIAN_POINT ( 'NONE',  ( -7.767310599999988519, 3.728945423477429047E-14, -7.767310600000031151 ) ) ;
#2533 = CARTESIAN_POINT ( 'NONE',  ( 4.329640920246921709, 1.140408031561095381, -1.873067728563849066 ) ) ;
#2534 = FACE_OUTER_BOUND ( 'NONE', #1846, .T. ) ;
#2535 = CARTESIAN_POINT ( 'NONE',  ( 8.728703347107816625E-16, -1.279358563532895232E-14, 2.777127243132991650E-28 ) ) ;
#2536 = VECTOR ( 'NONE', #5967, 1000.000000000000114 ) ;
#2537 = ADVANCED_FACE ( 'NONE', ( #672 ), #3857, .T. ) ;
#2538 = CARTESIAN_POINT ( 'NONE',  ( 4.477906785357932407, 1.324490431726552009, -1.843449624784234242 ) ) ;
#2539 = EDGE_LOOP ( 'NONE', ( #252, #5342, #4653, #5 ) ) ;
#2540 = CARTESIAN_POINT ( 'NONE',  ( 5.348246817314104007, 1.770429382016663000, -0.8281365264550480942 ) ) ;
#2541 = VERTEX_POINT ( 'NONE', #81 ) ;
#2542 = CIRCLE ( 'NONE', #7949, 1.899999999999999689 ) ;
#2543 = ORIENTED_EDGE ( 'NONE', *, *, #3995, .F. ) ;
#2544 = DIRECTION ( 'NONE',  ( -1.333139840934740450E-16, 1.000000000000000000, 0.000000000000000000 ) ) ;
#2545 = CARTESIAN_POINT ( 'NONE',  ( 6.861523376184800682, 2.949999999999978861, -2.257615395000002856 ) ) ;
#2546 = ADVANCED_FACE ( 'NONE', ( #5062 ), #3216, .T. ) ;
#2547 = CARTESIAN_POINT ( 'NONE',  ( 6.560000000000004050, 1.360580711931135056, -2.155919981334507796 ) ) ;
#2548 = EDGE_CURVE ( 'NONE', #2946, #5395, #119, .T. ) ;
#2549 = CARTESIAN_POINT ( 'NONE',  ( 6.734308862564320819, 1.017245955438280447, -1.982989418853050578 ) ) ;
#2550 = VERTEX_POINT ( 'NONE', #750 ) ;
#2551 = DIRECTION ( 'NONE',  ( 0.7071067811865454633, 3.491481338843134144E-15, -0.7071067811865496822 ) ) ;
#2552 = ORIENTED_EDGE ( 'NONE', *, *, #1365, .T. ) ;
#2553 = ORIENTED_EDGE ( 'NONE', *, *, #4859, .T. ) ;
#2554 = CARTESIAN_POINT ( 'NONE',  ( 3.061616997868383043E-15, 3.600000000000000533, 17.39000000000000767 ) ) ;
#2555 = CARTESIAN_POINT ( 'NONE',  ( 5.269463606425994762, 1.099999999999978106, -2.257615395000003300 ) ) ;
#2556 = CARTESIAN_POINT ( 'NONE',  ( 3.949999999999999734, 3.600000000000000533, -0.004506036726491897612 ) ) ;
#2557 = EDGE_CURVE ( 'NONE', #6480, #662, #3814, .T. ) ;
#2558 = VECTOR ( 'NONE', #7787, 1000.000000000000000 ) ;
#2559 = CARTESIAN_POINT ( 'NONE',  ( 5.909023376180915221, 1.090909090909069068, -2.957499999999998241 ) ) ;
#2560 = CARTESIAN_POINT ( 'NONE',  ( 5.930536393574007192, 2.949999999999978861, -2.257615395000002856 ) ) ;
#2561 = CARTESIAN_POINT ( 'NONE',  ( 5.289692055220194256, 1.503276080241501944, -1.572038693219062422 ) ) ;
#2562 = CARTESIAN_POINT ( 'NONE',  ( 6.861523376184800682, 1.131515687739435450, -1.871178059443644459 ) ) ;
#2563 =( NAMED_UNIT ( * ) SI_UNIT ( $, .STERADIAN. ) SOLID_ANGLE_UNIT ( ) );
#2564 = ADVANCED_FACE ( 'NONE', ( #190 ), #5106, .T. ) ;
#2565 = ADVANCED_FACE ( 'NONE', ( #3895 ), #823, .F. ) ;
#2566 = CARTESIAN_POINT ( 'NONE',  ( 4.316963606425994193, 1.140408031561095825, -1.873067728563851286 ) ) ;
#2567 = AXIS2_PLACEMENT_3D ( 'NONE', #2532, #1408, #2570 ) ;
#2568 = ORIENTED_EDGE ( 'NONE', *, *, #2674, .T. ) ;
#2569 =( BOUNDED_SURFACE ( )  B_SPLINE_SURFACE ( 3, 3, ( 
 ( #5040, #4436, #6824, #1269 ),
 ( #1304, #3722, #3759, #5691 ),
 ( #3115, #6214, #4961, #2540 ),
 ( #682, #6288, #6747, #2497 ) ),
 .UNSPECIFIED., .F., .F., .F. ) 
 B_SPLINE_SURFACE_WITH_KNOTS ( ( 4, 4 ),
 ( 4, 4 ),
 ( 0.000000000000000000, 1.000000000000000000 ),
 ( 0.000000000000000000, 1.000000000000000000 ),
 .UNSPECIFIED. ) 
 GEOMETRIC_REPRESENTATION_ITEM ( )  RATIONAL_B_SPLINE_SURFACE ( (
 ( 1.000000000000000000, 0.3333333333333339810, 0.3333333333333339810, 1.000000000000000000),
 ( 0.9474215819624502988, 0.3158071939874840250, 0.3158071939874840250, 0.9474215819624502988),
 ( 0.9474215819624502988, 0.3158071939874840250, 0.3158071939874840250, 0.9474215819624502988),
 ( 1.000000000000000000, 0.3333333333333339810, 0.3333333333333339810, 1.000000000000000000) ) ) 
 REPRESENTATION_ITEM ( '' )  SURFACE ( )  );
#2570 = DIRECTION ( 'NONE',  ( -0.7071067811865493491, 0.000000000000000000, 0.7071067811865456854 ) ) ;
#2571 = CARTESIAN_POINT ( 'NONE',  ( 5.506106797749978909, 1.741269157966831349, -0.8149948086755766097 ) ) ;
#2572 = AXIS2_PLACEMENT_3D ( 'NONE', #816, #3812, #3293 ) ;
#2573 = DIRECTION ( 'NONE',  ( 4.485885711162466802E-16, -1.626041754504986620E-30, 1.000000000000000000 ) ) ;
#2574 = PLANE ( 'NONE',  #1617 ) ;
#2575 = LINE ( 'NONE', #4433, #4051 ) ;
#2576 = VERTEX_POINT ( 'NONE', #2074 ) ;
#2577 = LINE ( 'NONE', #3081, #5877 ) ;
#2578 = EDGE_LOOP ( 'NONE', ( #6101, #2013, #1538, #7717 ) ) ;
#2579 = ORIENTED_EDGE ( 'NONE', *, *, #7370, .T. ) ;
#2580 = DIRECTION ( 'NONE',  ( 0.000000000000000000, -0.000000000000000000, -1.000000000000000000 ) ) ;
#2581 = CARTESIAN_POINT ( 'NONE',  ( 5.290976623819082292, 1.798089979429930541, -0.2888788659938809622 ) ) ;
#2582 = EDGE_CURVE ( 'NONE', #6762, #1042, #4539, .T. ) ;
#2583 = CARTESIAN_POINT ( 'NONE',  ( 6.560000000000003162, 1.286586176947808191, -2.053772078751097574 ) ) ;
#2584 = CARTESIAN_POINT ( 'NONE',  ( 5.432046519095663051, 1.373354232393924956, -1.692037005032967611 ) ) ;
#2585 = LINE ( 'NONE', #3766, #7280 ) ;
#2586 = B_SPLINE_CURVE_WITH_KNOTS ( 'NONE', 3,
 ( #3503, #1169, #7332, #3545, #4274, #7287 ),
 .UNSPECIFIED., .F., .F.,
 ( 4, 2, 4 ),
 ( 1.935733830043369306E-15, 0.0002215590340917409295, 0.0004431180681815461244 ),
 .UNSPECIFIED. ) ;
#2587 = ORIENTED_EDGE ( 'NONE', *, *, #7205, .T. ) ;
#2588 = LINE ( 'NONE', #7512, #3946 ) ;
#2589 = ORIENTED_EDGE ( 'NONE', *, *, #6808, .T. ) ;
#2590 = ORIENTED_EDGE ( 'NONE', *, *, #3146, .F. ) ;
#2591 = CARTESIAN_POINT ( 'NONE',  ( 6.789045029739238402, 1.186613339213142382, -1.670234626707556291 ) ) ;
#2592 = DIRECTION ( 'NONE',  ( 0.7247770403175508580, -0.6732639087147483936, 0.1463350643238672810 ) ) ;
#2593 = CARTESIAN_POINT ( 'NONE',  ( 5.693893202250020380, 3.229999999999978222, -2.257615395000002856 ) ) ;
#2594 = CARTESIAN_POINT ( 'NONE',  ( 10.85000000000002096, 0.4500000000000164979, 0.2899999999999920974 ) ) ;
#2595 = DIRECTION ( 'NONE',  ( 0.7071067811865475727, -3.035766082959420304E-15, 0.7071067811865475727 ) ) ;
#2596 = CARTESIAN_POINT ( 'NONE',  ( 5.277680634188324227, 1.099999999999977884, -3.146310313076983611 ) ) ;
#2597 = DIRECTION ( 'NONE',  ( 1.000000000000000000, -3.624795322936608189E-15, -4.485885711162466802E-16 ) ) ;
#2598 = CARTESIAN_POINT ( 'NONE',  ( 4.000000000000000000, 3.349514499543174928, 3.217794313689459340 ) ) ;
#2599 = ADVANCED_FACE ( 'NONE', ( #2198 ), #265, .T. ) ;
#2600 = DIRECTION ( 'NONE',  ( 0.000000000000000000, 1.000000000000000000, 0.000000000000000000 ) ) ;
#2601 = ORIENTED_EDGE ( 'NONE', *, *, #1232, .T. ) ;
#2602 = ORIENTED_EDGE ( 'NONE', *, *, #5914, .F. ) ;
#2603 = DIRECTION ( 'NONE',  ( -0.000000000000000000, 0.4108746525949196204, 0.9116918447891282362 ) ) ;
#2604 = EDGE_CURVE ( 'NONE', #4113, #2550, #7243, .T. ) ;
#2605 = EDGE_CURVE ( 'NONE', #4053, #2391, #7801, .T. ) ;
#2606 = DIRECTION ( 'NONE',  ( 0.000000000000000000, 0.000000000000000000, 1.000000000000000000 ) ) ;
#2607 = DIRECTION ( 'NONE',  ( 0.000000000000000000, 0.000000000000000000, -1.000000000000000000 ) ) ;
#2608 = B_SPLINE_CURVE_WITH_KNOTS ( 'NONE', 3,
 ( #1435, #5856, #7601, #3403, #5174, #2714 ),
 .UNSPECIFIED., .F., .F.,
 ( 4, 2, 4 ),
 ( 0.000000000000000000, 0.5000000000000000000, 1.000000000000000000 ),
 .UNSPECIFIED. ) ;
#2609 = CARTESIAN_POINT ( 'NONE',  ( 5.285249604469581364, 1.248658678561355373, -1.522355957961800677 ) ) ;
#2610 = CARTESIAN_POINT ( 'NONE',  ( 6.867250395531611318, 1.137874256232366710, -1.869603718742441911 ) ) ;
#2611 = DIRECTION ( 'NONE',  ( 1.000000000000000000, -3.624795322936608189E-15, -4.485885711162466802E-16 ) ) ;
#2612 = CIRCLE ( 'NONE', #7257, 0.2000000000000000944 ) ;
#2613 = ORIENTED_EDGE ( 'NONE', *, *, #4288, .F. ) ;
#2614 = CARTESIAN_POINT ( 'NONE',  ( 5.284227408269781101, 1.098753638927597809, -2.180105829236876236 ) ) ;
#2615 = VERTEX_POINT ( 'NONE', #6393 ) ;
#2616 = VERTEX_POINT ( 'NONE', #7116 ) ;
#2617 = CARTESIAN_POINT ( 'NONE',  ( 5.423936520126686922, 1.605949200222030360, -0.4939635311441896159 ) ) ;
#2618 = LINE ( 'NONE', #7585, #3786 ) ;
#2619 = CARTESIAN_POINT ( 'NONE',  ( 6.560000000000000497, 1.307813721342089508, -1.929438750280501047 ) ) ;
#2620 = AXIS2_PLACEMENT_3D ( 'NONE', #6794, #573, #1343 ) ;
#2621 = CARTESIAN_POINT ( 'NONE',  ( 5.480352834240282967, 1.349762582248509091, -1.739936818364957949 ) ) ;
#2622 = CARTESIAN_POINT ( 'NONE',  ( 4.332749604468387972, 1.137874256232564329, -1.869603718741526643 ) ) ;
#2623 = EDGE_CURVE ( 'NONE', #6712, #1252, #422, .T. ) ;
#2624 = DIRECTION ( 'NONE',  ( 0.000000000000000000, -1.000000000000000000, 0.000000000000000000 ) ) ;
#2625 = VERTEX_POINT ( 'NONE', #1031 ) ;
#2626 = LINE ( 'NONE', #693, #4854 ) ;
#2627 = CIRCLE ( 'NONE', #7269, 0.03000000000000007869 ) ;
#2628 = ORIENTED_EDGE ( 'NONE', *, *, #113, .F. ) ;
#2629 = CARTESIAN_POINT ( 'NONE',  ( 4.336171754474140272, 1.426781299306778994, -1.812138588094978520 ) ) ;
#2630 = PLANE ( 'NONE',  #3529 ) ;
#2631 = DIRECTION ( 'NONE',  ( 0.000000000000000000, 0.000000000000000000, -1.000000000000000000 ) ) ;
#2632 = AXIS2_PLACEMENT_3D ( 'NONE', #4749, #1208, #2366 ) ;
#2633 = EDGE_CURVE ( 'NONE', #2695, #7457, #6286, .T. ) ;
#2634 = DIRECTION ( 'NONE',  ( -1.000000000000000000, -3.624795322936608189E-15, -0.000000000000000000 ) ) ;
#2635 = CARTESIAN_POINT ( 'NONE',  ( 4.563658176742963590, 1.333892133362845289, -1.802112669707470749 ) ) ;
#2636 = CIRCLE ( 'NONE', #7146, 1.899999999999999689 ) ;
#2637 = LINE ( 'NONE', #5178, #7081 ) ;
#2638 = EDGE_LOOP ( 'NONE', ( #4136, #926, #2339, #1848, #6656, #6224 ) ) ;
#2639 = CARTESIAN_POINT ( 'NONE',  ( 4.338476623815830990, 1.133325376636309612, -1.862758052301922929 ) ) ;
#2640 = EDGE_CURVE ( 'NONE', #1493, #6146, #6385, .T. ) ;
#2641 = AXIS2_PLACEMENT_3D ( 'NONE', #4520, #211, #3878 ) ;
#2642 = STYLED_ITEM ( 'NONE', ( #6729 ), #486 ) ;
#2643 = EDGE_CURVE ( 'NONE', #5352, #1635, #4064, .T. ) ;
#2644 = CARTESIAN_POINT ( 'NONE',  ( -7.200000000000002842, 3.600000000000000533, -7.609999999999995879 ) ) ;
#2645 = VERTEX_POINT ( 'NONE', #7686 ) ;
#2646 = DIRECTION ( 'NONE',  ( 3.624795322936607400E-15, -1.000000000000000000, -0.000000000000000000 ) ) ;
#2647 = CIRCLE ( 'NONE', #3178, 0.1499999999999999667 ) ;
#2648 = CARTESIAN_POINT ( 'NONE',  ( -10.40000000000000746, 0.5000000000000365263, -0.2064101615137723666 ) ) ;
#2649 = AXIS2_PLACEMENT_3D ( 'NONE', #6319, #5153, #3378 ) ;
#2650 = CARTESIAN_POINT ( 'NONE',  ( 5.506106797749978909, 1.762305905133692008, -0.7683162639861181864 ) ) ;
#2651 = DIRECTION ( 'NONE',  ( 0.000000000000000000, 0.9116918447891286803, -0.4108746525949191208 ) ) ;
#2652 = CARTESIAN_POINT ( 'NONE',  ( 6.874819365813023886, 1.141001841673299877, -1.870273396149624290 ) ) ;
#2653 = LINE ( 'NONE', #1526, #5372 ) ;
#2654 = EDGE_CURVE ( 'NONE', #7772, #2616, #907, .T. ) ;
#2655 = EDGE_CURVE ( 'NONE', #927, #6600, #1594, .T. ) ;
#2656 = AXIS2_PLACEMENT_3D ( 'NONE', #5666, #772, #2475 ) ;
#2657 = VECTOR ( 'NONE', #4717, 1000.000000000000000 ) ;
#2658 = ORIENTED_EDGE ( 'NONE', *, *, #5272, .T. ) ;
#2659 = CARTESIAN_POINT ( 'NONE',  ( -10.65000000000002167, 0.4500000000000384248, -0.6599999999999962563 ) ) ;
#2660 = EDGE_LOOP ( 'NONE', ( #4406, #5218, #6289, #2277, #3583, #3161 ) ) ;
#2661 = CARTESIAN_POINT ( 'NONE',  ( 5.506106797749978909, 1.579999999999978089, -2.257615395000003744 ) ) ;
#2662 = DIRECTION ( 'NONE',  ( 0.000000000000000000, 0.4108746525949195094, 0.9116918447891283472 ) ) ;
#2663 = CARTESIAN_POINT ( 'NONE',  ( -10.01898628384834922, 3.349999999999999645, -4.559999999999994280 ) ) ;
#2664 = VECTOR ( 'NONE', #5194, 1000.000000000000000 ) ;
#2665 = DIRECTION ( 'NONE',  ( -3.624795322936607400E-15, -1.000000000000000000, 0.000000000000000000 ) ) ;
#2666 = DIRECTION ( 'NONE',  ( 1.000000000000000000, 0.000000000000000000, 0.000000000000000000 ) ) ;
#2667 = ADVANCED_FACE ( 'NONE', ( #7158 ), #5791, .T. ) ;
#2668 = EDGE_CURVE ( 'NONE', #7318, #6762, #2721, .T. ) ;
#2669 = DIRECTION ( 'NONE',  ( 0.000000000000000000, 1.000000000000000000, 0.000000000000000000 ) ) ;
#2670 = ORIENTED_EDGE ( 'NONE', *, *, #2806, .F. ) ;
#2671 = CIRCLE ( 'NONE', #7175, 0.1499999999999999667 ) ;
#2672 = CARTESIAN_POINT ( 'NONE',  ( 4.600156293955057762, 1.223258806020461886, -1.572046981828283174 ) ) ;
#2673 = ORIENTED_EDGE ( 'NONE', *, *, #2423, .T. ) ;
#2674 = EDGE_CURVE ( 'NONE', #4536, #927, #7422, .T. ) ;
#2675 = EDGE_LOOP ( 'NONE', ( #614, #3881, #6759, #2436, #4195 ) ) ;
#2676 = CARTESIAN_POINT ( 'NONE',  ( 4.336173685651325549, 1.415666577312142627, -1.863266916280869712 ) ) ;
#2677 = DIRECTION ( 'NONE',  ( 1.000000000000000000, 3.624795322936608189E-15, 0.000000000000000000 ) ) ;
#2678 = CARTESIAN_POINT ( 'NONE',  ( -12.05000000000000071, -4.878909776184769953E-15, 0.2900000000000031442 ) ) ;
#2679 = CARTESIAN_POINT ( 'NONE',  ( 5.286452158639265875, 1.538562082778013540, -1.495330451247661285 ) ) ;
#2680 = CARTESIAN_POINT ( 'NONE',  ( 4.553606797749979229, 1.329265181323947997, -1.821481775922151547 ) ) ;
#2681 = VERTEX_POINT ( 'NONE', #4621 ) ;
#2682 = DIRECTION ( 'NONE',  ( -0.000000000000000000, 1.000000000000000000, -0.000000000000000000 ) ) ;
#2683 = CARTESIAN_POINT ( 'NONE',  ( -10.40000000000000746, 3.860407018927489970E-14, 4.290000000000002700 ) ) ;
#2684 = PRODUCT_RELATED_PRODUCT_CATEGORY ( 'part', '', ( #4932 ) ) ;
#2685 = LINE ( 'NONE', #7491, #4455 ) ;
#2686 = EDGE_CURVE ( 'NONE', #568, #6738, #4103, .T. ) ;
#2687 = EDGE_LOOP ( 'NONE', ( #1663, #1913, #6014, #3230, #6107, #4924, #948, #4834 ) ) ;
#2688 = CARTESIAN_POINT ( 'NONE',  ( 7.200000000000001066, 2.849999999999999645, 3.239999999999996660 ) ) ;
#2689 = CARTESIAN_POINT ( 'NONE',  ( 5.776063479873310591, 0.9999999999999781286, -2.957499999999998241 ) ) ;
#2690 = CARTESIAN_POINT ( 'NONE',  ( -10.40000000000000746, 0.4714285714286088891, -3.108461497791614292 ) ) ;
#2691 = LINE ( 'NONE', #1602, #6236 ) ;
#2692 = PLANE ( 'NONE',  #4855 ) ;
#2693 = DIRECTION ( 'NONE',  ( 1.000000000000000000, 0.000000000000000000, 0.000000000000000000 ) ) ;
#2694 = AXIS2_PLACEMENT_3D ( 'NONE', #7055, #317, #7739 ) ;
#2695 = VERTEX_POINT ( 'NONE', #2113 ) ;
#2696 = CARTESIAN_POINT ( 'NONE',  ( 5.290976623819023672, 1.090909090909131463, -2.152068286918841888 ) ) ;
#2697 = ORIENTED_EDGE ( 'NONE', *, *, #5168, .T. ) ;
#2698 = AXIS2_PLACEMENT_3D ( 'NONE', #2554, #5704, #218 ) ;
#2699 = PLANE ( 'NONE',  #4120 ) ;
#2700 = CARTESIAN_POINT ( 'NONE',  ( 5.269463606425993873, 1.552438342445744413, -0.8560822739350693045 ) ) ;
#2701 = EDGE_CURVE ( 'NONE', #423, #1652, #3335, .T. ) ;
#2702 = CARTESIAN_POINT ( 'NONE',  ( 6.643375663372601103, 1.317773913919778828, -1.875524800516939150 ) ) ;
#2703 = VECTOR ( 'NONE', #2812, 1000.000000000000000 ) ;
#2704 = DIRECTION ( 'NONE',  ( 0.000000000000000000, -1.000000000000000000, -1.761828530288944902E-15 ) ) ;
#2705 = DIRECTION ( 'NONE',  ( -0.000000000000000000, 0.4108746525949196760, 0.9116918447891283472 ) ) ;
#2706 = VERTEX_POINT ( 'NONE', #6073 ) ;
#2707 = DIRECTION ( 'NONE',  ( -2.602085213965210957E-14, -5.421010862427522170E-16, 1.000000000000000000 ) ) ;
#2708 = ORIENTED_EDGE ( 'NONE', *, *, #769, .F. ) ;
#2709 = CARTESIAN_POINT ( 'NONE',  ( 5.911934377754676895, 1.525738379942617406, -1.521093908371207615 ) ) ;
#2710 = DIRECTION ( 'NONE',  ( 0.000000000000000000, -1.000000000000000000, 0.000000000000000000 ) ) ;
#2711 = EDGE_CURVE ( 'NONE', #2820, #995, #7731, .T. ) ;
#2712 = EDGE_CURVE ( 'NONE', #2045, #316, #6599, .T. ) ;
#2713 = DIRECTION ( 'NONE',  ( -0.000000000000000000, 1.000000000000000000, 0.000000000000000000 ) ) ;
#2714 = CARTESIAN_POINT ( 'NONE',  ( 6.559999999999998721, 1.101109710447187418, -2.193547484175649931 ) ) ;
#2715 = CARTESIAN_POINT ( 'NONE',  ( 5.693893202250020380, 1.289405227792194575, -2.036598957356193118 ) ) ;
#2716 = AXIS2_PLACEMENT_3D ( 'NONE', #3030, #6663, #6048 ) ;
#2717 = CYLINDRICAL_SURFACE ( 'NONE', #6832, 0.1999999999999779732 ) ;
#2718 = ORIENTED_EDGE ( 'NONE', *, *, #1312, .T. ) ;
#2719 = CARTESIAN_POINT ( 'NONE',  ( 5.312280573813465523, 1.099999999999978106, -3.120611948807424429 ) ) ;
#2720 = AXIS2_PLACEMENT_3D ( 'NONE', #2663, #6983, #2861 ) ;
#2721 = LINE ( 'NONE', #4698, #6000 ) ;
#2722 = ADVANCED_FACE ( 'NONE', ( #7368 ), #4270, .T. ) ;
#2723 = VERTEX_POINT ( 'NONE', #5985 ) ;
#2724 = ORIENTED_EDGE ( 'NONE', *, *, #3048, .F. ) ;
#2725 = DIRECTION ( 'NONE',  ( 3.624795322936608189E-15, 1.000000000000000000, -1.913297951445023645E-16 ) ) ;
#2726 = CARTESIAN_POINT ( 'NONE',  ( -11.85000000000004228, -4.892077016599413269E-15, -1.010000000000004006 ) ) ;
#2727 = CYLINDRICAL_SURFACE ( 'NONE', #4562, 0.7500000000000002220 ) ;
#2728 = CARTESIAN_POINT ( 'NONE',  ( -3.949999999999998845, 3.600000000000000533, 3.215000000000000302 ) ) ;
#2729 = CARTESIAN_POINT ( 'NONE',  ( 5.903460951528224143, 1.606390684792576184, -0.7363671486183167580 ) ) ;
#2730 = SHAPE_REPRESENTATION ( 'BH-67D-5', ( #3012, #7908 ), #2739 ) ;
#2731 = EDGE_CURVE ( 'NONE', #6826, #2615, #6114, .T. ) ;
#2732 = ORIENTED_EDGE ( 'NONE', *, *, #7510, .T. ) ;
#2733 = CARTESIAN_POINT ( 'NONE',  ( 5.506106797749978909, 0.9999999999999787947, -2.257615395000003300 ) ) ;
#2734 = VERTEX_POINT ( 'NONE', #508 ) ;
#2735 = CARTESIAN_POINT ( 'NONE',  ( 5.795543972647449138, 1.029827726020705381, -2.041260276413834340 ) ) ;
#2736 = DIRECTION ( 'NONE',  ( 0.000000000000000000, 0.9116918447891284583, -0.4108746525949195649 ) ) ;
#2737 = DIRECTION ( 'NONE',  ( 0.000000000000000000, -0.4108746525949196204, -0.9116918447891282362 ) ) ;
#2738 = LINE ( 'NONE', #7058, #1100 ) ;
#2739 =( GEOMETRIC_REPRESENTATION_CONTEXT ( 3 ) GLOBAL_UNCERTAINTY_ASSIGNED_CONTEXT ( ( #5173 ) ) GLOBAL_UNIT_ASSIGNED_CONTEXT ( ( #4384, #3177, #2563 ) ) REPRESENTATION_CONTEXT ( 'NONE', 'WORKASPACE' ) );
#2740 = CARTESIAN_POINT ( 'NONE',  ( 4.395746817310530297, 1.073878370308385843, -1.858929830943986783 ) ) ;
#2741 = EDGE_CURVE ( 'NONE', #6068, #2220, #6158, .T. ) ;
#2742 = EDGE_LOOP ( 'NONE', ( #834, #4500, #6163, #4034, #373, #95 ) ) ;
#2743 = CARTESIAN_POINT ( 'NONE',  ( 11.85000000000004228, 0.2499999999999951150, -1.010000000000009113 ) ) ;
#2744 = VERTEX_POINT ( 'NONE', #2402 ) ;
#2745 = ORIENTED_EDGE ( 'NONE', *, *, #979, .T. ) ;
#2746 = DIRECTION ( 'NONE',  ( -1.000000000000000000, 0.000000000000000000, -8.673617379884013384E-15 ) ) ;
#2747 = CARTESIAN_POINT ( 'NONE',  ( -5.600000000000000533, 1.491293048337372085, -2.259999999999996234 ) ) ;
#2748 = LINE ( 'NONE', #3361, #1422 ) ;
#2749 = FACE_OUTER_BOUND ( 'NONE', #771, .T. ) ;
#2750 = AXIS2_PLACEMENT_3D ( 'NONE', #6752, #1940, #6714 ) ;
#2751 = EDGE_LOOP ( 'NONE', ( #1797, #3237, #2221, #1938 ) ) ;
#2752 = EDGE_CURVE ( 'NONE', #2428, #5799, #1069, .T. ) ;
#2753 = DIRECTION ( 'NONE',  ( -2.344220913482162485E-15, -1.000000000000000000, -2.344220913482174713E-15 ) ) ;
#2754 = EDGE_CURVE ( 'NONE', #1943, #7762, #4822, .T. ) ;
#2755 = FACE_OUTER_BOUND ( 'NONE', #6412, .T. ) ;
#2756 = ORIENTED_EDGE ( 'NONE', *, *, #2557, .F. ) ;
#2757 = CARTESIAN_POINT ( 'NONE',  ( -7.590533904703351986, 3.641658390006350397E-14, -7.590533904703392842 ) ) ;
#2758 = EDGE_LOOP ( 'NONE', ( #824, #1813, #6748, #6440, #1073, #3440 ) ) ;
#2759 = CARTESIAN_POINT ( 'NONE',  ( 5.599999999999999645, 1.099999999999978106, -3.288036393574004457 ) ) ;
#2760 = VECTOR ( 'NONE', #7851, 1000.000000000000000 ) ;
#2761 = DIRECTION ( 'NONE',  ( 1.333139840934740203E-16, -1.000000000000000000, -6.550704629611134845E-16 ) ) ;
#2762 = DIRECTION ( 'NONE',  ( 4.667217953911650374E-30, 1.000000000000000000, 6.550704629611124984E-16 ) ) ;
#2763 = VERTEX_POINT ( 'NONE', #5519 ) ;
#2764 = ORIENTED_EDGE ( 'NONE', *, *, #2623, .F. ) ;
#2765 = DIRECTION ( 'NONE',  ( 1.000000000000000000, -0.000000000000000000, 0.000000000000000000 ) ) ;
#2766 = ORIENTED_EDGE ( 'NONE', *, *, #2020, .F. ) ;
#2767 = EDGE_CURVE ( 'NONE', #4866, #92, #2273, .T. ) ;
#2768 = DIRECTION ( 'NONE',  ( -1.000000000000000000, 3.624795322936608189E-15, 4.485885711162466802E-16 ) ) ;
#2769 = DIRECTION ( 'NONE',  ( 0.7071067811865465735, 0.000000000000000000, 0.7071067811865484609 ) ) ;
#2770 = DIRECTION ( 'NONE',  ( -0.000000000000000000, -1.000000000000000000, -0.000000000000000000 ) ) ;
#2771 = AXIS2_PLACEMENT_3D ( 'NONE', #7779, #7133, #2905 ) ;
#2772 = AXIS2_PLACEMENT_3D ( 'NONE', #5825, #1968, #7082 ) ;
#2773 = CARTESIAN_POINT ( 'NONE',  ( -10.65000000000002345, 0.3000000000000382916, -3.306410161513771762 ) ) ;
#2774 = ORIENTED_EDGE ( 'NONE', *, *, #7913, .F. ) ;
#2775 = AXIS2_PLACEMENT_3D ( 'NONE', #3432, #2990, #7134 ) ;
#2776 = AXIS2_PLACEMENT_3D ( 'NONE', #453, #5340, #6501 ) ;
#2777 = VERTEX_POINT ( 'NONE', #4142 ) ;
#2778 = CARTESIAN_POINT ( 'NONE',  ( 5.778751426441302463, 1.026448345115092087, -2.022517764522021810 ) ) ;
#2779 = CARTESIAN_POINT ( 'NONE',  ( 10.85000000000002096, 3.827233668873830652E-14, 0.2899999999999920974 ) ) ;
#2780 = DIRECTION ( 'NONE',  ( -0.7071067811865472397, -3.035766082959420304E-15, 0.7071067811865479058 ) ) ;
#2781 = EDGE_CURVE ( 'NONE', #991, #4614, #5437, .T. ) ;
#2782 = LINE ( 'NONE', #3514, #5624 ) ;
#2783 = CARTESIAN_POINT ( 'NONE',  ( 4.316963606424637057, 1.142208871125190095, -1.864688895051709316 ) ) ;
#2784 = AXIS2_PLACEMENT_3D ( 'NONE', #3180, #5605, #7001 ) ;
#2785 = CARTESIAN_POINT ( 'NONE',  ( -7.200000000000001954, 1.099999999999978550, -2.257615394999999303 ) ) ;
#2786 = ORIENTED_EDGE ( 'NONE', *, *, #3851, .F. ) ;
#2787 = CYLINDRICAL_SURFACE ( 'NONE', #730, 0.2999999999999998779 ) ;
#2788 = VERTEX_POINT ( 'NONE', #1765 ) ;
#2789 = ADVANCED_FACE ( 'NONE', ( #3537 ), #5394, .T. ) ;
#2790 = CIRCLE ( 'NONE', #4593, 0.02999999999999999542 ) ;
#2791 = ORIENTED_EDGE ( 'NONE', *, *, #6201, .T. ) ;
#2792 = VECTOR ( 'NONE', #7615, 1000.000000000000000 ) ;
#2793 = DIRECTION ( 'NONE',  ( 0.000000000000000000, 2.171692714077831124E-14, 1.000000000000000000 ) ) ;
#2794 = CARTESIAN_POINT ( 'NONE',  ( 10.40000000000000746, 0.5000000000000375255, 2.786410161513773964 ) ) ;
#2795 = CARTESIAN_POINT ( 'NONE',  ( 5.290976623818671065, 1.501618638213835233, -1.572840339603589044 ) ) ;
#2796 = EDGE_CURVE ( 'NONE', #1390, #193, #6867, .T. ) ;
#2797 = CARTESIAN_POINT ( 'NONE',  ( 12.05000000000004334, -4.910526009465373651E-15, -1.010000000000010667 ) ) ;
#2798 = AXIS2_PLACEMENT_3D ( 'NONE', #5927, #567, #1786 ) ;
#2799 = VERTEX_POINT ( 'NONE', #1249 ) ;
#2800 = CYLINDRICAL_SURFACE ( 'NONE', #5994, 0.7500000000000006661 ) ;
#2801 = CARTESIAN_POINT ( 'NONE',  ( 5.348246817313630608, 1.436619979062817132, -1.568827899030871276 ) ) ;
#2802 = ORIENTED_EDGE ( 'NONE', *, *, #1773, .F. ) ;
#2803 = CARTESIAN_POINT ( 'NONE',  ( 6.734173541754970849, 1.075134107170157449, -1.713687711416918669 ) ) ;
#2804 = ORIENTED_EDGE ( 'NONE', *, *, #1917, .F. ) ;
#2805 = CARTESIAN_POINT ( 'NONE',  ( 5.269463606425996538, 1.099999999999978328, -3.000043442893332912 ) ) ;
#2806 = EDGE_CURVE ( 'NONE', #466, #2820, #3600, .T. ) ;
#2807 = DIRECTION ( 'NONE',  ( -1.000000000000000000, -0.000000000000000000, -0.000000000000000000 ) ) ;
#2808 = DIRECTION ( 'NONE',  ( 0.000000000000000000, -1.000000000000000000, 0.000000000000000000 ) ) ;
#2809 = VERTEX_POINT ( 'NONE', #3704 ) ;
#2810 = DIRECTION ( 'NONE',  ( 0.000000000000000000, -0.4108746525949196204, -0.9116918447891282362 ) ) ;
#2811 = ORIENTED_EDGE ( 'NONE', *, *, #1477, .T. ) ;
#2812 = DIRECTION ( 'NONE',  ( -1.000000000000000000, -0.000000000000000000, -0.000000000000000000 ) ) ;
#2813 = EDGE_CURVE ( 'NONE', #326, #4009, #7833, .T. ) ;
#2814 = EDGE_CURVE ( 'NONE', #7785, #2124, #5104, .T. ) ;
#2815 = CARTESIAN_POINT ( 'NONE',  ( 7.225000000000000533, 3.600000000000000533, 3.239999999999997549 ) ) ;
#2816 = CARTESIAN_POINT ( 'NONE',  ( 5.359088742721784371, 3.600000000000000089, 7.384867924528302652 ) ) ;
#2817 = LINE ( 'NONE', #4152, #5878 ) ;
#2818 = CIRCLE ( 'NONE', #6708, 1.950000000000000178 ) ;
#2819 = ORIENTED_EDGE ( 'NONE', *, *, #248, .F. ) ;
#2820 = VERTEX_POINT ( 'NONE', #3741 ) ;
#2821 = CARTESIAN_POINT ( 'NONE',  ( 5.800420234861108248, 1.031062006125971209, -2.046733295268793107 ) ) ;
#2822 = DIRECTION ( 'NONE',  ( -0.000000000000000000, 1.836970198721029688E-16, 1.000000000000000000 ) ) ;
#2823 = DIRECTION ( 'NONE',  ( 0.000000000000000000, 0.000000000000000000, 1.000000000000000000 ) ) ;
#2824 = CARTESIAN_POINT ( 'NONE',  ( 5.457803494843520120, 1.079747874586904910, -1.717084579951857926 ) ) ;
#2825 = DIRECTION ( 'NONE',  ( 0.000000000000000000, -0.000000000000000000, -1.000000000000000000 ) ) ;
#2826 = CARTESIAN_POINT ( 'NONE',  ( 7.200000000000001066, 3.349999999999999645, -7.609999999999999432 ) ) ;
#2827 = ORIENTED_EDGE ( 'NONE', *, *, #4543, .T. ) ;
#2828 = AXIS2_PLACEMENT_3D ( 'NONE', #3490, #902, #2230 ) ;
#2829 = FACE_OUTER_BOUND ( 'NONE', #3757, .T. ) ;
#2830 = ORIENTED_EDGE ( 'NONE', *, *, #3596, .F. ) ;
#2831 = EDGE_CURVE ( 'NONE', #349, #3080, #7452, .T. ) ;
#2832 = ORIENTED_EDGE ( 'NONE', *, *, #1527, .T. ) ;
#2833 = CARTESIAN_POINT ( 'NONE',  ( 5.913577174974271600, 1.515575419623348186, -1.548009721499811420 ) ) ;
#2834 = DIRECTION ( 'NONE',  ( 0.000000000000000000, 0.000000000000000000, -1.000000000000000000 ) ) ;
#2835 = DIRECTION ( 'NONE',  ( 1.000000000000000000, -3.624795322936608189E-15, -4.485885711162466802E-16 ) ) ;
#2836 = FACE_OUTER_BOUND ( 'NONE', #7469, .T. ) ;
#2837 = ORIENTED_EDGE ( 'NONE', *, *, #3842, .F. ) ;
#2838 = FACE_OUTER_BOUND ( 'NONE', #6903, .T. ) ;
#2839 = DIRECTION ( 'NONE',  ( 1.000000000000000000, -0.000000000000000000, -4.485885711162466802E-16 ) ) ;
#2840 = EDGE_LOOP ( 'NONE', ( #4022, #225, #3124, #6789, #7361 ) ) ;
#2841 = DIRECTION ( 'NONE',  ( -0.7247770403244386817, -0.6732639087009955059, 0.1463350643530262896 ) ) ;
#2842 = CARTESIAN_POINT ( 'NONE',  ( 4.362003173774264830, 1.182477045570838881, -1.708292579910731135 ) ) ;
#2843 = DIRECTION ( 'NONE',  ( 1.000000000000000000, -3.624795322936608189E-15, -4.485885711162466802E-16 ) ) ;
#2844 = EDGE_CURVE ( 'NONE', #1002, #5938, #871, .T. ) ;
#2845 = ORIENTED_EDGE ( 'NONE', *, *, #678, .T. ) ;
#2846 = ORIENTED_EDGE ( 'NONE', *, *, #5509, .T. ) ;
#2847 = FACE_OUTER_BOUND ( 'NONE', #5195, .T. ) ;
#2848 = ORIENTED_EDGE ( 'NONE', *, *, #4859, .F. ) ;
#2849 = CARTESIAN_POINT ( 'NONE',  ( 11.84999999999999787, -5.621871448478022962E-16, 0.4899999999999977152 ) ) ;
#2850 = VECTOR ( 'NONE', #4170, 1000.000000000000000 ) ;
#2851 = LINE ( 'NONE', #5312, #3539 ) ;
#2852 = CARTESIAN_POINT ( 'NONE',  ( 7.200000000000001066, 1.353069906740344219, -1.842507845993992532 ) ) ;
#2853 = DIRECTION ( 'NONE',  ( 0.000000000000000000, -0.000000000000000000, -1.000000000000000000 ) ) ;
#2854 = LINE ( 'NONE', #4560, #2525 ) ;
#2855 = ADVANCED_FACE ( 'NONE', ( #4987 ), #77, .F. ) ;
#2856 = VERTEX_POINT ( 'NONE', #7486 ) ;
#2857 = EDGE_CURVE ( 'NONE', #3195, #2541, #1922, .T. ) ;
#2858 = VERTEX_POINT ( 'NONE', #185 ) ;
#2859 = CARTESIAN_POINT ( 'NONE',  ( 5.269463606425994762, 2.949999999999978861, -2.257615395000002856 ) ) ;
#2860 = CARTESIAN_POINT ( 'NONE',  ( 5.285249604469527185, 1.097468481691749265, -2.200207159852221483 ) ) ;
#2861 = DIRECTION ( 'NONE',  ( 0.000000000000000000, 0.000000000000000000, 1.000000000000000000 ) ) ;
#2862 = LINE ( 'NONE', #4716, #4705 ) ;
#2863 = CARTESIAN_POINT ( 'NONE',  ( 5.418978297323540971, 1.090909090909068846, -3.266523376180913818 ) ) ;
#2864 = CARTESIAN_POINT ( 'NONE',  ( 4.395746817310530297, 1.074494011853256437, -1.856032764878392971 ) ) ;
#2865 = VERTEX_POINT ( 'NONE', #4345 ) ;
#2866 = CARTESIAN_POINT ( 'NONE',  ( -7.200000000000001954, 1.349999999999978106, -2.259999999999995346 ) ) ;
#2867 = ORIENTED_EDGE ( 'NONE', *, *, #3556, .T. ) ;
#2868 = VERTEX_POINT ( 'NONE', #1437 ) ;
#2869 = CARTESIAN_POINT ( 'NONE',  ( 10.65000000000002167, 0.5000000000000374145, -0.2064101615137770018 ) ) ;
#2870 = DIRECTION ( 'NONE',  ( -3.624795322936607400E-15, 1.000000000000000000, 0.000000000000000000 ) ) ;
#2871 = ADVANCED_FACE ( 'NONE', ( #3248 ), #2214, .F. ) ;
#2872 = FACE_OUTER_BOUND ( 'NONE', #1692, .T. ) ;
#2873 = CARTESIAN_POINT ( 'NONE',  ( 5.642543442893296124, 1.099999999999978106, -3.288036393574004901 ) ) ;
#2874 = ORIENTED_EDGE ( 'NONE', *, *, #2640, .T. ) ;
#2875 = CARTESIAN_POINT ( 'NONE',  ( 5.909023376180915221, 1.255081979460190178, -1.493762063584901600 ) ) ;
#2876 = AXIS2_PLACEMENT_3D ( 'NONE', #741, #7364, #2515 ) ;
#2877 = EDGE_LOOP ( 'NONE', ( #5203, #545, #5012, #5702, #4723, #2435 ) ) ;
#2878 = CARTESIAN_POINT ( 'NONE',  ( -7.562310600000008876, 1.699999999999998401, -7.972310600000001024 ) ) ;
#2879 = ORIENTED_EDGE ( 'NONE', *, *, #3011, .T. ) ;
#2880 = LINE ( 'NONE', #4268, #5251 ) ;
#2881 = VECTOR ( 'NONE', #5803, 1000.000000000000000 ) ;
#2882 = EDGE_CURVE ( 'NONE', #4408, #7531, #224, .T. ) ;
#2883 = CARTESIAN_POINT ( 'NONE',  ( -11.84999999999999787, 0.2499999999999994726, 0.4899999999999976041 ) ) ;
#2884 = DIRECTION ( 'NONE',  ( 0.000000000000000000, 0.000000000000000000, -1.000000000000000000 ) ) ;
#2885 = ORIENTED_EDGE ( 'NONE', *, *, #248, .T. ) ;
#2886 = CIRCLE ( 'NONE', #1861, 0.1999999999999999833 ) ;
#2887 = ORIENTED_EDGE ( 'NONE', *, *, #5417, .T. ) ;
#2888 = CARTESIAN_POINT ( 'NONE',  ( 4.434568794177470075, 1.060771425433241433, -1.771496844356837297 ) ) ;
#2889 = ORIENTED_EDGE ( 'NONE', *, *, #800, .F. ) ;
#2890 = EDGE_CURVE ( 'NONE', #3127, #2147, #99, .T. ) ;
#2891 = CARTESIAN_POINT ( 'NONE',  ( 6.559999999999998721, 1.101109710447187418, -2.193547484175649931 ) ) ;
#2892 = CARTESIAN_POINT ( 'NONE',  ( 10.65000000000002167, 0.4500000000000158318, 0.2899999999999985922 ) ) ;
#2893 = EDGE_CURVE ( 'NONE', #6762, #3080, #1888, .T. ) ;
#2894 = VECTOR ( 'NONE', #6848, 1000.000000000000114 ) ;
#2895 = DIRECTION ( 'NONE',  ( 8.673617379884041783E-15, -0.000000000000000000, 1.000000000000000000 ) ) ;
#2896 = LINE ( 'NONE', #2056, #4584 ) ;
#2897 = EDGE_LOOP ( 'NONE', ( #3868, #5376, #2756, #5693, #7458, #3982 ) ) ;
#2898 = ORIENTED_EDGE ( 'NONE', *, *, #2814, .T. ) ;
#2899 = B_SPLINE_CURVE_WITH_KNOTS ( 'NONE', 3,
 ( #223, #7634, #334, #7031, #1991, #5747, #4454, #6923, #2066, #1399, #3849, #3247, #5707 ),
 .UNSPECIFIED., .F., .F.,
 ( 4, 2, 2, 1, 2, 2, 4 ),
 ( 0.000000000000000000, 0.2499999999999978351, 0.4999999999999956701, 0.6249999999999964473, 0.6874999999999986677, 0.7500000000000009992, 1.000000000000000000 ),
 .UNSPECIFIED. ) ;
#2900 = CARTESIAN_POINT ( 'NONE',  ( 5.289692055220175604, 1.223276080241482378, -1.572038693219054206 ) ) ;
#2901 = VECTOR ( 'NONE', #1953, 1000.000000000000000 ) ;
#2902 = LINE ( 'NONE', #7130, #2103 ) ;
#2903 = LINE ( 'NONE', #4841, #7228 ) ;
#2904 = EDGE_CURVE ( 'NONE', #2319, #5289, #6925, .T. ) ;
#2905 = DIRECTION ( 'NONE',  ( 0.000000000000000000, 1.000000000000000000, 0.000000000000000000 ) ) ;
#2906 = PLANE ( 'NONE',  #3574 ) ;
#2907 = VECTOR ( 'NONE', #7860, 1000.000000000000000 ) ;
#2908 = DIRECTION ( 'NONE',  ( -0.000000000000000000, -1.000000000000000000, 0.000000000000000000 ) ) ;
#2909 = VECTOR ( 'NONE', #15, 1000.000000000000000 ) ;
#2910 = ORIENTED_EDGE ( 'NONE', *, *, #3352, .F. ) ;
#2911 = CYLINDRICAL_SURFACE ( 'NONE', #734, 0.03000000000000001971 ) ;
#2912 = ORIENTED_EDGE ( 'NONE', *, *, #1328, .T. ) ;
#2913 = VERTEX_POINT ( 'NONE', #3850 ) ;
#2914 = CARTESIAN_POINT ( 'NONE',  ( 5.913053754921925531, 1.522121910380809240, -1.531809632931366183 ) ) ;
#2915 = CARTESIAN_POINT ( 'NONE',  ( 7.562310600000002658, 1.699999999999999289, -7.972310600000001024 ) ) ;
#2916 = CARTESIAN_POINT ( 'NONE',  ( 5.289692055220194256, 1.503276080241501944, -1.572038693219062422 ) ) ;
#2917 = AXIS2_PLACEMENT_3D ( 'NONE', #6430, #2808, #2884 ) ;
#2918 = CIRCLE ( 'NONE', #6658, 1.949999999999999956 ) ;
#2919 = EDGE_CURVE ( 'NONE', #106, #1661, #4647, .T. ) ;
#2920 = EDGE_CURVE ( 'NONE', #2625, #2936, #6310, .T. ) ;
#2921 = CARTESIAN_POINT ( 'NONE',  ( 7.200000000000001066, 2.949999999999978861, -2.257615395000002856 ) ) ;
#2922 = ORIENTED_EDGE ( 'NONE', *, *, #6340, .F. ) ;
#2923 = CARTESIAN_POINT ( 'NONE',  ( 10.65000000000002167, 0.4714285714286094442, -0.5115385022083828170 ) ) ;
#2924 = CIRCLE ( 'NONE', #215, 0.1999999999999996780 ) ;
#2925 = CARTESIAN_POINT ( 'NONE',  ( -7.221301523251925758, 3.600000081151513154, 3.239793553970600648 ) ) ;
#2926 = VECTOR ( 'NONE', #4601, 1000.000000000000000 ) ;
#2927 = ORIENTED_EDGE ( 'NONE', *, *, #7325, .T. ) ;
#2928 = DIRECTION ( 'NONE',  ( -2.602085213965210957E-14, -6.550704629611165413E-16, 1.000000000000000000 ) ) ;
#2929 = DIRECTION ( 'NONE',  ( 0.000000000000000000, -1.000000000000000000, 0.000000000000000000 ) ) ;
#2930 = AXIS2_PLACEMENT_3D ( 'NONE', #4810, #1628, #1713 ) ;
#2931 = CARTESIAN_POINT ( 'NONE',  ( -7.214104072099833509, 3.349996791761631787, 3.237673802018750546 ) ) ;
#2932 =( BOUNDED_SURFACE ( )  B_SPLINE_SURFACE ( 3, 3, ( 
 ( #3190, #345, #7500, #1554 ),
 ( #1516, #4620, #4013, #5224 ),
 ( #2155, #3369, #6466, #2538 ),
 ( #301, #7722, #7539, #906 ) ),
 .UNSPECIFIED., .F., .F., .F. ) 
 B_SPLINE_SURFACE_WITH_KNOTS ( ( 4, 4 ),
 ( 4, 4 ),
 ( 0.000000000000000000, 1.000000000000000000 ),
 ( 0.000000000000000000, 1.000000000000000000 ),
 .UNSPECIFIED. ) 
 GEOMETRIC_REPRESENTATION_ITEM ( )  RATIONAL_B_SPLINE_SURFACE ( (
 ( 1.000000000000000000, 0.9999982116393306697, 0.9999982116393306697, 1.000000000000000000),
 ( 0.9549299743090486903, 0.9549282665498406431, 0.9549282665498406431, 0.9549299743090486903),
 ( 0.9549299743090486903, 0.9549282665498406431, 0.9549282665498406431, 0.9549299743090486903),
 ( 1.000000000000000000, 0.9999982116393306697, 0.9999982116393306697, 1.000000000000000000) ) ) 
 REPRESENTATION_ITEM ( '' )  SURFACE ( )  );
#2933 = CARTESIAN_POINT ( 'NONE',  ( -7.200000000000001954, 2.949999999999978861, -2.257615394999999747 ) ) ;
#2934 = ORIENTED_EDGE ( 'NONE', *, *, #5520, .F. ) ;
#2935 = VECTOR ( 'NONE', #3930, 1000.000000000000000 ) ;
#2936 = VERTEX_POINT ( 'NONE', #936 ) ;
#2937 = LINE ( 'NONE', #2240, #2154 ) ;
#2938 = EDGE_CURVE ( 'NONE', #7234, #4437, #7808, .T. ) ;
#2939 = ORIENTED_EDGE ( 'NONE', *, *, #4442, .F. ) ;
#2940 = CARTESIAN_POINT ( 'NONE',  ( 6.883036393574005096, 1.142208871125189207, -1.864688895051711759 ) ) ;
#2941 = CARTESIAN_POINT ( 'NONE',  ( 10.40000000000001812, 0.4500000000000047851, -0.8100000000000033840 ) ) ;
#2942 = DIRECTION ( 'NONE',  ( 0.7071067811865454633, 3.491481338843134144E-15, -0.7071067811865496822 ) ) ;
#2943 = DIRECTION ( 'NONE',  ( -1.000000000000000000, -0.000000000000000000, -0.000000000000000000 ) ) ;
#2944 = CARTESIAN_POINT ( 'NONE',  ( 7.200000000000001066, 2.949999999999978861, -2.257615395000002856 ) ) ;
#2945 = ORIENTED_EDGE ( 'NONE', *, *, #3609, .F. ) ;
#2946 = VERTEX_POINT ( 'NONE', #7676 ) ;
#2947 = DIRECTION ( 'NONE',  ( 0.000000000000000000, -1.000000000000000000, 0.000000000000000000 ) ) ;
#2948 = CARTESIAN_POINT ( 'NONE',  ( 5.930536393574005416, 1.069999999999978080, -2.957499999999999130 ) ) ;
#2949 = DIRECTION ( 'NONE',  ( -0.7071067811865497932, 0.000000000000000000, -0.7071067811865453523 ) ) ;
#2950 = VECTOR ( 'NONE', #6139, 1000.000000000000000 ) ;
#2951 = DIRECTION ( 'NONE',  ( -1.000000000000000000, 0.000000000000000000, 0.000000000000000000 ) ) ;
#2952 = DIRECTION ( 'NONE',  ( -1.000000000000000000, 7.228014483236697541E-16, 0.000000000000000000 ) ) ;
#2953 = AXIS2_PLACEMENT_3D ( 'NONE', #3773, #6605, #2516 ) ;
#2954 = DIRECTION ( 'NONE',  ( -0.000000000000000000, 0.000000000000000000, 1.000000000000000000 ) ) ;
#2955 = ORIENTED_EDGE ( 'NONE', *, *, #2523, .F. ) ;
#2956 = CARTESIAN_POINT ( 'NONE',  ( 5.288911667741196254, 1.504200635118142726, -1.571575241246008892 ) ) ;
#2957 = VERTEX_POINT ( 'NONE', #7109 ) ;
#2958 = EDGE_CURVE ( 'NONE', #5938, #6988, #4533, .T. ) ;
#2959 = ORIENTED_EDGE ( 'NONE', *, *, #1080, .F. ) ;
#2960 = CARTESIAN_POINT ( 'NONE',  ( 7.225000000000000533, 3.349999999999999645, 3.214999999999998526 ) ) ;
#2961 = CARTESIAN_POINT ( 'NONE',  ( 4.639999999999992575, 1.062718980693138082, -1.767033746174715203 ) ) ;
#2962 = FACE_OUTER_BOUND ( 'NONE', #7336, .T. ) ;
#2963 = CARTESIAN_POINT ( 'NONE',  ( 5.731310953367636074, 1.099999999999978106, -3.260960951528220519 ) ) ;
#2964 = ORIENTED_EDGE ( 'NONE', *, *, #1608, .F. ) ;
#2965 = DIRECTION ( 'NONE',  ( 1.000000000000000000, 3.624795322936608189E-15, 0.000000000000000000 ) ) ;
#2966 = CARTESIAN_POINT ( 'NONE',  ( -7.214113347723499992, 3.599997874101017015, 3.237678340359313900 ) ) ;
#2967 = VECTOR ( 'NONE', #6934, 1000.000000000000000 ) ;
#2968 = EDGE_CURVE ( 'NONE', #1520, #7310, #3488, .T. ) ;
#2969 = ADVANCED_FACE ( 'NONE', ( #2838 ), #1757, .F. ) ;
#2970 = ORIENTED_EDGE ( 'NONE', *, *, #1895, .T. ) ;
#2971 = CARTESIAN_POINT ( 'NONE',  ( 4.397666125573197249, 1.465279250126096722, -1.678890376346104274 ) ) ;
#2972 = ORIENTED_EDGE ( 'NONE', *, *, #5263, .F. ) ;
#2973 = CARTESIAN_POINT ( 'NONE',  ( 4.553606797748659396, 1.337645749922439897, -1.907167435586777593 ) ) ;
#2974 = AXIS2_PLACEMENT_3D ( 'NONE', #108, #3771, #1987 ) ;
#2975 = CARTESIAN_POINT ( 'NONE',  ( 5.776063479873386086, 1.406713653625258909, -1.557341709393824436 ) ) ;
#2976 = FACE_OUTER_BOUND ( 'NONE', #5438, .T. ) ;
#2977 = CARTESIAN_POINT ( 'NONE',  ( -10.65000000000002167, 0.4500000000000383693, 0.2900000000000033662 ) ) ;
#2978 = EDGE_LOOP ( 'NONE', ( #5592, #984, #1716, #4362, #2939 ) ) ;
#2979 = FACE_OUTER_BOUND ( 'NONE', #6136, .T. ) ;
#2980 = ORIENTED_EDGE ( 'NONE', *, *, #6458, .T. ) ;
#2981 = CYLINDRICAL_SURFACE ( 'NONE', #2632, 0.4499999999999945155 ) ;
#2982 = CARTESIAN_POINT ( 'NONE',  ( 4.620072629956108123, 1.027813712744459762, -1.929438800637584661 ) ) ;
#2983 = EDGE_CURVE ( 'NONE', #2616, #7262, #6915, .T. ) ;
#2984 = DIRECTION ( 'NONE',  ( 8.673617379884041783E-15, -0.000000000000000000, 1.000000000000000000 ) ) ;
#2985 = EDGE_LOOP ( 'NONE', ( #7795, #5005, #6588, #1910 ) ) ;
#2986 = ORIENTED_EDGE ( 'NONE', *, *, #4461, .F. ) ;
#2987 = CARTESIAN_POINT ( 'NONE',  ( 4.424870718260125457, 1.042592249484692646, -1.852281368209483414 ) ) ;
#2988 = CARTESIAN_POINT ( 'NONE',  ( 5.434174690273883890, 1.279999999999978266, -2.257615395000004188 ) ) ;
#2989 = CARTESIAN_POINT ( 'NONE',  ( 5.269463606425994762, 1.069999999999978080, -2.257615395000002856 ) ) ;
#2990 = DIRECTION ( 'NONE',  ( 1.667664562160789703E-12, -0.2078636034790123377, -0.9781578207777720246 ) ) ;
#2991 = PLANE ( 'NONE',  #1488 ) ;
#2992 = ORIENTED_EDGE ( 'NONE', *, *, #4530, .F. ) ;
#2993 = DIRECTION ( 'NONE',  ( 1.000000000000000000, -0.000000000000000000, -6.814985084194489422E-15 ) ) ;
#2994 = ORIENTED_EDGE ( 'NONE', *, *, #1693, .T. ) ;
#2995 = FACE_OUTER_BOUND ( 'NONE', #4917, .T. ) ;
#2996 = ORIENTED_EDGE ( 'NONE', *, *, #2310, .T. ) ;
#2997 = CARTESIAN_POINT ( 'NONE',  ( 7.200000000000001066, 1.099999999999978106, -2.257615395000003300 ) ) ;
#2998 = LINE ( 'NONE', #4646, #6229 ) ;
#2999 = EDGE_CURVE ( 'NONE', #5512, #2531, #2790, .T. ) ;
#3000 = CARTESIAN_POINT ( 'NONE',  ( 7.562310600000000882, 1.499999999999999334, -7.972310599999999248 ) ) ;
#3001 = ADVANCED_FACE ( 'NONE', ( #2755 ), #1147, .F. ) ;
#3002 = CARTESIAN_POINT ( 'NONE',  ( 5.763111948807392082, 1.099999999999978328, -3.245219426186560341 ) ) ;
#3003 = EDGE_LOOP ( 'NONE', ( #3466, #7620, #1205, #6839 ) ) ;
#3004 = ORIENTED_EDGE ( 'NONE', *, *, #4244, .F. ) ;
#3005 = CARTESIAN_POINT ( 'NONE',  ( 4.352382884095260529, 1.400216322839437755, -1.859908776992824864 ) ) ;
#3006 = VERTEX_POINT ( 'NONE', #4573 ) ;
#3007 = CARTESIAN_POINT ( 'NONE',  ( 5.693893202250020380, 0.9999999999999787947, -2.257615395000002412 ) ) ;
#3008 = ORIENTED_EDGE ( 'NONE', *, *, #2701, .F. ) ;
#3009 = DIRECTION ( 'NONE',  ( -4.900523961736740567E-12, 0.2123927026746794400, 0.9771843939863884554 ) ) ;
#3010 = EDGE_CURVE ( 'NONE', #5445, #1238, #4832, .T. ) ;
#3011 = EDGE_CURVE ( 'NONE', #6904, #384, #2393, .T. ) ;
#3012 = AXIS2_PLACEMENT_3D ( 'NONE', #6275, #6161, #1958 ) ;
#3013 = AXIS2_PLACEMENT_3D ( 'NONE', #6378, #7067, #2710 ) ;
#3014 = CYLINDRICAL_SURFACE ( 'NONE', #7923, 1.599999999999999867 ) ;
#3015 = CARTESIAN_POINT ( 'NONE',  ( 5.910307945706368749, 1.094073795775901692, -2.173182993506796112 ) ) ;
#3016 = CARTESIAN_POINT ( 'NONE',  ( 4.639999999999932179, 1.097990277810741100, -1.631344101574697447 ) ) ;
#3017 = ORIENTED_EDGE ( 'NONE', *, *, #6079, .T. ) ;
#3018 = AXIS2_PLACEMENT_3D ( 'NONE', #1274, #4364, #6218 ) ;
#3019 = CARTESIAN_POINT ( 'NONE',  ( 5.776063479873386974, 1.062222206662710722, -1.768948838969536697 ) ) ;
#3020 = EDGE_CURVE ( 'NONE', #468, #6686, #6517, .T. ) ;
#3021 = CARTESIAN_POINT ( 'NONE',  ( -7.385533904703368790, 3.149999999999999023, -7.795533904703359163 ) ) ;
#3022 = AXIS2_PLACEMENT_3D ( 'NONE', #5235, #235, #6475 ) ;
#3023 = DIRECTION ( 'NONE',  ( -1.000000000000000000, -5.782411586589425560E-14, 2.529805069132873761E-14 ) ) ;
#3024 = AXIS2_PLACEMENT_3D ( 'NONE', #6435, #2163, #7048 ) ;
#3025 = ORIENTED_EDGE ( 'NONE', *, *, #540, .F. ) ;
#3026 = ADVANCED_FACE ( 'NONE', ( #1237 ), #3058, .F. ) ;
#3027 = VERTEX_POINT ( 'NONE', #1715 ) ;
#3028 = CARTESIAN_POINT ( 'NONE',  ( 4.424866108977247414, 1.035076603784994997, -1.887647458461010119 ) ) ;
#3029 = CARTESIAN_POINT ( 'NONE',  ( 4.316963606425993305, 1.140408031561095381, -1.873067728563851286 ) ) ;
#3030 = CARTESIAN_POINT ( 'NONE',  ( 5.506106797749978909, 1.579999999999978089, -2.957499999999998685 ) ) ;
#3031 = DIRECTION ( 'NONE',  ( -1.000000000000000000, 0.000000000000000000, 8.673617379884013384E-15 ) ) ;
#3032 = CARTESIAN_POINT ( 'NONE',  ( 12.05000000000003091, -3.686287386450715076E-15, -2.810000000000009379 ) ) ;
#3033 = ORIENTED_EDGE ( 'NONE', *, *, #6375, .T. ) ;
#3034 = CARTESIAN_POINT ( 'NONE',  ( -11.84999999999999609, 3.417333900688532257E-14, 2.090000000000003855 ) ) ;
#3035 = VECTOR ( 'NONE', #7758, 1000.000000000000000 ) ;
#3036 = ORIENTED_EDGE ( 'NONE', *, *, #2364, .T. ) ;
#3037 = LINE ( 'NONE', #3083, #3670 ) ;
#3038 = ORIENTED_EDGE ( 'NONE', *, *, #5477, .T. ) ;
#3039 = DIRECTION ( 'NONE',  ( 1.000000000000000000, -0.000000000000000000, 6.366396513078242644E-15 ) ) ;
#3040 = CARTESIAN_POINT ( 'NONE',  ( 5.909023376181059994, 2.949999999999978861, -2.257615395000002856 ) ) ;
#3041 = DIRECTION ( 'NONE',  ( 0.000000000000000000, -1.000000000000000000, 0.000000000000000000 ) ) ;
#3042 = CIRCLE ( 'NONE', #6505, 0.2999999999999999334 ) ;
#3043 = AXIS2_PLACEMENT_3D ( 'NONE', #2197, #4657, #5037 ) ;
#3044 = CARTESIAN_POINT ( 'NONE',  ( 5.290976623819084068, 1.824150234765844036, -0.8523470498205696355 ) ) ;
#3045 = CARTESIAN_POINT ( 'NONE',  ( 5.599999999999999645, 1.099999999999978106, -3.288036393574004457 ) ) ;
#3046 = ORIENTED_EDGE ( 'NONE', *, *, #2938, .F. ) ;
#3047 = ORIENTED_EDGE ( 'NONE', *, *, #3142, .F. ) ;
#3048 = EDGE_CURVE ( 'NONE', #3963, #2550, #5515, .T. ) ;
#3049 = CARTESIAN_POINT ( 'NONE',  ( 5.914750395530419702, 1.226907668056355316, -1.575488281779978905 ) ) ;
#3050 = AXIS2_PLACEMENT_3D ( 'NONE', #1041, #7589, #430 ) ;
#3051 = ORIENTED_EDGE ( 'NONE', *, *, #713, .T. ) ;
#3052 = AXIS2_PLACEMENT_3D ( 'NONE', #7499, #4319, #5651 ) ;
#3053 = CARTESIAN_POINT ( 'NONE',  ( 6.863828303973122047, 1.426782507143729672, -1.812133291576015104 ) ) ;
#3054 = ORIENTED_EDGE ( 'NONE', *, *, #1574, .F. ) ;
#3055 = LINE ( 'NONE', #7444, #4548 ) ;
#3056 = EDGE_CURVE ( 'NONE', #650, #423, #5341, .T. ) ;
#3057 = CARTESIAN_POINT ( 'NONE',  ( 5.909023376181059994, 1.456680414270881796, -1.689551272600256171 ) ) ;
#3058 =( BOUNDED_SURFACE ( )  B_SPLINE_SURFACE ( 3, 3, ( 
 ( #1105, #7273, #499, #6065 ),
 ( #1756, #3693, #7796, #3573 ),
 ( #3049, #454, #4220, #1193 ),
 ( #5387, #6150, #6683, #2875 ) ),
 .UNSPECIFIED., .F., .F., .F. ) 
 B_SPLINE_SURFACE_WITH_KNOTS ( ( 4, 4 ),
 ( 4, 4 ),
 ( 0.000000000000000000, 1.000000000000000000 ),
 ( 0.000000000000000000, 1.000000000000000000 ),
 .UNSPECIFIED. ) 
 GEOMETRIC_REPRESENTATION_ITEM ( )  RATIONAL_B_SPLINE_SURFACE ( (
 ( 1.000000000000000000, 0.9998200609883697298, 0.9998200609883697298, 1.000000000000000000),
 ( 0.9474215819624447477, 0.9472511038593892652, 0.9472511038593892652, 0.9474215819624447477),
 ( 0.9474215819624447477, 0.9472511038593892652, 0.9472511038593892652, 0.9474215819624447477),
 ( 1.000000000000000000, 0.9998200609883697298, 0.9998200609883697298, 1.000000000000000000) ) ) 
 REPRESENTATION_ITEM ( '' )  SURFACE ( )  );
#3059 = VECTOR ( 'NONE', #814, 1000.000000000000000 ) ;
#3060 = CIRCLE ( 'NONE', #3302, 0.02999999999999964501 ) ;
#3061 = FILL_AREA_STYLE_COLOUR ( '', #7410 ) ;
#3062 = CARTESIAN_POINT ( 'NONE',  ( -3.990617004669402945, 3.349969990822447841, 3.234522017493589363 ) ) ;
#3063 = CARTESIAN_POINT ( 'NONE',  ( 4.556624336627152161, 1.049647731659459904, -1.820279045160354325 ) ) ;
#3064 = ADVANCED_FACE ( 'NONE', ( #7914 ), #5508, .F. ) ;
#3065 = ORIENTED_EDGE ( 'NONE', *, *, #6924, .F. ) ;
#3066 = CIRCLE ( 'NONE', #5643, 0.7500000000000002220 ) ;
#3067 = CARTESIAN_POINT ( 'NONE',  ( 5.930536393574005416, 1.069999999999978080, -2.257615395000002856 ) ) ;
#3068 = AXIS2_PLACEMENT_3D ( 'NONE', #1882, #1842, #6770 ) ;
#3069 = CARTESIAN_POINT ( 'NONE',  ( 6.640000496981429912, 1.094073732046003000, -2.173182917606454989 ) ) ;
#3070 = ORIENTED_EDGE ( 'NONE', *, *, #4666, .T. ) ;
#3071 = ORIENTED_EDGE ( 'NONE', *, *, #4485, .F. ) ;
#3072 = EDGE_CURVE ( 'NONE', #7310, #4113, #6464, .T. ) ;
#3073 = EDGE_CURVE ( 'NONE', #44, #3460, #4903, .T. ) ;
#3074 = CARTESIAN_POINT ( 'NONE',  ( 4.599657906928936946, 1.028845890071695246, -1.923188583336042257 ) ) ;
#3075 = CARTESIAN_POINT ( 'NONE',  ( 4.553810090152506262, 1.101109713543636071, -2.193547394817437546 ) ) ;
#3076 = LINE ( 'NONE', #3634, #7870 ) ;
#3077 = CIRCLE ( 'NONE', #7954, 0.1999999999999953759 ) ;
#3078 = LINE ( 'NONE', #1525, #6001 ) ;
#3079 = CARTESIAN_POINT ( 'NONE',  ( 5.911088332269449630, 1.504200635125416907, -1.571575241241427001 ) ) ;
#3080 = VERTEX_POINT ( 'NONE', #5979 ) ;
#3081 = CARTESIAN_POINT ( 'NONE',  ( 10.65000000000002167, 0.3000000000000382916, -3.306410161513776202 ) ) ;
#3082 = ORIENTED_EDGE ( 'NONE', *, *, #7709, .T. ) ;
#3083 = CARTESIAN_POINT ( 'NONE',  ( 5.917500000000001315, 1.342718980693138331, -1.767033746174716091 ) ) ;
#3084 = ORIENTED_EDGE ( 'NONE', *, *, #5990, .T. ) ;
#3085 = FACE_OUTER_BOUND ( 'NONE', #3879, .T. ) ;
#3086 = CARTESIAN_POINT ( 'NONE',  ( -10.01898628384834922, 3.600000000000000533, -4.559999999999994280 ) ) ;
#3087 = CARTESIAN_POINT ( 'NONE',  ( 10.85000000000000497, 0.4499999999999955147, -2.810000000000000941 ) ) ;
#3088 = VECTOR ( 'NONE', #855, 1000.000000000000000 ) ;
#3089 = DIRECTION ( 'NONE',  ( 1.333139840934740450E-16, -1.000000000000000000, 2.171692714077831124E-14 ) ) ;
#3090 = ORIENTED_EDGE ( 'NONE', *, *, #1946, .T. ) ;
#3091 = ADVANCED_FACE ( 'NONE', ( #1062 ), #3622, .F. ) ;
#3092 = ORIENTED_EDGE ( 'NONE', *, *, #3659, .T. ) ;
#3093 = CARTESIAN_POINT ( 'NONE',  ( 5.922319365811675951, 1.099999999999978995, -2.228956950879502408 ) ) ;
#3094 = ORIENTED_EDGE ( 'NONE', *, *, #865, .F. ) ;
#3095 = CARTESIAN_POINT ( 'NONE',  ( 6.775133891022840693, 1.332169508877968145, -1.808118660411183631 ) ) ;
#3096 = LINE ( 'NONE', #1836, #7516 ) ;
#3097 = CARTESIAN_POINT ( 'NONE',  ( 5.909433561549369607, 1.502181241904145592, -1.572566094590774011 ) ) ;
#3098 = DIRECTION ( 'NONE',  ( 0.000000000000000000, -2.602085213965210642E-15, 1.000000000000000000 ) ) ;
#3099 = CARTESIAN_POINT ( 'NONE',  ( 5.909023376181088416, 1.092892094782124568, -2.171771136944173453 ) ) ;
#3100 = CARTESIAN_POINT ( 'NONE',  ( 6.804253182689802060, 1.073878370308392949, -1.858929830945604822 ) ) ;
#3101 = VECTOR ( 'NONE', #1625, 1000.000000000000000 ) ;
#3102 = ITEM_DEFINED_TRANSFORMATION ( 'NONE', 'NONE', #7908,  #6889 ) ;
#3103 =( BOUNDED_SURFACE ( )  B_SPLINE_SURFACE ( 3, 3, ( 
 ( #4636, #2251, #1132, #2210 ),
 ( #4157, #1046, #2860, #2332 ),
 ( #4758, #2172, #4714, #3429 ),
 ( #5882, #958, #435, #7215 ) ),
 .UNSPECIFIED., .F., .F., .T. ) 
 B_SPLINE_SURFACE_WITH_KNOTS ( ( 4, 4 ),
 ( 4, 4 ),
 ( 0.000000000000000000, 1.000000000000000000 ),
 ( 0.000000000000000000, 1.000000000000000000 ),
 .UNSPECIFIED. ) 
 GEOMETRIC_REPRESENTATION_ITEM ( )  RATIONAL_B_SPLINE_SURFACE ( (
 ( 1.000000000000000000, 0.9998200609883692858, 0.9998200609883692858, 1.000000000000000000),
 ( 0.9474215819628206692, 0.9472511038597646316, 0.9472511038597646316, 0.9474215819628206692),
 ( 0.9474215819628206692, 0.9472511038597646316, 0.9472511038597646316, 0.9474215819628206692),
 ( 1.000000000000000000, 0.9998200609883692858, 0.9998200609883692858, 1.000000000000000000) ) ) 
 REPRESENTATION_ITEM ( '' )  SURFACE ( )  );
#3104 = ADVANCED_FACE ( 'NONE', ( #5701 ), #4445, .T. ) ;
#3105 = CARTESIAN_POINT ( 'NONE',  ( 5.735870765632696155, 1.304307950136347483, -3.189445905376584012 ) ) ;
#3106 = ORIENTED_EDGE ( 'NONE', *, *, #31, .T. ) ;
#3107 = ORIENTED_EDGE ( 'NONE', *, *, #2999, .F. ) ;
#3108 = CARTESIAN_POINT ( 'NONE',  ( -10.65000000000002345, 0.3000000000000383471, -4.209999999999994635 ) ) ;
#3109 = CARTESIAN_POINT ( 'NONE',  ( -4.000000000000000888, 1.099999999999978550, -2.257615395000001079 ) ) ;
#3110 = B_SPLINE_CURVE_WITH_KNOTS ( 'NONE', 3,
 ( #6013, #487, #444, #2956 ),
 .UNSPECIFIED., .F., .F.,
 ( 4, 4 ),
 ( 0.000000000000000000, 1.000000000000000000 ),
 .UNSPECIFIED. ) ;
#3111 = EDGE_CURVE ( 'NONE', #6416, #2734, #2924, .T. ) ;
#3112 = EDGE_CURVE ( 'NONE', #6826, #4695, #1502, .T. ) ;
#3113 = CARTESIAN_POINT ( 'NONE',  ( -7.199999999999999289, 3.533768883591846155, 2.931844010553809721 ) ) ;
#3114 = ORIENTED_EDGE ( 'NONE', *, *, #7936, .F. ) ;
#3115 = CARTESIAN_POINT ( 'NONE',  ( 5.851753182685895283, 1.770429382016663444, -0.8281365264550480942 ) ) ;
#3116 = ORIENTED_EDGE ( 'NONE', *, *, #6347, .F. ) ;
#3117 = ORIENTED_EDGE ( 'NONE', *, *, #6924, .T. ) ;
#3118 = CARTESIAN_POINT ( 'NONE',  ( 5.911088332269449630, 1.504200635125416907, -1.571575241241427001 ) ) ;
#3119 = DIRECTION ( 'NONE',  ( -0.000000000000000000, -1.000000000000000000, -0.000000000000000000 ) ) ;
#3120 = CYLINDRICAL_SURFACE ( 'NONE', #2469, 0.1499999999999999667 ) ;
#3121 = CIRCLE ( 'NONE', #5813, 0.03000000000000007869 ) ;
#3122 = DIRECTION ( 'NONE',  ( 0.000000000000000000, -1.000000000000000000, 0.000000000000000000 ) ) ;
#3123 = CARTESIAN_POINT ( 'NONE',  ( 6.802333874425423588, 1.103335043022237505, -2.060155249852349879 ) ) ;
#3124 = ORIENTED_EDGE ( 'NONE', *, *, #6160, .T. ) ;
#3125 = VERTEX_POINT ( 'NONE', #5087 ) ;
#3126 = DIRECTION ( 'NONE',  ( -1.000000000000000000, -0.000000000000000000, -0.000000000000000000 ) ) ;
#3127 = VERTEX_POINT ( 'NONE', #3840 ) ;
#3128 = EDGE_CURVE ( 'NONE', #21, #6750, #2023, .T. ) ;
#3129 = VERTEX_POINT ( 'NONE', #625 ) ;
#3130 = CARTESIAN_POINT ( 'NONE',  ( 6.848758551023939489, 1.440967880315046523, -1.759146087688722826 ) ) ;
#3131 = DIRECTION ( 'NONE',  ( 4.768798994114011068E-11, 0.2123927026741063429, 0.9771843939865130224 ) ) ;
#3132 = DIRECTION ( 'NONE',  ( 0.7071067811865457964, 0.000000000000000000, 0.7071067811865492381 ) ) ;
#3133 = CARTESIAN_POINT ( 'NONE',  ( 5.693893202250020380, 1.369965520103051837, -1.661773075905843999 ) ) ;
#3134 = CARTESIAN_POINT ( 'NONE',  ( 4.000000000000000000, 2.849999999999999645, 3.239999999999996660 ) ) ;
#3135 = CARTESIAN_POINT ( 'NONE',  ( 5.406376263502237656, 1.099999999999978106, -3.288036393574003569 ) ) ;
#3136 = ORIENTED_EDGE ( 'NONE', *, *, #6569, .F. ) ;
#3137 = DIRECTION ( 'NONE',  ( 0.000000000000000000, 1.000000000000000000, 0.000000000000000000 ) ) ;
#3138 = EDGE_CURVE ( 'NONE', #6516, #7698, #63, .T. ) ;
#3139 = DIRECTION ( 'NONE',  ( 0.000000000000000000, 0.000000000000000000, 1.000000000000000000 ) ) ;
#3140 = CARTESIAN_POINT ( 'NONE',  ( 4.639999999999996128, 1.307813721342110824, -1.929438750280217496 ) ) ;
#3141 = ORIENTED_EDGE ( 'NONE', *, *, #2354, .T. ) ;
#3142 = EDGE_CURVE ( 'NONE', #5089, #6632, #4974, .T. ) ;
#3143 = VECTOR ( 'NONE', #69, 1000.000000000000000 ) ;
#3144 = ORIENTED_EDGE ( 'NONE', *, *, #1195, .F. ) ;
#3145 = CARTESIAN_POINT ( 'NONE',  ( 4.594632393989882324, 1.504188179553738847, -1.571602878970375983 ) ) ;
#3146 = EDGE_CURVE ( 'NONE', #628, #6262, #7395, .T. ) ;
#3147 = DIRECTION ( 'NONE',  ( 0.000000000000000000, -1.000000000000000000, 0.000000000000000000 ) ) ;
#3148 = DIRECTION ( 'NONE',  ( 0.000000000000000000, 2.171692714077829862E-14, 1.000000000000000000 ) ) ;
#3149 = LINE ( 'NONE', #5001, #3168 ) ;
#3150 = VERTEX_POINT ( 'NONE', #7478 ) ;
#3151 = CARTESIAN_POINT ( 'NONE',  ( -3.999999999999998224, 3.305845922394564429, 3.034562673702538405 ) ) ;
#3152 = ORIENTED_EDGE ( 'NONE', *, *, #5905, .T. ) ;
#3153 = ORIENTED_EDGE ( 'NONE', *, *, #4666, .F. ) ;
#3154 = DIRECTION ( 'NONE',  ( -1.000000000000000000, -0.000000000000000000, -0.000000000000000000 ) ) ;
#3155 = EDGE_CURVE ( 'NONE', #4409, #6176, #6836, .T. ) ;
#3156 = CARTESIAN_POINT ( 'NONE',  ( 6.632754171517708741, 1.313921923049710339, -1.895335627819194402 ) ) ;
#3157 = DIRECTION ( 'NONE',  ( 0.000000000000000000, 0.000000000000000000, 1.000000000000000000 ) ) ;
#3158 = VERTEX_POINT ( 'NONE', #4407 ) ;
#3159 = CARTESIAN_POINT ( 'NONE',  ( 5.930536393574005416, 1.100665804298094574, -2.200306241917166172 ) ) ;
#3160 = EDGE_LOOP ( 'NONE', ( #2718, #4004, #5294, #369 ) ) ;
#3161 = ORIENTED_EDGE ( 'NONE', *, *, #626, .T. ) ;
#3162 = DIRECTION ( 'NONE',  ( 1.000000000000000000, -3.624795322936608189E-15, -4.485885711162466802E-16 ) ) ;
#3163 = DIRECTION ( 'NONE',  ( 0.000000000000000000, 1.000000000000000000, 0.000000000000000000 ) ) ;
#3164 = EDGE_CURVE ( 'NONE', #1141, #4387, #2626, .T. ) ;
#3165 = ADVANCED_FACE ( 'NONE', ( #1347 ), #6298, .T. ) ;
#3166 = CARTESIAN_POINT ( 'NONE',  ( 6.646394011942391877, 1.047032274190063061, -1.831755019668140472 ) ) ;
#3167 = CIRCLE ( 'NONE', #2530, 0.2999999999999999334 ) ;
#3168 = VECTOR ( 'NONE', #2807, 1000.000000000000000 ) ;
#3169 = B_SPLINE_CURVE_WITH_KNOTS ( 'NONE', 3,
 ( #7885, #6040, #7811, #6733 ),
 .UNSPECIFIED., .F., .F.,
 ( 4, 4 ),
 ( 0.000000000000000000, 2.244964919012364150E-06 ),
 .UNSPECIFIED. ) ;
#3170 = EDGE_CURVE ( 'NONE', #6450, #1081, #2588, .T. ) ;
#3171 = CARTESIAN_POINT ( 'NONE',  ( 9.912920266670365521, 3.599999999999990319, -4.666066017177982417 ) ) ;
#3172 = CIRCLE ( 'NONE', #5745, 0.1500000000000008271 ) ;
#3173 = CARTESIAN_POINT ( 'NONE',  ( 5.506106797749978909, 0.9999999999999781286, -2.957499999999998685 ) ) ;
#3174 = AXIS2_PLACEMENT_3D ( 'NONE', #2459, #4357, #562 ) ;
#3175 = DIRECTION ( 'NONE',  ( 1.000000000000000000, -3.624795322936608189E-15, -4.485885711162466802E-16 ) ) ;
#3176 = CARTESIAN_POINT ( 'NONE',  ( 6.256204919917502494, 3.349999999999999645, 5.709999999999999964 ) ) ;
#3177 =( NAMED_UNIT ( * ) PLANE_ANGLE_UNIT ( ) SI_UNIT ( $, .RADIAN. ) );
#3178 = AXIS2_PLACEMENT_3D ( 'NONE', #6775, #1257, #3712 ) ;
#3179 = AXIS2_PLACEMENT_3D ( 'NONE', #7519, #4453, #6341 ) ;
#3180 = CARTESIAN_POINT ( 'NONE',  ( -8.728703347107816625E-16, -1.279358563532895232E-14, 2.781042839695168572E-28 ) ) ;
#3181 = ADVANCED_FACE ( 'NONE', ( #6913 ), #4490, .T. ) ;
#3182 = AXIS2_PLACEMENT_3D ( 'NONE', #7193, #4298, #7320 ) ;
#3183 = VECTOR ( 'NONE', #6359, 1000.000000000000000 ) ;
#3184 = EDGE_LOOP ( 'NONE', ( #7479, #5179, #2301, #6593, #3592 ) ) ;
#3185 = CYLINDRICAL_SURFACE ( 'NONE', #4904, 0.4500000000000007327 ) ;
#3186 = CARTESIAN_POINT ( 'NONE',  ( -10.65000000000001634, 0.5000000000000378586, -4.409999999999993925 ) ) ;
#3187 = CARTESIAN_POINT ( 'NONE',  ( -5.600000000000000533, 1.099999999999978106, -2.259999999999996234 ) ) ;
#3188 = CARTESIAN_POINT ( 'NONE',  ( -10.65000000000001990, 0.4500000000000383693, 2.440000000000003499 ) ) ;
#3189 = CIRCLE ( 'NONE', #7688, 0.02499999999999984873 ) ;
#3190 = CARTESIAN_POINT ( 'NONE',  ( 4.351403306932371429, 1.399263958381787631, -1.868574503494501604 ) ) ;
#3191 = VERTEX_POINT ( 'NONE', #1870 ) ;
#3192 = LINE ( 'NONE', #7502, #3826 ) ;
#3193 = ORIENTED_EDGE ( 'NONE', *, *, #888, .T. ) ;
#3194 = VECTOR ( 'NONE', #187, 1000.000000000000000 ) ;
#3195 = VERTEX_POINT ( 'NONE', #4335 ) ;
#3196 = DIRECTION ( 'NONE',  ( 0.000000000000000000, 0.000000000000000000, 1.000000000000000000 ) ) ;
#3197 = DIRECTION ( 'NONE',  ( 0.000000000000000000, -0.000000000000000000, -1.000000000000000000 ) ) ;
#3198 = B_SPLINE_CURVE_WITH_KNOTS ( 'NONE', 3,
 ( #1102, #7270, #7794, #2270, #495, #4857 ),
 .UNSPECIFIED., .F., .F.,
 ( 4, 2, 4 ),
 ( 0.000000000000000000, 0.5000000000000000000, 1.000000000000000000 ),
 .UNSPECIFIED. ) ;
#3199 = CARTESIAN_POINT ( 'NONE',  ( 6.762388624446295182, 1.315574878807008741, -1.885302804716664005 ) ) ;
#3200 = DIRECTION ( 'NONE',  ( -1.000000000000000000, 3.624795322936607400E-15, 4.485885711162466802E-16 ) ) ;
#3201 = ADVANCED_FACE ( 'NONE', ( #1619 ), #2787, .T. ) ;
#3202 = VERTEX_POINT ( 'NONE', #6373 ) ;
#3203 = CARTESIAN_POINT ( 'NONE',  ( 5.914750395530419702, 1.096801526281419248, -2.228907403160402811 ) ) ;
#3204 = ORIENTED_EDGE ( 'NONE', *, *, #7397, .F. ) ;
#3205 = ORIENTED_EDGE ( 'NONE', *, *, #4184, .F. ) ;
#3206 = DIRECTION ( 'NONE',  ( 0.000000000000000000, 0.000000000000000000, -1.000000000000000000 ) ) ;
#3207 = CARTESIAN_POINT ( 'NONE',  ( -10.65000000000002345, 0.4714285714286098328, -3.108461497791614292 ) ) ;
#3208 = CARTESIAN_POINT ( 'NONE',  ( 11.84999999999999787, 0.2500000000000384692, 2.289999999999993374 ) ) ;
#3209 = EDGE_CURVE ( 'NONE', #3563, #868, #5129, .T. ) ;
#3210 = ADVANCED_FACE ( 'NONE', ( #805 ), #1500, .F. ) ;
#3211 = DIRECTION ( 'NONE',  ( -4.485885711162438206E-16, -0.000000000000000000, -1.000000000000000000 ) ) ;
#3212 = CARTESIAN_POINT ( 'NONE',  ( 7.211567879600633724, 3.349989141237176948, 3.236269856714534043 ) ) ;
#3213 = ORIENTED_EDGE ( 'NONE', *, *, #1120, .F. ) ;
#3214 = CARTESIAN_POINT ( 'NONE',  ( 6.728563479876171094, 1.044490431726907032, -1.843449624784310847 ) ) ;
#3215 = CIRCLE ( 'NONE', #4260, 0.2999999999999999334 ) ;
#3216 = CYLINDRICAL_SURFACE ( 'NONE', #6657, 0.2999999999999998779 ) ;
#3217 = ORIENTED_EDGE ( 'NONE', *, *, #6066, .T. ) ;
#3218 = AXIS2_PLACEMENT_3D ( 'NONE', #3428, #5769, #2129 ) ;
#3219 = ORIENTED_EDGE ( 'NONE', *, *, #3784, .T. ) ;
#3220 = DIRECTION ( 'NONE',  ( 0.000000000000000000, 0.000000000000000000, -1.000000000000000000 ) ) ;
#3221 = EDGE_CURVE ( 'NONE', #6081, #1252, #4463, .T. ) ;
#3222 = FACE_OUTER_BOUND ( 'NONE', #6873, .T. ) ;
#3223 = DIRECTION ( 'NONE',  ( 0.000000000000000000, 0.9116918447891285693, -0.4108746525949192874 ) ) ;
#3224 = DIRECTION ( 'NONE',  ( -1.000000000000000000, 3.624795322936608189E-15, 4.485885711162466802E-16 ) ) ;
#3225 = CARTESIAN_POINT ( 'NONE',  ( 6.867250395531611318, 1.138475574989206152, -1.866805940499585148 ) ) ;
#3226 = DIRECTION ( 'NONE',  ( 9.130123557772670060E-16, 0.000000000000000000, 1.000000000000000000 ) ) ;
#3227 = VERTEX_POINT ( 'NONE', #3999 ) ;
#3228 = CARTESIAN_POINT ( 'NONE',  ( 5.289692055220175604, 1.094073794982422188, -2.173182992333011043 ) ) ;
#3229 = ORIENTED_EDGE ( 'NONE', *, *, #1990, .F. ) ;
#3230 = ORIENTED_EDGE ( 'NONE', *, *, #4165, .F. ) ;
#3231 = CARTESIAN_POINT ( 'NONE',  ( 5.290976623819083180, 1.798089979429929430, -0.2888788659938820724 ) ) ;
#3232 = FACE_OUTER_BOUND ( 'NONE', #2415, .T. ) ;
#3233 = CARTESIAN_POINT ( 'NONE',  ( 5.286422825025728578, 1.538580433761348232, -1.495338721533618465 ) ) ;
#3234 = CARTESIAN_POINT ( 'NONE',  ( 6.646393202251339893, 1.042592249483182520, -1.852281368216587953 ) ) ;
#3235 = ORIENTED_EDGE ( 'NONE', *, *, #5058, .F. ) ;
#3236 = CARTESIAN_POINT ( 'NONE',  ( 5.909023376180915221, 1.090909090909069734, -2.228816123144266914 ) ) ;
#3237 = ORIENTED_EDGE ( 'NONE', *, *, #7664, .T. ) ;
#3238 = EDGE_CURVE ( 'NONE', #6389, #4126, #5212, .T. ) ;
#3239 = ORIENTED_EDGE ( 'NONE', *, *, #5055, .F. ) ;
#3240 = AXIS2_PLACEMENT_3D ( 'NONE', #2253, #4715, #2173 ) ;
#3241 = FACE_OUTER_BOUND ( 'NONE', #3519, .T. ) ;
#3242 = CARTESIAN_POINT ( 'NONE',  ( 10.65000000000002167, 0.3000000000000374589, -0.3135898384862252919 ) ) ;
#3243 = B_SPLINE_CURVE_WITH_KNOTS ( 'NONE', 3,
 ( #1624, #6583, #3608, #1581, #5334, #4768 ),
 .UNSPECIFIED., .F., .F.,
 ( 4, 2, 4 ),
 ( 0.000000000000000000, 0.5000000000000000000, 1.000000000000000000 ),
 .UNSPECIFIED. ) ;
#3244 = LINE ( 'NONE', #7562, #501 ) ;
#3245 = ADVANCED_FACE ( 'NONE', ( #6987 ), #7628, .T. ) ;
#3246 = CARTESIAN_POINT ( 'NONE',  ( 10.40000000000000746, 0.4499999999999937939, 0.000000000000000000 ) ) ;
#3247 = CARTESIAN_POINT ( 'NONE',  ( 5.557456557106666750, 1.688247368325441977, -0.5547349395076383027 ) ) ;
#3248 = FACE_OUTER_BOUND ( 'NONE', #7691, .T. ) ;
#3249 = DIRECTION ( 'NONE',  ( 1.000000000000000000, -3.624795322936608189E-15, -4.485885711162466802E-16 ) ) ;
#3250 = CARTESIAN_POINT ( 'NONE',  ( 6.728563479876172870, 1.043218157439378402, -1.849335990806438845 ) ) ;
#3251 = EDGE_CURVE ( 'NONE', #2220, #5089, #3818, .T. ) ;
#3252 = ADVANCED_FACE ( 'NONE', ( #2829 ), #5287, .T. ) ;
#3253 = DIRECTION ( 'NONE',  ( 0.000000000000000000, 0.000000000000000000, 1.000000000000000000 ) ) ;
#3254 = CARTESIAN_POINT ( 'NONE',  ( -3.999999999999998224, 2.849999999999999645, 3.239999999999998437 ) ) ;
#3255 = ORIENTED_EDGE ( 'NONE', *, *, #4793, .F. ) ;
#3256 = FACE_OUTER_BOUND ( 'NONE', #4505, .T. ) ;
#3257 = CARTESIAN_POINT ( 'NONE',  ( 5.506106797749978909, 1.062222206662710722, -1.768948838969537807 ) ) ;
#3258 = CARTESIAN_POINT ( 'NONE',  ( -7.244112548466064894, 3.599999999999996536, -7.654112548466057042 ) ) ;
#3259 = EDGE_CURVE ( 'NONE', #940, #6076, #4169, .T. ) ;
#3260 = EDGE_CURVE ( 'NONE', #7836, #1566, #890, .T. ) ;
#3261 = LINE ( 'NONE', #1333, #1226 ) ;
#3262 = PRODUCT_DEFINITION_SHAPE ( 'NONE', 'NONE',  #6635 ) ;
#3263 = ADVANCED_BREP_SHAPE_REPRESENTATION ( '', ( #486, #6889 ), #1478 ) ;
#3264 = LINE ( 'NONE', #237, #5233 ) ;
#3265 = CARTESIAN_POINT ( 'NONE',  ( -10.65000000000001990, 0.5000000000000384137, 2.786410161513778849 ) ) ;
#3266 = CIRCLE ( 'NONE', #1586, 0.4499999999999781952 ) ;
#3267 = ORIENTED_EDGE ( 'NONE', *, *, #4383, .F. ) ;
#3268 = CARTESIAN_POINT ( 'NONE',  ( 5.693893202250020380, 1.725708456097916565, -1.579672218218385105 ) ) ;
#3269 = EDGE_LOOP ( 'NONE', ( #7583, #3564, #1056, #3680 ) ) ;
#3270 = ORIENTED_EDGE ( 'NONE', *, *, #7099, .F. ) ;
#3271 = CARTESIAN_POINT ( 'NONE',  ( 5.909023376180916109, 1.544150234765843788, -0.8523470498205693024 ) ) ;
#3272 = CARTESIAN_POINT ( 'NONE',  ( 7.200000000000001066, 3.305845922394564429, 3.034562673702536628 ) ) ;
#3273 = CARTESIAN_POINT ( 'NONE',  ( 5.289588568189935280, 1.524560209013907874, -1.520584744639494668 ) ) ;
#3274 = AXIS2_PLACEMENT_3D ( 'NONE', #4116, #4671, #7774 ) ;
#3275 = DIRECTION ( 'NONE',  ( -4.485885711162466802E-16, 0.000000000000000000, -1.000000000000000000 ) ) ;
#3276 = DIRECTION ( 'NONE',  ( 0.000000000000000000, 2.168404344971007921E-14, 1.000000000000000000 ) ) ;
#3277 = DIRECTION ( 'NONE',  ( 1.000000000000000000, 0.000000000000000000, 0.000000000000000000 ) ) ;
#3278 = VERTEX_POINT ( 'NONE', #7747 ) ;
#3279 = AXIS2_PLACEMENT_3D ( 'NONE', #2006, #88, #4474 ) ;
#3280 = DIRECTION ( 'NONE',  ( 0.000000000000000000, 0.000000000000000000, -1.000000000000000000 ) ) ;
#3281 = CIRCLE ( 'NONE', #4950, 0.2000000000000002887 ) ;
#3282 = VERTEX_POINT ( 'NONE', #4523 ) ;
#3283 = VERTEX_POINT ( 'NONE', #968 ) ;
#3284 = CARTESIAN_POINT ( 'NONE',  ( 6.639996709892901805, 1.223241035080102845, -1.572055513314495334 ) ) ;
#3285 = FACE_OUTER_BOUND ( 'NONE', #3733, .T. ) ;
#3286 = DIRECTION ( 'NONE',  ( -0.000000000000000000, 0.000000000000000000, 1.000000000000000000 ) ) ;
#3287 = CARTESIAN_POINT ( 'NONE',  ( -7.199999999999999289, 3.533768883591846599, 2.931844010553809277 ) ) ;
#3288 = EDGE_CURVE ( 'NONE', #2913, #2723, #7439, .T. ) ;
#3289 = CARTESIAN_POINT ( 'NONE',  ( 10.65000000000002167, 0.3000000000000386247, 4.289999999999998259 ) ) ;
#3290 = CARTESIAN_POINT ( 'NONE',  ( 5.269463606425994762, 1.099999999999978106, -3.151123736497759342 ) ) ;
#3291 = ORIENTED_EDGE ( 'NONE', *, *, #3556, .F. ) ;
#3292 = AXIS2_PLACEMENT_3D ( 'NONE', #5613, #1934, #126 ) ;
#3293 = DIRECTION ( 'NONE',  ( 0.000000000000000000, -1.000000000000000000, 0.000000000000000000 ) ) ;
#3294 = DIRECTION ( 'NONE',  ( 0.000000000000000000, 1.000000000000000000, 0.000000000000000000 ) ) ;
#3295 = CIRCLE ( 'NONE', #714, 0.1499999999999999667 ) ;
#3296 = CIRCLE ( 'NONE', #3052, 0.2000000000000002887 ) ;
#3297 = CARTESIAN_POINT ( 'NONE',  ( 10.65000000000002167, 0.4500000000000383693, 0.1399999999999985978 ) ) ;
#3298 = EDGE_CURVE ( 'NONE', #6452, #6732, #5246, .T. ) ;
#3299 = EDGE_LOOP ( 'NONE', ( #681, #1695, #551, #7662, #4541, #55 ) ) ;
#3300 = DIRECTION ( 'NONE',  ( 0.000000000000000000, 5.204170427930419706E-15, 1.000000000000000000 ) ) ;
#3301 = FACE_OUTER_BOUND ( 'NONE', #6513, .T. ) ;
#3302 = AXIS2_PLACEMENT_3D ( 'NONE', #1039, #6652, #6563 ) ;
#3303 = CARTESIAN_POINT ( 'NONE',  ( 5.506106797749978909, 1.299999999999978062, -2.257615395000002856 ) ) ;
#3304 = DIRECTION ( 'NONE',  ( 0.000000000000000000, 1.000000000000000000, 0.000000000000000000 ) ) ;
#3305 = DIRECTION ( 'NONE',  ( 0.000000000000000000, 0.000000000000000000, 1.000000000000000000 ) ) ;
#3306 = CARTESIAN_POINT ( 'NONE',  ( 5.599999999999998757, 1.279999999999978266, -3.051393202250019865 ) ) ;
#3307 = AXIS2_PLACEMENT_3D ( 'NONE', #7449, #5639, #1323 ) ;
#3308 = CIRCLE ( 'NONE', #7684, 0.2999999999999999334 ) ;
#3309 = EDGE_CURVE ( 'NONE', #2086, #5543, #2279, .T. ) ;
#3310 = ORIENTED_EDGE ( 'NONE', *, *, #4779, .F. ) ;
#3311 = ADVANCED_FACE ( 'NONE', ( #4680 ), #7138, .T. ) ;
#3312 = CARTESIAN_POINT ( 'NONE',  ( 5.423936520126657612, 1.009405227792199211, -2.036598957356166917 ) ) ;
#3313 = EDGE_LOOP ( 'NONE', ( #2511, #3267, #4721, #2218, #2193, #1224 ) ) ;
#3314 = CARTESIAN_POINT ( 'NONE',  ( 5.693893202250020380, 1.027813721342087261, -1.929438750280535242 ) ) ;
#3315 = LINE ( 'NONE', #1533, #3664 ) ;
#3316 = CARTESIAN_POINT ( 'NONE',  ( 6.762383343350149012, 1.322592249482977822, -1.852281368217550295 ) ) ;
#3317 = CIRCLE ( 'NONE', #1774, 0.1999999999999779732 ) ;
#3318 = LINE ( 'NONE', #5413, #5215 ) ;
#3319 = CARTESIAN_POINT ( 'NONE',  ( -10.65000000000001990, 0.4500000000000383693, 2.440000000000003499 ) ) ;
#3320 = ORIENTED_EDGE ( 'NONE', *, *, #47, .F. ) ;
#3321 = CARTESIAN_POINT ( 'NONE',  ( 3.975000000000000089, 3.349999999999999645, 3.214999999999998526 ) ) ;
#3322 = ORIENTED_EDGE ( 'NONE', *, *, #547, .T. ) ;
#3323 = ORIENTED_EDGE ( 'NONE', *, *, #2882, .F. ) ;
#3324 = DIRECTION ( 'NONE',  ( 0.000000000000000000, -2.171692714077831440E-14, -1.000000000000000000 ) ) ;
#3325 = DIRECTION ( 'NONE',  ( 0.000000000000000000, 0.000000000000000000, 1.000000000000000000 ) ) ;
#3326 = DIRECTION ( 'NONE',  ( 0.000000000000000000, -1.000000000000000000, 0.000000000000000000 ) ) ;
#3327 = EDGE_CURVE ( 'NONE', #155, #6262, #4722, .T. ) ;
#3328 = FACE_OUTER_BOUND ( 'NONE', #5030, .T. ) ;
#3329 = CARTESIAN_POINT ( 'NONE',  ( 5.423936520126419580, 1.406713653625258020, -1.557341709393824880 ) ) ;
#3330 = VERTEX_POINT ( 'NONE', #7182 ) ;
#3331 = CARTESIAN_POINT ( 'NONE',  ( -5.600000000000000533, 1.349999999999978106, -2.259999999999996234 ) ) ;
#3332 = ORIENTED_EDGE ( 'NONE', *, *, #374, .F. ) ;
#3333 = FACE_OUTER_BOUND ( 'NONE', #368, .T. ) ;
#3334 = CIRCLE ( 'NONE', #7841, 0.1999999999999999833 ) ;
#3335 = LINE ( 'NONE', #5826, #7683 ) ;
#3336 = ORIENTED_EDGE ( 'NONE', *, *, #6898, .F. ) ;
#3337 = DIRECTION ( 'NONE',  ( 0.000000000000000000, 0.000000000000000000, -1.000000000000000000 ) ) ;
#3338 = CARTESIAN_POINT ( 'NONE',  ( 5.776063479873312367, 0.9999999999999780176, -3.060635598671182400 ) ) ;
#3339 = CARTESIAN_POINT ( 'NONE',  ( 5.599999999999999645, 1.779847494822332843, -0.7293931419030967866 ) ) ;
#3340 = DIRECTION ( 'NONE',  ( -1.000000000000000000, 0.000000000000000000, -8.131516293641262745E-15 ) ) ;
#3341 = ADVANCED_FACE ( 'NONE', ( #3640 ), #2911, .T. ) ;
#3342 = CARTESIAN_POINT ( 'NONE',  ( 6.847263565958805032, 1.398081323905041806, -1.868323187541726771 ) ) ;
#3343 = FACE_OUTER_BOUND ( 'NONE', #7337, .T. ) ;
#3344 = AXIS2_PLACEMENT_3D ( 'NONE', #2859, #1532, #5802 ) ;
#3345 = ORIENTED_EDGE ( 'NONE', *, *, #1990, .T. ) ;
#3346 = CARTESIAN_POINT ( 'NONE',  ( 5.348246817314049828, 1.059670726456946932, -1.932903544315131006 ) ) ;
#3347 = ORIENTED_EDGE ( 'NONE', *, *, #5954, .T. ) ;
#3348 = AXIS2_PLACEMENT_3D ( 'NONE', #2757, #3532, #377 ) ;
#3349 = CARTESIAN_POINT ( 'NONE',  ( 6.600402548050953833, 1.308850780449451801, -1.923160147681267418 ) ) ;
#3350 = CARTESIAN_POINT ( 'NONE',  ( 5.917500000000001315, 1.591721860165718150, -0.5255326479550284091 ) ) ;
#3351 = CARTESIAN_POINT ( 'NONE',  ( 5.930536393574007192, 1.552438342445744413, -0.8560822739350688604 ) ) ;
#3352 = EDGE_CURVE ( 'NONE', #817, #5799, #4467, .T. ) ;
#3353 = FACE_OUTER_BOUND ( 'NONE', #1673, .T. ) ;
#3354 = EDGE_CURVE ( 'NONE', #1890, #4926, #1140, .T. ) ;
#3355 = VERTEX_POINT ( 'NONE', #1094 ) ;
#3356 = CARTESIAN_POINT ( 'NONE',  ( 0.000000000000000000, 3.349999999999999645, -7.609999999999999432 ) ) ;
#3357 = ORIENTED_EDGE ( 'NONE', *, *, #1501, .T. ) ;
#3358 = VERTEX_POINT ( 'NONE', #3518 ) ;
#3359 = CARTESIAN_POINT ( 'NONE',  ( -7.199999999999999289, 3.305845922394564429, 3.034562673702539737 ) ) ;
#3360 = DIRECTION ( 'NONE',  ( 1.000000000000000000, -0.000000000000000000, -4.485885711162466802E-16 ) ) ;
#3361 = CARTESIAN_POINT ( 'NONE',  ( -10.65000000000002167, 0.3000000000000375144, -0.3135898384862206290 ) ) ;
#3362 = LINE ( 'NONE', #6994, #7670 ) ;
#3363 = CARTESIAN_POINT ( 'NONE',  ( 5.833342459146907188, 1.332602067338848340, -1.931689323376893030 ) ) ;
#3364 = AXIS2_PLACEMENT_3D ( 'NONE', #4200, #1817, #7859 ) ;
#3365 = CARTESIAN_POINT ( 'NONE',  ( 5.816865370547969150, 1.125946003479140201, -1.646487812410058149 ) ) ;
#3366 = ORIENTED_EDGE ( 'NONE', *, *, #2958, .F. ) ;
#3367 = CARTESIAN_POINT ( 'NONE',  ( 5.397974382703521812, 1.099999999999978106, -3.222625473648131234 ) ) ;
#3368 = AXIS2_PLACEMENT_3D ( 'NONE', #1047, #2211, #4672 ) ;
#3369 = CARTESIAN_POINT ( 'NONE',  ( 4.477906785357932407, 1.323218157439076892, -1.849335990806113772 ) ) ;
#3370 = DIRECTION ( 'NONE',  ( 0.000000000000000000, 1.000000000000000000, 0.000000000000000000 ) ) ;
#3371 = ORIENTED_EDGE ( 'NONE', *, *, #2893, .T. ) ;
#3372 = VERTEX_POINT ( 'NONE', #6622 ) ;
#3373 = EDGE_CURVE ( 'NONE', #5593, #4641, #3110, .T. ) ;
#3374 = CARTESIAN_POINT ( 'NONE',  ( 4.365918935201447582, 1.380115826515780908, -1.968033456874052289 ) ) ;
#3375 = DIRECTION ( 'NONE',  ( 0.000000000000000000, -0.9116918447891283472, 0.4108746525949196760 ) ) ;
#3376 = CARTESIAN_POINT ( 'NONE',  ( -10.40000000000000746, 0.4500000000000047851, -2.809999999999995168 ) ) ;
#3377 = CARTESIAN_POINT ( 'NONE',  ( 7.200610824229561224, 3.599746263348364117, 3.220492550142773247 ) ) ;
#3378 = DIRECTION ( 'NONE',  ( -1.156482317317807614E-13, 0.4326460883294061532, -0.9015638425831327130 ) ) ;
#3379 = CARTESIAN_POINT ( 'NONE',  ( 4.553606797749451651, 1.044490431726539770, -1.843449624784290197 ) ) ;
#3380 = EDGE_CURVE ( 'NONE', #291, #4480, #3317, .T. ) ;
#3381 = ORIENTED_EDGE ( 'NONE', *, *, #1529, .F. ) ;
#3382 = VERTEX_POINT ( 'NONE', #7222 ) ;
#3383 = EDGE_CURVE ( 'NONE', #2706, #1661, #6557, .T. ) ;
#3384 = CARTESIAN_POINT ( 'NONE',  ( 7.200000000000001066, 1.101109710447193413, -2.193547484175488282 ) ) ;
#3385 = CARTESIAN_POINT ( 'NONE',  ( 10.85000000000002096, 0.4500000000000164979, 2.289999999999998703 ) ) ;
#3386 = DIRECTION ( 'NONE',  ( 0.000000000000000000, 0.000000000000000000, -1.000000000000000000 ) ) ;
#3387 = FACE_OUTER_BOUND ( 'NONE', #4893, .T. ) ;
#3388 = CARTESIAN_POINT ( 'NONE',  ( 4.000000000000000000, 3.305845922394564429, 3.034562673702536628 ) ) ;
#3389 = CIRCLE ( 'NONE', #5324, 0.1499999999999999112 ) ;
#3390 = CARTESIAN_POINT ( 'NONE',  ( 4.553606797749979229, 1.043850885985109445, -1.846392071063739593 ) ) ;
#3391 = ORIENTED_EDGE ( 'NONE', *, *, #966, .F. ) ;
#3392 = CARTESIAN_POINT ( 'NONE',  ( 4.341912725516142935, 1.146830755020806336, -1.803974299392004932 ) ) ;
#3393 = ADVANCED_FACE ( 'NONE', ( #7260 ), #1745, .T. ) ;
#3394 = ORIENTED_EDGE ( 'NONE', *, *, #506, .F. ) ;
#3395 = DIRECTION ( 'NONE',  ( 4.373360830951466487E-30, -1.000000000000000000, -6.550704629611124984E-16 ) ) ;
#3396 = AXIS2_PLACEMENT_3D ( 'NONE', #4895, #6179, #7352 ) ;
#3397 = CARTESIAN_POINT ( 'NONE',  ( -10.85000000000001918, 0.4500000000000164979, 2.290000000000004032 ) ) ;
#3398 = DIRECTION ( 'NONE',  ( 0.000000000000000000, -1.000000000000000000, 0.000000000000000000 ) ) ;
#3399 =( BOUNDED_CURVE ( )  B_SPLINE_CURVE ( 3, ( #411, #6023, #2434, #3524 ),
 .UNSPECIFIED., .F., .T. ) 
 B_SPLINE_CURVE_WITH_KNOTS ( ( 4, 4 ),
 ( 0.000000000000000000, 1.000000000000000000 ),
 .UNSPECIFIED. ) 
 CURVE ( )  GEOMETRIC_REPRESENTATION_ITEM ( )  RATIONAL_B_SPLINE_CURVE ( ( 1.000000000000000000, 0.8047378541243661587, 0.8047378541243661587, 1.000000000000000000 ) ) 
 REPRESENTATION_ITEM ( '' )  );
#3400 = UNCERTAINTY_MEASURE_WITH_UNIT (LENGTH_MEASURE( 1.000000000000000082E-05 ), #79, 'distance_accuracy_value', 'NONE');
#3401 = VECTOR ( 'NONE', #4796, 1000.000000000000114 ) ;
#3402 = VERTEX_POINT ( 'NONE', #2425 ) ;
#3403 = CARTESIAN_POINT ( 'NONE',  ( 6.728860352506221609, 1.101682841517808153, -2.158690428592200838 ) ) ;
#3404 = DIRECTION ( 'NONE',  ( -5.421010862427521184E-16, 0.000000000000000000, -1.000000000000000000 ) ) ;
#3405 = EDGE_CURVE ( 'NONE', #2615, #6258, #5757, .T. ) ;
#3406 = LINE ( 'NONE', #2878, #7721 ) ;
#3407 = ORIENTED_EDGE ( 'NONE', *, *, #2458, .T. ) ;
#3408 = DIRECTION ( 'NONE',  ( 0.000000000000000000, 0.000000000000000000, 1.000000000000000000 ) ) ;
#3409 = AXIS2_PLACEMENT_3D ( 'NONE', #1327, #3253, #153 ) ;
#3410 = CIRCLE ( 'NONE', #1984, 1.599999999999999867 ) ;
#3411 = CARTESIAN_POINT ( 'NONE',  ( 7.200000000000001066, 1.263370087140091247, -1.497497287699401713 ) ) ;
#3412 = CARTESIAN_POINT ( 'NONE',  ( 7.200000000000001066, 1.349999999999978328, -2.257615395000002856 ) ) ;
#3413 = CARTESIAN_POINT ( 'NONE',  ( 7.200000000000001066, 1.263370087140091025, -1.497497287699401936 ) ) ;
#3414 = ORIENTED_EDGE ( 'NONE', *, *, #4930, .F. ) ;
#3415 = ORIENTED_EDGE ( 'NONE', *, *, #2089, .T. ) ;
#3416 = CARTESIAN_POINT ( 'NONE',  ( 4.620072629956071708, 1.307813712744460011, -1.929438800637585327 ) ) ;
#3417 = ORIENTED_EDGE ( 'NONE', *, *, #6346, .F. ) ;
#3418 = LINE ( 'NONE', #5873, #2703 ) ;
#3419 = LINE ( 'NONE', #353, #1982 ) ;
#3420 = CIRCLE ( 'NONE', #7792, 0.1999999999999999833 ) ;
#3421 = DIRECTION ( 'NONE',  ( -1.333139840934743161E-16, -1.000000000000000000, -6.550704629611133859E-16 ) ) ;
#3422 = CARTESIAN_POINT ( 'NONE',  ( 12.05000000000003268, -3.828434200396193363E-15, -2.610000000000009202 ) ) ;
#3423 = EDGE_CURVE ( 'NONE', #641, #5427, #4078, .T. ) ;
#3424 = EDGE_LOOP ( 'NONE', ( #2889, #2115, #7350, #4154 ) ) ;
#3425 = AXIS2_PLACEMENT_3D ( 'NONE', #7455, #2600, #1479 ) ;
#3426 = AXIS2_PLACEMENT_3D ( 'NONE', #7521, #5136, #859 ) ;
#3427 = EDGE_LOOP ( 'NONE', ( #6724, #2764, #1641, #5869 ) ) ;
#3428 = CARTESIAN_POINT ( 'NONE',  ( 5.599999999999999645, 1.349999999999978106, -2.957499999999998685 ) ) ;
#3429 = CARTESIAN_POINT ( 'NONE',  ( 5.277680634188292252, 1.101997053481830635, -2.171678734253609022 ) ) ;
#3430 = CARTESIAN_POINT ( 'NONE',  ( 5.693893202250020380, 1.452200902661177961, -1.456409822439909130 ) ) ;
#3431 = CARTESIAN_POINT ( 'NONE',  ( 5.506106797749978909, 1.279999999999978266, -2.957499999999998685 ) ) ;
#3432 = CARTESIAN_POINT ( 'NONE',  ( 6.883036393575364009, 1.111063296937774503, -1.866831820459413205 ) ) ;
#3433 = VECTOR ( 'NONE', #4862, 1000.000000000000000 ) ;
#3434 = AXIS2_PLACEMENT_3D ( 'NONE', #2389, #6144, #5425 ) ;
#3435 = CARTESIAN_POINT ( 'NONE',  ( -7.199999999999999289, 1.263370087140091247, -1.497497287699398161 ) ) ;
#3436 = ORIENTED_EDGE ( 'NONE', *, *, #6736, .F. ) ;
#3437 = DIRECTION ( 'NONE',  ( 0.000000000000000000, 0.000000000000000000, -1.000000000000000000 ) ) ;
#3438 = ORIENTED_EDGE ( 'NONE', *, *, #6654, .F. ) ;
#3439 = VECTOR ( 'NONE', #836, 1000.000000000000000 ) ;
#3440 = ORIENTED_EDGE ( 'NONE', *, *, #5272, .F. ) ;
#3441 = CIRCLE ( 'NONE', #5754, 0.1499999999999999112 ) ;
#3442 = CARTESIAN_POINT ( 'NONE',  ( 5.269463606425993873, 1.236019331796417431, -1.485171048121554094 ) ) ;
#3443 = CARTESIAN_POINT ( 'NONE',  ( 5.917500000000001315, 1.094073794982443282, -2.173182992333011487 ) ) ;
#3444 = CARTESIAN_POINT ( 'NONE',  ( -7.199999999999999289, 1.491293048337372529, -1.600215950848129731 ) ) ;
#3445 = EDGE_CURVE ( 'NONE', #326, #4370, #4989, .T. ) ;
#3446 = ORIENTED_EDGE ( 'NONE', *, *, #2674, .F. ) ;
#3447 = CARTESIAN_POINT ( 'NONE',  ( 5.693893202250020380, 1.279999999999978488, -2.257615395000085901 ) ) ;
#3448 = ORIENTED_EDGE ( 'NONE', *, *, #7472, .T. ) ;
#3449 = CARTESIAN_POINT ( 'NONE',  ( 10.19999999999999929, 3.149999999999999911, -4.409999999999999254 ) ) ;
#3450 = ORIENTED_EDGE ( 'NONE', *, *, #3327, .T. ) ;
#3451 = DIRECTION ( 'NONE',  ( 0.7071067811865474617, -1.951563910473953104E-14, -0.7071067811865474617 ) ) ;
#3452 = CIRCLE ( 'NONE', #1515, 1.850000000000000089 ) ;
#3453 = EDGE_CURVE ( 'NONE', #2424, #3834, #7898, .T. ) ;
#3454 = ADVANCED_FACE ( 'NONE', ( #2380 ), #4847, .F. ) ;
#3455 = CARTESIAN_POINT ( 'NONE',  ( 3.949999999999999734, 3.349999999999999645, -0.004506036726491897612 ) ) ;
#3456 = CARTESIAN_POINT ( 'NONE',  ( 5.842385219054844647, 1.427388021396940099, -1.623966343388422162 ) ) ;
#3457 = ORIENTED_EDGE ( 'NONE', *, *, #259, .T. ) ;
#3458 = ORIENTED_EDGE ( 'NONE', *, *, #2206, .F. ) ;
#3459 = LINE ( 'NONE', #825, #1642 ) ;
#3460 = VERTEX_POINT ( 'NONE', #2866 ) ;
#3461 = CARTESIAN_POINT ( 'NONE',  ( 5.599999999999999645, 0.9999999999999781286, -3.133563479873310520 ) ) ;
#3462 = CARTESIAN_POINT ( 'NONE',  ( 5.506106797749978909, 1.172200902661177935, -1.456409822439909352 ) ) ;
#3463 = CARTESIAN_POINT ( 'NONE',  ( 5.599999999999999645, 0.9999999999999781286, -3.051393202250019421 ) ) ;
#3464 = PLANE ( 'NONE',  #1889 ) ;
#3465 = DIRECTION ( 'NONE',  ( -1.000000000000000000, -3.624795322936608189E-15, -0.000000000000000000 ) ) ;
#3466 = ORIENTED_EDGE ( 'NONE', *, *, #7144, .F. ) ;
#3467 = EDGE_CURVE ( 'NONE', #617, #4522, #5329, .T. ) ;
#3468 = ORIENTED_EDGE ( 'NONE', *, *, #800, .T. ) ;
#3469 = DIRECTION ( 'NONE',  ( -0.000000000000000000, -1.000000000000000000, 2.171692714077831124E-14 ) ) ;
#3470 = CARTESIAN_POINT ( 'NONE',  ( 7.200000000000001066, 3.349999999999999645, -7.609999999999998543 ) ) ;
#3471 = CARTESIAN_POINT ( 'NONE',  ( 6.883036290451175709, 1.160029680019853959, -1.782698242261970378 ) ) ;
#3472 = CARTESIAN_POINT ( 'NONE',  ( 10.40000000000000746, 0.4714285714286090001, -3.108461497791619621 ) ) ;
#3473 = DIRECTION ( 'NONE',  ( -0.000000000000000000, -1.000000000000000000, -0.000000000000000000 ) ) ;
#3474 = DIRECTION ( 'NONE',  ( 0.000000000000000000, -0.000000000000000000, 1.000000000000000000 ) ) ;
#3475 = ORIENTED_EDGE ( 'NONE', *, *, #5026, .T. ) ;
#3476 = AXIS2_PLACEMENT_3D ( 'NONE', #2869, #6496, #6417 ) ;
#3477 = CARTESIAN_POINT ( 'NONE',  ( 5.930536393574007192, 1.516019331796417458, -1.485171048121554094 ) ) ;
#3478 = EDGE_LOOP ( 'NONE', ( #916, #2811, #2383, #7413, #4021, #3998, #5879, #7545 ) ) ;
#3479 = ORIENTED_EDGE ( 'NONE', *, *, #4076, .F. ) ;
#3480 = CARTESIAN_POINT ( 'NONE',  ( -10.65000000000002345, 0.4500000000000385914, -2.959999999999995968 ) ) ;
#3481 = DIRECTION ( 'NONE',  ( -4.485885711162466802E-16, 0.000000000000000000, -1.000000000000000000 ) ) ;
#3482 = EDGE_CURVE ( 'NONE', #1890, #1093, #2260, .T. ) ;
#3483 = DIRECTION ( 'NONE',  ( 1.333139840934740450E-16, 1.000000000000000000, -5.980312963430518134E-32 ) ) ;
#3484 = CARTESIAN_POINT ( 'NONE',  ( -10.65000000000000924, 0.5000000000000386358, 4.090000000000004299 ) ) ;
#3485 = DIRECTION ( 'NONE',  ( -1.000000000000000000, -0.000000000000000000, -0.000000000000000000 ) ) ;
#3486 = ORIENTED_EDGE ( 'NONE', *, *, #6908, .F. ) ;
#3487 = ADVANCED_FACE ( 'NONE', ( #6902 ), #53, .T. ) ;
#3488 = LINE ( 'NONE', #2105, #4343 ) ;
#3489 = ORIENTED_EDGE ( 'NONE', *, *, #4951, .F. ) ;
#3490 = CARTESIAN_POINT ( 'NONE',  ( 10.85000000000002096, 0.4500000000000164979, 0.2899999999999921529 ) ) ;
#3491 = VERTEX_POINT ( 'NONE', #1899 ) ;
#3492 = CARTESIAN_POINT ( 'NONE',  ( 7.244112548466059565, 3.149999999999998135, -7.654112548466057042 ) ) ;
#3493 = ADVANCED_FACE ( 'NONE', ( #4322 ), #2569, .F. ) ;
#3494 = DIRECTION ( 'NONE',  ( 9.130123557772670060E-16, 0.000000000000000000, 1.000000000000000000 ) ) ;
#3495 = CARTESIAN_POINT ( 'NONE',  ( -7.250000000000000000, 3.600000000000000533, -0.004506036726488661485 ) ) ;
#3496 = VERTEX_POINT ( 'NONE', #6135 ) ;
#3497 = ORIENTED_EDGE ( 'NONE', *, *, #5973, .T. ) ;
#3498 = CARTESIAN_POINT ( 'NONE',  ( 4.397666125573200802, 1.185279250126094919, -1.678890376346099833 ) ) ;
#3499 = ADVANCED_FACE ( 'NONE', ( #3681 ), #1936, .T. ) ;
#3500 = ORIENTED_EDGE ( 'NONE', *, *, #3056, .F. ) ;
#3501 = EDGE_CURVE ( 'NONE', #2107, #5365, #3579, .T. ) ;
#3502 = CARTESIAN_POINT ( 'NONE',  ( 4.395643221683933177, 1.102945092410796413, -2.049339049427207016 ) ) ;
#3503 = CARTESIAN_POINT ( 'NONE',  ( 6.847263565958805032, 1.398081323905041806, -1.868323187541726771 ) ) ;
#3504 = CARTESIAN_POINT ( 'NONE',  ( 7.250000000000000000, 3.600000000000000533, 3.214999999999998526 ) ) ;
#3505 = DIRECTION ( 'NONE',  ( 0.000000000000000000, 0.000000000000000000, 1.000000000000000000 ) ) ;
#3506 = ORIENTED_EDGE ( 'NONE', *, *, #7617, .T. ) ;
#3507 = ORIENTED_EDGE ( 'NONE', *, *, #2216, .T. ) ;
#3508 = ADVANCED_FACE ( 'NONE', ( #1378 ), #4925, .T. ) ;
#3509 = ADVANCED_FACE ( 'NONE', ( #4397 ), #652, .F. ) ;
#3510 = DIRECTION ( 'NONE',  ( 0.000000000000000000, -1.000000000000000000, 0.000000000000000000 ) ) ;
#3511 = LINE ( 'NONE', #4024, #3401 ) ;
#3512 = CARTESIAN_POINT ( 'NONE',  ( 5.909023376181059994, 3.229999999999978222, -2.257615395000002856 ) ) ;
#3513 = B_SPLINE_CURVE_WITH_KNOTS ( 'NONE', 3,
 ( #2571, #2650, #873, #3339 ),
 .UNSPECIFIED., .F., .F.,
 ( 4, 4 ),
 ( 0.000000000000000000, 1.000000000000000000 ),
 .UNSPECIFIED. ) ;
#3514 = CARTESIAN_POINT ( 'NONE',  ( -7.199999999999998401, 3.533768883591846155, 3.215000000000001634 ) ) ;
#3515 = CARTESIAN_POINT ( 'NONE',  ( 5.496864401328815930, 0.9999999999999780176, -3.133563479873310964 ) ) ;
#3516 = CARTESIAN_POINT ( 'NONE',  ( 4.471436520124672853, 1.042592249483318634, -1.852281368215950685 ) ) ;
#3517 = ORIENTED_EDGE ( 'NONE', *, *, #2189, .F. ) ;
#3518 = CARTESIAN_POINT ( 'NONE',  ( -12.04999999999999893, 3.420639233722013270E-14, 2.090000000000003855 ) ) ;
#3519 = EDGE_LOOP ( 'NONE', ( #5004, #1107, #5667, #5590 ) ) ;
#3520 = DIRECTION ( 'NONE',  ( 0.000000000000000000, 1.000000000000000000, 0.000000000000000000 ) ) ;
#3521 = DIRECTION ( 'NONE',  ( 0.000000000000000000, -1.000000000000000000, 0.000000000000000000 ) ) ;
#3522 = CARTESIAN_POINT ( 'NONE',  ( 5.693893202250020380, 1.027813721342087261, -1.929438750280535242 ) ) ;
#3523 = CARTESIAN_POINT ( 'NONE',  ( 10.85000000000002096, 1.661347830958247942E-14, 0.2899999999999934852 ) ) ;
#3524 = CARTESIAN_POINT ( 'NONE',  ( 5.599999999999999645, 0.9999999999999781286, -3.051393202250019421 ) ) ;
#3525 = ORIENTED_EDGE ( 'NONE', *, *, #6522, .T. ) ;
#3526 = EDGE_CURVE ( 'NONE', #316, #3027, #2406, .T. ) ;
#3527 = DIRECTION ( 'NONE',  ( -1.000000000000000000, 3.624795322936608189E-15, 4.485885711162466802E-16 ) ) ;
#3528 = CARTESIAN_POINT ( 'NONE',  ( 10.39073772474619872, 3.599999999999980993, -5.143883475253818283 ) ) ;
#3529 = AXIS2_PLACEMENT_3D ( 'NONE', #1468, #3966, #1542 ) ;
#3530 = B_SPLINE_CURVE_WITH_KNOTS ( 'NONE', 3,
 ( #7667, #1393, #2185, #4528, #3924, #7595 ),
 .UNSPECIFIED., .F., .F.,
 ( 4, 2, 4 ),
 ( 0.000000000000000000, 0.5000000000000000000, 1.000000000000000000 ),
 .UNSPECIFIED. ) ;
#3531 = ORIENTED_EDGE ( 'NONE', *, *, #7877, .T. ) ;
#3532 = DIRECTION ( 'NONE',  ( -0.7071067811865456854, 3.315229009045128656E-15, -0.7071067811865493491 ) ) ;
#3533 = CYLINDRICAL_SURFACE ( 'NONE', #7765, 0.4500000000000007327 ) ;
#3534 = EDGE_CURVE ( 'NONE', #4208, #3129, #3192, .T. ) ;
#3535 = CIRCLE ( 'NONE', #4947, 1.859090909086911436 ) ;
#3536 = CARTESIAN_POINT ( 'NONE',  ( 3.061616997868383043E-15, 3.600000000000000533, 3.239999999999997993 ) ) ;
#3537 = FACE_OUTER_BOUND ( 'NONE', #4435, .T. ) ;
#3538 = ORIENTED_EDGE ( 'NONE', *, *, #1828, .F. ) ;
#3539 = VECTOR ( 'NONE', #7613, 1000.000000000000000 ) ;
#3540 = AXIS2_PLACEMENT_3D ( 'NONE', #7007, #234, #5723 ) ;
#3541 = ORIENTED_EDGE ( 'NONE', *, *, #4673, .T. ) ;
#3542 = CARTESIAN_POINT ( 'NONE',  ( 10.65000000000002167, 0.3000000000000375144, -0.01000000000000138105 ) ) ;
#3543 = ORIENTED_EDGE ( 'NONE', *, *, #931, .F. ) ;
#3544 = CARTESIAN_POINT ( 'NONE',  ( 5.909861704071316169, 1.502734500323006150, -1.572298588771866124 ) ) ;
#3545 = CARTESIAN_POINT ( 'NONE',  ( 6.707483699398067323, 1.355456478904037088, -2.115701523227103920 ) ) ;
#3546 = CARTESIAN_POINT ( 'NONE',  ( -3.977798067026203643, 3.600000000000000533, 3.240000000000000213 ) ) ;
#3547 = CARTESIAN_POINT ( 'NONE',  ( 5.599999999999998757, 1.349999999999978106, -3.244006805092602530 ) ) ;
#3548 = VERTEX_POINT ( 'NONE', #128 ) ;
#3549 = ORIENTED_EDGE ( 'NONE', *, *, #2781, .F. ) ;
#3550 = DIRECTION ( 'NONE',  ( 1.000000000000000000, 0.000000000000000000, 0.000000000000000000 ) ) ;
#3551 = CIRCLE ( 'NONE', #5084, 0.1999999999999999833 ) ;
#3552 = CARTESIAN_POINT ( 'NONE',  ( 5.693893202250020380, 1.461269157966831322, -0.8149948086755764987 ) ) ;
#3553 = CARTESIAN_POINT ( 'NONE',  ( 6.719455912423938138, 1.209996645241337321, -1.603259517750604823 ) ) ;
#3554 = DIRECTION ( 'NONE',  ( 0.000000000000000000, 0.000000000000000000, 1.000000000000000000 ) ) ;
#3555 = CARTESIAN_POINT ( 'NONE',  ( -10.65000000000002167, 0.4499999999999946820, -0.8099999999999961675 ) ) ;
#3556 = EDGE_CURVE ( 'NONE', #628, #6457, #2577, .T. ) ;
#3557 = EDGE_CURVE ( 'NONE', #940, #6693, #2037, .T. ) ;
#3558 = B_SPLINE_CURVE_WITH_KNOTS ( 'NONE', 3,
 ( #7768, #3546, #4790, #5996, #6773, #4236, #3667, #6120, #5526, #420, #1680, #6465, #5347, #4619, #4012, #4140 ),
 .UNSPECIFIED., .F., .F.,
 ( 4, 3, 3, 3, 3, 4 ),
 ( 0.000000000000000000, 8.394201078616745783E-06, 1.678842180782370150E-05, 2.518224505703067819E-05, 3.357439855806686733E-05, 3.905835948176942965E-05 ),
 .UNSPECIFIED. ) ;
#3559 = VECTOR ( 'NONE', #4201, 1000.000000000000000 ) ;
#3560 = FACE_OUTER_BOUND ( 'NONE', #5647, .T. ) ;
#3561 = ORIENTED_EDGE ( 'NONE', *, *, #1456, .F. ) ;
#3562 = CARTESIAN_POINT ( 'NONE',  ( 6.836373716940037149, 1.431253450064628341, -1.751897903149368885 ) ) ;
#3563 = VERTEX_POINT ( 'NONE', #4286 ) ;
#3564 = ORIENTED_EDGE ( 'NONE', *, *, #6165, .F. ) ;
#3565 = CARTESIAN_POINT ( 'NONE',  ( 7.200000000000001066, 1.504200635124625540, -1.571575241241137233 ) ) ;
#3566 = FACE_OUTER_BOUND ( 'NONE', #4612, .T. ) ;
#3567 = CARTESIAN_POINT ( 'NONE',  ( -12.04999999999999893, 0.2500000000000383582, 2.289999999999998703 ) ) ;
#3568 = CIRCLE ( 'NONE', #2400, 0.2000000000000002887 ) ;
#3569 = CARTESIAN_POINT ( 'NONE',  ( -11.84999999999999787, -5.095750210681859007E-15, 0.2900000000000030331 ) ) ;
#3570 = CARTESIAN_POINT ( 'NONE',  ( -3.974999999999998312, 3.600000000000000533, 3.239999999999999769 ) ) ;
#3571 = ORIENTED_EDGE ( 'NONE', *, *, #4149, .F. ) ;
#3572 = VECTOR ( 'NONE', #6963, 1000.000000000000000 ) ;
#3573 = CARTESIAN_POINT ( 'NONE',  ( 5.922319365811676839, 1.263370087140091247, -1.497497287699401269 ) ) ;
#3574 = AXIS2_PLACEMENT_3D ( 'NONE', #2377, #5371, #7823 ) ;
#3575 = EDGE_LOOP ( 'NONE', ( #2628, #4278, #623, #5665 ) ) ;
#3576 = CARTESIAN_POINT ( 'NONE',  ( 6.579927370043896495, 1.062718993545187729, -1.767033696732057457 ) ) ;
#3577 = VERTEX_POINT ( 'NONE', #3830 ) ;
#3578 = DIRECTION ( 'NONE',  ( 0.000000000000000000, 0.000000000000000000, -1.000000000000000000 ) ) ;
#3579 = CIRCLE ( 'NONE', #7309, 0.1499999999999999667 ) ;
#3580 = CARTESIAN_POINT ( 'NONE',  ( 5.693893202250020380, 1.406713653625258686, -1.557341709393824658 ) ) ;
#3581 = CARTESIAN_POINT ( 'NONE',  ( 5.930536393574004528, 1.099999999999978106, -3.151123736497759342 ) ) ;
#3582 = CARTESIAN_POINT ( 'NONE',  ( -3.999999999999998224, 3.349374608885954618, 3.215000000000000302 ) ) ;
#3583 = ORIENTED_EDGE ( 'NONE', *, *, #2640, .F. ) ;
#3584 = AXIS2_PLACEMENT_3D ( 'NONE', #6390, #1718, #6071 ) ;
#3585 = VERTEX_POINT ( 'NONE', #1223 ) ;
#3586 = CARTESIAN_POINT ( 'NONE',  ( 4.336171754474144713, 1.146781299306776969, -1.812138588094974745 ) ) ;
#3587 = ORIENTED_EDGE ( 'NONE', *, *, #7453, .T. ) ;
#3588 = ADVANCED_FACE ( 'NONE', ( #5542 ), #1711, .T. ) ;
#3589 = FACE_OUTER_BOUND ( 'NONE', #2985, .T. ) ;
#3590 = DIRECTION ( 'NONE',  ( 0.7071067811865472397, 3.035766082959420304E-15, -0.7071067811865479058 ) ) ;
#3591 = DIRECTION ( 'NONE',  ( 4.485885711162466802E-16, 0.000000000000000000, 1.000000000000000000 ) ) ;
#3592 = ORIENTED_EDGE ( 'NONE', *, *, #2831, .T. ) ;
#3593 = ORIENTED_EDGE ( 'NONE', *, *, #2170, .T. ) ;
#3594 = CARTESIAN_POINT ( 'NONE',  ( 5.506106797749978909, 1.027813721342087039, -1.929438750280535464 ) ) ;
#3595 = CARTESIAN_POINT ( 'NONE',  ( 5.434174690273884778, 1.279999999999978488, -2.146907059139808727 ) ) ;
#3596 = EDGE_CURVE ( 'NONE', #4009, #6645, #609, .T. ) ;
#3597 = FACE_OUTER_BOUND ( 'NONE', #3841, .T. ) ;
#3598 = AXIS2_PLACEMENT_3D ( 'NONE', #167, #5079, #3196 ) ;
#3599 = CARTESIAN_POINT ( 'NONE',  ( 12.05000000000000071, -4.878909776184769953E-15, 0.4899999999999977152 ) ) ;
#3600 = B_SPLINE_CURVE_WITH_KNOTS ( 'NONE', 3,
 ( #3099, #5563, #2481, #1683 ),
 .UNSPECIFIED., .F., .F.,
 ( 4, 4 ),
 ( 0.000000000000000000, 2.244966601719572670E-06 ),
 .UNSPECIFIED. ) ;
#3601 = DIRECTION ( 'NONE',  ( 0.7071067811865457964, -3.491481338843134144E-15, 0.7071067811865493491 ) ) ;
#3602 = ORIENTED_EDGE ( 'NONE', *, *, #331, .T. ) ;
#3603 = CARTESIAN_POINT ( 'NONE',  ( 11.85000000000003162, -3.843964275861633587E-15, -2.610000000000008757 ) ) ;
#3604 = VERTEX_POINT ( 'NONE', #276 ) ;
#3605 = CYLINDRICAL_SURFACE ( 'NONE', #4312, 0.2000000000000005107 ) ;
#3606 = VERTEX_POINT ( 'NONE', #1451 ) ;
#3607 = CARTESIAN_POINT ( 'NONE',  ( 5.911885770972078014, 1.510672439990262683, -1.557214920690762838 ) ) ;
#3608 = CARTESIAN_POINT ( 'NONE',  ( 6.601605612714990912, 1.341100113403177030, -1.773058711636380735 ) ) ;
#3609 = EDGE_CURVE ( 'NONE', #2681, #7748, #6324, .T. ) ;
#3610 = EDGE_CURVE ( 'NONE', #6826, #4725, #4868, .T. ) ;
#3611 = DIRECTION ( 'NONE',  ( 4.688441826964427128E-16, -1.000000000000000000, 4.688441826964399518E-16 ) ) ;
#3612 = AXIS2_PLACEMENT_3D ( 'NONE', #4615, #2839, #7076 ) ;
#3613 = CARTESIAN_POINT ( 'NONE',  ( 5.930536393574007192, 1.099999999999978106, -2.999009288095180192 ) ) ;
#3614 = ORIENTED_EDGE ( 'NONE', *, *, #2712, .T. ) ;
#3615 = CARTESIAN_POINT ( 'NONE',  ( -7.219502992742173220, 3.599999750452115066, 3.239388171581332188 ) ) ;
#3616 = EDGE_LOOP ( 'NONE', ( #1744, #7153, #6102, #6825, #5828, #2454 ) ) ;
#3617 = FACE_OUTER_BOUND ( 'NONE', #6771, .T. ) ;
#3618 = CARTESIAN_POINT ( 'NONE',  ( 10.24931636850889660, 1.499999999999999334, -5.285304831491130173 ) ) ;
#3619 = VECTOR ( 'NONE', #3697, 1000.000000000000000 ) ;
#3620 = B_SPLINE_CURVE_WITH_KNOTS ( 'NONE', 3,
 ( #6207, #1815, #3145, #4280 ),
 .UNSPECIFIED., .F., .F.,
 ( 4, 4 ),
 ( -3.797459846109732155E-05, 9.632610074314205831E-05 ),
 .UNSPECIFIED. ) ;
#3621 = EDGE_CURVE ( 'NONE', #2303, #4209, #5730, .T. ) ;
#3622 =( BOUNDED_SURFACE ( )  B_SPLINE_SURFACE ( 3, 3, ( 
 ( #7232, #5591, #3159, #3732 ),
 ( #1389, #3093, #3880, #6221 ),
 ( #1911, #3203, #1280, #6187 ),
 ( #5013, #3236, #5627, #4936 ) ),
 .UNSPECIFIED., .F., .F., .T. ) 
 B_SPLINE_SURFACE_WITH_KNOTS ( ( 4, 4 ),
 ( 4, 4 ),
 ( 0.000000000000000000, 1.000000000000000000 ),
 ( 0.000000000000000000, 1.000000000000000000 ),
 .UNSPECIFIED. ) 
 GEOMETRIC_REPRESENTATION_ITEM ( )  RATIONAL_B_SPLINE_SURFACE ( (
 ( 1.000000000000000000, 0.9998200609883699519, 0.9998200609883699519, 1.000000000000000000),
 ( 0.9474215819624491886, 0.9472511038593939281, 0.9472511038593939281, 0.9474215819624491886),
 ( 0.9474215819624491886, 0.9472511038593939281, 0.9472511038593939281, 0.9474215819624491886),
 ( 1.000000000000000000, 0.9998200609883699519, 0.9998200609883699519, 1.000000000000000000) ) ) 
 REPRESENTATION_ITEM ( '' )  SURFACE ( )  );
#3623 = CARTESIAN_POINT ( 'NONE',  ( 4.316963606424637057, 1.142208871124849701, -1.864688895053270734 ) ) ;
#3624 = CARTESIAN_POINT ( 'NONE',  ( -3.974999999999998312, 3.349999999999999645, 3.240000000000000213 ) ) ;
#3625 = DIRECTION ( 'NONE',  ( 0.000000000000000000, 1.000000000000000000, 0.000000000000000000 ) ) ;
#3626 = ORIENTED_EDGE ( 'NONE', *, *, #396, .F. ) ;
#3627 = FACE_OUTER_BOUND ( 'NONE', #5130, .T. ) ;
#3628 = CARTESIAN_POINT ( 'NONE',  ( 6.861523376182539380, 1.131515687736118991, -1.871178059441339858 ) ) ;
#3629 = EDGE_CURVE ( 'NONE', #4816, #7729, #7619, .T. ) ;
#3630 = ORIENTED_EDGE ( 'NONE', *, *, #6278, .T. ) ;
#3631 = ORIENTED_EDGE ( 'NONE', *, *, #2668, .T. ) ;
#3632 = DIRECTION ( 'NONE',  ( -0.000000000000000000, 0.4108746525949196760, 0.9116918447891283472 ) ) ;
#3633 = CARTESIAN_POINT ( 'NONE',  ( 4.639999999999991687, 1.101109710447191636, -2.193547484175526474 ) ) ;
#3634 = CARTESIAN_POINT ( 'NONE',  ( 7.200000000000001066, 1.503276080241502166, -1.572038693219062200 ) ) ;
#3635 = DIRECTION ( 'NONE',  ( -0.000000000000000000, 0.000000000000000000, -1.000000000000000000 ) ) ;
#3636 = EDGE_CURVE ( 'NONE', #3129, #7897, #6523, .T. ) ;
#3637 = CARTESIAN_POINT ( 'NONE',  ( 6.757502029394805376, 1.098230004413337291, -2.100413566768726703 ) ) ;
#3638 = EDGE_CURVE ( 'NONE', #5226, #6750, #3066, .T. ) ;
#3639 = EDGE_LOOP ( 'NONE', ( #2887, #5893, #94, #84 ) ) ;
#3640 = FACE_OUTER_BOUND ( 'NONE', #7710, .T. ) ;
#3641 = ORIENTED_EDGE ( 'NONE', *, *, #6405, .F. ) ;
#3642 = DIRECTION ( 'NONE',  ( 0.7071067811865475727, -3.035766082959420304E-15, 0.7071067811865475727 ) ) ;
#3643 = ORIENTED_EDGE ( 'NONE', *, *, #6814, .F. ) ;
#3644 = CARTESIAN_POINT ( 'NONE',  ( 5.912216000671397076, 1.513909603621604205, -1.550031961936060521 ) ) ;
#3645 = CARTESIAN_POINT ( 'NONE',  ( -7.199999999999999289, 3.533768883591846599, 2.931844010553809721 ) ) ;
#3646 = DIRECTION ( 'NONE',  ( -4.485885711162466802E-16, -0.000000000000000000, -1.000000000000000000 ) ) ;
#3647 = CARTESIAN_POINT ( 'NONE',  ( 5.792241717100842457, 1.099999999999978328, -3.228161613162140675 ) ) ;
#3648 = EDGE_LOOP ( 'NONE', ( #107, #7926, #6777, #6682 ) ) ;
#3649 = EDGE_CURVE ( 'NONE', #3158, #4459, #4513, .T. ) ;
#3650 = ORIENTED_EDGE ( 'NONE', *, *, #1456, .T. ) ;
#3651 = CARTESIAN_POINT ( 'NONE',  ( 4.363741430673061750, 1.431372262706614329, -1.751542365199667328 ) ) ;
#3652 = ORIENTED_EDGE ( 'NONE', *, *, #374, .T. ) ;
#3653 = CARTESIAN_POINT ( 'NONE',  ( 4.639999999999970370, 1.342718980693126563, -1.767033746174749620 ) ) ;
#3654 = ORIENTED_EDGE ( 'NONE', *, *, #6056, .T. ) ;
#3655 = CARTESIAN_POINT ( 'NONE',  ( -10.40000000000000746, 0.6000000000000375033, -0.6599999999999962563 ) ) ;
#3656 = CARTESIAN_POINT ( 'NONE',  ( 5.909023376181059994, 1.491715348095080884, -1.589988501263629894 ) ) ;
#3657 = AXIS2_PLACEMENT_3D ( 'NONE', #4130, #4806, #448 ) ;
#3658 = CARTESIAN_POINT ( 'NONE',  ( 5.909023376180915221, 1.090909090909069068, -3.138521702676456027 ) ) ;
#3659 = EDGE_CURVE ( 'NONE', #662, #193, #1151, .T. ) ;
#3660 = DIRECTION ( 'NONE',  ( -0.000000000000000000, 0.4108746525949196204, 0.9116918447891282362 ) ) ;
#3661 = CARTESIAN_POINT ( 'NONE',  ( 3.997666331086596081, 3.599872315112278898, 3.225911592578747378 ) ) ;
#3662 = ORIENTED_EDGE ( 'NONE', *, *, #2919, .F. ) ;
#3663 = B_SPLINE_CURVE_WITH_KNOTS ( 'NONE', 3,
 ( #5923, #2254, #2824, #400, #1741, #4070, #6531, #1656, #4674, #1048, #5247, #6664, #7254 ),
 .UNSPECIFIED., .F., .F.,
 ( 4, 2, 2, 1, 2, 2, 4 ),
 ( 0.000000000000000000, 0.2499999999999839018, 0.3749999999999781841, 0.4374999999999784062, 0.4687499999999793499, 0.4999999999999803491, 1.000000000000000000 ),
 .UNSPECIFIED. ) ;
#3664 = VECTOR ( 'NONE', #6906, 1000.000000000000114 ) ;
#3665 = DIRECTION ( 'NONE',  ( 8.225028808767795004E-15, 0.000000000000000000, -1.000000000000000000 ) ) ;
#3666 =( BOUNDED_SURFACE ( )  B_SPLINE_SURFACE ( 3, 2, ( 
 ( #4238, #4276, #6696 ),
 ( #3069, #1845, #1731 ),
 ( #6655, #2485, #8 ),
 ( #1171, #556, #5527 ),
 ( #599, #1886, #7374 ),
 ( #3628, #5480, #4351 ) ),
 .UNSPECIFIED., .F., .F., .T. ) 
 B_SPLINE_SURFACE_WITH_KNOTS ( ( 4, 2, 4 ),
 ( 3, 3 ),
 ( 0.000000000000000000, 0.0002545849024165614807, 0.0005091698048331229614 ),
 ( 0.000000000000000000, 1.000000000000000000 ),
 .UNSPECIFIED. ) 
 GEOMETRIC_REPRESENTATION_ITEM ( )  RATIONAL_B_SPLINE_SURFACE ( (
 ( 1.000000000000000000, 0.9333010955102991613, 1.000000000000000000),
 ( 1.000000000000000000, 0.9334410724403958692, 1.000000000000000000),
 ( 1.000000000000000000, 0.9306817936050776341, 1.000000000000000000),
 ( 1.000000000000000000, 0.9243175505877737619, 1.000000000000000000),
 ( 1.000000000000000000, 0.9209706827375596649, 1.000000000000000000),
 ( 1.000000000000000000, 0.9211323729461652343, 1.000000000000000000) ) ) 
 REPRESENTATION_ITEM ( '' )  SURFACE ( )  );
#3667 = CARTESIAN_POINT ( 'NONE',  ( -3.990617180027476341, 3.599979993190469241, 3.234521877211394614 ) ) ;
#3668 = AXIS2_PLACEMENT_3D ( 'NONE', #2989, #5487, #3675 ) ;
#3669 = FACE_OUTER_BOUND ( 'NONE', #2877, .T. ) ;
#3670 = VECTOR ( 'NONE', #5544, 1000.000000000000000 ) ;
#3671 = ORIENTED_EDGE ( 'NONE', *, *, #5517, .F. ) ;
#3672 = ORIENTED_EDGE ( 'NONE', *, *, #441, .F. ) ;
#3673 = CARTESIAN_POINT ( 'NONE',  ( 5.375490180361919279, 1.038552559318913993, -2.073989202593030878 ) ) ;
#3674 = CARTESIAN_POINT ( 'NONE',  ( 4.480544087576296519, 1.094794887822523322, -2.139263037977843229 ) ) ;
#3675 = DIRECTION ( 'NONE',  ( -1.000000000000000000, 0.000000000000000000, 0.000000000000000000 ) ) ;
#3676 = DIRECTION ( 'NONE',  ( 1.000000000000000000, -9.741965315117441665E-30, -4.485885711162495398E-16 ) ) ;
#3677 = DIRECTION ( 'NONE',  ( 0.000000000000000000, -1.000000000000000000, -0.000000000000000000 ) ) ;
#3678 = EDGE_CURVE ( 'NONE', #6621, #5750, #2518, .T. ) ;
#3679 = CARTESIAN_POINT ( 'NONE',  ( 6.858087274542295830, 1.119675677066992447, -1.930319744944419824 ) ) ;
#3680 = ORIENTED_EDGE ( 'NONE', *, *, #5892, .T. ) ;
#3681 = FACE_OUTER_BOUND ( 'NONE', #3990, .T. ) ;
#3682 = VECTOR ( 'NONE', #3808, 1000.000000000000000 ) ;
#3683 = ORIENTED_EDGE ( 'NONE', *, *, #4687, .F. ) ;
#3684 = DIRECTION ( 'NONE',  ( 0.000000000000000000, -1.000000000000000000, 0.000000000000000000 ) ) ;
#3685 = ORIENTED_EDGE ( 'NONE', *, *, #3893, .F. ) ;
#3686 = CARTESIAN_POINT ( 'NONE',  ( 5.506106797749978909, 2.949999999999978861, -2.257615395000002856 ) ) ;
#3687 = CYLINDRICAL_SURFACE ( 'NONE', #2620, 0.5000000000000000000 ) ;
#3688 = CARTESIAN_POINT ( 'NONE',  ( -10.19999999999999751, 3.149999999999999911, 4.290000000000002700 ) ) ;
#3689 = CIRCLE ( 'NONE', #2771, 0.1999999999999999833 ) ;
#3690 = CARTESIAN_POINT ( 'NONE',  ( -10.40000000000000924, 3.860407018927490601E-14, 4.665321139608969971E-15 ) ) ;
#3691 = VERTEX_POINT ( 'NONE', #3570 ) ;
#3692 = ORIENTED_EDGE ( 'NONE', *, *, #1098, .T. ) ;
#3693 = CARTESIAN_POINT ( 'NONE',  ( 5.922319365811677727, 1.240430217125475965, -1.550019137306511308 ) ) ;
#3694 = CIRCLE ( 'NONE', #5363, 0.2999999999999999334 ) ;
#3695 = ORIENTED_EDGE ( 'NONE', *, *, #2582, .T. ) ;
#3696 = AXIS2_PLACEMENT_3D ( 'NONE', #6718, #1864, #4331 ) ;
#3697 = DIRECTION ( 'NONE',  ( 0.000000000000000000, 0.000000000000000000, -1.000000000000000000 ) ) ;
#3698 = CARTESIAN_POINT ( 'NONE',  ( -10.40000000000000746, 0.4499999999999938494, 4.665321139608969971E-15 ) ) ;
#3699 = CARTESIAN_POINT ( 'NONE',  ( 4.560003289629841916, 1.094048755545321328, -2.173153258420490896 ) ) ;
#3700 = EDGE_CURVE ( 'NONE', #1240, #466, #7168, .T. ) ;
#3701 = VECTOR ( 'NONE', #2510, 1000.000000000000227 ) ;
#3702 = AXIS2_PLACEMENT_3D ( 'NONE', #2245, #6608, #5442 ) ;
#3703 = DIRECTION ( 'NONE',  ( 0.000000000000000000, 1.000000000000000000, 0.000000000000000000 ) ) ;
#3704 = CARTESIAN_POINT ( 'NONE',  ( 5.506106797749978909, 1.062718980693138304, -1.767033746174717868 ) ) ;
#3705 = DIRECTION ( 'NONE',  ( 1.000000000000000000, -3.624795322936608189E-15, -4.485885711162466802E-16 ) ) ;
#3706 = VERTEX_POINT ( 'NONE', #5338 ) ;
#3707 = AXIS2_PLACEMENT_3D ( 'NONE', #1857, #4360, #1339 ) ;
#3708 = EDGE_CURVE ( 'NONE', #4522, #5482, #1896, .T. ) ;
#3709 = ADVANCED_FACE ( 'NONE', ( #577 ), #5505, .T. ) ;
#3710 = CARTESIAN_POINT ( 'NONE',  ( 5.909023376181059994, 1.221618638213424202, -1.572840339603875925 ) ) ;
#3711 = CIRCLE ( 'NONE', #3833, 1.899999999999999689 ) ;
#3712 = DIRECTION ( 'NONE',  ( 0.000000000000000000, -1.000000000000000000, 0.000000000000000000 ) ) ;
#3713 = ORIENTED_EDGE ( 'NONE', *, *, #1725, .F. ) ;
#3714 = ORIENTED_EDGE ( 'NONE', *, *, #2844, .F. ) ;
#3715 = CARTESIAN_POINT ( 'NONE',  ( 5.917500000000001315, 1.307813721342086621, -1.929438750280536130 ) ) ;
#3716 = CARTESIAN_POINT ( 'NONE',  ( 5.311843314142470796, 1.351391822244510932, -2.257615395000003744 ) ) ;
#3717 = DIRECTION ( 'NONE',  ( 8.225028808767795004E-15, 0.000000000000000000, -1.000000000000000000 ) ) ;
#3718 = CARTESIAN_POINT ( 'NONE',  ( -10.40000000000000924, 0.5000000000000374145, -4.409999999999993925 ) ) ;
#3719 = EDGE_CURVE ( 'NONE', #7492, #6916, #6063, .T. ) ;
#3720 = CYLINDRICAL_SURFACE ( 'NONE', #2388, 0.4500000000000007327 ) ;
#3721 = ORIENTED_EDGE ( 'NONE', *, *, #6201, .F. ) ;
#3722 = CARTESIAN_POINT ( 'NONE',  ( 5.776063479873311479, 1.885949200222031052, -0.4939635311441905041 ) ) ;
#3723 = ORIENTED_EDGE ( 'NONE', *, *, #3501, .F. ) ;
#3724 = ORIENTED_EDGE ( 'NONE', *, *, #2686, .F. ) ;
#3725 = CARTESIAN_POINT ( 'NONE',  ( -5.600000000000000533, 1.491293048337372085, -2.259999999999996234 ) ) ;
#3726 = DIRECTION ( 'NONE',  ( 0.000000000000000000, 0.000000000000000000, 1.000000000000000000 ) ) ;
#3727 = CARTESIAN_POINT ( 'NONE',  ( 5.909023376180916109, 1.824150234765844036, -0.8523470498205698576 ) ) ;
#3728 = CIRCLE ( 'NONE', #4750, 0.2999999999999999334 ) ;
#3729 = CARTESIAN_POINT ( 'NONE',  ( 6.683994761752446223, 1.095393427903278427, -2.157697980702918183 ) ) ;
#3730 = EDGE_LOOP ( 'NONE', ( #6544, #6931, #3829, #2885 ) ) ;
#3731 = ORIENTED_EDGE ( 'NONE', *, *, #493, .T. ) ;
#3732 = CARTESIAN_POINT ( 'NONE',  ( 5.930536393574005416, 1.101997053481823530, -2.171678734253754683 ) ) ;
#3733 = EDGE_LOOP ( 'NONE', ( #5420, #2328, #2980, #3685, #2964, #1366 ) ) ;
#3734 = EDGE_CURVE ( 'NONE', #993, #1002, #3399, .T. ) ;
#3735 = ORIENTED_EDGE ( 'NONE', *, *, #2882, .T. ) ;
#3736 = CARTESIAN_POINT ( 'NONE',  ( 6.621081496966017887, 1.224707614498881103, -1.571356372815766234 ) ) ;
#3737 = LINE ( 'NONE', #3698, #2487 ) ;
#3738 = CARTESIAN_POINT ( 'NONE',  ( 6.560000000000007603, 1.062718980692920479, -1.767033746175317166 ) ) ;
#3739 = EDGE_CURVE ( 'NONE', #882, #4209, #538, .T. ) ;
#3740 = CIRCLE ( 'NONE', #2694, 1.859090909086911658 ) ;
#3741 = CARTESIAN_POINT ( 'NONE',  ( 5.910307945706368749, 1.094073795775901692, -2.173182993506796112 ) ) ;
#3742 = EDGE_CURVE ( 'NONE', #383, #2531, #3198, .T. ) ;
#3743 = CIRCLE ( 'NONE', #2698, 11.35000000000000320 ) ;
#3744 = EDGE_LOOP ( 'NONE', ( #4424, #1227, #2732, #4094 ) ) ;
#3745 = CARTESIAN_POINT ( 'NONE',  ( 3.997668577096112230, 3.349808315226460831, 3.225906701023706358 ) ) ;
#3746 = AXIS2_PLACEMENT_3D ( 'NONE', #6267, #742, #7484 ) ;
#3747 =( NAMED_UNIT ( * ) PLANE_ANGLE_UNIT ( ) SI_UNIT ( $, .RADIAN. ) );
#3748 = FACE_OUTER_BOUND ( 'NONE', #4739, .T. ) ;
#3749 = VERTEX_POINT ( 'NONE', #1794 ) ;
#3750 = VERTEX_POINT ( 'NONE', #7147 ) ;
#3751 = CARTESIAN_POINT ( 'NONE',  ( 5.348246817313630608, 1.201361126711188998, -1.469551540219462327 ) ) ;
#3752 = CARTESIAN_POINT ( 'NONE',  ( 5.311843314142470796, 1.351391822244510932, -2.150960223157612816 ) ) ;
#3753 = CARTESIAN_POINT ( 'NONE',  ( 5.655001364463420721, 1.499847494822332150, -0.7293931419030971197 ) ) ;
#3754 = CARTESIAN_POINT ( 'NONE',  ( 10.40000000000000746, 0.4714285714286088336, 2.588461497791616939 ) ) ;
#3755 = CARTESIAN_POINT ( 'NONE',  ( 11.84999999999999787, 3.417333900688532257E-14, 2.089999999999998526 ) ) ;
#3756 = DIRECTION ( 'NONE',  ( -0.000000000000000000, -6.550704629611133859E-16, 1.000000000000000000 ) ) ;
#3757 = EDGE_LOOP ( 'NONE', ( #7249, #2552, #1503, #5440 ) ) ;
#3758 = EDGE_CURVE ( 'NONE', #3227, #4668, #3189, .T. ) ;
#3759 = CARTESIAN_POINT ( 'NONE',  ( 5.423936520126687810, 1.885949200222029942, -0.4939635311441906707 ) ) ;
#3760 = ORIENTED_EDGE ( 'NONE', *, *, #2767, .T. ) ;
#3761 = EDGE_LOOP ( 'NONE', ( #6537, #2473, #1859, #2200 ) ) ;
#3762 = FACE_OUTER_BOUND ( 'NONE', #2191, .T. ) ;
#3763 = LINE ( 'NONE', #1862, #4820 ) ;
#3764 = CARTESIAN_POINT ( 'NONE',  ( -3.999999999999998224, 1.491293048337372529, -1.600215950848130841 ) ) ;
#3765 = VECTOR ( 'NONE', #2737, 1000.000000000000114 ) ;
#3766 = CARTESIAN_POINT ( 'NONE',  ( 5.917500000000001315, 1.172200902661177935, -1.456409822439909130 ) ) ;
#3767 = ORIENTED_EDGE ( 'NONE', *, *, #3557, .T. ) ;
#3768 = DIRECTION ( 'NONE',  ( -0.6851022815776801611, 0.000000000000000000, 0.7284468846642541129 ) ) ;
#3769 = EDGE_LOOP ( 'NONE', ( #2912, #3046, #5731, #4296 ) ) ;
#3770 = ORIENTED_EDGE ( 'NONE', *, *, #5652, .F. ) ;
#3771 = DIRECTION ( 'NONE',  ( 0.000000000000000000, -1.836970198721029688E-16, 1.000000000000000000 ) ) ;
#3772 = CARTESIAN_POINT ( 'NONE',  ( 5.886506805092603045, 1.349999999999978328, -2.257615395000002412 ) ) ;
#3773 = CARTESIAN_POINT ( 'NONE',  ( -3.974999999999998312, 3.349999999999999645, 3.215000000000000302 ) ) ;
#3774 = EDGE_CURVE ( 'NONE', #7305, #6904, #5933, .T. ) ;
#3775 = CARTESIAN_POINT ( 'NONE',  ( 5.544998635536577680, 0.9999999999999780176, -3.051393202250018977 ) ) ;
#3776 = DIRECTION ( 'NONE',  ( 0.000000000000000000, -1.000000000000000000, 0.000000000000000000 ) ) ;
#3777 = CARTESIAN_POINT ( 'NONE',  ( 3.975000000000000089, 3.349999999999999645, 3.239999999999997993 ) ) ;
#3778 = FACE_OUTER_BOUND ( 'NONE', #305, .T. ) ;
#3779 = VECTOR ( 'NONE', #1058, 1000.000000000000000 ) ;
#3780 = ORIENTED_EDGE ( 'NONE', *, *, #1681, .T. ) ;
#3781 = CARTESIAN_POINT ( 'NONE',  ( 4.316963606424655708, 1.142208871125019787, -1.864688895052490247 ) ) ;
#3782 = DIRECTION ( 'NONE',  ( 1.000000000000000000, 0.000000000000000000, 0.000000000000000000 ) ) ;
#3783 = CARTESIAN_POINT ( 'NONE',  ( 5.693893202250020380, 1.461269157966831322, -0.8149948086755764987 ) ) ;
#3784 = EDGE_CURVE ( 'NONE', #1714, #2868, #6276, .T. ) ;
#3785 = CARTESIAN_POINT ( 'NONE',  ( -10.64999999999999680, 3.350000000000000533, 4.290000000000003588 ) ) ;
#3786 = VECTOR ( 'NONE', #2050, 1000.000000000000000 ) ;
#3787 = CYLINDRICAL_SURFACE ( 'NONE', #5216, 0.1999999999999999833 ) ;
#3788 = ORIENTED_EDGE ( 'NONE', *, *, #2512, .F. ) ;
#3789 = DIRECTION ( 'NONE',  ( -4.485885711162466802E-16, 0.000000000000000000, -1.000000000000000000 ) ) ;
#3790 = VERTEX_POINT ( 'NONE', #6719 ) ;
#3791 = ORIENTED_EDGE ( 'NONE', *, *, #7000, .T. ) ;
#3792 = PLANE ( 'NONE',  #6415 ) ;
#3793 = CIRCLE ( 'NONE', #5728, 0.3090233761809167423 ) ;
#3794 = CARTESIAN_POINT ( 'NONE',  ( 10.40000000000000746, 0.3000000000000365707, -0.3135898384862252919 ) ) ;
#3795 = CARTESIAN_POINT ( 'NONE',  ( 5.289588568189935280, 1.513349122124528101, -1.547088250030234313 ) ) ;
#3796 = EDGE_CURVE ( 'NONE', #5809, #1042, #3452, .T. ) ;
#3797 = ADVANCED_FACE ( 'NONE', ( #6587 ), #1060, .F. ) ;
#3798 = CARTESIAN_POINT ( 'NONE',  ( 5.930536393574005416, 1.099999999999978550, -2.257615395000003300 ) ) ;
#3799 = ORIENTED_EDGE ( 'NONE', *, *, #3467, .T. ) ;
#3800 = DIRECTION ( 'NONE',  ( -1.000000000000000000, -3.624795322936608189E-15, -0.000000000000000000 ) ) ;
#3801 = ORIENTED_EDGE ( 'NONE', *, *, #4139, .T. ) ;
#3802 = ORIENTED_EDGE ( 'NONE', *, *, #294, .T. ) ;
#3803 = CARTESIAN_POINT ( 'NONE',  ( 4.424866247651441320, 1.332168960964488225, -1.808121218543143449 ) ) ;
#3804 = CARTESIAN_POINT ( 'NONE',  ( 5.909023376180915221, 1.090909090909069068, -2.957499999999999130 ) ) ;
#3805 = DIRECTION ( 'NONE',  ( 1.000000000000000000, -1.333139840934745873E-16, -8.733005327930288902E-32 ) ) ;
#3806 = AXIS2_PLACEMENT_3D ( 'NONE', #6870, #732, #7392 ) ;
#3807 = VECTOR ( 'NONE', #3979, 1000.000000000000000 ) ;
#3808 = DIRECTION ( 'NONE',  ( 0.000000000000000000, -0.000000000000000000, 1.000000000000000000 ) ) ;
#3809 = AXIS2_PLACEMENT_3D ( 'NONE', #5306, #7759, #2235 ) ;
#3810 = CARTESIAN_POINT ( 'NONE',  ( 4.616952463919766103, 1.342696054698026886, -1.767121943104881909 ) ) ;
#3811 = MECHANICAL_DESIGN_GEOMETRIC_PRESENTATION_REPRESENTATION (  '', ( #2642 ), #4457 ) ;
#3812 = DIRECTION ( 'NONE',  ( 0.000000000000000000, -1.836970198721029688E-16, 1.000000000000000000 ) ) ;
#3813 = CARTESIAN_POINT ( 'NONE',  ( 3.978706243899168271, 3.350000122733938213, 3.239792680592191054 ) ) ;
#3814 = CIRCLE ( 'NONE', #1113, 0.7500000000000006661 ) ;
#3815 = AXIS2_PLACEMENT_3D ( 'NONE', #5383, #7834, #4730 ) ;
#3816 = CARTESIAN_POINT ( 'NONE',  ( 10.40000000000000746, 0.3000000000000375699, 2.786410161513773964 ) ) ;
#3817 = ORIENTED_EDGE ( 'NONE', *, *, #440, .T. ) ;
#3818 = CIRCLE ( 'NONE', #341, 0.2999999999999998779 ) ;
#3819 = AXIS2_PLACEMENT_3D ( 'NONE', #238, #312, #1449 ) ;
#3820 = ORIENTED_EDGE ( 'NONE', *, *, #201, .F. ) ;
#3821 = FACE_OUTER_BOUND ( 'NONE', #7442, .T. ) ;
#3822 = CARTESIAN_POINT ( 'NONE',  ( 5.348246817313629720, 1.120474604203573366, -1.671546337434255625 ) ) ;
#3823 = CARTESIAN_POINT ( 'NONE',  ( -10.85000000000002274, 0.4499999999999955147, -0.8100000000000021627 ) ) ;
#3824 = CARTESIAN_POINT ( 'NONE',  ( 5.269463606425993873, 1.251595058868209653, -1.523624957488317166 ) ) ;
#3825 = CARTESIAN_POINT ( 'NONE',  ( -7.199999999999999289, 3.305845922394564429, 3.034562673702539737 ) ) ;
#3826 = VECTOR ( 'NONE', #5655, 1000.000000000000000 ) ;
#3827 = EDGE_CURVE ( 'NONE', #3606, #1032, #3711, .T. ) ;
#3828 = FACE_OUTER_BOUND ( 'NONE', #2539, .T. ) ;
#3829 = ORIENTED_EDGE ( 'NONE', *, *, #5587, .F. ) ;
#3830 = CARTESIAN_POINT ( 'NONE',  ( 7.250000000000000000, 3.349999999999999645, -0.004506036726492064146 ) ) ;
#3831 = ORIENTED_EDGE ( 'NONE', *, *, #4052, .T. ) ;
#3832 = ADVANCED_FACE ( 'NONE', ( #5149 ), #5184, .T. ) ;
#3833 = AXIS2_PLACEMENT_3D ( 'NONE', #7610, #5759, #1521 ) ;
#3834 = VERTEX_POINT ( 'NONE', #6352 ) ;
#3835 = CARTESIAN_POINT ( 'NONE',  ( 5.776063479873312367, 1.461269157966831100, -0.8149948086755761656 ) ) ;
#3836 = CARTESIAN_POINT ( 'NONE',  ( 5.930536393574006304, 1.552438342445744857, -0.8560822739350688604 ) ) ;
#3837 = FACE_OUTER_BOUND ( 'NONE', #1340, .T. ) ;
#3838 = CARTESIAN_POINT ( 'NONE',  ( 10.65000000000002345, 0.4714285714286094997, -0.5115385022083828170 ) ) ;
#3839 = ORIENTED_EDGE ( 'NONE', *, *, #6943, .T. ) ;
#3840 = CARTESIAN_POINT ( 'NONE',  ( 4.000000000000000000, 1.263370087140091025, -1.497497287699401713 ) ) ;
#3841 = EDGE_LOOP ( 'NONE', ( #1406, #6852, #4324, #2658 ) ) ;
#3842 = EDGE_CURVE ( 'NONE', #7061, #2681, #3459, .T. ) ;
#3843 = EDGE_CURVE ( 'NONE', #21, #496, #6401, .T. ) ;
#3844 = ORIENTED_EDGE ( 'NONE', *, *, #6066, .F. ) ;
#3845 = FACE_OUTER_BOUND ( 'NONE', #4313, .T. ) ;
#3846 = CARTESIAN_POINT ( 'NONE',  ( 10.85000000000002274, 0.4499999999999955147, -0.8100000000000056044 ) ) ;
#3847 = LINE ( 'NONE', #6303, #5534 ) ;
#3848 = LINE ( 'NONE', #3287, #4464 ) ;
#3849 = CARTESIAN_POINT ( 'NONE',  ( 5.516900324509250275, 1.685068907512751624, -0.5617876422811241000 ) ) ;
#3850 = CARTESIAN_POINT ( 'NONE',  ( 3.950000000000000178, 3.349999999999999645, 3.214999999999998526 ) ) ;
#3851 = EDGE_CURVE ( 'NONE', #6414, #2957, #3962, .T. ) ;
#3852 = CARTESIAN_POINT ( 'NONE',  ( -10.40000000000000568, 0.4500000000000374256, 2.440000000000003499 ) ) ;
#3853 = CARTESIAN_POINT ( 'NONE',  ( 6.861523376184800682, 1.132715646549135924, -1.865563321597808466 ) ) ;
#3854 = APPLICATION_PROTOCOL_DEFINITION ( 'draft international standard', 'automotive_design', 1998, #5408 ) ;
#3855 = ADVANCED_FACE ( 'NONE', ( #2847 ), #7644, .F. ) ;
#3856 = CIRCLE ( 'NONE', #5023, 0.1999999999999999833 ) ;
#3857 = PLANE ( 'NONE',  #2784 ) ;
#3858 = B_SPLINE_CURVE_WITH_KNOTS ( 'NONE', 3,
 ( #6036, #552, #7203, #424, #3661, #1767, #1686, #7161, #6116, #593, #467, #4701, #5439, #1118, #5523, #7883 ),
 .UNSPECIFIED., .F., .F.,
 ( 4, 3, 3, 3, 3, 4 ),
 ( 0.000000000000000000, 8.393908616401684334E-06, 1.678802119241989523E-05, 2.517960530453663100E-05, 3.357228198232856288E-05, 3.905841295602677330E-05 ),
 .UNSPECIFIED. ) ;
#3859 = ORIENTED_EDGE ( 'NONE', *, *, #1583, .F. ) ;
#3860 = CARTESIAN_POINT ( 'NONE',  ( 10.07253967321224941, 3.149999999999986144, -4.825685423719866307 ) ) ;
#3861 = DIRECTION ( 'NONE',  ( -4.898878012213971897E-12, 0.2123927026746827984, 0.9771843939863877893 ) ) ;
#3862 = FACE_OUTER_BOUND ( 'NONE', #4889, .T. ) ;
#3863 = CARTESIAN_POINT ( 'NONE',  ( 5.269463606425993873, 1.229881588883923182, -1.576665579125457350 ) ) ;
#3864 = CARTESIAN_POINT ( 'NONE',  ( 6.883036393575362233, 1.141001841672936390, -1.870273396149546574 ) ) ;
#3865 = CARTESIAN_POINT ( 'NONE',  ( 5.930536393574006304, 1.569918364764735230, -0.8172957639999641755 ) ) ;
#3866 = EDGE_CURVE ( 'NONE', #1291, #7087, #2077, .T. ) ;
#3867 =( BOUNDED_SURFACE ( )  B_SPLINE_SURFACE ( 3, 3, ( 
 ( #5998, #5085, #6985, #6371 ),
 ( #6043, #7854, #1290, #4191 ),
 ( #6735, #3105, #7290, #2327 ),
 ( #1810, #1211, #2452, #7411 ) ),
 .UNSPECIFIED., .F., .F., .T. ) 
 B_SPLINE_SURFACE_WITH_KNOTS ( ( 4, 4 ),
 ( 4, 4 ),
 ( 0.000000000000000000, 1.000000000000000000 ),
 ( 0.000000000000000000, 1.000000000000000000 ),
 .UNSPECIFIED. ) 
 GEOMETRIC_REPRESENTATION_ITEM ( )  RATIONAL_B_SPLINE_SURFACE ( (
 ( 1.000000000000000000, 0.8047378541243649375, 0.8047378541243649375, 1.000000000000000000),
 ( 0.9599054302165193064, 0.7724722360747671157, 0.7724722360747671157, 0.9599054302165193064),
 ( 0.9599054302165193064, 0.7724722360747671157, 0.7724722360747671157, 0.9599054302165193064),
 ( 1.000000000000000000, 0.8047378541243649375, 0.8047378541243649375, 1.000000000000000000) ) ) 
 REPRESENTATION_ITEM ( '' )  SURFACE ( )  );
#3868 = ORIENTED_EDGE ( 'NONE', *, *, #5517, .T. ) ;
#3869 = CARTESIAN_POINT ( 'NONE',  ( 5.348246817314049828, 1.031984737185597689, -2.257615395000002856 ) ) ;
#3870 = ORIENTED_EDGE ( 'NONE', *, *, #7645, .T. ) ;
#3871 = ORIENTED_EDGE ( 'NONE', *, *, #586, .T. ) ;
#3872 = CARTESIAN_POINT ( 'NONE',  ( 5.290566438450416520, 1.222181241904421789, -1.572566094590639896 ) ) ;
#3873 = CARTESIAN_POINT ( 'NONE',  ( 5.277680634188322450, 1.552438342445744857, -0.8560822739350693045 ) ) ;
#3874 = EDGE_CURVE ( 'NONE', #3382, #4866, #5309, .T. ) ;
#3875 = CARTESIAN_POINT ( 'NONE',  ( 6.762523425439790792, 1.366655306728145503, -2.075830932845796895 ) ) ;
#3876 = CARTESIAN_POINT ( 'NONE',  ( 5.401441550220846821, 1.392610335700213087, -1.662970248551779884 ) ) ;
#3877 = CARTESIAN_POINT ( 'NONE',  ( 3.061616997868383043E-15, 3.349999999999999645, 3.239999999999997993 ) ) ;
#3878 = DIRECTION ( 'NONE',  ( 0.000000000000000000, 0.000000000000000000, 1.000000000000000000 ) ) ;
#3879 = EDGE_LOOP ( 'NONE', ( #1303, #1139, #969, #1651 ) ) ;
#3880 = CARTESIAN_POINT ( 'NONE',  ( 5.922319365811675951, 1.100665804298094574, -2.200306241917166172 ) ) ;
#3881 = ORIENTED_EDGE ( 'NONE', *, *, #2814, .F. ) ;
#3882 = EDGE_LOOP ( 'NONE', ( #6500, #4952, #476, #1579 ) ) ;
#3883 = AXIS2_PLACEMENT_3D ( 'NONE', #5122, #98, #245 ) ;
#3884 = CARTESIAN_POINT ( 'NONE',  ( 6.714335569808315363, 1.211622383990427432, -1.598768340575497771 ) ) ;
#3885 = FACE_OUTER_BOUND ( 'NONE', #3478, .T. ) ;
#3886 = DIRECTION ( 'NONE',  ( -0.000000000000000000, -0.000000000000000000, -1.000000000000000000 ) ) ;
#3887 = ADVANCED_FACE ( 'NONE', ( #3898 ), #5863, .F. ) ;
#3888 = CARTESIAN_POINT ( 'NONE',  ( -7.385533904703376784, 3.641658390006350397E-14, -7.795533904703367156 ) ) ;
#3889 = CARTESIAN_POINT ( 'NONE',  ( 5.599999999999998757, 1.090909090909068402, -3.266523376180914706 ) ) ;
#3890 = CARTESIAN_POINT ( 'NONE',  ( -3.974999999999998312, 3.349999999999999645, 3.215000000000000302 ) ) ;
#3891 = EDGE_LOOP ( 'NONE', ( #4747, #5929, #1179, #5533, #1687, #838, #1235, #7641, #2291, #5969 ) ) ;
#3892 = CARTESIAN_POINT ( 'NONE',  ( 4.574722480921362688, 1.312375242422717525, -1.903696066988264324 ) ) ;
#3893 = EDGE_CURVE ( 'NONE', #6916, #216, #7728, .T. ) ;
#3894 = EDGE_CURVE ( 'NONE', #1973, #628, #354, .T. ) ;
#3895 = FACE_OUTER_BOUND ( 'NONE', #5183, .T. ) ;
#3896 = EDGE_LOOP ( 'NONE', ( #7556, #4232, #7558, #955, #733, #3614, #5077, #7917, #303, #6757 ) ) ;
#3897 = VERTEX_POINT ( 'NONE', #4826 ) ;
#3898 = FACE_OUTER_BOUND ( 'NONE', #1824, .T. ) ;
#3899 = CARTESIAN_POINT ( 'NONE',  ( 5.286452158696012482, 1.535320868718480058, -1.502522397328140302 ) ) ;
#3900 = CARTESIAN_POINT ( 'NONE',  ( 4.000000000000000000, 3.599583217528247392, 3.214999999999998082 ) ) ;
#3901 = DIRECTION ( 'NONE',  ( -2.468850131082259427E-15, -1.000000000000000000, -2.468850131082272443E-15 ) ) ;
#3902 = PRODUCT ( 'BH-67D-5', 'BH-67D-5', '', ( #1996 ) ) ;
#3903 = DIRECTION ( 'NONE',  ( 0.000000000000000000, 2.891205793294675861E-15, -1.000000000000000000 ) ) ;
#3904 = DIRECTION ( 'NONE',  ( 0.000000000000000000, 1.000000000000000000, 0.000000000000000000 ) ) ;
#3905 = CIRCLE ( 'NONE', #5460, 0.1999999999999999833 ) ;
#3906 = EDGE_LOOP ( 'NONE', ( #5889, #2199, #2284, #6514 ) ) ;
#3907 = CARTESIAN_POINT ( 'NONE',  ( 5.506106797749979798, 0.9999999999999789058, -2.146907059139808727 ) ) ;
#3908 = ORIENTED_EDGE ( 'NONE', *, *, #6494, .T. ) ;
#3909 = LINE ( 'NONE', #4552, #642 ) ;
#3910 = FACE_OUTER_BOUND ( 'NONE', #976, .T. ) ;
#3911 = ADVANCED_FACE ( 'NONE', ( #4784 ), #6705, .T. ) ;
#3912 = FACE_OUTER_BOUND ( 'NONE', #7738, .T. ) ;
#3913 = AXIS2_PLACEMENT_3D ( 'NONE', #2948, #1654, #6662 ) ;
#3914 = CARTESIAN_POINT ( 'NONE',  ( 11.84999999999999787, 0.2500000000000167089, 0.2899999999999923195 ) ) ;
#3915 = DIRECTION ( 'NONE',  ( 0.000000000000000000, 0.000000000000000000, 1.000000000000000000 ) ) ;
#3916 =( BOUNDED_SURFACE ( )  B_SPLINE_SURFACE ( 3, 2, ( 
 ( #629, #1872, #3653 ),
 ( #5557, #2477, #4339 ),
 ( #68, #1282, #4177 ),
 ( #4777, #6029, #502 ),
 ( #2971, #6225, #6377 ),
 ( #740, #2514, #853 ),
 ( #2629, #3803, #1431 ),
 ( #2676, #5669, #4979 ) ),
 .UNSPECIFIED., .F., .F., .T. ) 
 B_SPLINE_SURFACE_WITH_KNOTS ( ( 4, 2, 2, 4 ),
 ( 3, 3 ),
 ( 0.0004418680454198859972, 0.0005019217242369338871, 0.0005319485636454577508, 0.0005619754030539817228 ),
 ( 0.03706350745291278614, 1.000000000000000000 ),
 .UNSPECIFIED. ) 
 GEOMETRIC_REPRESENTATION_ITEM ( )  RATIONAL_B_SPLINE_SURFACE ( (
 ( 0.9927858878883467630, 0.9026790419010066735, 1.000000000000000000),
 ( 0.9927850013822154818, 0.9026670826155502869, 1.000000000000000000),
 ( 0.9928954235249343174, 0.9041567168988016157, 1.000000000000000000),
 ( 0.9932355463698285813, 0.9087450959847050980, 1.000000000000000000),
 ( 0.9933854633203158535, 0.9107675293806510863, 1.000000000000000000),
 ( 0.9936680785733024157, 0.9145801104396008574, 1.000000000000000000),
 ( 0.9937877215487789240, 0.9161941370617242564, 1.000000000000000000),
 ( 0.9937807611021369780, 0.9161002381417301388, 1.000000000000000000) ) ) 
 REPRESENTATION_ITEM ( '' )  SURFACE ( )  );
#3917 = CARTESIAN_POINT ( 'NONE',  ( 5.599999999999999645, 1.069999999999978080, -3.288036393574004457 ) ) ;
#3918 = ORIENTED_EDGE ( 'NONE', *, *, #3894, .F. ) ;
#3919 = CIRCLE ( 'NONE', #4948, 0.1500000000000008271 ) ;
#3920 = DIRECTION ( 'NONE',  ( -0.7071067811865470176, 0.000000000000000000, -0.7071067811865480168 ) ) ;
#3921 = AXIS2_PLACEMENT_3D ( 'NONE', #1965, #3782, #829 ) ;
#3922 = EDGE_LOOP ( 'NONE', ( #2996, #3721, #3870, #3802, #356, #6804 ) ) ;
#3923 = CARTESIAN_POINT ( 'NONE',  ( 5.459472005478283485, 1.299281598036721386, -1.979412843834360336 ) ) ;
#3924 = CARTESIAN_POINT ( 'NONE',  ( 5.740170774005274978, 1.299346953736788768, -1.979030044412395828 ) ) ;
#3925 = DIRECTION ( 'NONE',  ( 0.000000000000000000, 2.171692714077829862E-14, 1.000000000000000000 ) ) ;
#3926 = LINE ( 'NONE', #3888, #4059 ) ;
#3927 = CARTESIAN_POINT ( 'NONE',  ( -10.65000000000002167, 0.3000000000000374589, -0.2064101615137722556 ) ) ;
#3928 = ORIENTED_EDGE ( 'NONE', *, *, #6669, .F. ) ;
#3929 = CARTESIAN_POINT ( 'NONE',  ( -10.40000000000000036, 3.150000000000001688, -4.409999999999993925 ) ) ;
#3930 = DIRECTION ( 'NONE',  ( 3.624795322936607400E-15, 1.000000000000000000, -0.000000000000000000 ) ) ;
#3931 = ADVANCED_FACE ( 'NONE', ( #2979 ), #4187, .F. ) ;
#3932 = CIRCLE ( 'NONE', #2520, 0.2999999999999998779 ) ;
#3933 = VECTOR ( 'NONE', #7941, 1000.000000000000000 ) ;
#3934 = CARTESIAN_POINT ( 'NONE',  ( 5.895068937804410325, 1.482478953721214188, -1.582170109583898920 ) ) ;
#3935 = ORIENTED_EDGE ( 'NONE', *, *, #7059, .F. ) ;
#3936 = EDGE_LOOP ( 'NONE', ( #3871, #2959, #4709, #1110 ) ) ;
#3937 = CARTESIAN_POINT ( 'NONE',  ( 4.446725800613686275, 1.308822074407241409, -1.919871609794844947 ) ) ;
#3938 = ADVANCED_FACE ( 'NONE', ( #1206 ), #511, .T. ) ;
#3939 = EDGE_CURVE ( 'NONE', #5226, #3585, #3858, .T. ) ;
#3940 = DIRECTION ( 'NONE',  ( 0.000000000000000000, 1.000000000000000000, 0.000000000000000000 ) ) ;
#3941 = AXIS2_PLACEMENT_3D ( 'NONE', #3484, #933, #5336 ) ;
#3942 = DIRECTION ( 'NONE',  ( 0.000000000000000000, 0.9116918447891286803, -0.4108746525949191208 ) ) ;
#3943 = CARTESIAN_POINT ( 'NONE',  ( 7.219365279211086950, 3.600000416288801297, 3.239516914560262695 ) ) ;
#3944 = CARTESIAN_POINT ( 'NONE',  ( 6.874819365813022110, 1.140408031561168656, -1.873067728565299905 ) ) ;
#3945 = CARTESIAN_POINT ( 'NONE',  ( 5.599999999999998757, 1.304307950136347038, -3.189445905376584012 ) ) ;
#3946 = VECTOR ( 'NONE', #1983, 1000.000000000000000 ) ;
#3947 = VECTOR ( 'NONE', #7588, 1000.000000000000000 ) ;
#3948 = ORIENTED_EDGE ( 'NONE', *, *, #1167, .F. ) ;
#3949 = DIRECTION ( 'NONE',  ( 0.000000000000000000, -0.9116918447891281252, 0.4108746525949201756 ) ) ;
#3950 = ORIENTED_EDGE ( 'NONE', *, *, #1879, .T. ) ;
#3951 = CARTESIAN_POINT ( 'NONE',  ( 6.646393202250814092, 1.322592249483218740, -1.852281368216417645 ) ) ;
#3952 = DIRECTION ( 'NONE',  ( -0.000000000000000000, -1.000000000000000000, -0.000000000000000000 ) ) ;
#3953 = CARTESIAN_POINT ( 'NONE',  ( -10.21396102944955864, 3.149999999999987033, -4.967106779957167539 ) ) ;
#3954 = VECTOR ( 'NONE', #6090, 1000.000000000000114 ) ;
#3955 = CARTESIAN_POINT ( 'NONE',  ( 5.414035776678367107, 1.384289681247652171, -1.674777892426576820 ) ) ;
#3956 = FACE_OUTER_BOUND ( 'NONE', #6045, .T. ) ;
#3957 = EDGE_CURVE ( 'NONE', #28, #489, #2937, .T. ) ;
#3958 = CYLINDRICAL_SURFACE ( 'NONE', #90, 0.1499999999999999667 ) ;
#3959 = VERTEX_POINT ( 'NONE', #7285 ) ;
#3960 = VECTOR ( 'NONE', #4417, 1000.000000000000000 ) ;
#3961 = DIRECTION ( 'NONE',  ( 0.7071067811865496822, 0.000000000000000000, -0.7071067811865453523 ) ) ;
#3962 = B_SPLINE_CURVE_WITH_KNOTS ( 'NONE', 3,
 ( #4583, #7005, #7044, #3983 ),
 .UNSPECIFIED., .F., .F.,
 ( 4, 4 ),
 ( 0.000000000000000000, 1.000000000000000000 ),
 .UNSPECIFIED. ) ;
#3963 = VERTEX_POINT ( 'NONE', #5397 ) ;
#3964 = ORIENTED_EDGE ( 'NONE', *, *, #2233, .F. ) ;
#3965 = DIRECTION ( 'NONE',  ( 1.333139840934740450E-16, -1.000000000000000000, 2.171692714077831124E-14 ) ) ;
#3966 = DIRECTION ( 'NONE',  ( 0.000000000000000000, 0.000000000000000000, -1.000000000000000000 ) ) ;
#3967 = FACE_OUTER_BOUND ( 'NONE', #2392, .T. ) ;
#3968 = ADVANCED_FACE ( 'NONE', ( #2360 ), #4231, .T. ) ;
#3969 = CARTESIAN_POINT ( 'NONE',  ( -7.200482534162174986, 3.599754527304476870, 3.220631965542968711 ) ) ;
#3970 = EDGE_LOOP ( 'NONE', ( #4874, #6737, #5388, #4123, #7093 ) ) ;
#3971 = CARTESIAN_POINT ( 'NONE',  ( 11.85000000000004228, -4.937188806284069407E-15, -1.010000000000009335 ) ) ;
#3972 = VERTEX_POINT ( 'NONE', #1644 ) ;
#3973 = CARTESIAN_POINT ( 'NONE',  ( 10.40000000000000746, 0.5000000000000377476, 4.289999999999998259 ) ) ;
#3974 = B_SPLINE_CURVE_WITH_KNOTS ( 'NONE', 3,
 ( #6703, #5411, #6005, #4158 ),
 .UNSPECIFIED., .F., .F.,
 ( 4, 4 ),
 ( 0.000000000000000000, 1.000000000000000000 ),
 .UNSPECIFIED. ) ;
#3975 = AXIS2_PLACEMENT_3D ( 'NONE', #7351, #4767, #2384 ) ;
#3976 = EDGE_CURVE ( 'NONE', #44, #2616, #5060, .T. ) ;
#3977 = VECTOR ( 'NONE', #3483, 1000.000000000000000 ) ;
#3978 = EDGE_CURVE ( 'NONE', #5620, #4792, #6885, .T. ) ;
#3979 = DIRECTION ( 'NONE',  ( 0.000000000000000000, -0.000000000000000000, -1.000000000000000000 ) ) ;
#3980 = CARTESIAN_POINT ( 'NONE',  ( 5.830655550471703030, 1.417119346112978295, -1.634096715195735516 ) ) ;
#3981 = EDGE_LOOP ( 'NONE', ( #7945, #692, #6376, #934, #3735, #7573, #5065, #5529 ) ) ;
#3982 = ORIENTED_EDGE ( 'NONE', *, *, #3010, .T. ) ;
#3983 = CARTESIAN_POINT ( 'NONE',  ( 5.269463606425994762, 1.238057920502389830, -1.556363431405267672 ) ) ;
#3984 = FACE_OUTER_BOUND ( 'NONE', #1588, .T. ) ;
#3985 = PLANE ( 'NONE',  #437 ) ;
#3986 = DIRECTION ( 'NONE',  ( 0.000000000000000000, -0.4108746525949196760, -0.9116918447891283472 ) ) ;
#3987 = CARTESIAN_POINT ( 'NONE',  ( 5.802025617296487248, 1.661371679324980200, -0.6143695417642212053 ) ) ;
#3988 = EDGE_CURVE ( 'NONE', #2763, #6986, #2542, .T. ) ;
#3989 = VERTEX_POINT ( 'NONE', #7451 ) ;
#3990 = EDGE_LOOP ( 'NONE', ( #3051, #6644, #2802, #1272, #2231, #1306, #5444, #5690, #5741, #3092 ) ) ;
#3991 = CARTESIAN_POINT ( 'NONE',  ( 5.803912907987055725, 1.031975999930277554, -2.050658322137043577 ) ) ;
#3992 = DIRECTION ( 'NONE',  ( -1.000000000000000000, 0.000000000000000000, 4.485885711162466802E-16 ) ) ;
#3993 = CARTESIAN_POINT ( 'NONE',  ( 5.599999999999999645, 1.279999999999978266, -3.051393202250019421 ) ) ;
#3994 = CARTESIAN_POINT ( 'NONE',  ( 4.338476623818158018, 1.131515687736775799, -1.871178059441513053 ) ) ;
#3995 = EDGE_CURVE ( 'NONE', #5766, #2723, #7568, .T. ) ;
#3996 = ADVANCED_FACE ( 'NONE', ( #7489 ), #7522, .T. ) ;
#3997 = PLANE ( 'NONE',  #1998 ) ;
#3998 = ORIENTED_EDGE ( 'NONE', *, *, #3621, .T. ) ;
#3999 = CARTESIAN_POINT ( 'NONE',  ( 7.225000000000000533, 3.349999999999999645, 3.239999999999997993 ) ) ;
#4000 = ORIENTED_EDGE ( 'NONE', *, *, #1470, .T. ) ;
#4001 = CARTESIAN_POINT ( 'NONE',  ( 5.910411431810168814, 1.524560209013489764, -1.520584744640702590 ) ) ;
#4002 = CYLINDRICAL_SURFACE ( 'NONE', #4815, 0.5000000000000004441 ) ;
#4003 = CARTESIAN_POINT ( 'NONE',  ( 5.290138295928573875, 1.502734500323141154, -1.572298588771798844 ) ) ;
#4004 = ORIENTED_EDGE ( 'NONE', *, *, #5303, .T. ) ;
#4005 = DIRECTION ( 'NONE',  ( 1.000000000000000000, 0.000000000000000000, 0.000000000000000000 ) ) ;
#4006 = CARTESIAN_POINT ( 'NONE',  ( -4.000000000000000888, 2.949999999999978861, -2.257615395000001079 ) ) ;
#4007 = CIRCLE ( 'NONE', #1188, 1.859090909090760801 ) ;
#4008 = CARTESIAN_POINT ( 'NONE',  ( 5.855065987049600906, 1.159035839506987742, -1.613433828229320133 ) ) ;
#4009 = VERTEX_POINT ( 'NONE', #4382 ) ;
#4010 = CARTESIAN_POINT ( 'NONE',  ( 5.693893202250020380, 1.009405227792199211, -2.036598957356166029 ) ) ;
#4011 = EDGE_CURVE ( 'NONE', #650, #2070, #5514, .T. ) ;
#4012 = CARTESIAN_POINT ( 'NONE',  ( -4.000000000000112799, 3.599644648807985181, 3.216841914252778878 ) ) ;
#4013 = CARTESIAN_POINT ( 'NONE',  ( 4.407324475220859128, 1.350596692060425541, -1.852162080972551639 ) ) ;
#4014 = DIRECTION ( 'NONE',  ( 4.485885711162466802E-16, 0.000000000000000000, 1.000000000000000000 ) ) ;
#4015 = ORIENTED_EDGE ( 'NONE', *, *, #6858, .F. ) ;
#4016 = CARTESIAN_POINT ( 'NONE',  ( 4.553605988057575438, 1.320104609713785404, -1.863987622967199220 ) ) ;
#4017 = ORIENTED_EDGE ( 'NONE', *, *, #112, .F. ) ;
#4018 = DIRECTION ( 'NONE',  ( 0.000000000000000000, -0.000000000000000000, -1.000000000000000000 ) ) ;
#4019 = CARTESIAN_POINT ( 'NONE',  ( 7.214084597532115950, 3.599996935740652493, 3.237664579986470503 ) ) ;
#4020 = DIRECTION ( 'NONE',  ( 1.000000000000000000, 0.000000000000000000, 0.000000000000000000 ) ) ;
#4021 = ORIENTED_EDGE ( 'NONE', *, *, #6437, .T. ) ;
#4022 = ORIENTED_EDGE ( 'NONE', *, *, #7385, .T. ) ;
#4023 = CARTESIAN_POINT ( 'NONE',  ( 5.790168381303364420, 1.028648769433299304, -2.035252436911023644 ) ) ;
#4024 = CARTESIAN_POINT ( 'NONE',  ( -7.640254000779582277, 3.349999999999999645, 7.011694334997594424 ) ) ;
#4025 = EDGE_CURVE ( 'NONE', #6738, #3202, #4087, .T. ) ;
#4026 = DIRECTION ( 'NONE',  ( 0.000000000000000000, -1.000000000000000000, 0.000000000000000000 ) ) ;
#4027 = CYLINDRICAL_SURFACE ( 'NONE', #455, 0.4499999999999781952 ) ;
#4028 = CARTESIAN_POINT ( 'NONE',  ( 4.325180634186977180, 1.142208871125553360, -1.864688895051788364 ) ) ;
#4029 = AXIS2_PLACEMENT_3D ( 'NONE', #3846, #179, #5091 ) ;
#4030 = CARTESIAN_POINT ( 'NONE',  ( -7.244112548466065782, 3.349999999999996092, -7.654112548466056154 ) ) ;
#4031 = EDGE_LOOP ( 'NONE', ( #2262, #2496, #165, #3239 ) ) ;
#4032 = CARTESIAN_POINT ( 'NONE',  ( 5.290138295928715984, 1.093686825482391489, -2.172723526216128409 ) ) ;
#4033 = ORIENTED_EDGE ( 'NONE', *, *, #5956, .T. ) ;
#4034 = ORIENTED_EDGE ( 'NONE', *, *, #5928, .F. ) ;
#4035 = CARTESIAN_POINT ( 'NONE',  ( -10.65000000000002167, 0.4500000000000383693, 0.1400000000000033717 ) ) ;
#4036 = CIRCLE ( 'NONE', #1079, 1.850000000000000089 ) ;
#4037 = CARTESIAN_POINT ( 'NONE',  ( 4.553606029190508053, 1.047032172951155582, -1.831755485451966425 ) ) ;
#4038 = ADVANCED_FACE ( 'NONE', ( #7408 ), #150, .F. ) ;
#4039 = EDGE_CURVE ( 'NONE', #6153, #1152, #6530, .T. ) ;
#4040 = LINE ( 'NONE', #329, #2450 ) ;
#4041 = AXIS2_PLACEMENT_3D ( 'NONE', #5709, #5141, #6344 ) ;
#4042 = ORIENTED_EDGE ( 'NONE', *, *, #2605, .T. ) ;
#4043 = DIRECTION ( 'NONE',  ( 0.000000000000000000, -0.9781578207777749112, 0.2078636034789988485 ) ) ;
#4044 = ORIENTED_EDGE ( 'NONE', *, *, #6375, .F. ) ;
#4045 = CARTESIAN_POINT ( 'NONE',  ( 7.200612120393738103, 3.349619539047798966, 3.220498302474066765 ) ) ;
#4046 = ORIENTED_EDGE ( 'NONE', *, *, #4192, .T. ) ;
#4047 = CARTESIAN_POINT ( 'NONE',  ( 5.290976623819023672, 2.949999999999978861, -2.257615395000002856 ) ) ;
#4048 = ADVANCED_FACE ( 'NONE', ( #1995 ), #671, .T. ) ;
#4049 = CARTESIAN_POINT ( 'NONE',  ( 4.639999999999998792, 1.238057920502633635, -1.556363431404671704 ) ) ;
#4050 = DIRECTION ( 'NONE',  ( 1.000000000000000000, 0.000000000000000000, 0.000000000000000000 ) ) ;
#4051 = VECTOR ( 'NONE', #6899, 1000.000000000000000 ) ;
#4052 = EDGE_CURVE ( 'NONE', #468, #3202, #4577, .T. ) ;
#4053 = VERTEX_POINT ( 'NONE', #3973 ) ;
#4054 = ORIENTED_EDGE ( 'NONE', *, *, #7046, .F. ) ;
#4055 = CARTESIAN_POINT ( 'NONE',  ( 10.40000000000000746, 0.5000000000000374145, -3.306410161513776202 ) ) ;
#4056 = ORIENTED_EDGE ( 'NONE', *, *, #7767, .F. ) ;
#4057 = CARTESIAN_POINT ( 'NONE',  ( 5.693893202250020380, 1.741269157966831127, -0.8149948086755767207 ) ) ;
#4058 = DIRECTION ( 'NONE',  ( 0.000000000000000000, 0.2078636034783866715, 0.9781578207779051404 ) ) ;
#4059 = VECTOR ( 'NONE', #2753, 1000.000000000000000 ) ;
#4060 = CARTESIAN_POINT ( 'NONE',  ( -11.85000000000003340, -3.874165132627861029E-15, -2.610000000000002984 ) ) ;
#4061 = LINE ( 'NONE', #6695, #4594 ) ;
#4062 = EDGE_CURVE ( 'NONE', #140, #4905, #2671, .T. ) ;
#4063 = ORIENTED_EDGE ( 'NONE', *, *, #7453, .F. ) ;
#4064 = CIRCLE ( 'NONE', #597, 1.950000000000000178 ) ;
#4065 = ORIENTED_EDGE ( 'NONE', *, *, #2890, .T. ) ;
#4066 = DIRECTION ( 'NONE',  ( -1.000000000000000000, 0.000000000000000000, 4.485885711162466802E-16 ) ) ;
#4067 = CARTESIAN_POINT ( 'NONE',  ( 7.200000000000001066, 2.849999999999999645, 3.239999999999996660 ) ) ;
#4068 = LINE ( 'NONE', #3953, #5038 ) ;
#4069 = B_SPLINE_CURVE_WITH_KNOTS ( 'NONE', 3,
 ( #72, #3544, #3097, #6560 ),
 .UNSPECIFIED., .F., .F.,
 ( 4, 4 ),
 ( 1.301042606982605321E-18, 2.244964919012121475E-06 ),
 .UNSPECIFIED. ) ;
#4070 = CARTESIAN_POINT ( 'NONE',  ( 5.409710253952355608, 1.107029017406374605, -1.670803415604135145 ) ) ;
#4071 = CARTESIAN_POINT ( 'NONE',  ( 5.290976623819084068, 1.090909090909068846, -3.138521702676456027 ) ) ;
#4072 = EDGE_CURVE ( 'NONE', #5750, #3372, #4099, .T. ) ;
#4073 = AXIS2_PLACEMENT_3D ( 'NONE', #5674, #4498, #2521 ) ;
#4074 = AXIS2_PLACEMENT_3D ( 'NONE', #5461, #4259, #2346 ) ;
#4075 = FACE_OUTER_BOUND ( 'NONE', #5540, .T. ) ;
#4076 = EDGE_CURVE ( 'NONE', #2858, #3749, #6997, .T. ) ;
#4077 = VERTEX_POINT ( 'NONE', #7605 ) ;
#4078 = LINE ( 'NONE', #530, #7814 ) ;
#4079 = B_SPLINE_CURVE_WITH_KNOTS ( 'NONE', 3,
 ( #1609, #5242, #3349, #4713, #397, #7773, #7129, #3951 ),
 .UNSPECIFIED., .F., .F.,
 ( 4, 2, 2, 4 ),
 ( 0.000000000000000000, 0.4999999999999997780, 0.7499999999999994449, 1.000000000000000000 ),
 .UNSPECIFIED. ) ;
#4080 = EDGE_LOOP ( 'NONE', ( #2819, #4596, #7514, #5945 ) ) ;
#4081 = B_SPLINE_CURVE_WITH_KNOTS ( 'NONE', 3,
 ( #186, #7487, #4415, #6883, #5100, #3212, #5676, #7524, #7566, #939, #2150, #297, #4045, #6594, #4137, #6507 ),
 .UNSPECIFIED., .F., .F.,
 ( 4, 3, 3, 3, 3, 4 ),
 ( 8.673617379884035472E-19, 8.394097061321067048E-06, 1.678823833473407854E-05, 2.518148538120839258E-05, 3.357097732500828813E-05, 3.906383720534180450E-05 ),
 .UNSPECIFIED. ) ;
#4082 = VECTOR ( 'NONE', #6790, 1000.000000000000000 ) ;
#4083 = ORIENTED_EDGE ( 'NONE', *, *, #3309, .T. ) ;
#4084 = CARTESIAN_POINT ( 'NONE',  ( 5.909023376181059994, 1.501428918559037706, -1.573319388384437856 ) ) ;
#4085 = DIRECTION ( 'NONE',  ( 0.000000000000000000, 0.9116918447891286803, -0.4108746525949191208 ) ) ;
#4086 = CARTESIAN_POINT ( 'NONE',  ( 5.359088742721784371, 3.349999999999999645, 7.384867924528302652 ) ) ;
#4087 = CIRCLE ( 'NONE', #1901, 3.000000000000000000 ) ;
#4088 = CARTESIAN_POINT ( 'NONE',  ( 5.865125473648181931, 1.099999999999977884, -3.159525617296441435 ) ) ;
#4089 = ORIENTED_EDGE ( 'NONE', *, *, #5847, .F. ) ;
#4090 = ADVANCED_FACE ( 'NONE', ( #3333 ), #2524, .T. ) ;
#4091 = CARTESIAN_POINT ( 'NONE',  ( -3.999999999999998224, 2.849999999999999645, 3.239999999999998437 ) ) ;
#4092 = EDGE_CURVE ( 'NONE', #6076, #3491, #1271, .T. ) ;
#4093 = CARTESIAN_POINT ( 'NONE',  ( 5.290976623818568036, 1.430230495396896284, -1.791730496593468169 ) ) ;
#4094 = ORIENTED_EDGE ( 'NONE', *, *, #4887, .F. ) ;
#4095 = CARTESIAN_POINT ( 'NONE',  ( 5.831771159279106165, 1.137988242366538838, -1.633285546210288874 ) ) ;
#4096 = ORIENTED_EDGE ( 'NONE', *, *, #5470, .T. ) ;
#4097 = DIRECTION ( 'NONE',  ( -0.7071067811865475727, 3.035766082959420304E-15, -0.7071067811865475727 ) ) ;
#4098 = CIRCLE ( 'NONE', #5521, 0.1499999999999999667 ) ;
#4099 = B_SPLINE_CURVE_WITH_KNOTS ( 'NONE', 3,
 ( #2759, #2108, #904, #7113, #3367, #5711, #4537, #2719, #4656, #5143, #5824, #2805, #818 ),
 .UNSPECIFIED., .F., .F.,
 ( 4, 2, 2, 1, 2, 2, 4 ),
 ( 0.000000000000000000, 0.2499999999999996114, 0.4999999999999992228, 0.6249999999999998890, 0.6875000000000002220, 0.7500000000000005551, 1.000000000000000000 ),
 .UNSPECIFIED. ) ;
#4100 = ADVANCED_FACE ( 'NONE', ( #6968 ), #5862, .T. ) ;
#4101 = DIRECTION ( 'NONE',  ( 0.000000000000000000, 0.000000000000000000, -1.000000000000000000 ) ) ;
#4102 = EDGE_CURVE ( 'NONE', #4370, #2463, #6027, .T. ) ;
#4103 = LINE ( 'NONE', #3495, #461 ) ;
#4104 = ORIENTED_EDGE ( 'NONE', *, *, #1135, .F. ) ;
#4105 = ORIENTED_EDGE ( 'NONE', *, *, #1773, .T. ) ;
#4106 = CARTESIAN_POINT ( 'NONE',  ( 4.639999999999909086, 1.224707398263457980, -1.571356474215221732 ) ) ;
#4107 = ORIENTED_EDGE ( 'NONE', *, *, #5827, .T. ) ;
#4108 = CARTESIAN_POINT ( 'NONE',  ( 6.883036393574004208, 1.160320780019459930, -1.781358938354059340 ) ) ;
#4109 = CARTESIAN_POINT ( 'NONE',  ( -10.01898628384834922, 3.600000000000000533, -4.409999999999993925 ) ) ;
#4110 = CIRCLE ( 'NONE', #3746, 0.1999999999999999833 ) ;
#4111 = DIRECTION ( 'NONE',  ( 0.000000000000000000, -1.000000000000000000, 0.000000000000000000 ) ) ;
#4112 = CARTESIAN_POINT ( 'NONE',  ( 10.40000000000000746, 0.5000000000000378586, -4.409999999999999254 ) ) ;
#4113 = VERTEX_POINT ( 'NONE', #227 ) ;
#4114 = ORIENTED_EDGE ( 'NONE', *, *, #7191, .F. ) ;
#4115 = CARTESIAN_POINT ( 'NONE',  ( 4.516202035144368132, 1.095389795834435631, -2.157781817272191205 ) ) ;
#4116 = CARTESIAN_POINT ( 'NONE',  ( -6.256204919917499829, 3.349999999999999645, 5.710000000000002629 ) ) ;
#4117 = DIRECTION ( 'NONE',  ( -1.000000000000000000, 0.000000000000000000, -8.673617379884013384E-15 ) ) ;
#4118 = DIRECTION ( 'NONE',  ( -4.485885711162466802E-16, -0.000000000000000000, -1.000000000000000000 ) ) ;
#4119 = CARTESIAN_POINT ( 'NONE',  ( 5.544998635536575016, 0.9999999999999782396, -3.051393202250018977 ) ) ;
#4120 = AXIS2_PLACEMENT_3D ( 'NONE', #6441, #1004, #6527 ) ;
#4121 = PRODUCT_DEFINITION ( 'UNKNOWN', '', #1459, #7671 ) ;
#4122 = CARTESIAN_POINT ( 'NONE',  ( 4.639999999999980140, 1.071127705751738990, -2.192508545081075511 ) ) ;
#4123 = ORIENTED_EDGE ( 'NONE', *, *, #6728, .F. ) ;
#4124 = VECTOR ( 'NONE', #1674, 1000.000000000000114 ) ;
#4125 = DIRECTION ( 'NONE',  ( -0.000000000000000000, 0.4108746525949196204, 0.9116918447891282362 ) ) ;
#4126 = VERTEX_POINT ( 'NONE', #2639 ) ;
#4127 = EDGE_CURVE ( 'NONE', #6624, #4792, #5102, .T. ) ;
#4128 = ORIENTED_EDGE ( 'NONE', *, *, #6382, .T. ) ;
#4129 = FACE_OUTER_BOUND ( 'NONE', #2840, .T. ) ;
#4130 = CARTESIAN_POINT ( 'NONE',  ( 7.200000000000001066, 1.490296697591617647, -1.544991777941569389 ) ) ;
#4131 = CARTESIAN_POINT ( 'NONE',  ( -11.84999999999999787, -5.621871448478022962E-16, 0.4900000000000030442 ) ) ;
#4132 = LINE ( 'NONE', #5257, #7802 ) ;
#4133 = CARTESIAN_POINT ( 'NONE',  ( 3.949999999999999734, 3.600000000000000533, -0.004506036726491914092 ) ) ;
#4134 = ORIENTED_EDGE ( 'NONE', *, *, #259, .F. ) ;
#4135 = DIRECTION ( 'NONE',  ( -4.485885711162466802E-16, -0.000000000000000000, -1.000000000000000000 ) ) ;
#4136 = ORIENTED_EDGE ( 'NONE', *, *, #3758, .T. ) ;
#4137 = CARTESIAN_POINT ( 'NONE',  ( 7.199999999999888267, 3.349466903721884048, 3.216843587903667423 ) ) ;
#4138 = DIRECTION ( 'NONE',  ( 1.000000000000000000, 0.000000000000000000, 0.000000000000000000 ) ) ;
#4139 = EDGE_CURVE ( 'NONE', #4374, #1973, #4991, .T. ) ;
#4140 = CARTESIAN_POINT ( 'NONE',  ( -3.999999999999998224, 3.599583217528247836, 3.215000000000000302 ) ) ;
#4141 = CARTESIAN_POINT ( 'NONE',  ( -7.211733480086228276, 3.349985480702167617, 3.236189607152382131 ) ) ;
#4142 = CARTESIAN_POINT ( 'NONE',  ( -10.19999999999999751, 3.600000000000000977, 4.290000000000001812 ) ) ;
#4143 = ORIENTED_EDGE ( 'NONE', *, *, #1827, .T. ) ;
#4144 = VERTEX_POINT ( 'NONE', #4740 ) ;
#4145 = CARTESIAN_POINT ( 'NONE',  ( 4.424866247651427997, 1.052168960964488420, -1.808121218543140563 ) ) ;
#4146 = VERTEX_POINT ( 'NONE', #4818 ) ;
#4147 = CARTESIAN_POINT ( 'NONE',  ( -3.999999999999998224, 3.533768883591846155, 2.931844010553808388 ) ) ;
#4148 = CIRCLE ( 'NONE', #7366, 11.35000000000000320 ) ;
#4149 = EDGE_CURVE ( 'NONE', #7748, #3706, #111, .T. ) ;
#4150 = EDGE_CURVE ( 'NONE', #1391, #1499, #2880, .T. ) ;
#4151 = CARTESIAN_POINT ( 'NONE',  ( 5.909023376181059994, 1.211715348095081524, -1.589988501263629894 ) ) ;
#4152 = CARTESIAN_POINT ( 'NONE',  ( 10.01898628384834744, 3.600000000000000533, -4.409999999999999254 ) ) ;
#4153 = CARTESIAN_POINT ( 'NONE',  ( -3.949999999999998845, 3.349999999999999645, 17.39000000000000767 ) ) ;
#4154 = ORIENTED_EDGE ( 'NONE', *, *, #1244, .T. ) ;
#4155 = VERTEX_POINT ( 'NONE', #7197 ) ;
#4156 = CARTESIAN_POINT ( 'NONE',  ( 4.427301191653595147, 1.100647138095777855, -2.090775901345514054 ) ) ;
#4157 = CARTESIAN_POINT ( 'NONE',  ( 5.285249604469525408, 1.096801526281442563, -2.257615395000002856 ) ) ;
#4158 = CARTESIAN_POINT ( 'NONE',  ( 6.847263565958805032, 1.398081323905041806, -1.868323187541726771 ) ) ;
#4159 = DIRECTION ( 'NONE',  ( -0.000000000000000000, 1.000000000000000000, 0.000000000000000000 ) ) ;
#4160 = DIRECTION ( 'NONE',  ( -0.000000000000000000, -0.000000000000000000, -1.000000000000000000 ) ) ;
#4161 = PLANE ( 'NONE',  #4574 ) ;
#4162 = VERTEX_POINT ( 'NONE', #7876 ) ;
#4163 = DIRECTION ( 'NONE',  ( 1.000000000000000000, -3.624795322936608189E-15, -4.485885711162466802E-16 ) ) ;
#4164 = VERTEX_POINT ( 'NONE', #7918 ) ;
#4165 = EDGE_CURVE ( 'NONE', #3963, #5582, #6725, .T. ) ;
#4166 = ORIENTED_EDGE ( 'NONE', *, *, #3380, .F. ) ;
#4167 = CARTESIAN_POINT ( 'NONE',  ( 5.911088332269449630, 1.504200635125416907, -1.571575241241427001 ) ) ;
#4168 = DIRECTION ( 'NONE',  ( 0.000000000000000000, 1.000000000000000000, 0.000000000000000000 ) ) ;
#4169 = B_SPLINE_CURVE_WITH_KNOTS ( 'NONE', 3,
 ( #2058, #4032, #7663, #7023 ),
 .UNSPECIFIED., .F., .F.,
 ( 4, 4 ),
 ( 4.848699518061080308E-19, 2.244964919163299068E-06 ),
 .UNSPECIFIED. ) ;
#4170 = DIRECTION ( 'NONE',  ( 6.935313465782056196E-31, -1.913297951445007375E-16, -1.000000000000000000 ) ) ;
#4171 = PRODUCT_DEFINITION_FORMATION_WITH_SPECIFIED_SOURCE ( 'ANY', '', #3902, .NOT_KNOWN. ) ;
#4172 = DIRECTION ( 'NONE',  ( -0.000000000000000000, -1.000000000000000000, -0.000000000000000000 ) ) ;
#4173 = ORIENTED_EDGE ( 'NONE', *, *, #278, .F. ) ;
#4174 = CARTESIAN_POINT ( 'NONE',  ( -7.211741613938958295, 3.599990346390752549, 3.236194697472185133 ) ) ;
#4175 = CIRCLE ( 'NONE', #2228, 0.03000000000000001971 ) ;
#4176 = EDGE_LOOP ( 'NONE', ( #250, #6174, #67, #1143 ) ) ;
#4177 = CARTESIAN_POINT ( 'NONE',  ( 4.599597451948776339, 1.341084740362108230, -1.773183998261687710 ) ) ;
#4178 = VERTEX_POINT ( 'NONE', #6639 ) ;
#4179 = DIRECTION ( 'NONE',  ( -1.333139840934785563E-16, 1.000000000000000000, 9.250515915318242732E-31 ) ) ;
#4180 = AXIS2_PLACEMENT_3D ( 'NONE', #4067, #1569, #1737 ) ;
#4181 =( BOUNDED_SURFACE ( )  B_SPLINE_SURFACE ( 3, 3, ( 
 ( #3994, #6330, #2019, #7097 ),
 ( #5735, #2622, #4639, #1573 ),
 ( #5083, #7019, #5163, #4028 ),
 ( #2055, #5845, #4487, #2783 ) ),
 .UNSPECIFIED., .F., .F., .F. ) 
 B_SPLINE_SURFACE_WITH_KNOTS ( ( 4, 4 ),
 ( 4, 4 ),
 ( 0.000000000000000000, 1.000000000000000000 ),
 ( 0.000000000000000000, 1.000000000000000000 ),
 .UNSPECIFIED. ) 
 GEOMETRIC_REPRESENTATION_ITEM ( )  RATIONAL_B_SPLINE_SURFACE ( (
 ( 1.000000000000000000, 0.9999982116393310028, 0.9999982116393310028, 1.000000000000000000),
 ( 0.9474215819623283963, 0.9474198876308342898, 0.9474198876308342898, 0.9474215819623283963),
 ( 0.9474215819623283963, 0.9474198876308342898, 0.9474198876308342898, 0.9474215819623283963),
 ( 1.000000000000000000, 0.9999982116393310028, 0.9999982116393310028, 1.000000000000000000) ) ) 
 REPRESENTATION_ITEM ( '' )  SURFACE ( )  );
#4182 = CARTESIAN_POINT ( 'NONE',  ( 4.639999999999998792, 1.223276080241740837, -1.572038693218461125 ) ) ;
#4183 = CARTESIAN_POINT ( 'NONE',  ( 10.65000000000002167, 0.3000000000000375144, -0.01000000000000138105 ) ) ;
#4184 = EDGE_CURVE ( 'NONE', #3283, #2424, #3077, .T. ) ;
#4185 = ORIENTED_EDGE ( 'NONE', *, *, #344, .T. ) ;
#4186 = ORIENTED_EDGE ( 'NONE', *, *, #6119, .F. ) ;
#4187 = PLANE ( 'NONE',  #1397 ) ;
#4188 = EDGE_LOOP ( 'NONE', ( #4273, #3671, #1620, #5463, #7846, #7884 ) ) ;
#4189 = CARTESIAN_POINT ( 'NONE',  ( 4.410954970372901407, 1.100994893027105404, -2.068594769709032111 ) ) ;
#4190 = LINE ( 'NONE', #2892, #2760 ) ;
#4191 = CARTESIAN_POINT ( 'NONE',  ( 5.765059593183956110, 1.279999999999978044, -2.957499999999998685 ) ) ;
#4192 = EDGE_CURVE ( 'NONE', #7729, #578, #6535, .T. ) ;
#4193 = ORIENTED_EDGE ( 'NONE', *, *, #3501, .T. ) ;
#4194 = EDGE_CURVE ( 'NONE', #1093, #2734, #2278, .T. ) ;
#4195 = ORIENTED_EDGE ( 'NONE', *, *, #5712, .T. ) ;
#4196 = VECTOR ( 'NONE', #5997, 1000.000000000000000 ) ;
#4197 = CARTESIAN_POINT ( 'NONE',  ( 4.578918503034009824, 1.095098564931763940, -2.174393239420901569 ) ) ;
#4198 = CIRCLE ( 'NONE', #4451, 0.03000000000000171974 ) ;
#4199 = CARTESIAN_POINT ( 'NONE',  ( 10.85000000000002274, 0.2499999999999949207, -0.8100000000000033840 ) ) ;
#4200 = CARTESIAN_POINT ( 'NONE',  ( 5.930536393574007192, 1.525087587102070819, -0.8437560343572213517 ) ) ;
#4201 = DIRECTION ( 'NONE',  ( -4.688441826964427128E-16, 1.000000000000000000, -4.688441826964399518E-16 ) ) ;
#4202 = DIRECTION ( 'NONE',  ( -8.225028808767795004E-15, 0.000000000000000000, 1.000000000000000000 ) ) ;
#4203 = VECTOR ( 'NONE', #2665, 1000.000000000000000 ) ;
#4204 = DIRECTION ( 'NONE',  ( -1.000000000000000000, -0.000000000000000000, -0.000000000000000000 ) ) ;
#4205 = AXIS2_PLACEMENT_3D ( 'NONE', #719, #89, #5576 ) ;
#4206 = ORIENTED_EDGE ( 'NONE', *, *, #528, .F. ) ;
#4207 = DIRECTION ( 'NONE',  ( -1.000000000000000000, -3.624795322936608189E-15, -0.000000000000000000 ) ) ;
#4208 = VERTEX_POINT ( 'NONE', #7800 ) ;
#4209 = VERTEX_POINT ( 'NONE', #4778 ) ;
#4210 = DIRECTION ( 'NONE',  ( 0.000000000000000000, 0.000000000000000000, -1.000000000000000000 ) ) ;
#4211 = DIRECTION ( 'NONE',  ( -0.000000000000000000, -0.000000000000000000, 1.000000000000000000 ) ) ;
#4212 = EDGE_CURVE ( 'NONE', #4489, #5859, #7324, .T. ) ;
#4213 = CARTESIAN_POINT ( 'NONE',  ( 5.911916202449855717, 2.082925216591622330, -0.2847119140017492223 ) ) ;
#4214 = AXIS2_PLACEMENT_3D ( 'NONE', #4992, #6890, #6277 ) ;
#4215 = AXIS2_PLACEMENT_3D ( 'NONE', #6357, #2008, #311 ) ;
#4216 = CARTESIAN_POINT ( 'NONE',  ( 5.599999999999999645, 1.090909090909069068, -2.957499999999998685 ) ) ;
#4217 = CARTESIAN_POINT ( 'NONE',  ( 6.883036393574005096, 2.949999999999978861, -2.257615395000002856 ) ) ;
#4218 = ORIENTED_EDGE ( 'NONE', *, *, #4543, .F. ) ;
#4219 = VECTOR ( 'NONE', #1805, 1000.000000000000000 ) ;
#4220 = CARTESIAN_POINT ( 'NONE',  ( 5.914750395530417926, 1.248658678561307633, -1.522355957961906148 ) ) ;
#4221 = VERTEX_POINT ( 'NONE', #546 ) ;
#4222 = CARTESIAN_POINT ( 'NONE',  ( 6.683797964855891394, 1.498147915033304356, -1.586620530315110633 ) ) ;
#4223 = VERTEX_POINT ( 'NONE', #6596 ) ;
#4224 = FACE_OUTER_BOUND ( 'NONE', #6526, .T. ) ;
#4225 = AXIS2_PLACEMENT_3D ( 'NONE', #5076, #7467, #6861 ) ;
#4226 = EDGE_CURVE ( 'NONE', #3195, #503, #621, .T. ) ;
#4227 = CARTESIAN_POINT ( 'NONE',  ( 5.913547841360735191, 3.533768883591846599, 2.931844010553806612 ) ) ;
#4228 = CARTESIAN_POINT ( 'NONE',  ( -3.999387879606260299, 3.349619539047799410, 3.220498302474067209 ) ) ;
#4229 = ORIENTED_EDGE ( 'NONE', *, *, #6898, .T. ) ;
#4230 = ORIENTED_EDGE ( 'NONE', *, *, #1812, .T. ) ;
#4231 = CYLINDRICAL_SURFACE ( 'NONE', #992, 0.1999999999999999833 ) ;
#4232 = ORIENTED_EDGE ( 'NONE', *, *, #4835, .F. ) ;
#4233 = EDGE_CURVE ( 'NONE', #4144, #7043, #4098, .T. ) ;
#4234 = CARTESIAN_POINT ( 'NONE',  ( 5.851753182686025845, 1.156619979062684767, -1.568827899030819539 ) ) ;
#4235 = EDGE_CURVE ( 'NONE', #4126, #1379, #5061, .T. ) ;
#4236 = CARTESIAN_POINT ( 'NONE',  ( -3.988432259277845837, 3.599992760483117671, 3.236269777801243031 ) ) ;
#4237 = DIRECTION ( 'NONE',  ( 0.000000000000000000, -1.000000000000000000, 0.000000000000000000 ) ) ;
#4238 = CARTESIAN_POINT ( 'NONE',  ( 6.559999999999998721, 1.094073794982414194, -2.173182992333658525 ) ) ;
#4239 = VERTEX_POINT ( 'NONE', #1027 ) ;
#4240 = ORIENTED_EDGE ( 'NONE', *, *, #331, .F. ) ;
#4241 = CARTESIAN_POINT ( 'NONE',  ( 4.639999999999982805, 1.027813721342182962, -1.929438750279262260 ) ) ;
#4242 = CARTESIAN_POINT ( 'NONE',  ( 4.639999999999994351, 1.101509450266715540, -2.182011676917976040 ) ) ;
#4243 = DIRECTION ( 'NONE',  ( -1.000000000000000000, -0.000000000000000000, -0.000000000000000000 ) ) ;
#4244 = EDGE_CURVE ( 'NONE', #6074, #696, #3389, .T. ) ;
#4245 = AXIS2_PLACEMENT_3D ( 'NONE', #5658, #131, #2502 ) ;
#4246 = PLANE ( 'NONE',  #4579 ) ;
#4247 = CARTESIAN_POINT ( 'NONE',  ( 5.506106797749978909, 1.172200902661177935, -1.456409822439909352 ) ) ;
#4248 = CARTESIAN_POINT ( 'NONE',  ( -10.65000000000001101, 0.5000000000000374145, -4.409999999999993925 ) ) ;
#4249 = ORIENTED_EDGE ( 'NONE', *, *, #2364, .F. ) ;
#4250 = DIRECTION ( 'NONE',  ( 0.000000000000000000, 0.000000000000000000, -1.000000000000000000 ) ) ;
#4251 = ORIENTED_EDGE ( 'NONE', *, *, #3423, .T. ) ;
#4252 = CARTESIAN_POINT ( 'NONE',  ( 5.599999999999999645, 1.544150234765843788, -0.8523470498205697465 ) ) ;
#4253 = ORIENTED_EDGE ( 'NONE', *, *, #6716, .T. ) ;
#4254 = FACE_OUTER_BOUND ( 'NONE', #4337, .T. ) ;
#4255 = FACE_OUTER_BOUND ( 'NONE', #7609, .T. ) ;
#4256 = CARTESIAN_POINT ( 'NONE',  ( 6.559999999999999609, 1.027813721342085929, -1.929438750280538128 ) ) ;
#4257 = ADVANCED_FACE ( 'NONE', ( #4224 ), #6687, .F. ) ;
#4258 = ADVANCED_FACE ( 'NONE', ( #418 ), #3533, .T. ) ;
#4259 = DIRECTION ( 'NONE',  ( 1.000000000000000000, 0.000000000000000000, 0.000000000000000000 ) ) ;
#4260 = AXIS2_PLACEMENT_3D ( 'NONE', #5254, #2183, #288 ) ;
#4261 = DIRECTION ( 'NONE',  ( 0.000000000000000000, 0.000000000000000000, 1.000000000000000000 ) ) ;
#4262 = ORIENTED_EDGE ( 'NONE', *, *, #3445, .F. ) ;
#4263 = ORIENTED_EDGE ( 'NONE', *, *, #4300, .T. ) ;
#4264 = CARTESIAN_POINT ( 'NONE',  ( 7.200000000000001066, 2.949999999999978861, -2.257615395000002856 ) ) ;
#4265 = VECTOR ( 'NONE', #4471, 1000.000000000000000 ) ;
#4266 = ORIENTED_EDGE ( 'NONE', *, *, #7658, .F. ) ;
#4267 = CARTESIAN_POINT ( 'NONE',  ( 6.802134668982665389, 1.465360734372063156, -1.678641197032068488 ) ) ;
#4268 = CARTESIAN_POINT ( 'NONE',  ( 12.05000000000003268, -3.686287386450715076E-15, -2.610000000000010090 ) ) ;
#4269 = PLANE ( 'NONE',  #1250 ) ;
#4270 = CYLINDRICAL_SURFACE ( 'NONE', #2139, 1.850000000000000089 ) ;
#4271 = CARTESIAN_POINT ( 'NONE',  ( 4.548800614097391559, 1.094081613811545450, -1.643979408317637780 ) ) ;
#4272 = ADVANCED_FACE ( 'NONE', ( #7154 ), #7843, .T. ) ;
#4273 = ORIENTED_EDGE ( 'NONE', *, *, #236, .T. ) ;
#4274 = CARTESIAN_POINT ( 'NONE',  ( 6.634780067804003423, 1.353878601374663315, -2.146275910312980706 ) ) ;
#4275 = LINE ( 'NONE', #2409, #6010 ) ;
#4276 = CARTESIAN_POINT ( 'NONE',  ( 6.560000000000001386, 1.101509450266690449, -2.182011676918582666 ) ) ;
#4277 = VERTEX_POINT ( 'NONE', #459 ) ;
#4278 = ORIENTED_EDGE ( 'NONE', *, *, #5325, .T. ) ;
#4279 = CARTESIAN_POINT ( 'NONE',  ( 4.574722480921467493, 1.032375242422698181, -1.903696066988369129 ) ) ;
#4280 = CARTESIAN_POINT ( 'NONE',  ( 4.639999999999969482, 1.503738357682629534, -1.571806967231074603 ) ) ;
#4281 = DIRECTION ( 'NONE',  ( 0.000000000000000000, 0.000000000000000000, -1.000000000000000000 ) ) ;
#4282 = DIRECTION ( 'NONE',  ( -0.000000000000000000, -0.000000000000000000, -1.000000000000000000 ) ) ;
#4283 = DIRECTION ( 'NONE',  ( -1.000000000000000000, -0.000000000000000000, -0.000000000000000000 ) ) ;
#4284 = FACE_OUTER_BOUND ( 'NONE', #7899, .T. ) ;
#4285 = ORIENTED_EDGE ( 'NONE', *, *, #7877, .F. ) ;
#4286 = CARTESIAN_POINT ( 'NONE',  ( 12.05000000000000071, -5.406910880251877146E-16, 0.4899999999999977152 ) ) ;
#4287 = ORIENTED_EDGE ( 'NONE', *, *, #7071, .T. ) ;
#4288 = EDGE_CURVE ( 'NONE', #6693, #383, #1637, .T. ) ;
#4289 = CARTESIAN_POINT ( 'NONE',  ( -5.600000000000000533, 1.491293048337372085, -3.859999999999996323 ) ) ;
#4290 = ORIENTED_EDGE ( 'NONE', *, *, #689, .T. ) ;
#4291 = CARTESIAN_POINT ( 'NONE',  ( -10.65000000000001101, 0.2499999999999962530, -2.809999999999995168 ) ) ;
#4292 = DIRECTION ( 'NONE',  ( -1.000000000000000000, -0.000000000000000000, -0.000000000000000000 ) ) ;
#4293 = DIRECTION ( 'NONE',  ( 0.7071067811865474617, 0.000000000000000000, 0.7071067811865474617 ) ) ;
#4294 = PLANE ( 'NONE',  #3434 ) ;
#4295 = CARTESIAN_POINT ( 'NONE',  ( 6.632754171517708741, 1.033921923049710090, -1.895335627819194402 ) ) ;
#4296 = ORIENTED_EDGE ( 'NONE', *, *, #4485, .T. ) ;
#4297 = ORIENTED_EDGE ( 'NONE', *, *, #7398, .F. ) ;
#4298 = DIRECTION ( 'NONE',  ( 0.000000000000000000, 1.000000000000000000, 0.000000000000000000 ) ) ;
#4299 = EDGE_CURVE ( 'NONE', #5799, #6074, #3055, .T. ) ;
#4300 = EDGE_CURVE ( 'NONE', #2147, #6539, #4303, .T. ) ;
#4301 = VERTEX_POINT ( 'NONE', #3804 ) ;
#4302 = CARTESIAN_POINT ( 'NONE',  ( 6.651056790568651955, 1.094099904458918360, -1.643917226247696650 ) ) ;
#4303 = LINE ( 'NONE', #5595, #1467 ) ;
#4304 = FACE_OUTER_BOUND ( 'NONE', #3427, .T. ) ;
#4305 = VECTOR ( 'NONE', #1988, 1000.000000000000000 ) ;
#4306 = CARTESIAN_POINT ( 'NONE',  ( -7.200000000000002842, 3.349999999999999645, -7.609999999999996767 ) ) ;
#4307 = DIRECTION ( 'NONE',  ( 1.000000000000000000, -3.624795322936608189E-15, -4.485885711162466802E-16 ) ) ;
#4308 = CARTESIAN_POINT ( 'NONE',  ( -10.39999999999999858, 3.150000000000000799, 4.290000000000002700 ) ) ;
#4309 = EDGE_LOOP ( 'NONE', ( #200, #1550, #4643, #7292 ) ) ;
#4310 = CIRCLE ( 'NONE', #7396, 0.1499999999999999667 ) ;
#4311 = CARTESIAN_POINT ( 'NONE',  ( 5.269463606425994762, 1.805087587102071289, -0.8437560343572212407 ) ) ;
#4312 = AXIS2_PLACEMENT_3D ( 'NONE', #6057, #7900, #4849 ) ;
#4313 = EDGE_LOOP ( 'NONE', ( #6351, #4785, #3070, #4891, #6177, #6002 ) ) ;
#4314 = LINE ( 'NONE', #3715, #768 ) ;
#4315 = FACE_OUTER_BOUND ( 'NONE', #3269, .T. ) ;
#4316 = VECTOR ( 'NONE', #3665, 1000.000000000000000 ) ;
#4317 = FACE_OUTER_BOUND ( 'NONE', #643, .T. ) ;
#4318 = CARTESIAN_POINT ( 'NONE',  ( 7.767310599999984966, 3.728945423477429047E-14, -7.767310600000035592 ) ) ;
#4319 = DIRECTION ( 'NONE',  ( -0.7071067811865457964, 3.491481338843134144E-15, -0.7071067811865493491 ) ) ;
#4320 = DIRECTION ( 'NONE',  ( 0.000000000000000000, 0.4108746525949196204, 0.9116918447891283472 ) ) ;
#4321 = VERTEX_POINT ( 'NONE', #4449 ) ;
#4322 = FACE_OUTER_BOUND ( 'NONE', #6035, .T. ) ;
#4323 = ORIENTED_EDGE ( 'NONE', *, *, #1328, .F. ) ;
#4324 = ORIENTED_EDGE ( 'NONE', *, *, #4431, .T. ) ;
#4325 = CARTESIAN_POINT ( 'NONE',  ( 5.290976623819023672, 1.092892094782016654, -2.171771136943992708 ) ) ;
#4326 = CARTESIAN_POINT ( 'NONE',  ( 11.85000000000003162, 0.2499999999999961697, -2.610000000000008757 ) ) ;
#4327 = DIRECTION ( 'NONE',  ( 0.000000000000000000, 1.000000000000000000, 0.000000000000000000 ) ) ;
#4328 = VECTOR ( 'NONE', #6171, 1000.000000000000114 ) ;
#4329 = AXIS2_PLACEMENT_3D ( 'NONE', #184, #2634, #935 ) ;
#4330 = EDGE_CURVE ( 'NONE', #3897, #6944, #2363, .T. ) ;
#4331 = DIRECTION ( 'NONE',  ( 0.000000000000000000, 0.9116918447891283472, -0.4108746525949195094 ) ) ;
#4332 = DIRECTION ( 'NONE',  ( -1.000000000000000000, 0.000000000000000000, 0.000000000000000000 ) ) ;
#4333 = ORIENTED_EDGE ( 'NONE', *, *, #1837, .T. ) ;
#4334 = VERTEX_POINT ( 'NONE', #3655 ) ;
#4335 = CARTESIAN_POINT ( 'NONE',  ( 4.000000000000000000, 1.349999999999978106, -2.259999999999998899 ) ) ;
#4336 = AXIS2_PLACEMENT_3D ( 'NONE', #6467, #7083, #4658 ) ;
#4337 = EDGE_LOOP ( 'NONE', ( #521, #7092, #5167, #7901, #5848, #566 ) ) ;
#4338 = CIRCLE ( 'NONE', #4215, 0.03000000000000004746 ) ;
#4339 = CARTESIAN_POINT ( 'NONE',  ( 4.620012700290715202, 1.342719008929842639, -1.767033637547331004 ) ) ;
#4340 = DIRECTION ( 'NONE',  ( 1.000000000000000000, -3.624795322936608189E-15, -4.485885711162466802E-16 ) ) ;
#4341 = CYLINDRICAL_SURFACE ( 'NONE', #6940, 1.899999999999999689 ) ;
#4342 = EDGE_CURVE ( 'NONE', #6944, #6052, #4411, .T. ) ;
#4343 = VECTOR ( 'NONE', #7602, 1000.000000000000000 ) ;
#4344 = CARTESIAN_POINT ( 'NONE',  ( 9.061988307341508640E-16, 0.2499999999999928391, 1.637676157402793079E-16 ) ) ;
#4345 = CARTESIAN_POINT ( 'NONE',  ( -11.84999999999999787, -4.925839741382665337E-15, 0.2900000000000030331 ) ) ;
#4346 = DIRECTION ( 'NONE',  ( -0.000000000000000000, -0.000000000000000000, -1.000000000000000000 ) ) ;
#4347 = VECTOR ( 'NONE', #4207, 1000.000000000000000 ) ;
#4348 = DIRECTION ( 'NONE',  ( 1.000000000000000000, 0.000000000000000000, 0.000000000000000000 ) ) ;
#4349 = EDGE_CURVE ( 'NONE', #3402, #2124, #109, .T. ) ;
#4350 = EDGE_CURVE ( 'NONE', #4614, #155, #7890, .T. ) ;
#4351 = CARTESIAN_POINT ( 'NONE',  ( 6.883036393575363121, 1.140408031561110036, -1.873067728563784229 ) ) ;
#4352 = VERTEX_POINT ( 'NONE', #1283 ) ;
#4353 = ORIENTED_EDGE ( 'NONE', *, *, #1924, .T. ) ;
#4354 = CARTESIAN_POINT ( 'NONE',  ( 5.269463606425994762, 1.099999999999978550, -2.257615395000003300 ) ) ;
#4355 = CARTESIAN_POINT ( 'NONE',  ( 4.469723256065823769, 1.101721605422590899, -2.157830661037710041 ) ) ;
#4356 = CARTESIAN_POINT ( 'NONE',  ( 5.930536393574007192, 1.236019331796417431, -1.485171048121554094 ) ) ;
#4357 = DIRECTION ( 'NONE',  ( 1.000000000000000000, 0.000000000000000000, 0.000000000000000000 ) ) ;
#4358 = CARTESIAN_POINT ( 'NONE',  ( 10.85000000000002096, 0.2500000000000383582, 2.289999999999996039 ) ) ;
#4359 = ORIENTED_EDGE ( 'NONE', *, *, #3298, .T. ) ;
#4360 = DIRECTION ( 'NONE',  ( 0.7284468846642542239, -0.000000000000000000, 0.6851022815776800501 ) ) ;
#4361 = ORIENTED_EDGE ( 'NONE', *, *, #5470, .F. ) ;
#4362 = ORIENTED_EDGE ( 'NONE', *, *, #3383, .F. ) ;
#4363 = CARTESIAN_POINT ( 'NONE',  ( -10.85000000000000675, 0.4499999999999955147, -2.809999999999996056 ) ) ;
#4364 = DIRECTION ( 'NONE',  ( 0.000000000000000000, 1.000000000000000000, 0.000000000000000000 ) ) ;
#4365 = VECTOR ( 'NONE', #3039, 1000.000000000000000 ) ;
#4366 = EDGE_CURVE ( 'NONE', #3372, #6539, #1241, .T. ) ;
#4367 = CARTESIAN_POINT ( 'NONE',  ( 5.290976623819083180, 1.535081979460907409, -1.493762063583311539 ) ) ;
#4368 = CARTESIAN_POINT ( 'NONE',  ( 6.646393202250020060, 1.337645749922464544, -1.907167435586660131 ) ) ;
#4369 = CARTESIAN_POINT ( 'NONE',  ( 6.651199385901995775, 1.005846869869911453, -2.054512497557913431 ) ) ;
#4370 = VERTEX_POINT ( 'NONE', #584 ) ;
#4371 = ORIENTED_EDGE ( 'NONE', *, *, #1321, .T. ) ;
#4372 = DIRECTION ( 'NONE',  ( 0.000000000000000000, -0.4108746525949196204, -0.9116918447891282362 ) ) ;
#4373 = ORIENTED_EDGE ( 'NONE', *, *, #6006, .F. ) ;
#4374 = VERTEX_POINT ( 'NONE', #2478 ) ;
#4375 = DIRECTION ( 'NONE',  ( -0.000000000000000000, -0.000000000000000000, 1.000000000000000000 ) ) ;
#4376 = CARTESIAN_POINT ( 'NONE',  ( 7.200000000000001066, 1.062718980693138082, -1.767033746174717868 ) ) ;
#4377 = CARTESIAN_POINT ( 'NONE',  ( 10.65000000000002167, 0.3000000000000382916, -3.110000000000000764 ) ) ;
#4378 = AXIS2_PLACEMENT_3D ( 'NONE', #2171, #4635, #4066 ) ;
#4379 = DIRECTION ( 'NONE',  ( 1.000000000000000000, 0.000000000000000000, 0.000000000000000000 ) ) ;
#4380 = CARTESIAN_POINT ( 'NONE',  ( -10.21396102944957462, 3.641658390006350397E-14, -4.967106779957182638 ) ) ;
#4381 = AXIS2_PLACEMENT_3D ( 'NONE', #6301, #4410, #3206 ) ;
#4382 = CARTESIAN_POINT ( 'NONE',  ( 4.639999999999985469, 1.342718980693134556, -1.767033746174726305 ) ) ;
#4383 = EDGE_CURVE ( 'NONE', #2856, #3278, #3096, .T. ) ;
#4384 =( LENGTH_UNIT ( ) NAMED_UNIT ( * ) SI_UNIT ( .MILLI., .METRE. ) );
#4385 = DIRECTION ( 'NONE',  ( 1.011922027653141427E-13, -0.4278750282488079093, 0.9038379059328515153 ) ) ;
#4386 =( BOUNDED_SURFACE ( )  B_SPLINE_SURFACE ( 3, 3, ( 
 ( #4486, #5044, #6294, #4367 ),
 ( #801, #3795, #3273, #169 ),
 ( #767, #5623, #6367, #687 ),
 ( #1421, #6829, #841, #3233 ) ),
 .UNSPECIFIED., .F., .F., .T. ) 
 B_SPLINE_SURFACE_WITH_KNOTS ( ( 4, 4 ),
 ( 4, 4 ),
 ( 0.000000000000000000, 1.000000000000000000 ),
 ( 0.000000000000000000, 1.000000000000000000 ),
 .UNSPECIFIED. ) 
 GEOMETRIC_REPRESENTATION_ITEM ( )  RATIONAL_B_SPLINE_SURFACE ( (
 ( 1.000000000000000000, 0.9998200609883639567, 0.9998200609883639567, 1.000000000000000000),
 ( 0.9967083444719044838, 0.9965289977575108038, 0.9965289977575108038, 0.9967083444719044838),
 ( 0.9967083444719044838, 0.9965289977575108038, 0.9965289977575108038, 0.9967083444719044838),
 ( 1.000000000000000000, 0.9998200609883639567, 0.9998200609883639567, 1.000000000000000000) ) ) 
 REPRESENTATION_ITEM ( '' )  SURFACE ( )  );
#4387 = VERTEX_POINT ( 'NONE', #7483 ) ;
#4388 = EDGE_CURVE ( 'NONE', #496, #5213, #6265, .T. ) ;
#4389 = ADVANCED_FACE ( 'NONE', ( #4907 ), #6841, .F. ) ;
#4390 = CARTESIAN_POINT ( 'NONE',  ( 5.506106797749978909, 1.172200902661177935, -1.456409822439910018 ) ) ;
#4391 = CARTESIAN_POINT ( 'NONE',  ( 5.366657540849873342, 1.314098101697527721, -2.039411255474200324 ) ) ;
#4392 = CARTESIAN_POINT ( 'NONE',  ( 5.290976623819084068, 1.232029382811686835, -1.546542005818859922 ) ) ;
#4393 = DIRECTION ( 'NONE',  ( 0.000000000000000000, 0.000000000000000000, 1.000000000000000000 ) ) ;
#4394 = LINE ( 'NONE', #5612, #7416 ) ;
#4395 = CARTESIAN_POINT ( 'NONE',  ( 5.910307944779825462, 1.223276080241482378, -1.572038693219054650 ) ) ;
#4396 = ORIENTED_EDGE ( 'NONE', *, *, #4226, .T. ) ;
#4397 = FACE_OUTER_BOUND ( 'NONE', #3970, .T. ) ;
#4398 = ORIENTED_EDGE ( 'NONE', *, *, #441, .T. ) ;
#4399 = ORIENTED_EDGE ( 'NONE', *, *, #6965, .F. ) ;
#4400 = CARTESIAN_POINT ( 'NONE',  ( 5.290976623818671065, 1.221618638213835428, -1.572840339603589044 ) ) ;
#4401 = DIRECTION ( 'NONE',  ( 0.000000000000000000, 0.000000000000000000, 1.000000000000000000 ) ) ;
#4402 = FACE_OUTER_BOUND ( 'NONE', #5901, .T. ) ;
#4403 = AXIS2_PLACEMENT_3D ( 'NONE', #7057, #5162, #4117 ) ;
#4404 = CARTESIAN_POINT ( 'NONE',  ( 4.000000000000000000, 1.099999999999978328, -2.257615395000002856 ) ) ;
#4405 = EDGE_CURVE ( 'NONE', #6580, #5318, #6880, .T. ) ;
#4406 = ORIENTED_EDGE ( 'NONE', *, *, #3758, .F. ) ;
#4407 = CARTESIAN_POINT ( 'NONE',  ( -12.05000000000003979, -3.847502335809165274E-15, -2.610000000000003872 ) ) ;
#4408 = VERTEX_POINT ( 'NONE', #6764 ) ;
#4409 = VERTEX_POINT ( 'NONE', #6806 ) ;
#4410 = DIRECTION ( 'NONE',  ( 1.000000000000000000, 0.000000000000000000, 0.000000000000000000 ) ) ;
#4411 = LINE ( 'NONE', #6108, #3143 ) ;
#4412 = DIRECTION ( 'NONE',  ( 0.7071067811865474617, 0.000000000000000000, -0.7071067811865474617 ) ) ;
#4413 = CARTESIAN_POINT ( 'NONE',  ( 5.781021702676457430, 1.090909090909069068, -3.266523376180914706 ) ) ;
#4414 = CARTESIAN_POINT ( 'NONE',  ( 5.915772591730219965, 1.230387074009031023, -1.567650028526168082 ) ) ;
#4415 = CARTESIAN_POINT ( 'NONE',  ( 7.219365349460675318, 3.350000624406154426, 3.239516926671346386 ) ) ;
#4416 = ORIENTED_EDGE ( 'NONE', *, *, #7596, .T. ) ;
#4417 = DIRECTION ( 'NONE',  ( 1.000000000000000000, -0.000000000000000000, -4.485885711162466802E-16 ) ) ;
#4418 = EDGE_CURVE ( 'NONE', #1011, #4975, #4980, .T. ) ;
#4419 = CARTESIAN_POINT ( 'NONE',  ( 7.562310600000005323, 1.699999999999999289, -7.972310600000004577 ) ) ;
#4420 = VECTOR ( 'NONE', #144, 1000.000000000000000 ) ;
#4421 = EDGE_CURVE ( 'NONE', #5268, #4536, #1950, .T. ) ;
#4422 = DIRECTION ( 'NONE',  ( 0.000000000000000000, 0.000000000000000000, 1.000000000000000000 ) ) ;
#4423 = ORIENTED_EDGE ( 'NONE', *, *, #2317, .T. ) ;
#4424 = ORIENTED_EDGE ( 'NONE', *, *, #7355, .T. ) ;
#4425 = CARTESIAN_POINT ( 'NONE',  ( 5.930536393574005416, 1.069999999999978968, -2.257615395000003300 ) ) ;
#4426 = FACE_OUTER_BOUND ( 'NONE', #3616, .T. ) ;
#4427 = DIRECTION ( 'NONE',  ( -1.000000000000000000, -0.000000000000000000, -0.000000000000000000 ) ) ;
#4428 = CARTESIAN_POINT ( 'NONE',  ( 5.285249604469581364, 1.226907668056482770, -1.575488281779656052 ) ) ;
#4429 = LINE ( 'NONE', #1177, #456 ) ;
#4430 = AXIS2_PLACEMENT_3D ( 'NONE', #5874, #3986, #7732 ) ;
#4431 = EDGE_CURVE ( 'NONE', #5328, #4223, #3737, .T. ) ;
#4432 = EDGE_CURVE ( 'NONE', #4321, #1364, #665, .T. ) ;
#4433 = CARTESIAN_POINT ( 'NONE',  ( 4.000000000000000000, 1.099999999999978106, -2.257615395000003300 ) ) ;
#4434 =( BOUNDED_SURFACE ( )  B_SPLINE_SURFACE ( 3, 3, ( 
 ( #7928, #4151, #5401, #1808 ),
 ( #4913, #4234, #5441, #5992 ),
 ( #5950, #5356, #4829, #3019 ),
 ( #6562, #1729, #7207, #7373 ) ),
 .UNSPECIFIED., .F., .F., .F. ) 
 B_SPLINE_SURFACE_WITH_KNOTS ( ( 4, 4 ),
 ( 4, 4 ),
 ( 0.000000000000000000, 1.000000000000000000 ),
 ( 0.000000000000000000, 1.000000000000000000 ),
 .UNSPECIFIED. ) 
 GEOMETRIC_REPRESENTATION_ITEM ( )  RATIONAL_B_SPLINE_SURFACE ( (
 ( 1.000000000000000000, 0.9975898588337610562, 0.9975898588337610562, 1.000000000000000000),
 ( 0.9474215819623618140, 0.9451381622058910859, 0.9451381622058910859, 0.9474215819623618140),
 ( 0.9474215819623618140, 0.9451381622058910859, 0.9451381622058910859, 0.9474215819623618140),
 ( 1.000000000000000000, 0.9975898588337610562, 0.9975898588337610562, 1.000000000000000000) ) ) 
 REPRESENTATION_ITEM ( '' )  SURFACE ( )  );
#4435 = EDGE_LOOP ( 'NONE', ( #6549, #1119, #6900, #7171 ) ) ;
#4436 = CARTESIAN_POINT ( 'NONE',  ( 5.693893202250019492, 1.818425831677834559, -0.6437914751306178518 ) ) ;
#4437 = VERTEX_POINT ( 'NONE', #5558 ) ;
#4438 = EDGE_LOOP ( 'NONE', ( #7393, #7159, #6300, #4333, #6469, #1871, #4353, #6676 ) ) ;
#4439 = CARTESIAN_POINT ( 'NONE',  ( 5.851753182685896171, 1.490429382016662752, -0.8281365264550478722 ) ) ;
#4440 = CARTESIAN_POINT ( 'NONE',  ( 7.526955260940680681, 1.499999999999998668, -7.654112548466058819 ) ) ;
#4441 = CARTESIAN_POINT ( 'NONE',  ( 6.579987299709144644, 1.307813702453017424, -1.929438860917002341 ) ) ;
#4442 = EDGE_CURVE ( 'NONE', #6460, #2706, #2362, .T. ) ;
#4443 = DIRECTION ( 'NONE',  ( 1.000000000000000000, 0.000000000000000000, 0.000000000000000000 ) ) ;
#4444 = ORIENTED_EDGE ( 'NONE', *, *, #5220, .F. ) ;
#4445 = PLANE ( 'NONE',  #2656 ) ;
#4446 = EDGE_CURVE ( 'NONE', #2428, #4277, #5053, .T. ) ;
#4447 = ORIENTED_EDGE ( 'NONE', *, *, #2633, .T. ) ;
#4448 = LINE ( 'NONE', #5052, #5790 ) ;
#4449 = CARTESIAN_POINT ( 'NONE',  ( -10.85000000000001918, 3.832751613198275766E-14, 2.290000000000004032 ) ) ;
#4450 = CARTESIAN_POINT ( 'NONE',  ( 5.886506805092603045, 1.349999999999978328, -2.257615395000002412 ) ) ;
#4451 = AXIS2_PLACEMENT_3D ( 'NONE', #4122, #2257, #365 ) ;
#4452 = UNCERTAINTY_MEASURE_WITH_UNIT (LENGTH_MEASURE( 1.000000000000000082E-05 ), #668, 'distance_accuracy_value', 'NONE');
#4453 = DIRECTION ( 'NONE',  ( 0.000000000000000000, -1.000000000000000000, 0.000000000000000000 ) ) ;
#4454 = CARTESIAN_POINT ( 'NONE',  ( 5.407758282899125746, 1.663646338724508622, -0.6093222885177003167 ) ) ;
#4455 = VECTOR ( 'NONE', #230, 1000.000000000000000 ) ;
#4456 = DIRECTION ( 'NONE',  ( 0.000000000000000000, 0.000000000000000000, 1.000000000000000000 ) ) ;
#4457 =( GEOMETRIC_REPRESENTATION_CONTEXT ( 3 ) GLOBAL_UNCERTAINTY_ASSIGNED_CONTEXT ( ( #4452 ) ) GLOBAL_UNIT_ASSIGNED_CONTEXT ( ( #668, #5518, #7367 ) ) REPRESENTATION_CONTEXT ( 'NONE', 'WORKASPACE' ) );
#4458 = LINE ( 'NONE', #4499, #4824 ) ;
#4459 = VERTEX_POINT ( 'NONE', #5815 ) ;
#4460 = CARTESIAN_POINT ( 'NONE',  ( 3.980508339924145211, 3.349999622542493505, 3.239385614471586017 ) ) ;
#4461 = EDGE_CURVE ( 'NONE', #2528, #2024, #3905, .T. ) ;
#4462 = APPLICATION_PROTOCOL_DEFINITION ( 'draft international standard', 'automotive_design', 1998, #4729 ) ;
#4463 = CIRCLE ( 'NONE', #6268, 0.1999999999999999833 ) ;
#4464 = VECTOR ( 'NONE', #6305, 1000.000000000000000 ) ;
#4465 = DIRECTION ( 'NONE',  ( 0.000000000000000000, 0.9116918447891283472, -0.4108746525949195094 ) ) ;
#4466 = EDGE_CURVE ( 'NONE', #995, #2140, #1969, .T. ) ;
#4467 = CIRCLE ( 'NONE', #6802, 0.1499999999999999112 ) ;
#4468 = CIRCLE ( 'NONE', #7660, 0.2999999999999999889 ) ;
#4469 = ORIENTED_EDGE ( 'NONE', *, *, #1434, .F. ) ;
#4470 = DIRECTION ( 'NONE',  ( 0.7071067811865474617, 0.000000000000000000, -0.7071067811865474617 ) ) ;
#4471 = DIRECTION ( 'NONE',  ( 1.000000000000000000, 3.624795322936608189E-15, 0.000000000000000000 ) ) ;
#4472 = DIRECTION ( 'NONE',  ( 1.333139840934743161E-16, 1.000000000000000000, 6.550704629611133859E-16 ) ) ;
#4473 = EDGE_CURVE ( 'NONE', #7771, #1832, #5255, .T. ) ;
#4474 = DIRECTION ( 'NONE',  ( 2.891205793294674283E-14, -0.9771843939863723572, 0.2123927026747533253 ) ) ;
#4475 = CARTESIAN_POINT ( 'NONE',  ( 6.861523376181841272, 1.132112415834422681, -1.868369995663994532 ) ) ;
#4476 = AXIS2_PLACEMENT_3D ( 'NONE', #4055, #6515, #994 ) ;
#4477 = DIRECTION ( 'NONE',  ( 0.000000000000000000, -6.550704629611122026E-16, 1.000000000000000000 ) ) ;
#4478 = EDGE_LOOP ( 'NONE', ( #6363, #4444, #172, #4934, #1746, #3538 ) ) ;
#4479 = CARTESIAN_POINT ( 'NONE',  ( 5.290976623819023672, 1.117744524370712922, -1.942879187532851937 ) ) ;
#4480 = VERTEX_POINT ( 'NONE', #6418 ) ;
#4481 = VECTOR ( 'NONE', #1676, 1000.000000000000000 ) ;
#4482 = ORIENTED_EDGE ( 'NONE', *, *, #6846, .T. ) ;
#4483 = CARTESIAN_POINT ( 'NONE',  ( 10.85000000000000675, -5.149960319306146062E-15, -2.810000000000002274 ) ) ;
#4484 = DIRECTION ( 'NONE',  ( 0.000000000000000000, -0.000000000000000000, 1.000000000000000000 ) ) ;
#4485 = EDGE_CURVE ( 'NONE', #3897, #3790, #3530, .T. ) ;
#4486 = CARTESIAN_POINT ( 'NONE',  ( 5.290976623819083180, 1.501428918559025272, -1.573319388384069262 ) ) ;
#4487 = CARTESIAN_POINT ( 'NONE',  ( 4.316963606424637945, 1.141602122601349523, -1.867480446649784520 ) ) ;
#4488 = CARTESIAN_POINT ( 'NONE',  ( 4.000000000000000000, 1.349999999999978328, -2.257615395000002412 ) ) ;
#4489 = VERTEX_POINT ( 'NONE', #5852 ) ;
#4490 = PLANE ( 'NONE',  #5753 ) ;
#4491 = ORIENTED_EDGE ( 'NONE', *, *, #7091, .T. ) ;
#4492 = DIRECTION ( 'NONE',  ( 0.000000000000000000, 1.000000000000000000, 0.000000000000000000 ) ) ;
#4493 = DIRECTION ( 'NONE',  ( 1.333139840934643321E-16, 1.000000000000000000, -2.171692714077831124E-14 ) ) ;
#4494 = ADVANCED_FACE ( 'NONE', ( #6302 ), #1506, .T. ) ;
#4495 = CYLINDRICAL_SURFACE ( 'NONE', #6547, 0.1999999999999953759 ) ;
#4496 = AXIS2_PLACEMENT_3D ( 'NONE', #7730, #2117, #5912 ) ;
#4497 = DIRECTION ( 'NONE',  ( 0.000000000000000000, 1.000000000000000000, -0.000000000000000000 ) ) ;
#4498 = DIRECTION ( 'NONE',  ( 1.000000000000000000, 2.955438508971548263E-15, -1.797511584988226225E-13 ) ) ;
#4499 = CARTESIAN_POINT ( 'NONE',  ( 3.061616997868383043E-15, 3.600000000000000533, 3.240000000000001545 ) ) ;
#4500 = ORIENTED_EDGE ( 'NONE', *, *, #3423, .F. ) ;
#4501 = CARTESIAN_POINT ( 'NONE',  ( 4.553606797746564183, 1.322592249483170113, -1.852281368216647239 ) ) ;
#4502 = AXIS2_PLACEMENT_3D ( 'NONE', #4535, #5024, #5786 ) ;
#4503 = DIRECTION ( 'NONE',  ( 0.7071067811865457964, -3.491481338843134144E-15, 0.7071067811865493491 ) ) ;
#4504 = ADVANCED_FACE ( 'NONE', ( #2100 ), #6338, .T. ) ;
#4505 = EDGE_LOOP ( 'NONE', ( #4206, #850, #347, #7277 ) ) ;
#4506 = DIRECTION ( 'NONE',  ( -1.000000000000000000, 3.624795322936608189E-15, 0.000000000000000000 ) ) ;
#4507 = LINE ( 'NONE', #1446, #2432 ) ;
#4508 = FACE_OUTER_BOUND ( 'NONE', #3730, .T. ) ;
#4509 = CARTESIAN_POINT ( 'NONE',  ( 5.277680634188323339, 1.251595058868209875, -1.523624957488316722 ) ) ;
#4510 = FACE_OUTER_BOUND ( 'NONE', #2182, .T. ) ;
#4511 = FACE_OUTER_BOUND ( 'NONE', #65, .T. ) ;
#4512 = ORIENTED_EDGE ( 'NONE', *, *, #5587, .T. ) ;
#4513 = LINE ( 'NONE', #6406, #1508 ) ;
#4514 = ORIENTED_EDGE ( 'NONE', *, *, #5905, .F. ) ;
#4515 = CARTESIAN_POINT ( 'NONE',  ( 7.640254000779585830, 3.349999999999999645, 7.011694334997590872 ) ) ;
#4516 = PLANE ( 'NONE',  #6887 ) ;
#4517 = CARTESIAN_POINT ( 'NONE',  ( 6.600402548050953833, 1.308850780449451801, -1.923160147681267418 ) ) ;
#4518 = CARTESIAN_POINT ( 'NONE',  ( 9.912920266670365521, 3.349999999999999645, -4.666066017177981529 ) ) ;
#4519 = VECTOR ( 'NONE', #1217, 1000.000000000000000 ) ;
#4520 = CARTESIAN_POINT ( 'NONE',  ( 5.269463606425994762, 2.949999999999978861, -2.257615395000002856 ) ) ;
#4521 = EDGE_CURVE ( 'NONE', #5859, #6944, #5964, .T. ) ;
#4522 = VERTEX_POINT ( 'NONE', #7027 ) ;
#4523 = CARTESIAN_POINT ( 'NONE',  ( 10.19999999999999929, 3.600000000000000977, -4.409999999999999254 ) ) ;
#4524 = ORIENTED_EDGE ( 'NONE', *, *, #4770, .T. ) ;
#4525 = ORIENTED_EDGE ( 'NONE', *, *, #2920, .F. ) ;
#4526 = AXIS2_PLACEMENT_3D ( 'NONE', #5245, #2090, #399 ) ;
#4527 = CARTESIAN_POINT ( 'NONE',  ( 5.419147102347525724, 1.304571828404836875, -2.023851651850351541 ) ) ;
#4528 = CARTESIAN_POINT ( 'NONE',  ( 5.779418010059345967, 1.304382160982429983, -2.023971146251784869 ) ) ;
#4529 = CARTESIAN_POINT ( 'NONE',  ( 4.000000000000000000, 1.491293048337372085, -1.600215950848132840 ) ) ;
#4530 = EDGE_CURVE ( 'NONE', #7762, #4866, #5209, .T. ) ;
#4531 = CARTESIAN_POINT ( 'NONE',  ( -9.912920266670367297, 3.349999999999999645, -4.666066017177977976 ) ) ;
#4532 = ADVANCED_FACE ( 'NONE', ( #3885 ), #2630, .T. ) ;
#4533 = LINE ( 'NONE', #2148, #6142 ) ;
#4534 = ORIENTED_EDGE ( 'NONE', *, *, #6668, .T. ) ;
#4535 = CARTESIAN_POINT ( 'NONE',  ( -10.85000000000002096, 0.4500000000000164979, 0.2899999999999969824 ) ) ;
#4536 = VERTEX_POINT ( 'NONE', #929 ) ;
#4537 = CARTESIAN_POINT ( 'NONE',  ( 5.329338386837892294, 1.099999999999978328, -3.149741717100884131 ) ) ;
#4538 = ADVANCED_FACE ( 'NONE', ( #4609 ), #4002, .F. ) ;
#4539 = LINE ( 'NONE', #3413, #7675 ) ;
#4540 = ORIENTED_EDGE ( 'NONE', *, *, #6470, .T. ) ;
#4541 = ORIENTED_EDGE ( 'NONE', *, *, #236, .F. ) ;
#4542 = CARTESIAN_POINT ( 'NONE',  ( 4.351794558950045300, 1.398915393808939367, -1.868500431704990694 ) ) ;
#4543 = EDGE_CURVE ( 'NONE', #6074, #4321, #3266, .T. ) ;
#4544 = CARTESIAN_POINT ( 'NONE',  ( -7.250000000000000000, 3.349999999999999645, -0.004506036726488649342 ) ) ;
#4545 = DIRECTION ( 'NONE',  ( 0.000000000000000000, -0.4108746525949196760, -0.9116918447891283472 ) ) ;
#4546 = FACE_OUTER_BOUND ( 'NONE', #2348, .T. ) ;
#4547 = CARTESIAN_POINT ( 'NONE',  ( 5.922800552989496481, 1.586581892743757605, -0.7803209774855278669 ) ) ;
#4548 = VECTOR ( 'NONE', #5513, 1000.000000000000000 ) ;
#4549 = ORIENTED_EDGE ( 'NONE', *, *, #1838, .F. ) ;
#4550 = CARTESIAN_POINT ( 'NONE',  ( -10.65000000000002167, 0.4714285714286093332, -0.008461497791614704458 ) ) ;
#4551 = VERTEX_POINT ( 'NONE', #854 ) ;
#4552 = CARTESIAN_POINT ( 'NONE',  ( 11.84999999999999787, -5.095750210681870840E-15, 0.2899999999999977041 ) ) ;
#4553 = CARTESIAN_POINT ( 'NONE',  ( -11.85000000000003162, 0.2499999999999963085, -2.810000000000003162 ) ) ;
#4554 = CARTESIAN_POINT ( 'NONE',  ( 6.861523376180914902, 1.133325376634403581, -1.862758052300123923 ) ) ;
#4555 = B_SPLINE_CURVE_WITH_KNOTS ( 'NONE', 3,
 ( #6434, #233, #6518, #1483, #911, #3899, #5150 ),
 .UNSPECIFIED., .F., .F.,
 ( 4, 3, 4 ),
 ( 1.138439974394148732E-15, 6.000718203458585393E-05, 8.366951721891632485E-05 ),
 .UNSPECIFIED. ) ;
#4556 = AXIS2_PLACEMENT_3D ( 'NONE', #7740, #5921, #7701 ) ;
#4557 = EDGE_CURVE ( 'NONE', #4459, #4975, #2612, .T. ) ;
#4558 = DIRECTION ( 'NONE',  ( 1.000000000000000000, 0.000000000000000000, 0.000000000000000000 ) ) ;
#4559 = CARTESIAN_POINT ( 'NONE',  ( -10.40000000000000568, 0.4500000000000376477, -2.959999999999995968 ) ) ;
#4560 = CARTESIAN_POINT ( 'NONE',  ( 10.39073772474619162, 3.149999999999986144, -5.143883475253808513 ) ) ;
#4561 = ORIENTED_EDGE ( 'NONE', *, *, #4127, .T. ) ;
#4562 = AXIS2_PLACEMENT_3D ( 'NONE', #2204, #4665, #7123 ) ;
#4563 = CARTESIAN_POINT ( 'NONE',  ( 4.393199161123916063, 1.180686765683776729, -1.687178536732067080 ) ) ;
#4564 = AXIS2_PLACEMENT_3D ( 'NONE', #6894, #5031, #7349 ) ;
#4565 = EDGE_CURVE ( 'NONE', #7012, #5289, #254, .T. ) ;
#4566 = ORIENTED_EDGE ( 'NONE', *, *, #3073, .F. ) ;
#4567 = LINE ( 'NONE', #5814, #1164 ) ;
#4568 = DIRECTION ( 'NONE',  ( 0.000000000000000000, 0.000000000000000000, -1.000000000000000000 ) ) ;
#4569 = CARTESIAN_POINT ( 'NONE',  ( 10.19999999999999929, 3.349999999999999645, 17.39000000000000767 ) ) ;
#4570 = EDGE_CURVE ( 'NONE', #5228, #7915, #2099, .T. ) ;
#4571 = FACE_OUTER_BOUND ( 'NONE', #2474, .T. ) ;
#4572 = CARTESIAN_POINT ( 'NONE',  ( -10.65000000000002167, 0.6000000000000382805, 0.1400000000000033162 ) ) ;
#4573 = CARTESIAN_POINT ( 'NONE',  ( -5.359088742721783483, 3.349999999999999645, 7.384867924528304428 ) ) ;
#4574 = AXIS2_PLACEMENT_3D ( 'NONE', #2826, #1575, #5373 ) ;
#4575 = DIRECTION ( 'NONE',  ( 0.000000000000000000, 0.000000000000000000, -1.000000000000000000 ) ) ;
#4576 = ORIENTED_EDGE ( 'NONE', *, *, #5885, .T. ) ;
#4577 = LINE ( 'NONE', #5788, #3194 ) ;
#4578 = EDGE_CURVE ( 'NONE', #891, #967, #6958, .T. ) ;
#4579 = AXIS2_PLACEMENT_3D ( 'NONE', #4318, #6086, #2420 ) ;
#4580 = AXIS2_PLACEMENT_3D ( 'NONE', #2535, #1818, #7420 ) ;
#4581 = CARTESIAN_POINT ( 'NONE',  ( 4.352618584055216289, 1.398785379516638283, -1.865516460276923860 ) ) ;
#4582 = ORIENTED_EDGE ( 'NONE', *, *, #1444, .T. ) ;
#4583 = CARTESIAN_POINT ( 'NONE',  ( 5.289692055220175604, 1.223276080241482378, -1.572038693219054206 ) ) ;
#4584 = VECTOR ( 'NONE', #5361, 1000.000000000000000 ) ;
#4585 = CARTESIAN_POINT ( 'NONE',  ( -10.40000000000000746, 0.4714285714286085005, -0.5115385022083781541 ) ) ;
#4586 = AXIS2_PLACEMENT_3D ( 'NONE', #2594, #702, #181 ) ;
#4587 = CYLINDRICAL_SURFACE ( 'NONE', #701, 0.1999999999999999833 ) ;
#4588 = ADVANCED_FACE ( 'NONE', ( #3285 ), #1145, .F. ) ;
#4589 = EDGE_CURVE ( 'NONE', #7897, #1163, #5192, .T. ) ;
#4590 = CARTESIAN_POINT ( 'NONE',  ( 7.222201932973795202, 3.600000000000000089, 3.239999999999998437 ) ) ;
#4591 = CARTESIAN_POINT ( 'NONE',  ( 5.693893202250020380, 1.579999999999978089, -2.957499999999998685 ) ) ;
#4592 = DIRECTION ( 'NONE',  ( 0.000000000000000000, -0.9771843939863722461, 0.2123927026747536584 ) ) ;
#4593 = AXIS2_PLACEMENT_3D ( 'NONE', #1474, #1585, #4043 ) ;
#4594 = VECTOR ( 'NONE', #4752, 1000.000000000000000 ) ;
#4595 = ORIENTED_EDGE ( 'NONE', *, *, #4676, .T. ) ;
#4596 = ORIENTED_EDGE ( 'NONE', *, *, #5847, .T. ) ;
#4597 = CARTESIAN_POINT ( 'NONE',  ( 5.909023376181088416, 1.092892094782124568, -2.171771136944173453 ) ) ;
#4598 = CARTESIAN_POINT ( 'NONE',  ( 5.922319365811676839, 1.552438342445745079, -0.8560822739350690824 ) ) ;
#4599 = AXIS2_PLACEMENT_3D ( 'NONE', #5890, #4604, #2219 ) ;
#4600 = LINE ( 'NONE', #842, #7288 ) ;
#4601 = DIRECTION ( 'NONE',  ( 8.673617379884041783E-15, -0.000000000000000000, 1.000000000000000000 ) ) ;
#4602 = FACE_OUTER_BOUND ( 'NONE', #1985, .T. ) ;
#4603 = ORIENTED_EDGE ( 'NONE', *, *, #1827, .F. ) ;
#4604 = DIRECTION ( 'NONE',  ( 1.000000000000000000, 0.000000000000000000, 0.000000000000000000 ) ) ;
#4605 = ORIENTED_EDGE ( 'NONE', *, *, #3700, .T. ) ;
#4606 = ADVANCED_FACE ( 'NONE', ( #5458 ), #7831, .T. ) ;
#4607 = ORIENTED_EDGE ( 'NONE', *, *, #2796, .F. ) ;
#4608 = CARTESIAN_POINT ( 'NONE',  ( 5.911934377754676007, 1.537554012524070313, -1.494876141474411613 ) ) ;
#4609 = FACE_OUTER_BOUND ( 'NONE', #1785, .T. ) ;
#4610 = CARTESIAN_POINT ( 'NONE',  ( 5.506106797749978909, 0.9999999999999785727, -2.257615395000003300 ) ) ;
#4611 = LINE ( 'NONE', #2797, #337 ) ;
#4612 = EDGE_LOOP ( 'NONE', ( #4804, #2486, #4416, #1281, #3320 ) ) ;
#4613 = CARTESIAN_POINT ( 'NONE',  ( 5.888156685853734196, 1.351391822241281959, -2.150960223157482254 ) ) ;
#4614 = VERTEX_POINT ( 'NONE', #7106 ) ;
#4615 = CARTESIAN_POINT ( 'NONE',  ( -7.200000000000001954, 2.949999999999978861, -2.257615394999999747 ) ) ;
#4616 = VERTEX_POINT ( 'NONE', #2915 ) ;
#4617 = CARTESIAN_POINT ( 'NONE',  ( 5.776063479873423390, 0.9999999999999785727, -2.257615395000002856 ) ) ;
#4618 = AXIS2_PLACEMENT_3D ( 'NONE', #4363, #1307, #1939 ) ;
#4619 = CARTESIAN_POINT ( 'NONE',  ( -3.999793942656765022, 3.599699499067681163, 3.218695219125289331 ) ) ;
#4620 = CARTESIAN_POINT ( 'NONE',  ( 4.407324475220859128, 1.349972841537023349, -1.855064693607392012 ) ) ;
#4621 = CARTESIAN_POINT ( 'NONE',  ( 7.200000000000001066, 3.600000000000000533, -7.609999999999999432 ) ) ;
#4622 = EDGE_LOOP ( 'NONE', ( #3366, #3714, #7947, #7221, #1463 ) ) ;
#4623 = ORIENTED_EDGE ( 'NONE', *, *, #3170, .F. ) ;
#4624 = DIRECTION ( 'NONE',  ( -0.000000000000000000, -0.000000000000000000, -1.000000000000000000 ) ) ;
#4625 = VERTEX_POINT ( 'NONE', #5423 ) ;
#4626 = CARTESIAN_POINT ( 'NONE',  ( 5.851753182685895283, 1.031984737185573708, -3.104973600046804005 ) ) ;
#4627 = CARTESIAN_POINT ( 'NONE',  ( -10.64999999999999680, 3.150000000000000799, 4.290000000000003588 ) ) ;
#4628 = CIRCLE ( 'NONE', #6564, 0.2999999999999998779 ) ;
#4629 = CARTESIAN_POINT ( 'NONE',  ( 5.464129234367301358, 1.304307950136347483, -3.189445905376584012 ) ) ;
#4630 = EDGE_CURVE ( 'NONE', #6064, #6460, #3243, .T. ) ;
#4631 = ORIENTED_EDGE ( 'NONE', *, *, #4827, .F. ) ;
#4632 = EDGE_CURVE ( 'NONE', #6762, #6068, #4175, .T. ) ;
#4633 = ORIENTED_EDGE ( 'NONE', *, *, #7178, .T. ) ;
#4634 = AXIS2_PLACEMENT_3D ( 'NONE', #2098, #971, #2746 ) ;
#4635 = DIRECTION ( 'NONE',  ( -4.485885711162466802E-16, 0.000000000000000000, -1.000000000000000000 ) ) ;
#4636 = CARTESIAN_POINT ( 'NONE',  ( 5.290976623819023672, 1.090909090909131463, -2.257615395000003300 ) ) ;
#4637 = CARTESIAN_POINT ( 'NONE',  ( -7.562310600000008876, 1.699999999999998845, -7.972310600000001024 ) ) ;
#4638 = CARTESIAN_POINT ( 'NONE',  ( 7.703731956237315437, 1.499999999999999334, -7.830889243762694463 ) ) ;
#4639 = CARTESIAN_POINT ( 'NONE',  ( 4.332749604468387972, 1.138475574989306072, -1.866805940499127958 ) ) ;
#4640 = CARTESIAN_POINT ( 'NONE',  ( 7.200000000000001066, 1.504200635123752017, -1.571575241243075016 ) ) ;
#4641 = VERTEX_POINT ( 'NONE', #7226 ) ;
#4642 = CARTESIAN_POINT ( 'NONE',  ( 12.05000000000000071, -1.118715212700259280E-14, 2.432174845126883986E-28 ) ) ;
#4643 = ORIENTED_EDGE ( 'NONE', *, *, #4052, .F. ) ;
#4644 = ORIENTED_EDGE ( 'NONE', *, *, #3251, .T. ) ;
#4645 = DIRECTION ( 'NONE',  ( 0.000000000000000000, 1.000000000000000000, 0.000000000000000000 ) ) ;
#4646 = CARTESIAN_POINT ( 'NONE',  ( -10.85000000000001918, 0.2500000000000383027, 0.2899999999999969824 ) ) ;
#4647 = B_SPLINE_CURVE_WITH_KNOTS ( 'NONE', 3,
 ( #781, #375, #7754, #5214 ),
 .UNSPECIFIED., .F., .F.,
 ( 4, 4 ),
 ( -9.756824858395120542E-05, 3.846258478784989759E-05 ),
 .UNSPECIFIED. ) ;
#4648 = CARTESIAN_POINT ( 'NONE',  ( 5.290976623819083180, 1.535081979460190205, -1.493762063584902045 ) ) ;
#4649 = CARTESIAN_POINT ( 'NONE',  ( 7.250000000000000000, 3.600000000000000533, -0.004506036726492231546 ) ) ;
#4650 = ADVANCED_FACE ( 'NONE', ( #1666 ), #2264, .F. ) ;
#4651 = EDGE_LOOP ( 'NONE', ( #2036, #1629, #7849, #1607, #1540, #2934, #3004, #6970, #2910, #4927, #6246, #5407, #3683, #7603, #5618, #5710, #3859, #7321, #3394, #4794, #1338, #1576 ) ) ;
#4652 = CARTESIAN_POINT ( 'NONE',  ( 5.423936520126419580, 1.452200902661177517, -1.456409822439909352 ) ) ;
#4653 = ORIENTED_EDGE ( 'NONE', *, *, #2604, .T. ) ;
#4654 = CARTESIAN_POINT ( 'NONE',  ( 6.713940986800724708, 1.080884354995051533, -1.692173136489238505 ) ) ;
#4655 = ORIENTED_EDGE ( 'NONE', *, *, #1279, .T. ) ;
#4656 = CARTESIAN_POINT ( 'NONE',  ( 5.301804214196788934, 1.099999999999978106, -3.100448229004959533 ) ) ;
#4657 = DIRECTION ( 'NONE',  ( -0.000000000000000000, -0.000000000000000000, -1.000000000000000000 ) ) ;
#4658 = DIRECTION ( 'NONE',  ( 0.000000000000000000, 1.000000000000000000, 0.000000000000000000 ) ) ;
#4659 = ORIENTED_EDGE ( 'NONE', *, *, #4819, .F. ) ;
#4660 = EDGE_LOOP ( 'NONE', ( #5903, #3571, #2601, #909 ) ) ;
#4661 = DIRECTION ( 'NONE',  ( -1.000000000000000000, -6.287419767459622744E-44, -2.895170079404838214E-30 ) ) ;
#4662 = ORIENTED_EDGE ( 'NONE', *, *, #4288, .T. ) ;
#4663 = EDGE_CURVE ( 'NONE', #1379, #7873, #7372, .T. ) ;
#4664 = CARTESIAN_POINT ( 'NONE',  ( 5.930536393574005416, 1.099999999999978106, -2.957499999999999130 ) ) ;
#4665 = DIRECTION ( 'NONE',  ( -1.000000000000000000, -0.000000000000000000, -0.000000000000000000 ) ) ;
#4666 = EDGE_CURVE ( 'NONE', #7382, #2576, #2998, .T. ) ;
#4667 = CARTESIAN_POINT ( 'NONE',  ( -7.385533904703372343, 1.699999999999998401, -7.795533904703362715 ) ) ;
#4668 = VERTEX_POINT ( 'NONE', #4727 ) ;
#4669 = ORIENTED_EDGE ( 'NONE', *, *, #3467, .F. ) ;
#4670 = CARTESIAN_POINT ( 'NONE',  ( 4.639999999999981029, 1.223276080241551433, -1.572038693218945848 ) ) ;
#4671 = DIRECTION ( 'NONE',  ( 0.000000000000000000, 1.000000000000000000, 0.000000000000000000 ) ) ;
#4672 = DIRECTION ( 'NONE',  ( 0.000000000000000000, 0.000000000000000000, 1.000000000000000000 ) ) ;
#4673 = EDGE_CURVE ( 'NONE', #5015, #7771, #7868, .T. ) ;
#4674 = CARTESIAN_POINT ( 'NONE',  ( 5.396340594928416223, 1.116141746545567193, -1.658474370134703335 ) ) ;
#4675 = LINE ( 'NONE', #3599, #5637 ) ;
#4676 = EDGE_CURVE ( 'NONE', #2820, #4811, #1017, .T. ) ;
#4677 = VECTOR ( 'NONE', #5670, 1000.000000000000000 ) ;
#4678 = CARTESIAN_POINT ( 'NONE',  ( 4.471436520124672853, 1.044490431726404767, -1.843449624784914143 ) ) ;
#4679 = EDGE_LOOP ( 'NONE', ( #4659, #5454, #7295, #296 ) ) ;
#4680 = FACE_OUTER_BOUND ( 'NONE', #5259, .T. ) ;
#4681 = ORIENTED_EDGE ( 'NONE', *, *, #4184, .T. ) ;
#4682 = ORIENTED_EDGE ( 'NONE', *, *, #7778, .T. ) ;
#4683 = CARTESIAN_POINT ( 'NONE',  ( 5.913577174974270712, 1.538580433760632360, -1.495338721535205861 ) ) ;
#4684 = AXIS2_PLACEMENT_3D ( 'NONE', #3272, #1495, #5695 ) ;
#4685 = DIRECTION ( 'NONE',  ( 1.000000000000000000, -3.624795322936608189E-15, -4.485885711162466802E-16 ) ) ;
#4686 = DIRECTION ( 'NONE',  ( -0.7071067811865552333, 0.000000000000000000, -0.7071067811865398012 ) ) ;
#4687 = EDGE_CURVE ( 'NONE', #6604, #7127, #5835, .T. ) ;
#4688 = ADVANCED_FACE ( 'NONE', ( #3566 ), #5379, .T. ) ;
#4689 = CARTESIAN_POINT ( 'NONE',  ( 10.65000000000000568, 3.150000000000000799, 4.289999999999998259 ) ) ;
#4690 = AXIS2_PLACEMENT_3D ( 'NONE', #3890, #2682, #747 ) ;
#4691 = ORIENTED_EDGE ( 'NONE', *, *, #4076, .T. ) ;
#4692 =( BOUNDED_SURFACE ( )  B_SPLINE_SURFACE ( 3, 3, ( 
 ( #3836, #132, #6292, #2700 ),
 ( #4598, #6946, #765, #3873 ),
 ( #5161, #2088, #7056, #7622 ),
 ( #6409, #6442, #2581, #1420 ) ),
 .UNSPECIFIED., .F., .F., .T. ) 
 B_SPLINE_SURFACE_WITH_KNOTS ( ( 4, 4 ),
 ( 4, 4 ),
 ( 0.000000000000000000, 1.000000000000000000 ),
 ( 0.000000000000000000, 1.000000000000000000 ),
 .UNSPECIFIED. ) 
 GEOMETRIC_REPRESENTATION_ITEM ( )  RATIONAL_B_SPLINE_SURFACE ( (
 ( 1.000000000000000000, 0.3333333333333334259, 0.3333333333333334259, 1.000000000000000000),
 ( 0.9474215819624502988, 0.3158071939874835254, 0.3158071939874835254, 0.9474215819624502988),
 ( 0.9474215819624502988, 0.3158071939874835254, 0.3158071939874835254, 0.9474215819624502988),
 ( 1.000000000000000000, 0.3333333333333334259, 0.3333333333333334259, 1.000000000000000000) ) ) 
 REPRESENTATION_ITEM ( '' )  SURFACE ( )  );
#4693 = CARTESIAN_POINT ( 'NONE',  ( 5.888156685853734196, 1.378508981767003316, -1.939574996710015098 ) ) ;
#4694 = DIRECTION ( 'NONE',  ( -0.000000000000000000, -0.000000000000000000, -1.000000000000000000 ) ) ;
#4695 = VERTEX_POINT ( 'NONE', #5291 ) ;
#4696 = DIRECTION ( 'NONE',  ( -8.673617379884041783E-15, 0.000000000000000000, -1.000000000000000000 ) ) ;
#4697 = CARTESIAN_POINT ( 'NONE',  ( 5.599999999999999645, 1.099999999999978106, -3.288036393574004457 ) ) ;
#4698 = CARTESIAN_POINT ( 'NONE',  ( 5.930536393574007192, 3.305845922394564429, 3.034562673702536628 ) ) ;
#4699 = VECTOR ( 'NONE', #1840, 1000.000000000000000 ) ;
#4700 = ORIENTED_EDGE ( 'NONE', *, *, #6494, .F. ) ;
#4701 = CARTESIAN_POINT ( 'NONE',  ( 3.983226107733607968, 3.599999248646957195, 3.238773042026713345 ) ) ;
#4702 = ORIENTED_EDGE ( 'NONE', *, *, #749, .F. ) ;
#4703 = CARTESIAN_POINT ( 'NONE',  ( 4.338476623815874511, 1.131515687737782772, -1.871178059439622343 ) ) ;
#4704 = CARTESIAN_POINT ( 'NONE',  ( 7.216724939979811460, 3.599998676015786714, 3.238590747837487793 ) ) ;
#4705 = VECTOR ( 'NONE', #7217, 1000.000000000000000 ) ;
#4706 = CARTESIAN_POINT ( 'NONE',  ( 10.85000000000000497, 0.4499999999999955147, -2.810000000000000941 ) ) ;
#4707 = EDGE_CURVE ( 'NONE', #7772, #3125, #6018, .T. ) ;
#4708 = DIRECTION ( 'NONE',  ( -1.333139840934740450E-16, 1.000000000000000000, -2.171692714077831124E-14 ) ) ;
#4709 = ORIENTED_EDGE ( 'NONE', *, *, #5211, .F. ) ;
#4710 = VECTOR ( 'NONE', #1959, 1000.000000000000000 ) ;
#4711 = CIRCLE ( 'NONE', #4978, 0.2000000000000005107 ) ;
#4712 = ORIENTED_EDGE ( 'NONE', *, *, #7000, .F. ) ;
#4713 = CARTESIAN_POINT ( 'NONE',  ( 6.625318140277810741, 1.312382832629209073, -1.903654862645663970 ) ) ;
#4714 = CARTESIAN_POINT ( 'NONE',  ( 5.277680634188292252, 1.100665804298097461, -2.200306241917068917 ) ) ;
#4715 = DIRECTION ( 'NONE',  ( 0.000000000000000000, 1.000000000000000000, 0.000000000000000000 ) ) ;
#4716 = CARTESIAN_POINT ( 'NONE',  ( -10.65000000000002345, 0.3000000000000383471, -4.209999999999994635 ) ) ;
#4717 = DIRECTION ( 'NONE',  ( -1.000000000000000000, 3.624795322936608189E-15, 4.485885711162466802E-16 ) ) ;
#4718 = VECTOR ( 'NONE', #3211, 1000.000000000000000 ) ;
#4719 = VECTOR ( 'NONE', #7704, 1000.000000000000000 ) ;
#4720 = CARTESIAN_POINT ( 'NONE',  ( 6.560000000000018261, 1.503738357682742555, -1.571806967231273999 ) ) ;
#4721 = ORIENTED_EDGE ( 'NONE', *, *, #7889, .T. ) ;
#4722 = LINE ( 'NONE', #1704, #4347 ) ;
#4723 = ORIENTED_EDGE ( 'NONE', *, *, #5928, .T. ) ;
#4724 = EDGE_CURVE ( 'NONE', #1168, #1493, #2344, .T. ) ;
#4725 = VERTEX_POINT ( 'NONE', #409 ) ;
#4726 = CARTESIAN_POINT ( 'NONE',  ( 5.913577174974271600, 1.526771967030435162, -1.521540588088406531 ) ) ;
#4727 = CARTESIAN_POINT ( 'NONE',  ( 7.250000000000000000, 3.349999999999999645, 3.214999999999998970 ) ) ;
#4728 = DIRECTION ( 'NONE',  ( 0.000000000000000000, 1.000000000000000000, 0.000000000000000000 ) ) ;
#4729 = APPLICATION_CONTEXT ( 'automotive_design' ) ;
#4730 = DIRECTION ( 'NONE',  ( 0.7071067811865496822, -6.505213034913036859E-15, -0.7071067811865453523 ) ) ;
#4731 = DIRECTION ( 'NONE',  ( -0.000000000000000000, -0.000000000000000000, -1.000000000000000000 ) ) ;
#4732 = ORIENTED_EDGE ( 'NONE', *, *, #1470, .F. ) ;
#4733 = DIRECTION ( 'NONE',  ( 1.000000000000000000, -3.624795322936608189E-15, -4.485885711162466802E-16 ) ) ;
#4734 = DIRECTION ( 'NONE',  ( 0.000000000000000000, 0.000000000000000000, 1.000000000000000000 ) ) ;
#4735 = EDGE_CURVE ( 'NONE', #5395, #2777, #6828, .T. ) ;
#4736 = ADVANCED_FACE ( 'NONE', ( #4255 ), #728, .F. ) ;
#4737 = ORIENTED_EDGE ( 'NONE', *, *, #5490, .T. ) ;
#4738 = CARTESIAN_POINT ( 'NONE',  ( 6.775129281739871168, 1.044490431725131119, -1.843449624790771235 ) ) ;
#4739 = EDGE_LOOP ( 'NONE', ( #1066, #4065, #4263, #6952, #4662, #7736, #2553, #3525, #1129, #1184 ) ) ;
#4740 = CARTESIAN_POINT ( 'NONE',  ( 10.40000000000002522, 0.4500000000000148881, 0.2899999999999953171 ) ) ;
#4741 =( BOUNDED_SURFACE ( )  B_SPLINE_SURFACE ( 3, 3, ( 
 ( #253, #2833, #4726, #4683 ),
 ( #5208, #7666, #2709, #4608 ),
 ( #7141, #2263, #4001, #1623 ),
 ( #4084, #7185, #7830, #6751 ) ),
 .UNSPECIFIED., .F., .F., .F. ) 
 B_SPLINE_SURFACE_WITH_KNOTS ( ( 4, 4 ),
 ( 4, 4 ),
 ( 0.000000000000000000, 1.000000000000000000 ),
 ( 0.000000000000000000, 1.000000000000000000 ),
 .UNSPECIFIED. ) 
 GEOMETRIC_REPRESENTATION_ITEM ( )  RATIONAL_B_SPLINE_SURFACE ( (
 ( 1.000000000000000000, 0.9998200609883697298, 0.9998200609883697298, 1.000000000000000000),
 ( 0.9967083444721313024, 0.9965289977577433955, 0.9965289977577433955, 0.9967083444721313024),
 ( 0.9967083444721313024, 0.9965289977577433955, 0.9965289977577433955, 0.9967083444721313024),
 ( 1.000000000000000000, 0.9998200609883697298, 0.9998200609883697298, 1.000000000000000000) ) ) 
 REPRESENTATION_ITEM ( '' )  SURFACE ( )  );
#4742 = CARTESIAN_POINT ( 'NONE',  ( 5.599999999999999645, 1.099999999999978106, -3.279819365811675880 ) ) ;
#4743 = CARTESIAN_POINT ( 'NONE',  ( 5.506106797749978909, 3.229999999999978222, -2.257615395000002856 ) ) ;
#4744 = B_SPLINE_CURVE_WITH_KNOTS ( 'NONE', 3,
 ( #2815, #4590, #3943, #4704, #4019, #310, #2080, #6436, #390, #830, #1647, #913, #3377, #7648, #952, #7008 ),
 .UNSPECIFIED., .F., .F.,
 ( 4, 3, 3, 3, 3, 4 ),
 ( 0.000000000000000000, 8.394201078616672938E-06, 1.678842180782338640E-05, 2.518224505702966852E-05, 3.357439855806549175E-05, 3.905835948177079845E-05 ),
 .UNSPECIFIED. ) ;
#4745 = ORIENTED_EDGE ( 'NONE', *, *, #2806, .T. ) ;
#4746 = CARTESIAN_POINT ( 'NONE',  ( 4.574681859721855481, 1.056290656316938747, -1.792418038271471614 ) ) ;
#4747 = ORIENTED_EDGE ( 'NONE', *, *, #6242, .T. ) ;
#4748 = CARTESIAN_POINT ( 'NONE',  ( 5.312805395632645755, 1.353878595024287979, -2.146276001350389873 ) ) ;
#4749 = CARTESIAN_POINT ( 'NONE',  ( -10.07253967321225119, 3.149999999999986144, -4.825685423719861866 ) ) ;
#4750 = AXIS2_PLACEMENT_3D ( 'NONE', #7764, #4981, #7850 ) ;
#4751 = CYLINDRICAL_SURFACE ( 'NONE', #5099, 0.2999999999999999334 ) ;
#4752 = DIRECTION ( 'NONE',  ( 1.000000000000000000, -3.624795322936608189E-15, -4.485885711162466802E-16 ) ) ;
#4753 = EDGE_CURVE ( 'NONE', #4551, #6322, #6350, .T. ) ;
#4754 = CARTESIAN_POINT ( 'NONE',  ( -12.05000000000000071, 0.2500000000000341394, 2.090000000000000746 ) ) ;
#4755 = ORIENTED_EDGE ( 'NONE', *, *, #4521, .F. ) ;
#4756 = ORIENTED_EDGE ( 'NONE', *, *, #5914, .T. ) ;
#4757 = CARTESIAN_POINT ( 'NONE',  ( -7.200000000000000178, 1.263370087140091247, -1.497497287699398161 ) ) ;
#4758 = CARTESIAN_POINT ( 'NONE',  ( 5.277680634188292252, 1.099999999999979439, -2.257615395000002856 ) ) ;
#4759 = LINE ( 'NONE', #6782, #1948 ) ;
#4760 = CARTESIAN_POINT ( 'NONE',  ( 10.65000000000002167, 0.3000000000000375144, -0.2064101615137770018 ) ) ;
#4761 = CARTESIAN_POINT ( 'NONE',  ( -4.000000000000000888, 2.949999999999978861, -2.257615395000001079 ) ) ;
#4762 = AXIS2_PLACEMENT_3D ( 'NONE', #1215, #6699, #3510 ) ;
#4763 = EDGE_CURVE ( 'NONE', #7957, #6068, #5064, .T. ) ;
#4764 = ORIENTED_EDGE ( 'NONE', *, *, #3534, .T. ) ;
#4765 = CARTESIAN_POINT ( 'NONE',  ( 10.85000000000002096, 0.4500000000000164979, 0.2899999999999985922 ) ) ;
#4766 = ORIENTED_EDGE ( 'NONE', *, *, #41, .T. ) ;
#4767 = DIRECTION ( 'NONE',  ( 1.000000000000000000, 0.000000000000000000, 0.000000000000000000 ) ) ;
#4768 = CARTESIAN_POINT ( 'NONE',  ( 6.646393202253698895, 1.324490431726442763, -1.843449624784736507 ) ) ;
#4769 = LINE ( 'NONE', #3444, #5146 ) ;
#4770 = EDGE_CURVE ( 'NONE', #1093, #726, #5465, .T. ) ;
#4771 = DIRECTION ( 'NONE',  ( 0.7071067811865492381, 0.000000000000000000, 0.7071067811865457964 ) ) ;
#4772 = CARTESIAN_POINT ( 'NONE',  ( 11.84999999999999787, 3.854338723185968263E-14, 2.289999999999998703 ) ) ;
#4773 = ORIENTED_EDGE ( 'NONE', *, *, #746, .F. ) ;
#4774 = DIRECTION ( 'NONE',  ( -0.000000000000000000, 1.000000000000000000, 0.000000000000000000 ) ) ;
#4775 = DIRECTION ( 'NONE',  ( -1.000000000000000000, -0.000000000000000000, -0.000000000000000000 ) ) ;
#4776 = EDGE_LOOP ( 'NONE', ( #796, #5668, #4033, #3587 ) ) ;
#4777 = CARTESIAN_POINT ( 'NONE',  ( 4.427146993972088218, 1.475360888824101879, -1.650010251495886759 ) ) ;
#4778 = CARTESIAN_POINT ( 'NONE',  ( 10.40000000000000036, 3.150000000000000355, -4.409999999999999254 ) ) ;
#4779 = EDGE_CURVE ( 'NONE', #1405, #28, #5547, .T. ) ;
#4780 = EDGE_CURVE ( 'NONE', #6322, #4144, #2385, .T. ) ;
#4781 = LINE ( 'NONE', #3536, #3035 ) ;
#4782 = CARTESIAN_POINT ( 'NONE',  ( -3.988432120399366010, 3.349989141237176948, 3.236269856714534932 ) ) ;
#4783 = ORIENTED_EDGE ( 'NONE', *, *, #344, .F. ) ;
#4784 = FACE_OUTER_BOUND ( 'NONE', #5140, .T. ) ;
#4785 = ORIENTED_EDGE ( 'NONE', *, *, #7200, .F. ) ;
#4786 = CYLINDRICAL_SURFACE ( 'NONE', #2953, 0.02499999999999984873 ) ;
#4787 = AXIS2_PLACEMENT_3D ( 'NONE', #7776, #7702, #2131 ) ;
#4788 = DIRECTION ( 'NONE',  ( 1.000000000000000000, 0.000000000000000000, 0.000000000000000000 ) ) ;
#4789 =( BOUNDED_SURFACE ( )  B_SPLINE_SURFACE ( 3, 3, ( 
 ( #3716, #3752, #7938, #1850 ),
 ( #2417, #2374, #4391, #2491 ),
 ( #2988, #3595, #4840, #7297 ),
 ( #7417, #1892, #1779, #1297 ) ),
 .UNSPECIFIED., .F., .F., .T. ) 
 B_SPLINE_SURFACE_WITH_KNOTS ( ( 4, 4 ),
 ( 4, 4 ),
 ( 0.000000000000000000, 1.000000000000000000 ),
 ( 0.000000000000000000, 1.000000000000000000 ),
 .UNSPECIFIED. ) 
 GEOMETRIC_REPRESENTATION_ITEM ( )  RATIONAL_B_SPLINE_SURFACE ( (
 ( 1.000000000000000000, 0.9975898588337610562, 0.9975898588337610562, 1.000000000000000000),
 ( 0.9590821752437262981, 0.9567706518113654468, 0.9567706518113654468, 0.9590821752437262981),
 ( 0.9590821752437262981, 0.9567706518113654468, 0.9567706518113654468, 0.9590821752437262981),
 ( 1.000000000000000000, 0.9975898588337610562, 0.9975898588337610562, 1.000000000000000000) ) ) 
 REPRESENTATION_ITEM ( '' )  SURFACE ( )  );
#4790 = CARTESIAN_POINT ( 'NONE',  ( -3.980634720788912340, 3.600000416288801741, 3.239516914560264027 ) ) ;
#4791 = CARTESIAN_POINT ( 'NONE',  ( 10.85000000000002274, 0.4499999999999955147, -0.8100000000000042721 ) ) ;
#4792 = VERTEX_POINT ( 'NONE', #5007 ) ;
#4793 = EDGE_CURVE ( 'NONE', #5014, #3460, #3763, .T. ) ;
#4794 = ORIENTED_EDGE ( 'NONE', *, *, #1395, .F. ) ;
#4795 = CARTESIAN_POINT ( 'NONE',  ( 3.061616997868383043E-15, 3.349999999999999645, 3.239999999999999769 ) ) ;
#4796 = DIRECTION ( 'NONE',  ( -0.6851022815776802721, 0.000000000000000000, -0.7284468846642538908 ) ) ;
#4797 = CARTESIAN_POINT ( 'NONE',  ( 10.19999999999999929, 3.600000000000000533, 17.39000000000000767 ) ) ;
#4798 = DIRECTION ( 'NONE',  ( 1.000000000000000000, 6.287419767459649628E-44, 2.895170079404850476E-30 ) ) ;
#4799 = LINE ( 'NONE', #7743, #7810 ) ;
#4800 = LINE ( 'NONE', #4248, #80 ) ;
#4801 = ORIENTED_EDGE ( 'NONE', *, *, #5211, .T. ) ;
#4802 = CARTESIAN_POINT ( 'NONE',  ( 6.690145656297980636, 1.491232537806868264, -1.600108214518454419 ) ) ;
#4803 = VERTEX_POINT ( 'NONE', #7471 ) ;
#4804 = ORIENTED_EDGE ( 'NONE', *, *, #460, .T. ) ;
#4805 = CARTESIAN_POINT ( 'NONE',  ( 10.19999999999999751, 3.600000000000000533, 4.289999999999998259 ) ) ;
#4806 = DIRECTION ( 'NONE',  ( 1.000000000000000000, 0.000000000000000000, 0.000000000000000000 ) ) ;
#4807 = EDGE_CURVE ( 'NONE', #5427, #1499, #1978, .T. ) ;
#4808 = CARTESIAN_POINT ( 'NONE',  ( 5.911916202449855717, 1.826608293951000439, -0.8534548300640055762 ) ) ;
#4809 = DIRECTION ( 'NONE',  ( 1.000000000000000000, 0.000000000000000000, -4.485885711162466802E-16 ) ) ;
#4810 = CARTESIAN_POINT ( 'NONE',  ( -6.256204919917499829, 3.349999999999999645, 5.710000000000002629 ) ) ;
#4811 = VERTEX_POINT ( 'NONE', #1229 ) ;
#4812 = LINE ( 'NONE', #1630, #7543 ) ;
#4813 = ADVANCED_FACE ( 'NONE', ( #7388 ), #3687, .F. ) ;
#4814 = CARTESIAN_POINT ( 'NONE',  ( -7.223156349548990995, 3.600000000000079581, 3.240000000000120561 ) ) ;
#4815 = AXIS2_PLACEMENT_3D ( 'NONE', #2027, #3360, #2063 ) ;
#4816 = VERTEX_POINT ( 'NONE', #6140 ) ;
#4817 = ORIENTED_EDGE ( 'NONE', *, *, #6846, .F. ) ;
#4818 = CARTESIAN_POINT ( 'NONE',  ( -3.949999999999998845, 3.349999999999999645, 3.215000000000000746 ) ) ;
#4819 = EDGE_CURVE ( 'NONE', #2202, #5074, #3535, .T. ) ;
#4820 = VECTOR ( 'NONE', #7430, 1000.000000000000000 ) ;
#4821 = CARTESIAN_POINT ( 'NONE',  ( -7.216763491822695720, 3.349998865309582019, 3.238769362700440801 ) ) ;
#4822 = LINE ( 'NONE', #4183, #5872 ) ;
#4823 = ORIENTED_EDGE ( 'NONE', *, *, #5983, .F. ) ;
#4824 = VECTOR ( 'NONE', #6232, 1000.000000000000000 ) ;
#4825 = EDGE_LOOP ( 'NONE', ( #6884, #231, #5552, #4633, #5258, #1313, #5261, #433, #1083, #324, #6932, #127, #3036, #3817, #7950, #1278, #7689, #5169, #1590, #2426 ) ) ;
#4826 = CARTESIAN_POINT ( 'NONE',  ( 5.887194604367355311, 1.353878595024288201, -2.146276001350389429 ) ) ;
#4827 = EDGE_CURVE ( 'NONE', #4277, #7382, #5333, .T. ) ;
#4828 = ORIENTED_EDGE ( 'NONE', *, *, #5315, .T. ) ;
#4829 = CARTESIAN_POINT ( 'NONE',  ( 5.776063479873386974, 1.089965520103052476, -1.661773075905843777 ) ) ;
#4830 = LINE ( 'NONE', #5276, #4196 ) ;
#4831 = FACE_OUTER_BOUND ( 'NONE', #3575, .T. ) ;
#4832 = B_SPLINE_CURVE_WITH_KNOTS ( 'NONE', 3,
 ( #7033, #6502, #3969, #980, #2349, #7838, #5429, #6760, #6634, #4174, #2966, #6026, #3615, #2925, #4814, #7360 ),
 .UNSPECIFIED., .F., .F.,
 ( 4, 3, 3, 3, 3, 4 ),
 ( 0.000000000000000000, 8.393908616402024841E-06, 1.678802119242049155E-05, 2.517960530453664116E-05, 3.357228198232937603E-05, 3.905841295602669876E-05 ),
 .UNSPECIFIED. ) ;
#4833 = EDGE_LOOP ( 'NONE', ( #6835, #6684, #6698, #7719 ) ) ;
#4834 = ORIENTED_EDGE ( 'NONE', *, *, #2968, .F. ) ;
#4835 = EDGE_CURVE ( 'NONE', #1042, #7932, #1904, .T. ) ;
#4836 = ADVANCED_FACE ( 'NONE', ( #619 ), #6865, .F. ) ;
#4837 = AXIS2_PLACEMENT_3D ( 'NONE', #1276, #3157, #4443 ) ;
#4838 = CARTESIAN_POINT ( 'NONE',  ( -10.39073772474620405, 1.699999999999999734, -5.143883475253814730 ) ) ;
#4839 = CIRCLE ( 'NONE', #1362, 0.1999999999999779732 ) ;
#4840 = CARTESIAN_POINT ( 'NONE',  ( 5.434174690273884778, 1.289405227792199016, -2.036598957356167805 ) ) ;
#4841 = CARTESIAN_POINT ( 'NONE',  ( 7.200000000000001066, 1.503276080241501944, -1.572038693219062422 ) ) ;
#4842 = CARTESIAN_POINT ( 'NONE',  ( -7.562310600000008876, 1.499999999999999334, -7.972310600000001024 ) ) ;
#4843 = VECTOR ( 'NONE', #3591, 1000.000000000000000 ) ;
#4844 = LINE ( 'NONE', #484, #6643 ) ;
#4845 = PRESENTATION_LAYER_ASSIGNMENT (  '', '', ( #2642 ) ) ;
#4846 = ORIENTED_EDGE ( 'NONE', *, *, #5263, .T. ) ;
#4847 = PLANE ( 'NONE',  #2798 ) ;
#4848 = ORIENTED_EDGE ( 'NONE', *, *, #7658, .T. ) ;
#4849 = DIRECTION ( 'NONE',  ( 1.000000000000000000, 0.000000000000000000, 0.000000000000000000 ) ) ;
#4850 = ORIENTED_EDGE ( 'NONE', *, *, #4780, .T. ) ;
#4851 = DIRECTION ( 'NONE',  ( -1.000000000000000000, -3.624795322936608189E-15, -0.000000000000000000 ) ) ;
#4852 = CARTESIAN_POINT ( 'NONE',  ( -10.40000000000000924, 0.3000000000000374589, -4.209999999999994635 ) ) ;
#4853 = CARTESIAN_POINT ( 'NONE',  ( 5.286452158639266763, 2.085288058865584659, -0.2821974176437845871 ) ) ;
#4854 = VECTOR ( 'NONE', #6872, 1000.000000000000000 ) ;
#4855 = AXIS2_PLACEMENT_3D ( 'NONE', #7614, #2081, #5189 ) ;
#4856 = CARTESIAN_POINT ( 'NONE',  ( -10.85000000000002096, 0.4500000000000164979, 0.2899999999999970379 ) ) ;
#4857 = CARTESIAN_POINT ( 'NONE',  ( 4.316963606425994193, 1.140408031561095825, -1.873067728563851286 ) ) ;
#4858 = ORIENTED_EDGE ( 'NONE', *, *, #1783, .F. ) ;
#4859 = EDGE_CURVE ( 'NONE', #2531, #6189, #4036, .T. ) ;
#4860 = ORIENTED_EDGE ( 'NONE', *, *, #7313, .F. ) ;
#4861 = AXIS2_PLACEMENT_3D ( 'NONE', #1023, #901, #6422 ) ;
#4862 = DIRECTION ( 'NONE',  ( -0.000000000000000000, -1.000000000000000000, 0.000000000000000000 ) ) ;
#4863 = AXIS2_PLACEMENT_3D ( 'NONE', #5798, #5154, #1907 ) ;
#4864 = ORIENTED_EDGE ( 'NONE', *, *, #3164, .T. ) ;
#4865 = CARTESIAN_POINT ( 'NONE',  ( 6.651056790568823374, 1.374099904458912169, -1.643917226247727070 ) ) ;
#4866 = VERTEX_POINT ( 'NONE', #3794 ) ;
#4867 = DIRECTION ( 'NONE',  ( 0.7071067811865474617, -9.637352644315713079E-16, -0.7071067811865474617 ) ) ;
#4868 = CIRCLE ( 'NONE', #5107, 0.2999999999999999334 ) ;
#4869 = CARTESIAN_POINT ( 'NONE',  ( 5.599999999999999645, 1.349999999999978106, -2.259999999999998899 ) ) ;
#4870 = DIRECTION ( 'NONE',  ( 0.000000000000000000, -1.000000000000000000, 0.000000000000000000 ) ) ;
#4871 = VECTOR ( 'NONE', #2810, 1000.000000000000114 ) ;
#4872 = ORIENTED_EDGE ( 'NONE', *, *, #4418, .T. ) ;
#4873 = CARTESIAN_POINT ( 'NONE',  ( 4.465691137434746771, 1.075087047046656252, -1.713870011210861133 ) ) ;
#4874 = ORIENTED_EDGE ( 'NONE', *, *, #2483, .T. ) ;
#4875 = CARTESIAN_POINT ( 'NONE',  ( -10.65000000000002167, 0.6000000000000383915, -0.6599999999999962563 ) ) ;
#4876 = DIRECTION ( 'NONE',  ( -0.000000000000000000, -0.000000000000000000, -1.000000000000000000 ) ) ;
#4877 = EDGE_CURVE ( 'NONE', #2488, #7836, #942, .T. ) ;
#4878 = CARTESIAN_POINT ( 'NONE',  ( -10.65000000000002700, 0.4500000000000383693, 0.2900000000000000910 ) ) ;
#4879 = ORIENTED_EDGE ( 'NONE', *, *, #3112, .F. ) ;
#4880 = VERTEX_POINT ( 'NONE', #4852 ) ;
#4881 = CARTESIAN_POINT ( 'NONE',  ( 10.21396102944956752, 1.699999999999998623, -4.967106779957183527 ) ) ;
#4882 = CARTESIAN_POINT ( 'NONE',  ( 6.792675524780389829, 1.349972841537599111, -1.855064693606985671 ) ) ;
#4883 = CARTESIAN_POINT ( 'NONE',  ( 11.84999999999999787, 3.851733633180100840E-14, 2.289999999999998703 ) ) ;
#4884 = LINE ( 'NONE', #5488, #2256 ) ;
#4885 = CARTESIAN_POINT ( 'NONE',  ( -3.949999999999999734, 3.600000000000000533, -0.004506036726490142072 ) ) ;
#4886 = ADVANCED_FACE ( 'NONE', ( #4929 ), #7312, .F. ) ;
#4887 = EDGE_CURVE ( 'NONE', #3989, #950, #7642, .T. ) ;
#4888 = CARTESIAN_POINT ( 'NONE',  ( 5.910307944779840561, 1.503276080241479296, -1.572038693219073746 ) ) ;
#4889 = EDGE_LOOP ( 'NONE', ( #956, #7783, #3799, #130 ) ) ;
#4890 = DIRECTION ( 'NONE',  ( 0.000000000000000000, -0.4108746525949196760, -0.9116918447891283472 ) ) ;
#4891 = ORIENTED_EDGE ( 'NONE', *, *, #2048, .F. ) ;
#4892 = CARTESIAN_POINT ( 'NONE',  ( 7.200000000000001066, 1.210296697591617843, -1.544991777941569389 ) ) ;
#4893 = EDGE_LOOP ( 'NONE', ( #5987, #7412, #1026, #6034, #121 ) ) ;
#4894 = DIRECTION ( 'NONE',  ( 0.000000000000000000, -0.000000000000000000, -1.000000000000000000 ) ) ;
#4895 = CARTESIAN_POINT ( 'NONE',  ( 10.85000000000002096, 0.4500000000000164979, 2.289999999999998703 ) ) ;
#4896 = LINE ( 'NONE', #1187, #2850 ) ;
#4897 = AXIS2_PLACEMENT_3D ( 'NONE', #2648, #2768, #3940 ) ;
#4898 = LINE ( 'NONE', #7391, #5364 ) ;
#4899 = CIRCLE ( 'NONE', #2974, 0.03000000000000007869 ) ;
#4900 = PLANE ( 'NONE',  #3806 ) ;
#4901 = VERTEX_POINT ( 'NONE', #6328 ) ;
#4902 = ORIENTED_EDGE ( 'NONE', *, *, #6307, .F. ) ;
#4903 = LINE ( 'NONE', #2437, #5238 ) ;
#4904 = AXIS2_PLACEMENT_3D ( 'NONE', #5648, #2003, #5032 ) ;
#4905 = VERTEX_POINT ( 'NONE', #206 ) ;
#4906 = CARTESIAN_POINT ( 'NONE',  ( 6.775129281739874720, 1.324490431724974604, -1.843449624791489994 ) ) ;
#4907 = FACE_OUTER_BOUND ( 'NONE', #797, .T. ) ;
#4908 = LINE ( 'NONE', #7365, #1254 ) ;
#4909 = CARTESIAN_POINT ( 'NONE',  ( -7.200000000000001954, 1.099999999999978106, -2.257615395000000191 ) ) ;
#4910 = CARTESIAN_POINT ( 'NONE',  ( -4.000000000000110134, 3.349466903721884492, 3.216843587903669199 ) ) ;
#4911 = CARTESIAN_POINT ( 'NONE',  ( 3.985895927900164448, 3.349996791761630899, 3.237673802018746994 ) ) ;
#4912 = ORIENTED_EDGE ( 'NONE', *, *, #440, .F. ) ;
#4913 = CARTESIAN_POINT ( 'NONE',  ( 5.851753182686026733, 1.201361126711059768, -1.469551540219403263 ) ) ;
#4914 = DIRECTION ( 'NONE',  ( 1.000000000000000000, 0.000000000000000000, -8.673617379884041783E-15 ) ) ;
#4915 = EDGE_LOOP ( 'NONE', ( #1909, #2248, #1843, #794, #5957, #938 ) ) ;
#4916 = CIRCLE ( 'NONE', #4787, 1.950000000000000178 ) ;
#4917 = EDGE_LOOP ( 'NONE', ( #4396, #4423, #7128, #2292 ) ) ;
#4918 = CARTESIAN_POINT ( 'NONE',  ( 5.290976623818567148, 1.176680414271246811, -1.689551272600374077 ) ) ;
#4919 = CARTESIAN_POINT ( 'NONE',  ( 6.848596693069057828, 1.400472001711547732, -1.862921937305825004 ) ) ;
#4920 = ADVANCED_FACE ( 'NONE', ( #919 ), #5043, .F. ) ;
#4921 = LINE ( 'NONE', #5537, #2329 ) ;
#4922 = CARTESIAN_POINT ( 'NONE',  ( 4.553606797749979229, 2.949999999999978861, -2.257615395000002856 ) ) ;
#4923 = DIRECTION ( 'NONE',  ( 0.7071067811865474617, 0.000000000000000000, -0.7071067811865474617 ) ) ;
#4924 = ORIENTED_EDGE ( 'NONE', *, *, #2604, .F. ) ;
#4925 = CYLINDRICAL_SURFACE ( 'NONE', #6921, 0.1999999999999996780 ) ;
#4926 = VERTEX_POINT ( 'NONE', #4440 ) ;
#4927 = ORIENTED_EDGE ( 'NONE', *, *, #7091, .F. ) ;
#4928 = CYLINDRICAL_SURFACE ( 'NONE', #120, 0.02499999999999984873 ) ;
#4929 = FACE_OUTER_BOUND ( 'NONE', #6546, .T. ) ;
#4930 = EDGE_CURVE ( 'NONE', #3283, #1652, #3315, .T. ) ;
#4931 = EDGE_CURVE ( 'NONE', #316, #6944, #5121, .T. ) ;
#4932 = PRODUCT ( 'BH-67D-5_BH-67D-5', 'BH-67D-5_BH-67D-5', '', ( #189 ) ) ;
#4933 = DIRECTION ( 'NONE',  ( 0.7071067811865493491, 0.000000000000000000, -0.7071067811865456854 ) ) ;
#4934 = ORIENTED_EDGE ( 'NONE', *, *, #1256, .T. ) ;
#4935 = ORIENTED_EDGE ( 'NONE', *, *, #2195, .T. ) ;
#4936 = CARTESIAN_POINT ( 'NONE',  ( 5.909023376180915221, 1.092915957921537284, -2.171256441080554378 ) ) ;
#4937 = ORIENTED_EDGE ( 'NONE', *, *, #6860, .T. ) ;
#4938 = CARTESIAN_POINT ( 'NONE',  ( 6.646393202258554567, 1.324490431726278672, -1.843449624785490792 ) ) ;
#4939 = DIRECTION ( 'NONE',  ( -4.170438311216178072E-30, 1.000000000000000000, 6.550704629611125970E-16 ) ) ;
#4940 = EDGE_CURVE ( 'NONE', #4321, #3150, #2618, .T. ) ;
#4941 = ADVANCED_FACE ( 'NONE', ( #3910 ), #4516, .T. ) ;
#4942 = CARTESIAN_POINT ( 'NONE',  ( 4.342232454612294568, 1.119428238904157435, -1.931744994931174686 ) ) ;
#4943 = CYLINDRICAL_SURFACE ( 'NONE', #7156, 0.1999999999999999833 ) ;
#4944 = CARTESIAN_POINT ( 'NONE',  ( -6.256204919917499829, 3.349999999999999645, 5.710000000000002629 ) ) ;
#4945 = CARTESIAN_POINT ( 'NONE',  ( 10.65000000000000036, -3.897619224225436171E-15, -4.409999999999999254 ) ) ;
#4946 = CARTESIAN_POINT ( 'NONE',  ( 6.804253182689803836, 1.075116362114227897, -1.853137132572239887 ) ) ;
#4947 = AXIS2_PLACEMENT_3D ( 'NONE', #2545, #4292, #3726 ) ;
#4948 = AXIS2_PLACEMENT_3D ( 'NONE', #1524, #3304, #2243 ) ;
#4949 = DIRECTION ( 'NONE',  ( -1.000000000000000000, -0.000000000000000000, -0.000000000000000000 ) ) ;
#4950 = AXIS2_PLACEMENT_3D ( 'NONE', #6749, #1823, #7493 ) ;
#4951 = EDGE_CURVE ( 'NONE', #3749, #5395, #7770, .T. ) ;
#4952 = ORIENTED_EDGE ( 'NONE', *, *, #4724, .F. ) ;
#4953 = ORIENTED_EDGE ( 'NONE', *, *, #3638, .F. ) ;
#4954 = CARTESIAN_POINT ( 'NONE',  ( 4.639999999999998792, 1.238057920502450671, -1.556363431405118458 ) ) ;
#4955 = CARTESIAN_POINT ( 'NONE',  ( 6.646393202250020948, 1.323218157439187248, -1.849335990805599517 ) ) ;
#4956 = CARTESIAN_POINT ( 'NONE',  ( 5.290976623819084068, 1.243249088641518618, -1.520018124871552079 ) ) ;
#4957 = CARTESIAN_POINT ( 'NONE',  ( -10.40000000000004299, 0.6000000000000373923, 0.1400000000000033162 ) ) ;
#4958 = ADVANCED_FACE ( 'NONE', ( #7656 ), #1454, .F. ) ;
#4959 = CARTESIAN_POINT ( 'NONE',  ( 6.806800838980008095, 1.102553507437906699, -2.050712066065120354 ) ) ;
#4960 = ORIENTED_EDGE ( 'NONE', *, *, #3734, .T. ) ;
#4961 = CARTESIAN_POINT ( 'NONE',  ( 5.348246817314104007, 1.977307384968127302, -0.3690938793461719936 ) ) ;
#4962 = VECTOR ( 'NONE', #3756, 1000.000000000000000 ) ;
#4963 = ORIENTED_EDGE ( 'NONE', *, *, #6253, .T. ) ;
#4964 = ORIENTED_EDGE ( 'NONE', *, *, #6654, .T. ) ;
#4965 = LINE ( 'NONE', #798, #5264 ) ;
#4966 = CARTESIAN_POINT ( 'NONE',  ( -10.19999999999999574, 3.600000000000000533, 4.290000000000002700 ) ) ;
#4967 = CARTESIAN_POINT ( 'NONE',  ( 10.65000000000002167, 0.5000000000000383027, -3.306410161513776202 ) ) ;
#4968 = VECTOR ( 'NONE', #5699, 1000.000000000000000 ) ;
#4969 = CARTESIAN_POINT ( 'NONE',  ( 5.503310328912621507, 1.279999999999978266, -3.122559593183955595 ) ) ;
#4970 = CARTESIAN_POINT ( 'NONE',  ( 10.21396102944957107, 3.641658390006350397E-14, -4.967106779957188856 ) ) ;
#4971 = EDGE_LOOP ( 'NONE', ( #415, #7194, #5934, #4848, #1305 ) ) ;
#4972 = ADVANCED_FACE ( 'NONE', ( #244 ), #4692, .F. ) ;
#4973 = EDGE_LOOP ( 'NONE', ( #2011, #267, #2181, #4872, #7075, #1346 ) ) ;
#4974 = LINE ( 'NONE', #6259, #7933 ) ;
#4975 = VERTEX_POINT ( 'NONE', #4553 ) ;
#4976 = AXIS2_PLACEMENT_3D ( 'NONE', #4311, #1128, #3023 ) ;
#4977 = ORIENTED_EDGE ( 'NONE', *, *, #6309, .F. ) ;
#4978 = AXIS2_PLACEMENT_3D ( 'NONE', #2433, #6320, #2693 ) ;
#4979 = CARTESIAN_POINT ( 'NONE',  ( 4.553606797748659396, 1.324490431726521811, -1.843449624784373464 ) ) ;
#4980 = LINE ( 'NONE', #5635, #5714 ) ;
#4981 = DIRECTION ( 'NONE',  ( 1.000000000000000000, 0.000000000000000000, 0.000000000000000000 ) ) ;
#4982 = AXIS2_PLACEMENT_3D ( 'NONE', #4264, #4775, #4734 ) ;
#4983 = AXIS2_PLACEMENT_3D ( 'NONE', #1458, #6369, #843 ) ;
#4984 = ADVANCED_FACE ( 'NONE', ( #3232 ), #7016, .T. ) ;
#4985 = DIRECTION ( 'NONE',  ( -1.333139840934745873E-16, -1.000000000000000000, -6.550704629611132873E-16 ) ) ;
#4986 = ADVANCED_FACE ( 'NONE', ( #168 ), #5080, .F. ) ;
#4987 = FACE_OUTER_BOUND ( 'NONE', #1664, .T. ) ;
#4988 = CARTESIAN_POINT ( 'NONE',  ( 3.988266519913769681, 3.349985480702167173, 3.236189607152379022 ) ) ;
#4989 = CIRCLE ( 'NONE', #986, 1.950000000000000178 ) ;
#4990 = CARTESIAN_POINT ( 'NONE',  ( 12.05000000000003091, 0.2499999999999961975, -2.810000000000009379 ) ) ;
#4991 = CIRCLE ( 'NONE', #3584, 0.1499999999999999667 ) ;
#4992 = CARTESIAN_POINT ( 'NONE',  ( -10.65000000000002167, 0.5000000000000374145, -0.2064101615137722834 ) ) ;
#4993 = ORIENTED_EDGE ( 'NONE', *, *, #1955, .F. ) ;
#4994 = ORIENTED_EDGE ( 'NONE', *, *, #2317, .F. ) ;
#4995 = CARTESIAN_POINT ( 'NONE',  ( -3.999999999999998224, 3.533768883591846155, 2.931844010553807944 ) ) ;
#4996 = FACE_OUTER_BOUND ( 'NONE', #3744, .T. ) ;
#4997 = DIRECTION ( 'NONE',  ( 0.000000000000000000, 2.468850131082272443E-15, -1.000000000000000000 ) ) ;
#4998 = DIRECTION ( 'NONE',  ( 0.000000000000000000, 1.000000000000000000, 0.000000000000000000 ) ) ;
#4999 = LINE ( 'NONE', #7380, #2909 ) ;
#5000 =( BOUNDED_SURFACE ( )  B_SPLINE_SURFACE ( 3, 3, ( 
 ( #5924, #7861, #4119, #401 ),
 ( #1090, #5887, #3515, #2296 ),
 ( #364, #6704, #1049, #439 ),
 ( #6008, #4071, #2863, #7300 ) ),
 .UNSPECIFIED., .F., .F., .T. ) 
 B_SPLINE_SURFACE_WITH_KNOTS ( ( 4, 4 ),
 ( 4, 4 ),
 ( 0.000000000000000000, 1.000000000000000000 ),
 ( 0.000000000000000000, 1.000000000000000000 ),
 .UNSPECIFIED. ) 
 GEOMETRIC_REPRESENTATION_ITEM ( )  RATIONAL_B_SPLINE_SURFACE ( (
 ( 1.000000000000000000, 0.8047378541243649375, 0.8047378541243649375, 1.000000000000000000),
 ( 0.9474215819624510759, 0.7624260108195740626, 0.7624260108195740626, 0.9474215819624510759),
 ( 0.9474215819624510759, 0.7624260108195740626, 0.7624260108195740626, 0.9474215819624510759),
 ( 1.000000000000000000, 0.8047378541243649375, 0.8047378541243649375, 1.000000000000000000) ) ) 
 REPRESENTATION_ITEM ( '' )  SURFACE ( )  );
#5001 = CARTESIAN_POINT ( 'NONE',  ( 7.200000000000001066, 1.353878595024244680, -2.146276001350275742 ) ) ;
#5002 = ORIENTED_EDGE ( 'NONE', *, *, #769, .T. ) ;
#5003 = DIRECTION ( 'NONE',  ( 1.000000000000000000, 0.000000000000000000, 0.000000000000000000 ) ) ;
#5004 = ORIENTED_EDGE ( 'NONE', *, *, #826, .F. ) ;
#5005 = ORIENTED_EDGE ( 'NONE', *, *, #2470, .T. ) ;
#5006 = CARTESIAN_POINT ( 'NONE',  ( 5.506106797749978909, 1.538425831677834310, -0.6437914751306168526 ) ) ;
#5007 = CARTESIAN_POINT ( 'NONE',  ( -10.39999999999999680, 3.150000000000000799, 4.290000000000003588 ) ) ;
#5008 = VECTOR ( 'NONE', #4851, 1000.000000000000000 ) ;
#5009 = CARTESIAN_POINT ( 'NONE',  ( 6.618431803645191458, 1.360581053104564342, -2.155920415955026037 ) ) ;
#5010 = VECTOR ( 'NONE', #4686, 1000.000000000000000 ) ;
#5011 = DIRECTION ( 'NONE',  ( 0.000000000000000000, -1.000000000000000000, 0.000000000000000000 ) ) ;
#5012 = ORIENTED_EDGE ( 'NONE', *, *, #2310, .F. ) ;
#5013 = CARTESIAN_POINT ( 'NONE',  ( 5.909023376180915221, 1.090909090909069512, -2.257615395000003300 ) ) ;
#5014 = VERTEX_POINT ( 'NONE', #5734 ) ;
#5015 = VERTEX_POINT ( 'NONE', #6572 ) ;
#5016 = FACE_OUTER_BOUND ( 'NONE', #3882, .T. ) ;
#5017 = DIRECTION ( 'NONE',  ( 1.000000000000000000, 0.000000000000000000, 0.000000000000000000 ) ) ;
#5018 = CARTESIAN_POINT ( 'NONE',  ( 5.506106797749978909, 1.734776711403569260, -0.9382572044540522516 ) ) ;
#5019 = ADVANCED_FACE ( 'NONE', ( #5840 ), #1697, .T. ) ;
#5020 = CIRCLE ( 'NONE', #5549, 0.2999999999999987121 ) ;
#5021 = CARTESIAN_POINT ( 'NONE',  ( -3.949999999999998845, 3.349999999999999645, -0.004506036726490379729 ) ) ;
#5022 = CARTESIAN_POINT ( 'NONE',  ( 5.910307944779825462, 1.223276080241482378, -1.572038693219054650 ) ) ;
#5023 = AXIS2_PLACEMENT_3D ( 'NONE', #3971, #5981, #2928 ) ;
#5024 = DIRECTION ( 'NONE',  ( -4.485885711162466802E-16, 0.000000000000000000, -1.000000000000000000 ) ) ;
#5025 = CARTESIAN_POINT ( 'NONE',  ( 6.646393202251343446, 1.043850885985093679, -1.846392071063809315 ) ) ;
#5026 = EDGE_CURVE ( 'NONE', #92, #7915, #4310, .T. ) ;
#5027 = EDGE_CURVE ( 'NONE', #5213, #7932, #1472, .T. ) ;
#5028 = CARTESIAN_POINT ( 'NONE',  ( 6.560000000000022702, 1.633069906739957222, -1.842507845995002613 ) ) ;
#5029 = ORIENTED_EDGE ( 'NONE', *, *, #6382, .F. ) ;
#5030 = EDGE_LOOP ( 'NONE', ( #4186, #5908, #3094, #1807 ) ) ;
#5031 = DIRECTION ( 'NONE',  ( 1.333139840934740450E-16, -1.000000000000000000, 2.171692714077831124E-14 ) ) ;
#5032 = DIRECTION ( 'NONE',  ( 1.000000000000000000, 0.000000000000000000, 0.000000000000000000 ) ) ;
#5033 = CARTESIAN_POINT ( 'NONE',  ( -10.65000000000001990, 0.6000000000000382805, 2.440000000000003499 ) ) ;
#5034 = CARTESIAN_POINT ( 'NONE',  ( -10.39073772474620760, 1.499999999999999334, -5.143883475253816506 ) ) ;
#5035 = DIRECTION ( 'NONE',  ( 1.812561241519874134E-16, -0.000000000000000000, 1.000000000000000000 ) ) ;
#5036 = ADVANCED_FACE ( 'NONE', ( #6528 ), #7173, .F. ) ;
#5037 = DIRECTION ( 'NONE',  ( 1.000000000000000000, -1.517883041479702421E-14, 0.000000000000000000 ) ) ;
#5038 = VECTOR ( 'NONE', #2780, 1000.000000000000000 ) ;
#5039 = ORIENTED_EDGE ( 'NONE', *, *, #1923, .F. ) ;
#5040 = CARTESIAN_POINT ( 'NONE',  ( 5.693893202250019492, 1.741269157966831793, -0.8149948086755763876 ) ) ;
#5041 = ORIENTED_EDGE ( 'NONE', *, *, #6584, .T. ) ;
#5042 = CARTESIAN_POINT ( 'NONE',  ( 5.693893202250020380, 1.461269157966831100, -0.8149948086755763876 ) ) ;
#5043 = PLANE ( 'NONE',  #2234 ) ;
#5044 = CARTESIAN_POINT ( 'NONE',  ( 5.290976623819083180, 1.512029382811898692, -1.546542005818325682 ) ) ;
#5045 = CYLINDRICAL_SURFACE ( 'NONE', #5993, 0.2999999999999999334 ) ;
#5046 = CARTESIAN_POINT ( 'NONE',  ( 6.863828245525232852, 1.122985087929890602, -1.922856109701603256 ) ) ;
#5047 = ORIENTED_EDGE ( 'NONE', *, *, #5827, .F. ) ;
#5048 = DIRECTION ( 'NONE',  ( -0.000000000000000000, -0.000000000000000000, -1.000000000000000000 ) ) ;
#5049 = ORIENTED_EDGE ( 'NONE', *, *, #7840, .F. ) ;
#5050 = ADVANCED_FACE ( 'NONE', ( #398 ), #3103, .F. ) ;
#5051 = ORIENTED_EDGE ( 'NONE', *, *, #7724, .T. ) ;
#5052 = CARTESIAN_POINT ( 'NONE',  ( -10.01898628384834922, 3.600000000000000533, -4.409999999999994813 ) ) ;
#5053 = LINE ( 'NONE', #7517, #937 ) ;
#5054 = FACE_OUTER_BOUND ( 'NONE', #5506, .T. ) ;
#5055 = EDGE_CURVE ( 'NONE', #5427, #815, #2902, .T. ) ;
#5056 = SURFACE_STYLE_FILL_AREA ( #744 ) ;
#5057 = CARTESIAN_POINT ( 'NONE',  ( 5.415623487060575947, 1.096801526281418138, -3.272250395530416078 ) ) ;
#5058 = EDGE_CURVE ( 'NONE', #4301, #6621, #304, .T. ) ;
#5059 = CARTESIAN_POINT ( 'NONE',  ( -10.65000000000001990, 0.4714285714286097217, 2.588461497791621380 ) ) ;
#5060 = LINE ( 'NONE', #1402, #3960 ) ;
#5061 = CIRCLE ( 'NONE', #6754, 0.3000000000000014877 ) ;
#5062 = FACE_OUTER_BOUND ( 'NONE', #5657, .T. ) ;
#5063 = EDGE_CURVE ( 'NONE', #2946, #6912, #3511, .T. ) ;
#5064 = CIRCLE ( 'NONE', #812, 1.859090909090760801 ) ;
#5065 = ORIENTED_EDGE ( 'NONE', *, *, #6999, .F. ) ;
#5066 = CARTESIAN_POINT ( 'NONE',  ( 10.65000000000001634, 0.4500000000000056177, -0.8100000000000024958 ) ) ;
#5067 = CARTESIAN_POINT ( 'NONE',  ( 10.85000000000000497, 0.4499999999999955147, -2.810000000000002274 ) ) ;
#5068 = FACE_OUTER_BOUND ( 'NONE', #3981, .T. ) ;
#5069 = CARTESIAN_POINT ( 'NONE',  ( 5.599999999999999645, 1.279999999999978266, -3.051393202250019421 ) ) ;
#5070 = DIRECTION ( 'NONE',  ( -1.000000000000000000, 0.000000000000000000, 4.485885711162466802E-16 ) ) ;
#5071 = VECTOR ( 'NONE', #7498, 1000.000000000000114 ) ;
#5072 = AXIS2_PLACEMENT_3D ( 'NONE', #6280, #5683, #3220 ) ;
#5073 = DIRECTION ( 'NONE',  ( -0.000000000000000000, -1.000000000000000000, -0.000000000000000000 ) ) ;
#5074 = VERTEX_POINT ( 'NONE', #5367 ) ;
#5075 = EDGE_CURVE ( 'NONE', #7087, #617, #1220, .T. ) ;
#5076 = CARTESIAN_POINT ( 'NONE',  ( 7.200000000000001066, 2.949999999999978861, -2.257615395000002856 ) ) ;
#5077 = ORIENTED_EDGE ( 'NONE', *, *, #3526, .T. ) ;
#5078 = ORIENTED_EDGE ( 'NONE', *, *, #1070, .T. ) ;
#5079 = DIRECTION ( 'NONE',  ( 0.000000000000000000, 1.000000000000000000, 0.000000000000000000 ) ) ;
#5080 = PLANE ( 'NONE',  #5603 ) ;
#5081 = CARTESIAN_POINT ( 'NONE',  ( 6.790376263916302335, 1.369441846973440846, -2.046826052314094646 ) ) ;
#5082 = CARTESIAN_POINT ( 'NONE',  ( 5.349323437577518270, 1.430879167362905546, -1.615573551515438355 ) ) ;
#5083 = CARTESIAN_POINT ( 'NONE',  ( 4.325180634186977180, 1.140408031561459312, -1.873067728563928780 ) ) ;
#5084 = AXIS2_PLACEMENT_3D ( 'NONE', #611, #2460, #7423 ) ;
#5085 = CARTESIAN_POINT ( 'NONE',  ( 5.655001364463421609, 1.279999999999978266, -3.051393202250018977 ) ) ;
#5086 = ORIENTED_EDGE ( 'NONE', *, *, #5817, .F. ) ;
#5087 = CARTESIAN_POINT ( 'NONE',  ( -4.000000000000000888, 1.099999999999978106, -2.259999999999996678 ) ) ;
#5088 = ORIENTED_EDGE ( 'NONE', *, *, #151, .F. ) ;
#5089 = VERTEX_POINT ( 'NONE', #3552 ) ;
#5090 = CARTESIAN_POINT ( 'NONE',  ( -11.84999999999999609, 0.2500000000000384137, 2.289999999999998703 ) ) ;
#5091 = DIRECTION ( 'NONE',  ( -1.000000000000000000, 0.000000000000000000, 8.673617379884021273E-15 ) ) ;
#5092 = CARTESIAN_POINT ( 'NONE',  ( -10.19999999999999396, 3.349999999999999645, 4.290000000000003588 ) ) ;
#5093 = CIRCLE ( 'NONE', #2641, 1.850000000000000089 ) ;
#5094 = AXIS2_PLACEMENT_3D ( 'NONE', #6767, #1247, #3703 ) ;
#5095 = EDGE_CURVE ( 'NONE', #4277, #5182, #7003, .T. ) ;
#5096 = LINE ( 'NONE', #6962, #6256 ) ;
#5097 = VECTOR ( 'NONE', #2762, 1000.000000000000000 ) ;
#5098 = CARTESIAN_POINT ( 'NONE',  ( 4.000000000000000000, 1.491293048337372085, -2.259999999999998899 ) ) ;
#5099 = AXIS2_PLACEMENT_3D ( 'NONE', #2852, #5313, #6607 ) ;
#5100 = CARTESIAN_POINT ( 'NONE',  ( 7.214084722648723691, 3.349995403826838025, 3.237664636404639751 ) ) ;
#5101 = ORIENTED_EDGE ( 'NONE', *, *, #1182, .F. ) ;
#5102 = LINE ( 'NONE', #2683, #2935 ) ;
#5103 = APPLICATION_PROTOCOL_DEFINITION ( 'draft international standard', 'automotive_design', 1998, #6323 ) ;
#5104 = CIRCLE ( 'NONE', #4073, 0.3000000000000001554 ) ;
#5105 = CIRCLE ( 'NONE', #7034, 1.950000000000000178 ) ;
#5106 = PLANE ( 'NONE',  #2267 ) ;
#5107 = AXIS2_PLACEMENT_3D ( 'NONE', #3268, #1415, #3949 ) ;
#5108 = ORIENTED_EDGE ( 'NONE', *, *, #7017, .T. ) ;
#5109 = DIRECTION ( 'NONE',  ( 1.000000000000000000, 0.000000000000000000, 0.000000000000000000 ) ) ;
#5110 = CARTESIAN_POINT ( 'NONE',  ( 5.693893202250021268, 0.9999999999999780176, -3.012501364463420206 ) ) ;
#5111 = CARTESIAN_POINT ( 'NONE',  ( -7.200000000000001954, 2.949999999999978861, -2.257615394999999747 ) ) ;
#5112 = CARTESIAN_POINT ( 'NONE',  ( -10.40000000000000746, 0.3000000000000365152, 4.665321139608969971E-15 ) ) ;
#5113 = EDGE_CURVE ( 'NONE', #1199, #4551, #318, .T. ) ;
#5114 = CARTESIAN_POINT ( 'NONE',  ( 6.861523376181841272, 1.132715646546167632, -1.865563321597126345 ) ) ;
#5115 = VECTOR ( 'NONE', #4624, 1000.000000000000000 ) ;
#5116 = DIRECTION ( 'NONE',  ( 0.000000000000000000, -0.2123927026747535474, -0.9771843939863723572 ) ) ;
#5117 = ORIENTED_EDGE ( 'NONE', *, *, #5995, .T. ) ;
#5118 = DIRECTION ( 'NONE',  ( 1.000000000000000000, -3.624795322936608189E-15, -4.485885711162466802E-16 ) ) ;
#5119 = ORIENTED_EDGE ( 'NONE', *, *, #2767, .F. ) ;
#5120 = FACE_OUTER_BOUND ( 'NONE', #4973, .T. ) ;
#5121 = LINE ( 'NONE', #5197, #2881 ) ;
#5122 = CARTESIAN_POINT ( 'NONE',  ( -10.65000000000002345, 0.4500000000000385914, -2.959999999999995968 ) ) ;
#5123 = EDGE_CURVE ( 'NONE', #5768, #1240, #5199, .T. ) ;
#5124 = DIRECTION ( 'NONE',  ( -1.000000000000000000, 0.000000000000000000, 5.421010862428118746E-16 ) ) ;
#5125 = CARTESIAN_POINT ( 'NONE',  ( 4.000000000000000000, 3.305845922394564429, 3.214999999999998526 ) ) ;
#5126 = EDGE_CURVE ( 'NONE', #579, #4352, #7858, .T. ) ;
#5127 = DIRECTION ( 'NONE',  ( -1.000000000000000000, -1.333139840934742915E-16, -8.733005327930271386E-32 ) ) ;
#5128 = VERTEX_POINT ( 'NONE', #4199 ) ;
#5129 = LINE ( 'NONE', #4642, #1769 ) ;
#5130 = EDGE_LOOP ( 'NONE', ( #1377, #5955, #163, #1052, #1181 ) ) ;
#5131 = CARTESIAN_POINT ( 'NONE',  ( 9.061988307341477085E-16, 0.2499999999999872047, -5.429231785194300132E-15 ) ) ;
#5132 = DIRECTION ( 'NONE',  ( 1.000000000000000000, -3.624795322936608189E-15, -0.000000000000000000 ) ) ;
#5133 = DIRECTION ( 'NONE',  ( -1.000000000000000000, 1.333139840934740450E-16, 4.485885711162438206E-16 ) ) ;
#5134 = AXIS2_PLACEMENT_3D ( 'NONE', #5018, #1951, #777 ) ;
#5135 = B_SPLINE_CURVE_WITH_KNOTS ( 'NONE', 3,
 ( #6918, #6990, #7443, #143, #2026, #7594, #2591, #3884, #3284, #1392 ),
 .UNSPECIFIED., .F., .F.,
 ( 4, 2, 2, 2, 4 ),
 ( 0.000000000000000000, 0.2499999999999990008, 0.3749999999999991673, 0.4999999999999993339, 1.000000000000000000 ),
 .UNSPECIFIED. ) ;
#5136 = DIRECTION ( 'NONE',  ( -0.000000000000000000, 1.000000000000000000, -0.000000000000000000 ) ) ;
#5137 = ADVANCED_FACE ( 'NONE', ( #5243 ), #5531, .F. ) ;
#5138 = CARTESIAN_POINT ( 'NONE',  ( 5.290976623818567148, 1.456680414271246615, -1.689551272600373633 ) ) ;
#5139 = APPLICATION_CONTEXT ( 'automotive_design' ) ;
#5140 = EDGE_LOOP ( 'NONE', ( #6671, #5456, #5418, #2286 ) ) ;
#5141 = DIRECTION ( 'NONE',  ( -0.7071067811865454633, -3.491481338843134144E-15, 0.7071067811865496822 ) ) ;
#5142 = ORIENTED_EDGE ( 'NONE', *, *, #141, .F. ) ;
#5143 = CARTESIAN_POINT ( 'NONE',  ( 5.296539048471776923, 1.099999999999978106, -3.088810953367625789 ) ) ;
#5144 = CIRCLE ( 'NONE', #380, 0.4499999999999781952 ) ;
#5145 = CARTESIAN_POINT ( 'NONE',  ( 5.506106797749978909, 1.445708456097916317, -1.579672218218385327 ) ) ;
#5146 = VECTOR ( 'NONE', #2224, 1000.000000000000000 ) ;
#5147 = ORIENTED_EDGE ( 'NONE', *, *, #1895, .F. ) ;
#5148 = EDGE_CURVE ( 'NONE', #6508, #142, #5536, .T. ) ;
#5149 = FACE_OUTER_BOUND ( 'NONE', #3896, .T. ) ;
#5150 = CARTESIAN_POINT ( 'NONE',  ( 5.286452158639265875, 1.538562082778013540, -1.495330451247661285 ) ) ;
#5151 = CARTESIAN_POINT ( 'NONE',  ( -3.949999999999998845, 3.349999999999999645, 3.215000000000000302 ) ) ;
#5152 = CARTESIAN_POINT ( 'NONE',  ( -6.256204919917499829, 3.600000000000000533, 5.710000000000002629 ) ) ;
#5153 = DIRECTION ( 'NONE',  ( 1.000000000000000000, 4.850244070660879345E-14, -1.010711710972809535E-13 ) ) ;
#5154 = DIRECTION ( 'NONE',  ( -4.485885711162466802E-16, -0.000000000000000000, -1.000000000000000000 ) ) ;
#5155 = ADVANCED_FACE ( 'NONE', ( #4996 ), #1445, .F. ) ;
#5156 = ORIENTED_EDGE ( 'NONE', *, *, #3874, .T. ) ;
#5157 = DIRECTION ( 'NONE',  ( -1.000000000000000000, -7.016972450824309299E-14, -2.566266396698626827E-13 ) ) ;
#5158 = ORIENTED_EDGE ( 'NONE', *, *, #7528, .T. ) ;
#5159 = ADVANCED_FACE ( 'NONE', ( #4315 ), #4789, .F. ) ;
#5160 = CARTESIAN_POINT ( 'NONE',  ( 5.848463834297790598, 1.044725764862798112, -2.100973346856231938 ) ) ;
#5161 = CARTESIAN_POINT ( 'NONE',  ( 5.914750395530418814, 1.549522320040761958, -0.8547681021571217341 ) ) ;
#5162 = DIRECTION ( 'NONE',  ( 8.225028808767795004E-15, 0.000000000000000000, -1.000000000000000000 ) ) ;
#5163 = CARTESIAN_POINT ( 'NONE',  ( 4.325180634186976292, 1.141602122601713232, -1.867480446649863124 ) ) ;
#5164 = DIRECTION ( 'NONE',  ( 1.000000000000000000, 0.000000000000000000, 0.000000000000000000 ) ) ;
#5165 = ORIENTED_EDGE ( 'NONE', *, *, #2938, .T. ) ;
#5166 = DIRECTION ( 'NONE',  ( 0.7071067811865457964, -3.491481338843134144E-15, 0.7071067811865493491 ) ) ;
#5167 = ORIENTED_EDGE ( 'NONE', *, *, #3939, .F. ) ;
#5168 = EDGE_CURVE ( 'NONE', #3963, #6645, #3620, .T. ) ;
#5169 = ORIENTED_EDGE ( 'NONE', *, *, #7304, .T. ) ;
#5170 = DIRECTION ( 'NONE',  ( 0.000000000000000000, 0.000000000000000000, -1.000000000000000000 ) ) ;
#5171 = DIRECTION ( 'NONE',  ( 0.000000000000000000, -1.000000000000000000, 0.000000000000000000 ) ) ;
#5172 = CYLINDRICAL_SURFACE ( 'NONE', #5555, 0.1999999999999999833 ) ;
#5173 = UNCERTAINTY_MEASURE_WITH_UNIT (LENGTH_MEASURE( 1.000000000000000082E-05 ), #4384, 'distance_accuracy_value', 'NONE');
#5174 = CARTESIAN_POINT ( 'NONE',  ( 6.646111685847731820, 1.101123625869155465, -2.193145908906220409 ) ) ;
#5175 = CARTESIAN_POINT ( 'NONE',  ( 5.290976623818568036, 1.535081979460673152, -1.493762063585120314 ) ) ;
#5176 = EDGE_CURVE ( 'NONE', #6580, #927, #7339, .T. ) ;
#5177 = VERTEX_POINT ( 'NONE', #3258 ) ;
#5178 = CARTESIAN_POINT ( 'NONE',  ( 6.256204919917502494, 3.349999999999999645, 7.609999999999999432 ) ) ;
#5179 = ORIENTED_EDGE ( 'NONE', *, *, #4632, .T. ) ;
#5180 = CARTESIAN_POINT ( 'NONE',  ( 5.909023376181131937, 1.090909090909292001, -2.257615395000002412 ) ) ;
#5181 = DIRECTION ( 'NONE',  ( 0.000000000000000000, -0.4108746525949196204, -0.9116918447891282362 ) ) ;
#5182 = VERTEX_POINT ( 'NONE', #5033 ) ;
#5183 = EDGE_LOOP ( 'NONE', ( #4063, #583, #7687, #6817 ) ) ;
#5184 = PLANE ( 'NONE',  #6022 ) ;
#5185 = CARTESIAN_POINT ( 'NONE',  ( 6.632706337541885766, 1.334291404297829997, -1.800569620267862048 ) ) ;
#5186 = CARTESIAN_POINT ( 'NONE',  ( 5.851753182685895283, 1.031984737185573708, -2.957499999999998241 ) ) ;
#5187 = DIRECTION ( 'NONE',  ( -0.000000000000000000, -1.000000000000000000, -0.000000000000000000 ) ) ;
#5188 = CARTESIAN_POINT ( 'NONE',  ( 6.560000000000024478, 1.223276080241635810, -1.572038693219317107 ) ) ;
#5189 = DIRECTION ( 'NONE',  ( 0.000000000000000000, 2.468850131082273627E-15, -1.000000000000000000 ) ) ;
#5190 = DIRECTION ( 'NONE',  ( 1.000000000000000000, 0.000000000000000000, 0.000000000000000000 ) ) ;
#5191 = EDGE_CURVE ( 'NONE', #3027, #1661, #6398, .T. ) ;
#5192 = CIRCLE ( 'NONE', #300, 0.1500000000000000222 ) ;
#5193 = EDGE_LOOP ( 'NONE', ( #6198, #1380, #759 ) ) ;
#5194 = DIRECTION ( 'NONE',  ( 0.7071067811865466846, -0.000000000000000000, -0.7071067811865483499 ) ) ;
#5195 = EDGE_LOOP ( 'NONE', ( #1414, #3650, #7590, #7592 ) ) ;
#5196 = CARTESIAN_POINT ( 'NONE',  ( 5.803560114307899198, 1.031890958719574369, -2.050263968820404514 ) ) ;
#5197 = CARTESIAN_POINT ( 'NONE',  ( 7.200000000000001066, 1.349999999999978106, -2.257615395000002412 ) ) ;
#5198 = FACE_OUTER_BOUND ( 'NONE', #4833, .T. ) ;
#5199 = CIRCLE ( 'NONE', #1732, 0.2999999999999999334 ) ;
#5200 = CARTESIAN_POINT ( 'NONE',  ( 5.424246739257237770, 1.377928032345003384, -1.684504367112220180 ) ) ;
#5201 = CARTESIAN_POINT ( 'NONE',  ( 10.85000000000000497, 0.2499999999999948652, -2.810000000000002274 ) ) ;
#5202 = CARTESIAN_POINT ( 'NONE',  ( 4.395746817310530297, 1.075116362113908375, -1.853137132572098666 ) ) ;
#5203 = ORIENTED_EDGE ( 'NONE', *, *, #6110, .T. ) ;
#5204 = CARTESIAN_POINT ( 'NONE',  ( 4.338470758764393587, 1.138649966687645954, -1.838288295957492879 ) ) ;
#5205 = AXIS2_PLACEMENT_3D ( 'NONE', #2079, #717, #3223 ) ;
#5206 = EDGE_LOOP ( 'NONE', ( #3517, #5390, #2745, #285 ) ) ;
#5207 = ORIENTED_EDGE ( 'NONE', *, *, #4530, .T. ) ;
#5208 = CARTESIAN_POINT ( 'NONE',  ( 5.911934377754676007, 1.503950034515428635, -1.574317432144220819 ) ) ;
#5209 = LINE ( 'NONE', #3242, #5598 ) ;
#5210 = CARTESIAN_POINT ( 'NONE',  ( 6.632754171517708741, 1.033921923049710090, -1.895335627819194402 ) ) ;
#5211 = EDGE_CURVE ( 'NONE', #4178, #2744, #2886, .T. ) ;
#5212 = B_SPLINE_CURVE_WITH_KNOTS ( 'NONE', 3,
 ( #7707, #2672, #925, #5740, #367, #5849, #7591, #4563, #6413, #3392, #5204, #2180 ),
 .UNSPECIFIED., .F., .F.,
 ( 4, 2, 2, 2, 2, 4 ),
 ( 0.000000000000000000, 0.2500000000000038303, 0.3750000000000031641, 0.5000000000000025535, 0.7500000000000012212, 1.000000000000000000 ),
 .UNSPECIFIED. ) ;
#5213 = VERTEX_POINT ( 'NONE', #5795 ) ;
#5214 = CARTESIAN_POINT ( 'NONE',  ( 6.690145656297980636, 1.491232537806868264, -1.600108214518454419 ) ) ;
#5215 = VECTOR ( 'NONE', #6532, 1000.000000000000000 ) ;
#5216 = AXIS2_PLACEMENT_3D ( 'NONE', #6245, #2611, #1593 ) ;
#5217 = CARTESIAN_POINT ( 'NONE',  ( 6.775133891022772303, 1.052169508878127990, -1.808118660410489076 ) ) ;
#5218 = ORIENTED_EDGE ( 'NONE', *, *, #5652, .T. ) ;
#5219 = CARTESIAN_POINT ( 'NONE',  ( 5.909023376181130160, 1.099875846543366231, -2.046902753982944301 ) ) ;
#5220 = EDGE_CURVE ( 'NONE', #1364, #5799, #821, .T. ) ;
#5221 = ADVANCED_FACE ( 'NONE', ( #3862 ), #6317, .T. ) ;
#5222 = CIRCLE ( 'NONE', #6380, 0.02999999999999964501 ) ;
#5223 = CIRCLE ( 'NONE', #1759, 0.1999999999999953759 ) ;
#5224 = CARTESIAN_POINT ( 'NONE',  ( 4.407324475220859128, 1.351227264124903016, -1.849260921126045121 ) ) ;
#5225 = CARTESIAN_POINT ( 'NONE',  ( 5.851899957391520246, 1.436218675668688549, -1.615980001643209318 ) ) ;
#5226 = VERTEX_POINT ( 'NONE', #3900 ) ;
#5227 = B_SPLINE_CURVE_WITH_KNOTS ( 'NONE', 3,
 ( #5949, #6842, #6155, #2323, #4108, #2940 ),
 .UNSPECIFIED., .F., .F.,
 ( 4, 2, 4 ),
 ( 0.000000000000000000, 0.5000000000000000000, 1.000000000000000000 ),
 .UNSPECIFIED. ) ;
#5228 = VERTEX_POINT ( 'NONE', #2041 ) ;
#5229 = CARTESIAN_POINT ( 'NONE',  ( 4.521945099289468750, 1.361064646525519617, -2.139922295406336605 ) ) ;
#5230 = ORIENTED_EDGE ( 'NONE', *, *, #6612, .F. ) ;
#5231 = VECTOR ( 'NONE', #3277, 1000.000000000000000 ) ;
#5232 = CARTESIAN_POINT ( 'NONE',  ( 5.693893202250020380, 1.762840129581798587, -0.7671308706561824620 ) ) ;
#5233 = VECTOR ( 'NONE', #7578, 1000.000000000000000 ) ;
#5234 = CYLINDRICAL_SURFACE ( 'NONE', #3024, 0.1499999999999999667 ) ;
#5235 = CARTESIAN_POINT ( 'NONE',  ( -10.19999999999999574, 3.349999999999999645, 4.290000000000002700 ) ) ;
#5236 = CARTESIAN_POINT ( 'NONE',  ( 12.04999999999999893, 3.420061370046404144E-14, 2.089999999999998526 ) ) ;
#5237 = CARTESIAN_POINT ( 'NONE',  ( 5.544998635536575016, 1.279999999999978266, -3.051393202250018977 ) ) ;
#5238 = VECTOR ( 'NONE', #4135, 1000.000000000000000 ) ;
#5239 = VECTOR ( 'NONE', #4020, 1000.000000000000000 ) ;
#5240 = ORIENTED_EDGE ( 'NONE', *, *, #5885, .F. ) ;
#5241 = EDGE_LOOP ( 'NONE', ( #5793, #7504, #1671, #2075 ) ) ;
#5242 = CARTESIAN_POINT ( 'NONE',  ( 6.579987299709144644, 1.307813702453017424, -1.929438860917002341 ) ) ;
#5243 = FACE_OUTER_BOUND ( 'NONE', #117, .T. ) ;
#5244 = ADVANCED_FACE ( 'NONE', ( #790 ), #158, .F. ) ;
#5245 = CARTESIAN_POINT ( 'NONE',  ( 10.65000000000002167, 0.4500000000000384248, -0.6600000000000008082 ) ) ;
#5246 = CIRCLE ( 'NONE', #7563, 0.1999999999999996780 ) ;
#5247 = CARTESIAN_POINT ( 'NONE',  ( 5.351535280255753868, 1.148619162897349666, -1.617616519323132440 ) ) ;
#5248 = CARTESIAN_POINT ( 'NONE',  ( 10.65000000000002167, 0.5000000000000386358, 4.289999999999998259 ) ) ;
#5249 = CARTESIAN_POINT ( 'NONE',  ( -10.40000000000000568, 0.5000000000000375255, 2.786410161513778849 ) ) ;
#5250 = EDGE_LOOP ( 'NONE', ( #1887, #3436, #3291, #7488 ) ) ;
#5251 = VECTOR ( 'NONE', #4179, 1000.000000000000000 ) ;
#5252 = DIRECTION ( 'NONE',  ( 0.7071067811865453523, 3.315229009045129050E-15, -0.7071067811865497932 ) ) ;
#5253 = ORIENTED_EDGE ( 'NONE', *, *, #4212, .F. ) ;
#5254 = CARTESIAN_POINT ( 'NONE',  ( 5.693893202250020380, 1.299999999999978062, -2.957499999999999130 ) ) ;
#5255 = LINE ( 'NONE', #7631, #6998 ) ;
#5256 = CARTESIAN_POINT ( 'NONE',  ( -10.39073772474620050, 3.600000000000000533, -5.143883475253813842 ) ) ;
#5257 = CARTESIAN_POINT ( 'NONE',  ( -10.24931636850889838, 1.499999999999999778, -5.285304831491126620 ) ) ;
#5258 = ORIENTED_EDGE ( 'NONE', *, *, #4930, .T. ) ;
#5259 = EDGE_LOOP ( 'NONE', ( #7271, #7863, #3336, #1349 ) ) ;
#5260 = CARTESIAN_POINT ( 'NONE',  ( -11.84999999999999609, 3.854338723185968263E-14, 2.290000000000004476 ) ) ;
#5261 = ORIENTED_EDGE ( 'NONE', *, *, #5148, .T. ) ;
#5262 = DIRECTION ( 'NONE',  ( 1.333139840934743161E-16, 1.000000000000000000, 6.550704629611133859E-16 ) ) ;
#5263 = EDGE_CURVE ( 'NONE', #5646, #6091, #3513, .T. ) ;
#5264 = VECTOR ( 'NONE', #2580, 1000.000000000000000 ) ;
#5265 = FACE_OUTER_BOUND ( 'NONE', #3922, .T. ) ;
#5266 = DIRECTION ( 'NONE',  ( 0.000000000000000000, 0.000000000000000000, 1.000000000000000000 ) ) ;
#5267 = ORIENTED_EDGE ( 'NONE', *, *, #2252, .T. ) ;
#5268 = VERTEX_POINT ( 'NONE', #2690 ) ;
#5269 = CARTESIAN_POINT ( 'NONE',  ( 4.639999999999982805, 1.307813721342182989, -1.929438750279262260 ) ) ;
#5270 = ADVANCED_FACE ( 'NONE', ( #196 ), #4587, .T. ) ;
#5271 = ORIENTED_EDGE ( 'NONE', *, *, #5436, .F. ) ;
#5272 = EDGE_CURVE ( 'NONE', #4223, #6568, #7011, .T. ) ;
#5273 = CARTESIAN_POINT ( 'NONE',  ( 5.269463606425994762, 1.101109710447193413, -2.193547484175488282 ) ) ;
#5274 = CYLINDRICAL_SURFACE ( 'NONE', #4430, 0.3000000000000001554 ) ;
#5275 = AXIS2_PLACEMENT_3D ( 'NONE', #3449, #4694, #5389 ) ;
#5276 = CARTESIAN_POINT ( 'NONE',  ( -10.40000000000000746, 0.3000000000000375144, 4.665321139608969971E-15 ) ) ;
#5277 = ORIENTED_EDGE ( 'NONE', *, *, #5113, .T. ) ;
#5278 = ORIENTED_EDGE ( 'NONE', *, *, #395, .T. ) ;
#5279 = EDGE_CURVE ( 'NONE', #970, #4146, #1332, .T. ) ;
#5280 = CARTESIAN_POINT ( 'NONE',  ( 5.882627109454430681, 1.067135776703127759, -2.140805799852621316 ) ) ;
#5281 = DIRECTION ( 'NONE',  ( 0.7071067811865544561, 0.000000000000000000, -0.7071067811865405783 ) ) ;
#5282 = LINE ( 'NONE', #3430, #3765 ) ;
#5283 = FACE_OUTER_BOUND ( 'NONE', #1961, .T. ) ;
#5284 = ADVANCED_FACE ( 'NONE', ( #4508 ), #1447, .T. ) ;
#5285 = CARTESIAN_POINT ( 'NONE',  ( -7.200000000000001954, 1.349999999999978106, -2.257615394999999303 ) ) ;
#5286 = VERTEX_POINT ( 'NONE', #5649 ) ;
#5287 = PLANE ( 'NONE',  #2410 ) ;
#5288 = ORIENTED_EDGE ( 'NONE', *, *, #3649, .T. ) ;
#5289 = VERTEX_POINT ( 'NONE', #6896 ) ;
#5290 = CYLINDRICAL_SURFACE ( 'NONE', #1544, 0.03000000000000001971 ) ;
#5291 = CARTESIAN_POINT ( 'NONE',  ( 5.913547841360719204, 1.538562082777498841, -1.495330451248801928 ) ) ;
#5292 = DIRECTION ( 'NONE',  ( -1.000000000000000000, 3.624795322936608189E-15, 0.000000000000000000 ) ) ;
#5293 = AXIS2_PLACEMENT_3D ( 'NONE', #6529, #4026, #5960 ) ;
#5294 = ORIENTED_EDGE ( 'NONE', *, *, #5575, .F. ) ;
#5295 = ADVANCED_FACE ( 'NONE', ( #6354 ), #754, .F. ) ;
#5296 = CARTESIAN_POINT ( 'NONE',  ( 10.07253967321225652, 3.599999999999990319, -4.825685423719871636 ) ) ;
#5297 = CARTESIAN_POINT ( 'NONE',  ( 5.693893202250020380, 1.308147679596601609, -1.927488663940313929 ) ) ;
#5298 = VECTOR ( 'NONE', #2375, 1000.000000000000000 ) ;
#5299 = ORIENTED_EDGE ( 'NONE', *, *, #3128, .F. ) ;
#5300 = FACE_OUTER_BOUND ( 'NONE', #7148, .T. ) ;
#5301 = ORIENTED_EDGE ( 'NONE', *, *, #5075, .F. ) ;
#5302 = CARTESIAN_POINT ( 'NONE',  ( -10.65000000000002345, 0.3000000000000382916, -3.109999999999995879 ) ) ;
#5303 = EDGE_CURVE ( 'NONE', #1270, #446, #1597, .T. ) ;
#5304 =( BOUNDED_SURFACE ( )  B_SPLINE_SURFACE ( 3, 2, ( 
 ( #49, #7419, #7476 ),
 ( #101, #6295, #5625 ),
 ( #3729, #4369, #1866 ),
 ( #770, #658, #6183 ),
 ( #3123, #2549, #4295 ),
 ( #1386, #1830, #5588 ),
 ( #5046, #2472, #6219 ),
 ( #5551, #1234, #3234 ) ),
 .UNSPECIFIED., .F., .F., .T. ) 
 B_SPLINE_SURFACE_WITH_KNOTS ( ( 4, 2, 2, 4 ),
 ( 3, 3 ),
 ( 0.0004418680454198593258, 0.0005019217242365603794, 0.0005319485636449108792, 0.0005619754030532614873 ),
 ( 0.03706350745292801008, 1.000000000000000000 ),
 .UNSPECIFIED. ) 
 GEOMETRIC_REPRESENTATION_ITEM ( )  RATIONAL_B_SPLINE_SURFACE ( (
 ( 0.9927858878883439875, 0.9026790419010080058, 1.000000000000000000),
 ( 0.9927850013822125952, 0.9026670826155501759, 1.000000000000000000),
 ( 0.9928954235249299876, 0.9041567168987836300, 1.000000000000000000),
 ( 0.9932355463698203657, 0.9087450959846307130, 1.000000000000000000),
 ( 0.9933854633203058615, 0.9107675293805512773, 1.000000000000000000),
 ( 0.9936680785732918686, 0.9145801104394947201, 1.000000000000000000),
 ( 0.9937877215487715965, 0.9161941370616600855, 1.000000000000000000),
 ( 0.9937807611021345355, 0.9161002381417318041, 1.000000000000000000) ) ) 
 REPRESENTATION_ITEM ( '' )  SURFACE ( )  );
#5305 = CARTESIAN_POINT ( 'NONE',  ( 4.351127080719915163, 1.184399704417608223, -1.701980020960420115 ) ) ;
#5306 = CARTESIAN_POINT ( 'NONE',  ( 7.200000000000001066, 2.949999999999978861, -2.257615395000002856 ) ) ;
#5307 = VERTEX_POINT ( 'NONE', #7612 ) ;
#5308 = ORIENTED_EDGE ( 'NONE', *, *, #5661, .T. ) ;
#5309 = LINE ( 'NONE', #910, #5115 ) ;
#5310 = ORIENTED_EDGE ( 'NONE', *, *, #4663, .F. ) ;
#5311 = LINE ( 'NONE', #5991, #6188 ) ;
#5312 = CARTESIAN_POINT ( 'NONE',  ( 8.728703347107824514E-16, -6.625127263405827418E-15, -0.8100000000000007194 ) ) ;
#5313 = DIRECTION ( 'NONE',  ( 1.000000000000000000, 0.000000000000000000, 0.000000000000000000 ) ) ;
#5314 = CARTESIAN_POINT ( 'NONE',  ( 10.65000000000002700, 0.4500000000000383693, 2.289999999999998703 ) ) ;
#5315 = EDGE_CURVE ( 'NONE', #7087, #5352, #954, .T. ) ;
#5316 = CARTESIAN_POINT ( 'NONE',  ( 4.000000000000000000, 2.949999999999978861, -2.257615395000002856 ) ) ;
#5317 = ORIENTED_EDGE ( 'NONE', *, *, #6954, .F. ) ;
#5318 = VERTEX_POINT ( 'NONE', #3186 ) ;
#5319 = CARTESIAN_POINT ( 'NONE',  ( 5.770252426968063730, 1.025188194325532320, -2.013066480523103330 ) ) ;
#5320 = DIRECTION ( 'NONE',  ( 0.000000000000000000, -1.000000000000000000, 0.000000000000000000 ) ) ;
#5321 = CARTESIAN_POINT ( 'NONE',  ( -10.85000000000001918, 0.2500000000000383027, 2.290000000000001368 ) ) ;
#5322 = DIRECTION ( 'NONE',  ( 0.000000000000000000, 0.000000000000000000, -1.000000000000000000 ) ) ;
#5323 = CARTESIAN_POINT ( 'NONE',  ( 6.883036393574005096, 1.142208871125189207, -1.864688895051711759 ) ) ;
#5324 = AXIS2_PLACEMENT_3D ( 'NONE', #1067, #1762, #1802 ) ;
#5325 = EDGE_CURVE ( 'NONE', #4811, #6710, #2627, .T. ) ;
#5326 = ADVANCED_FACE ( 'NONE', ( #5068 ), #3985, .T. ) ;
#5327 = CARTESIAN_POINT ( 'NONE',  ( 4.553606797749979229, 1.043218157439200544, -1.849335990805542229 ) ) ;
#5328 = VERTEX_POINT ( 'NONE', #3376 ) ;
#5329 = LINE ( 'NONE', #1662, #348 ) ;
#5330 = ORIENTED_EDGE ( 'NONE', *, *, #4233, .F. ) ;
#5331 = VERTEX_POINT ( 'NONE', #5831 ) ;
#5332 = CARTESIAN_POINT ( 'NONE',  ( -10.65000000000002167, 0.3000000000000375144, -0.009999999999996603620 ) ) ;
#5333 = CIRCLE ( 'NONE', #2750, 0.1999999999999779732 ) ;
#5334 = CARTESIAN_POINT ( 'NONE',  ( 6.646393202250020060, 1.329271017526587162, -1.821454924499916750 ) ) ;
#5335 = PLANE ( 'NONE',  #6592 ) ;
#5336 = DIRECTION ( 'NONE',  ( 0.000000000000000000, -1.000000000000000000, 0.000000000000000000 ) ) ;
#5337 = AXIS2_PLACEMENT_3D ( 'NONE', #3303, #6973, #5761 ) ;
#5338 = CARTESIAN_POINT ( 'NONE',  ( 7.562310600000000882, 3.149999999999998135, -7.972310600000001024 ) ) ;
#5339 = ORIENTED_EDGE ( 'NONE', *, *, #6165, .T. ) ;
#5340 = DIRECTION ( 'NONE',  ( 0.000000000000000000, -1.000000000000000000, 0.000000000000000000 ) ) ;
#5341 = LINE ( 'NONE', #3528, #1384 ) ;
#5342 = ORIENTED_EDGE ( 'NONE', *, *, #7763, .F. ) ;
#5343 = DIRECTION ( 'NONE',  ( -0.7071067811865457964, 0.000000000000000000, -0.7071067811865492381 ) ) ;
#5344 = EDGE_LOOP ( 'NONE', ( #6490, #600, #2568, #6636 ) ) ;
#5345 = CARTESIAN_POINT ( 'NONE',  ( 10.65000000000001101, 3.947694052398568619E-14, 0.000000000000000000 ) ) ;
#5346 = ADVANCED_FACE ( 'NONE', ( #309 ), #5234, .F. ) ;
#5347 = CARTESIAN_POINT ( 'NONE',  ( -3.999389175770438065, 3.599746263348364561, 3.220492550142772803 ) ) ;
#5348 = CARTESIAN_POINT ( 'NONE',  ( 4.316963672922798700, 1.160159640286063665, -1.782100316144678231 ) ) ;
#5349 = CARTESIAN_POINT ( 'NONE',  ( 4.352382884095260529, 1.400216322839437755, -1.859908776992824864 ) ) ;
#5350 = AXIS2_PLACEMENT_3D ( 'NONE', #3113, #1743, #1267 ) ;
#5351 = ORIENTED_EDGE ( 'NONE', *, *, #3678, .F. ) ;
#5352 = VERTEX_POINT ( 'NONE', #1523 ) ;
#5353 = CARTESIAN_POINT ( 'NONE',  ( 4.553606797748659396, 1.044490431726521562, -1.843449624784373464 ) ) ;
#5354 = EDGE_LOOP ( 'NONE', ( #2096, #7231, #1513, #1158, #4846 ) ) ;
#5355 = CARTESIAN_POINT ( 'NONE',  ( -10.24931636850889838, 1.499999999999999556, -5.285304831491126620 ) ) ;
#5356 = CARTESIAN_POINT ( 'NONE',  ( 5.776063479873386974, 1.126713653625258660, -1.557341709393824436 ) ) ;
#5357 = CIRCLE ( 'NONE', #6778, 0.1999999999999779732 ) ;
#5358 = AXIS2_PLACEMENT_3D ( 'NONE', #6209, #1334, #3031 ) ;
#5359 = CARTESIAN_POINT ( 'NONE',  ( 5.693893202250020380, 0.9999999999999781286, -2.957499999999999130 ) ) ;
#5360 = LINE ( 'NONE', #472, #7433 ) ;
#5361 = DIRECTION ( 'NONE',  ( 0.000000000000000000, -1.000000000000000000, 0.000000000000000000 ) ) ;
#5362 = ORIENTED_EDGE ( 'NONE', *, *, #6965, .T. ) ;
#5363 = AXIS2_PLACEMENT_3D ( 'NONE', #786, #6849, #1329 ) ;
#5364 = VECTOR ( 'NONE', #4771, 1000.000000000000227 ) ;
#5365 = VERTEX_POINT ( 'NONE', #5066 ) ;
#5366 = CARTESIAN_POINT ( 'NONE',  ( 5.269463606425993873, 1.236019331796417431, -1.485171048121553872 ) ) ;
#5367 = CARTESIAN_POINT ( 'NONE',  ( 6.861523376184123890, 1.133325376635471171, -1.862758052302488476 ) ) ;
#5368 = ADVANCED_FACE ( 'NONE', ( #3256 ), #6933, .F. ) ;
#5369 = DIRECTION ( 'NONE',  ( -1.000000000000000000, -0.000000000000000000, -0.000000000000000000 ) ) ;
#5370 = DIRECTION ( 'NONE',  ( 1.000000000000000000, 0.000000000000000000, 0.000000000000000000 ) ) ;
#5371 = DIRECTION ( 'NONE',  ( -1.000000000000000000, 3.624795322936607400E-15, 4.485885711162466802E-16 ) ) ;
#5372 = VECTOR ( 'NONE', #5190, 1000.000000000000000 ) ;
#5373 = DIRECTION ( 'NONE',  ( -0.7071067811865466846, 0.000000000000000000, 0.7071067811865483499 ) ) ;
#5374 = ORIENTED_EDGE ( 'NONE', *, *, #4446, .T. ) ;
#5375 = CARTESIAN_POINT ( 'NONE',  ( 7.703731956237316325, 1.499999999999999112, -7.830889243762694463 ) ) ;
#5376 = ORIENTED_EDGE ( 'NONE', *, *, #1037, .T. ) ;
#5377 = ORIENTED_EDGE ( 'NONE', *, *, #4405, .F. ) ;
#5378 = CARTESIAN_POINT ( 'NONE',  ( 10.65000000000002167, 0.3000000000000384026, 2.786410161513773964 ) ) ;
#5379 = PLANE ( 'NONE',  #6761 ) ;
#5380 = EDGE_CURVE ( 'NONE', #4223, #4334, #5975, .T. ) ;
#5381 = ADVANCED_FACE ( 'NONE', ( #2995 ), #1225, .T. ) ;
#5382 = DIRECTION ( 'NONE',  ( 1.000000000000000000, 0.000000000000000000, 0.000000000000000000 ) ) ;
#5383 = CARTESIAN_POINT ( 'NONE',  ( -10.07253967321226185, 1.699999999999998623, -5.108528136194489200 ) ) ;
#5384 = CARTESIAN_POINT ( 'NONE',  ( 5.683099675490712599, 1.099999999999978550, -3.280300552989495522 ) ) ;
#5385 = EDGE_LOOP ( 'NONE', ( #6479, #5811, #4953, #2178, #5278, #3082 ) ) ;
#5386 = CARTESIAN_POINT ( 'NONE',  ( -10.19999999999999751, 3.350000000000000089, -4.409999999999994813 ) ) ;
#5387 = CARTESIAN_POINT ( 'NONE',  ( 5.909023376180915221, 1.221428918558900456, -1.573319388384383011 ) ) ;
#5388 = ORIENTED_EDGE ( 'NONE', *, *, #2633, .F. ) ;
#5389 = DIRECTION ( 'NONE',  ( 1.000000000000000000, -2.891205793294673889E-15, 0.000000000000000000 ) ) ;
#5390 = ORIENTED_EDGE ( 'NONE', *, *, #5773, .F. ) ;
#5391 = DIRECTION ( 'NONE',  ( -1.000000000000000000, 0.000000000000000000, 8.673617379884021273E-15 ) ) ;
#5392 = EDGE_CURVE ( 'NONE', #2220, #4901, #3793, .T. ) ;
#5393 = DIRECTION ( 'NONE',  ( 0.000000000000000000, 2.168404344971009184E-14, 1.000000000000000000 ) ) ;
#5394 = CYLINDRICAL_SURFACE ( 'NONE', #2399, 0.1999999999999999833 ) ;
#5395 = VERTEX_POINT ( 'NONE', #615 ) ;
#5396 = VERTEX_POINT ( 'NONE', #156 ) ;
#5397 = CARTESIAN_POINT ( 'NONE',  ( 4.509853966800863923, 1.491231948970403343, -1.600107170446888771 ) ) ;
#5398 = CIRCLE ( 'NONE', #6293, 1.950000000000000178 ) ;
#5399 = ORIENTED_EDGE ( 'NONE', *, *, #713, .F. ) ;
#5400 = CARTESIAN_POINT ( 'NONE',  ( 5.313493194907396244, 1.349999999999978106, -2.257615395000003300 ) ) ;
#5401 = CARTESIAN_POINT ( 'NONE',  ( 5.909023376181059994, 1.176680414270882213, -1.689551272600256171 ) ) ;
#5402 = VECTOR ( 'NONE', #5382, 1000.000000000000000 ) ;
#5403 = CARTESIAN_POINT ( 'NONE',  ( 5.432168199288936350, 1.349999999999978106, -3.244006805092602086 ) ) ;
#5404 = DIRECTION ( 'NONE',  ( 0.000000000000000000, 0.000000000000000000, 1.000000000000000000 ) ) ;
#5405 = EDGE_CURVE ( 'NONE', #3496, #7427, #3281, .T. ) ;
#5406 = ORIENTED_EDGE ( 'NONE', *, *, #4589, .T. ) ;
#5407 = ORIENTED_EDGE ( 'NONE', *, *, #7633, .F. ) ;
#5408 = APPLICATION_CONTEXT ( 'automotive_design' ) ;
#5409 = CARTESIAN_POINT ( 'NONE',  ( 5.391921203519867589, 1.033164952057603170, -2.055348197863909654 ) ) ;
#5410 = DIRECTION ( 'NONE',  ( -0.000000000000000000, -0.000000000000000000, 1.000000000000000000 ) ) ;
#5411 = CARTESIAN_POINT ( 'NONE',  ( 6.847499265922868616, 1.399497049319920583, -1.862711642998734707 ) ) ;
#5412 = LINE ( 'NONE', #1007, #2907 ) ;
#5413 = CARTESIAN_POINT ( 'NONE',  ( -10.65000000000001101, -3.897619224225436171E-15, -4.409999999999993925 ) ) ;
#5414 = ADVANCED_FACE ( 'NONE', ( #7574 ), #5719, .T. ) ;
#5415 = VECTOR ( 'NONE', #477, 1000.000000000000000 ) ;
#5416 = CARTESIAN_POINT ( 'NONE',  ( 10.19999999999999929, 3.149999999999999911, 4.289999999999998259 ) ) ;
#5417 = EDGE_CURVE ( 'NONE', #7305, #2913, #7948, .T. ) ;
#5418 = ORIENTED_EDGE ( 'NONE', *, *, #1255, .F. ) ;
#5419 = DIRECTION ( 'NONE',  ( 0.000000000000000000, 0.9116918447891286803, -0.4108746525949191208 ) ) ;
#5420 = ORIENTED_EDGE ( 'NONE', *, *, #2170, .F. ) ;
#5421 = ORIENTED_EDGE ( 'NONE', *, *, #4235, .F. ) ;
#5422 = CYLINDRICAL_SURFACE ( 'NONE', #3975, 0.2999999999999999334 ) ;
#5423 = CARTESIAN_POINT ( 'NONE',  ( 5.506106797749978909, 1.461269157966831100, -0.8149948086755767207 ) ) ;
#5424 = DIRECTION ( 'NONE',  ( -1.812561241519874134E-16, 0.000000000000000000, -1.000000000000000000 ) ) ;
#5425 = DIRECTION ( 'NONE',  ( 2.673324469642592668E-16, 0.000000000000000000, 1.000000000000000000 ) ) ;
#5426 = CARTESIAN_POINT ( 'NONE',  ( 5.930536393574005416, 1.099999999999978106, -2.957499999999999130 ) ) ;
#5427 = VERTEX_POINT ( 'NONE', #5455 ) ;
#5428 = EDGE_CURVE ( 'NONE', #3330, #7358, #194, .T. ) ;
#5429 = CARTESIAN_POINT ( 'NONE',  ( -7.205475226779953779, 3.599941260854483183, 3.230613559254595923 ) ) ;
#5430 = ORIENTED_EDGE ( 'NONE', *, *, #5990, .F. ) ;
#5431 = CARTESIAN_POINT ( 'NONE',  ( 6.646394011942428293, 1.327032274190014460, -1.831755019668357187 ) ) ;
#5432 = DIRECTION ( 'NONE',  ( -0.7071067811865475727, 3.035766082959420304E-15, -0.7071067811865475727 ) ) ;
#5433 = DIRECTION ( 'NONE',  ( 0.000000000000000000, -6.550704629611125970E-16, 1.000000000000000000 ) ) ;
#5434 = EDGE_CURVE ( 'NONE', #2140, #1240, #947, .T. ) ;
#5435 = CARTESIAN_POINT ( 'NONE',  ( 5.922319365811675063, 1.099999999999978106, -2.957499999999997353 ) ) ;
#5436 = EDGE_CURVE ( 'NONE', #882, #4053, #2001, .T. ) ;
#5437 = LINE ( 'NONE', #4945, #6666 ) ;
#5438 = EDGE_LOOP ( 'NONE', ( #4994, #3347, #6581, #1867 ) ) ;
#5439 = CARTESIAN_POINT ( 'NONE',  ( 3.980497007257825626, 3.599999750452114622, 3.239388171581328635 ) ) ;
#5440 = ORIENTED_EDGE ( 'NONE', *, *, #7099, .T. ) ;
#5441 = CARTESIAN_POINT ( 'NONE',  ( 5.851753182686025845, 1.120474604203437696, -1.671546337434211216 ) ) ;
#5442 = DIRECTION ( 'NONE',  ( 0.000000000000000000, 0.000000000000000000, -1.000000000000000000 ) ) ;
#5443 = LINE ( 'NONE', #6123, #4843 ) ;
#5444 = ORIENTED_EDGE ( 'NONE', *, *, #2983, .T. ) ;
#5445 = VERTEX_POINT ( 'NONE', #6137 ) ;
#5446 = CARTESIAN_POINT ( 'NONE',  ( 4.567293662458227210, 1.033909409288607639, -1.895401689838444925 ) ) ;
#5447 = DIRECTION ( 'NONE',  ( 1.000000000000000000, 0.000000000000000000, 0.000000000000000000 ) ) ;
#5448 = CARTESIAN_POINT ( 'NONE',  ( 10.01898628384834744, 3.600000000000000533, -4.409999999999999254 ) ) ;
#5449 = FACE_OUTER_BOUND ( 'NONE', #3424, .T. ) ;
#5450 = EDGE_CURVE ( 'NONE', #6064, #7457, #3037, .T. ) ;
#5451 = CARTESIAN_POINT ( 'NONE',  ( 12.05000000000003268, -5.549300830077959489E-15, 2.400478103086665747E-30 ) ) ;
#5452 = ORIENTED_EDGE ( 'NONE', *, *, #4432, .F. ) ;
#5453 = CARTESIAN_POINT ( 'NONE',  ( 4.553606797749979229, 3.229999999999978222, -2.257615395000002856 ) ) ;
#5454 = ORIENTED_EDGE ( 'NONE', *, *, #1816, .T. ) ;
#5455 = CARTESIAN_POINT ( 'NONE',  ( 11.85000000000002984, 0.2499999999999955591, -2.810000000000008047 ) ) ;
#5456 = ORIENTED_EDGE ( 'NONE', *, *, #4663, .T. ) ;
#5457 = CYLINDRICAL_SURFACE ( 'NONE', #1796, 0.02499999999999984873 ) ;
#5458 = FACE_OUTER_BOUND ( 'NONE', #5193, .T. ) ;
#5459 = DIRECTION ( 'NONE',  ( 0.000000000000000000, 1.000000000000000000, 0.000000000000000000 ) ) ;
#5460 = AXIS2_PLACEMENT_3D ( 'NONE', #2794, #2677, #219 ) ;
#5461 = CARTESIAN_POINT ( 'NONE',  ( 4.639999999999998792, 1.353069906740344219, -1.842507845993992532 ) ) ;
#5462 = CARTESIAN_POINT ( 'NONE',  ( 5.818024051163595445, 1.099999999999977884, -3.207073979339464920 ) ) ;
#5463 = ORIENTED_EDGE ( 'NONE', *, *, #2686, .T. ) ;
#5464 = DIRECTION ( 'NONE',  ( -0.7071067811865462405, -0.000000000000000000, 0.7071067811865489050 ) ) ;
#5465 = CIRCLE ( 'NONE', #1348, 0.1999999999999996780 ) ;
#5466 = EDGE_LOOP ( 'NONE', ( #6859, #6722, #4371, #6914 ) ) ;
#5467 = CARTESIAN_POINT ( 'NONE',  ( 6.863826314353819846, 1.415666577307807206, -1.863266916290562403 ) ) ;
#5468 = ORIENTED_EDGE ( 'NONE', *, *, #4150, .T. ) ;
#5469 = DIRECTION ( 'NONE',  ( -1.000000000000000000, -0.000000000000000000, -0.000000000000000000 ) ) ;
#5470 = EDGE_CURVE ( 'NONE', #7698, #44, #3410, .T. ) ;
#5471 = CARTESIAN_POINT ( 'NONE',  ( 5.909023376181059994, 1.535081979460324986, -1.493762063584962663 ) ) ;
#5472 = CARTESIAN_POINT ( 'NONE',  ( 4.639999999999996128, 1.101109710447210510, -2.193547484174989570 ) ) ;
#5473 = DIRECTION ( 'NONE',  ( 1.000000000000000000, -3.624795322936608189E-15, -4.485885711162466802E-16 ) ) ;
#5474 = CARTESIAN_POINT ( 'NONE',  ( 4.578740760145665334, 1.224707734216206489, -1.571356313128218885 ) ) ;
#5475 = ORIENTED_EDGE ( 'NONE', *, *, #4931, .F. ) ;
#5476 = ADVANCED_FACE ( 'NONE', ( #788 ), #7308, .F. ) ;
#5477 = EDGE_CURVE ( 'NONE', #868, #7492, #6486, .T. ) ;
#5478 = DIRECTION ( 'NONE',  ( 0.7071067811865495711, 0.000000000000000000, 0.7071067811865453523 ) ) ;
#5479 = CARTESIAN_POINT ( 'NONE',  ( 4.574722480921467493, 1.032375242422698181, -1.903696066988369573 ) ) ;
#5480 = CARTESIAN_POINT ( 'NONE',  ( 6.870359079754659426, 1.140408031561104929, -1.873067728563804657 ) ) ;
#5481 = ORIENTED_EDGE ( 'NONE', *, *, #82, .F. ) ;
#5482 = VERTEX_POINT ( 'NONE', #2382 ) ;
#5483 = VECTOR ( 'NONE', #3676, 1000.000000000000000 ) ;
#5484 = CARTESIAN_POINT ( 'NONE',  ( 4.556642489367599858, 1.037762528863045652, -1.875581660888287372 ) ) ;
#5485 = CIRCLE ( 'NONE', #7282, 0.1999999999999947653 ) ;
#5486 = CARTESIAN_POINT ( 'NONE',  ( 6.646393202250020060, 1.322592249483227400, -1.852281368216377899 ) ) ;
#5487 = DIRECTION ( 'NONE',  ( 0.000000000000000000, 0.000000000000000000, -1.000000000000000000 ) ) ;
#5488 = CARTESIAN_POINT ( 'NONE',  ( 10.65000000000000036, 3.149999999999999911, 4.289999999999998259 ) ) ;
#5489 = DIRECTION ( 'NONE',  ( 1.000000000000000000, -3.624795322936608189E-15, -4.485885711162466802E-16 ) ) ;
#5490 = EDGE_CURVE ( 'NONE', #807, #761, #2039, .T. ) ;
#5491 = AXIS2_PLACEMENT_3D ( 'NONE', #5316, #7769, #3505 ) ;
#5492 = CARTESIAN_POINT ( 'NONE',  ( 10.65000000000000924, 0.4500000000000057288, -2.809999999999999609 ) ) ;
#5493 = VECTOR ( 'NONE', #541, 1000.000000000000000 ) ;
#5494 = ORIENTED_EDGE ( 'NONE', *, *, #6296, .T. ) ;
#5495 = CARTESIAN_POINT ( 'NONE',  ( 6.781728052999625334, 1.464588369222471487, -1.661047249977882112 ) ) ;
#5496 = ORIENTED_EDGE ( 'NONE', *, *, #6744, .T. ) ;
#5497 = ADVANCED_FACE ( 'NONE', ( #3821 ), #3605, .F. ) ;
#5498 = CARTESIAN_POINT ( 'NONE',  ( 5.269463606425993873, 3.305845922394564429, 3.034562673702536628 ) ) ;
#5499 = ORIENTED_EDGE ( 'NONE', *, *, #2159, .T. ) ;
#5500 = DIRECTION ( 'NONE',  ( 0.000000000000000000, -1.000000000000000000, 0.000000000000000000 ) ) ;
#5501 = DIRECTION ( 'NONE',  ( -0.000000000000000000, 0.4108746525949196204, 0.9116918447891282362 ) ) ;
#5502 = DIRECTION ( 'NONE',  ( 1.000000000000000000, 0.000000000000000000, -1.812561241519874134E-16 ) ) ;
#5503 = AXIS2_PLACEMENT_3D ( 'NONE', #590, #550, #4870 ) ;
#5504 = VECTOR ( 'NONE', #6755, 1000.000000000000000 ) ;
#5505 = CYLINDRICAL_SURFACE ( 'NONE', #2930, 1.899999999999999689 ) ;
#5506 = EDGE_LOOP ( 'NONE', ( #2128, #212, #3205, #1789 ) ) ;
#5507 = ORIENTED_EDGE ( 'NONE', *, *, #7682, .F. ) ;
#5508 = CYLINDRICAL_SURFACE ( 'NONE', #4982, 1.600000000000000089 ) ;
#5509 = EDGE_CURVE ( 'NONE', #3460, #807, #313, .T. ) ;
#5510 = ORIENTED_EDGE ( 'NONE', *, *, #3010, .F. ) ;
#5511 = CARTESIAN_POINT ( 'NONE',  ( 6.560000000000016485, 1.342718980692702679, -1.767033746175917797 ) ) ;
#5512 = VERTEX_POINT ( 'NONE', #1401 ) ;
#5513 = DIRECTION ( 'NONE',  ( 4.485885711162466802E-16, -1.626041754504986620E-30, 1.000000000000000000 ) ) ;
#5514 = CIRCLE ( 'NONE', #481, 0.4499999999999945155 ) ;
#5515 = B_SPLINE_CURVE_WITH_KNOTS ( 'NONE', 3,
 ( #1155, #2274, #1798, #3651, #542, #3005 ),
 .UNSPECIFIED., .F., .F.,
 ( 4, 2, 4 ),
 ( 4.470280076681872704E-18, 0.0001666291288040905013, 0.0003332582576081765031 ),
 .UNSPECIFIED. ) ;
#5516 = DIRECTION ( 'NONE',  ( 0.000000000000000000, -0.4108746525949196204, -0.9116918447891282362 ) ) ;
#5517 = EDGE_CURVE ( 'NONE', #1238, #3691, #4458, .T. ) ;
#5518 =( NAMED_UNIT ( * ) PLANE_ANGLE_UNIT ( ) SI_UNIT ( $, .RADIAN. ) );
#5519 = CARTESIAN_POINT ( 'NONE',  ( 6.256204919917502494, 3.349999999999999645, 7.609999999999999432 ) ) ;
#5520 = EDGE_CURVE ( 'NONE', #696, #7911, #2110, .T. ) ;
#5521 = AXIS2_PLACEMENT_3D ( 'NONE', #504, #2353, #2929 ) ;
#5522 = VERTEX_POINT ( 'NONE', #1357 ) ;
#5523 = CARTESIAN_POINT ( 'NONE',  ( 3.976843650451007850, 3.600000000000079137, 3.240000000000117453 ) ) ;
#5524 = EDGE_LOOP ( 'NONE', ( #2236, #4173, #2774, #5739, #242, #1461, #6372, #5837 ) ) ;
#5525 = DIRECTION ( 'NONE',  ( 0.000000000000000000, 0.000000000000000000, -1.000000000000000000 ) ) ;
#5526 = CARTESIAN_POINT ( 'NONE',  ( -3.994715164059348123, 3.599945156340222052, 3.230624959042100119 ) ) ;
#5527 = CARTESIAN_POINT ( 'NONE',  ( 6.848872919279470395, 1.112020118082206688, -2.038743226120176555 ) ) ;
#5528 = EDGE_CURVE ( 'NONE', #2788, #7911, #5640, .T. ) ;
#5529 = ORIENTED_EDGE ( 'NONE', *, *, #528, .T. ) ;
#5530 = ADVANCED_FACE ( 'NONE', ( #1324 ), #226, .T. ) ;
#5531 =( BOUNDED_SURFACE ( )  B_SPLINE_SURFACE ( 3, 2, ( 
 ( #605, #2533, #3029 ),
 ( #676, #6700, #46 ),
 ( #1175, #1928, #1263 ),
 ( #3674, #2456, #4355 ),
 ( #6854, #1216, #3075 ),
 ( #6169, #4242, #3633 ) ),
 .UNSPECIFIED., .F., .F., .T. ) 
 B_SPLINE_SURFACE_WITH_KNOTS ( ( 4, 2, 4 ),
 ( 3, 3 ),
 ( -1.084202172485504434E-18, 0.0002545412244710136638, 0.0005090824489420284118 ),
 ( 0.000000000000000000, 1.000000000000000000 ),
 .UNSPECIFIED. ) 
 GEOMETRIC_REPRESENTATION_ITEM ( )  RATIONAL_B_SPLINE_SURFACE ( (
 ( 1.000000000000000000, 0.9211323729436768915, 1.000000000000000000),
 ( 1.000000000000000000, 0.9209605587021707507, 1.000000000000000000),
 ( 1.000000000000000000, 0.9243034242743590756, 1.000000000000000000),
 ( 1.000000000000000000, 0.9306771116407908107, 1.000000000000000000),
 ( 1.000000000000000000, 0.9334247921298965966, 1.000000000000000000),
 ( 1.000000000000000000, 0.9333010955102845063, 1.000000000000000000) ) ) 
 REPRESENTATION_ITEM ( '' )  SURFACE ( )  );
#5532 =( BOUNDED_CURVE ( )  B_SPLINE_CURVE ( 3, ( #755, #3753, #7462, #3783 ),
 .UNSPECIFIED., .F., .T. ) 
 B_SPLINE_CURVE_WITH_KNOTS ( ( 4, 4 ),
 ( 0.000000000000000000, 1.000000000000000000 ),
 .UNSPECIFIED. ) 
 CURVE ( )  GEOMETRIC_REPRESENTATION_ITEM ( )  RATIONAL_B_SPLINE_CURVE ( ( 1.000000000000000000, 0.8047378541243662697, 0.8047378541243662697, 1.000000000000000000 ) ) 
 REPRESENTATION_ITEM ( '' )  );
#5533 = ORIENTED_EDGE ( 'NONE', *, *, #4366, .T. ) ;
#5534 = VECTOR ( 'NONE', #220, 1000.000000000000000 ) ;
#5535 = CARTESIAN_POINT ( 'NONE',  ( 6.646393202253698895, 1.324490431726442763, -1.843449624784736507 ) ) ;
#5536 = LINE ( 'NONE', #6084, #7903 ) ;
#5537 = CARTESIAN_POINT ( 'NONE',  ( 10.65000000000002167, 0.4714285714286093887, -0.008461497791619556480 ) ) ;
#5538 = CARTESIAN_POINT ( 'NONE',  ( 11.85000000000002984, -3.712950183269413198E-15, -2.810000000000004938 ) ) ;
#5539 = FACE_OUTER_BOUND ( 'NONE', #7816, .T. ) ;
#5540 = EDGE_LOOP ( 'NONE', ( #7673, #4398, #7184, #2350, #663 ) ) ;
#5541 = EDGE_CURVE ( 'NONE', #1390, #4146, #7527, .T. ) ;
#5542 = FACE_OUTER_BOUND ( 'NONE', #7888, .T. ) ;
#5543 = VERTEX_POINT ( 'NONE', #6311 ) ;
#5544 = DIRECTION ( 'NONE',  ( -1.000000000000000000, -0.000000000000000000, -0.000000000000000000 ) ) ;
#5545 = ORIENTED_EDGE ( 'NONE', *, *, #1395, .T. ) ;
#5546 = DIRECTION ( 'NONE',  ( -1.000000000000000000, -0.000000000000000000, -0.000000000000000000 ) ) ;
#5547 = LINE ( 'NONE', #57, #5843 ) ;
#5548 = DIRECTION ( 'NONE',  ( 1.000000000000000000, 0.000000000000000000, -8.673617379884041783E-15 ) ) ;
#5549 = AXIS2_PLACEMENT_3D ( 'NONE', #7460, #3861, #7415 ) ;
#5550 = AXIS2_PLACEMENT_3D ( 'NONE', #6272, #2597, #862 ) ;
#5551 = CARTESIAN_POINT ( 'NONE',  ( 6.863826314348671964, 1.133859220611295626, -1.871676072318663619 ) ) ;
#5552 = ORIENTED_EDGE ( 'NONE', *, *, #5126, .T. ) ;
#5553 = ORIENTED_EDGE ( 'NONE', *, *, #6112, .F. ) ;
#5554 = DIRECTION ( 'NONE',  ( 0.000000000000000000, 0.9116918447891284583, -0.4108746525949195649 ) ) ;
#5555 = AXIS2_PLACEMENT_3D ( 'NONE', #5671, #6959, #3326 ) ;
#5556 = ORIENTED_EDGE ( 'NONE', *, *, #4244, .T. ) ;
#5557 = CARTESIAN_POINT ( 'NONE',  ( 4.578740760145675104, 1.504707734216211623, -1.571356313128217108 ) ) ;
#5558 = CARTESIAN_POINT ( 'NONE',  ( 6.559999999999999609, 1.307813721342085511, -1.929438750280538573 ) ) ;
#5559 = LINE ( 'NONE', #4147, #1009 ) ;
#5560 = DIRECTION ( 'NONE',  ( 1.333139840934785563E-16, 1.000000000000000000, 8.652484618975166286E-31 ) ) ;
#5561 = PRODUCT_RELATED_PRODUCT_CATEGORY ( 'part', '', ( #3902 ) ) ;
#5562 = FACE_OUTER_BOUND ( 'NONE', #3761, .T. ) ;
#5563 = CARTESIAN_POINT ( 'NONE',  ( 5.909433561856868522, 1.093292335954336059, -2.172252323842708943 ) ) ;
#5564 = DIRECTION ( 'NONE',  ( -0.000000000000000000, -1.000000000000000000, -0.000000000000000000 ) ) ;
#5565 = EDGE_CURVE ( 'NONE', #4905, #1973, #261, .T. ) ;
#5566 = CONTEXT_DEPENDENT_SHAPE_REPRESENTATION ( #6227, #115 ) ;
#5567 = AXIS2_PLACEMENT_3D ( 'NONE', #1264, #3717, #1698 ) ;
#5568 = FACE_OUTER_BOUND ( 'NONE', #763, .T. ) ;
#5569 = ORIENTED_EDGE ( 'NONE', *, *, #6943, .F. ) ;
#5570 = AXIS2_PLACEMENT_3D ( 'NONE', #3688, #3646, #6141 ) ;
#5571 = ORIENTED_EDGE ( 'NONE', *, *, #2831, .F. ) ;
#5572 = CARTESIAN_POINT ( 'NONE',  ( 5.423936520126419580, 1.172200902661177713, -1.456409822439909574 ) ) ;
#5573 = CARTESIAN_POINT ( 'NONE',  ( 6.646393202250020948, 1.323850885985175641, -1.846392071063428286 ) ) ;
#5574 = CARTESIAN_POINT ( 'NONE',  ( 5.277680634188322450, 1.229881588883923182, -1.576665579125457572 ) ) ;
#5575 = EDGE_CURVE ( 'NONE', #2202, #446, #4628, .T. ) ;
#5576 = DIRECTION ( 'NONE',  ( 0.000000000000000000, 0.000000000000000000, -1.000000000000000000 ) ) ;
#5577 =( BOUNDED_SURFACE ( )  B_SPLINE_SURFACE ( 3, 3, ( 
 ( #5042, #764, #5006, #7584 ),
 ( #3835, #7470, #2617, #685 ),
 ( #4439, #6905, #6827, #5621 ),
 ( #3271, #6864, #3231, #1903 ) ),
 .UNSPECIFIED., .F., .F., .T. ) 
 B_SPLINE_SURFACE_WITH_KNOTS ( ( 4, 4 ),
 ( 4, 4 ),
 ( 0.000000000000000000, 1.000000000000000000 ),
 ( 0.000000000000000000, 1.000000000000000000 ),
 .UNSPECIFIED. ) 
 GEOMETRIC_REPRESENTATION_ITEM ( )  RATIONAL_B_SPLINE_SURFACE ( (
 ( 1.000000000000000000, 0.3333333333333343140, 0.3333333333333343140, 1.000000000000000000),
 ( 0.9474215819624505208, 0.3158071939874844136, 0.3158071939874844136, 0.9474215819624505208),
 ( 0.9474215819624505208, 0.3158071939874844136, 0.3158071939874844136, 0.9474215819624505208),
 ( 1.000000000000000000, 0.3333333333333343140, 0.3333333333333343140, 1.000000000000000000) ) ) 
 REPRESENTATION_ITEM ( '' )  SURFACE ( )  );
#5578 = LINE ( 'NONE', #5451, #4962 ) ;
#5579 = ORIENTED_EDGE ( 'NONE', *, *, #4350, .F. ) ;
#5580 = CARTESIAN_POINT ( 'NONE',  ( 10.24931636850889660, 1.699999999999999512, -5.285304831491129285 ) ) ;
#5581 = ORIENTED_EDGE ( 'NONE', *, *, #5123, .T. ) ;
#5582 = VERTEX_POINT ( 'NONE', #2071 ) ;
#5583 = CYLINDRICAL_SURFACE ( 'NONE', #4245, 0.2999999999999999334 ) ;
#5584 = DIRECTION ( 'NONE',  ( 0.000000000000000000, 0.000000000000000000, 1.000000000000000000 ) ) ;
#5585 = CARTESIAN_POINT ( 'NONE',  ( 6.625318140277810741, 1.032382832629209268, -1.903654862645663970 ) ) ;
#5586 = ADVANCED_FACE ( 'NONE', ( #116 ), #2717, .F. ) ;
#5587 = EDGE_CURVE ( 'NONE', #3491, #6988, #5672, .T. ) ;
#5588 = CARTESIAN_POINT ( 'NONE',  ( 6.643375663372601103, 1.037773913919779023, -1.875524800516939150 ) ) ;
#5589 = ORIENTED_EDGE ( 'NONE', *, *, #5661, .F. ) ;
#5590 = ORIENTED_EDGE ( 'NONE', *, *, #5528, .F. ) ;
#5591 = CARTESIAN_POINT ( 'NONE',  ( 5.930536393574005416, 1.099999999999978995, -2.228956950879502852 ) ) ;
#5592 = ORIENTED_EDGE ( 'NONE', *, *, #4630, .F. ) ;
#5593 = VERTEX_POINT ( 'NONE', #2561 ) ;
#5594 = CARTESIAN_POINT ( 'NONE',  ( 6.604997979494502403, 1.377990293411406109, -1.631344044205828014 ) ) ;
#5595 = CARTESIAN_POINT ( 'NONE',  ( 7.200000000000001066, 1.099999999999978550, -2.257615395000003300 ) ) ;
#5596 = DIRECTION ( 'NONE',  ( -1.333139840934740450E-16, 1.000000000000000000, -2.171692714077831124E-14 ) ) ;
#5597 = LINE ( 'NONE', #4227, #1885 ) ;
#5598 = VECTOR ( 'NONE', #6991, 1000.000000000000000 ) ;
#5599 = CARTESIAN_POINT ( 'NONE',  ( -12.05000000000000071, 0.2500000000000341949, 0.2900000000000031442 ) ) ;
#5600 = ORIENTED_EDGE ( 'NONE', *, *, #6394, .F. ) ;
#5601 = DIRECTION ( 'NONE',  ( 4.485885711162466802E-16, 0.000000000000000000, 1.000000000000000000 ) ) ;
#5602 = ADVANCED_FACE ( 'NONE', ( #782 ), #5751, .T. ) ;
#5603 = AXIS2_PLACEMENT_3D ( 'NONE', #7547, #2016, #799 ) ;
#5604 = AXIS2_PLACEMENT_3D ( 'NONE', #514, #2288, #471 ) ;
#5605 = DIRECTION ( 'NONE',  ( 1.333139840934738478E-16, -1.000000000000000000, 2.171692714077831440E-14 ) ) ;
#5606 = AXIS2_PLACEMENT_3D ( 'NONE', #3331, #3776, #4575 ) ;
#5607 = ORIENTED_EDGE ( 'NONE', *, *, #737, .T. ) ;
#5608 = ORIENTED_EDGE ( 'NONE', *, *, #7293, .F. ) ;
#5609 = CARTESIAN_POINT ( 'NONE',  ( 5.290976623818568036, 1.150230495396896702, -1.791730496593468613 ) ) ;
#5610 = CARTESIAN_POINT ( 'NONE',  ( -10.65000000000002345, 0.3000000000000382916, -3.109999999999995879 ) ) ;
#5611 = LINE ( 'NONE', #48, #73 ) ;
#5612 = CARTESIAN_POINT ( 'NONE',  ( -8.728703347107816625E-16, -6.495676764503292611E-15, 0.2899999999999975930 ) ) ;
#5613 = CARTESIAN_POINT ( 'NONE',  ( -5.600000000000000533, 1.349999999999978106, -2.259999999999996234 ) ) ;
#5614 = EDGE_LOOP ( 'NONE', ( #3141, #7481, #804, #653 ) ) ;
#5615 = AXIS2_PLACEMENT_3D ( 'NONE', #2289, #4237, #2853 ) ;
#5616 = DIRECTION ( 'NONE',  ( 0.000000000000000000, -1.000000000000000000, 0.000000000000000000 ) ) ;
#5617 = AXIS2_PLACEMENT_3D ( 'NONE', #442, #1660, #7135 ) ;
#5618 = ORIENTED_EDGE ( 'NONE', *, *, #5380, .F. ) ;
#5619 = EDGE_CURVE ( 'NONE', #2763, #3606, #2637, .T. ) ;
#5620 = VERTEX_POINT ( 'NONE', #3929 ) ;
#5621 = CARTESIAN_POINT ( 'NONE',  ( 5.348246817314105783, 1.490429382016662752, -0.8281365264550479832 ) ) ;
#5622 = DIRECTION ( 'NONE',  ( -0.7071067811865454633, -3.491481338843134144E-15, 0.7071067811865496822 ) ) ;
#5623 = CARTESIAN_POINT ( 'NONE',  ( 5.288065622245379238, 1.514535038021730617, -1.547579104313695719 ) ) ;
#5624 = VECTOR ( 'NONE', #5962, 1000.000000000000000 ) ;
#5625 = CARTESIAN_POINT ( 'NONE',  ( 6.579987299709148196, 1.027813702453017175, -1.929438860917002341 ) ) ;
#5626 = ORIENTED_EDGE ( 'NONE', *, *, #7495, .F. ) ;
#5627 = CARTESIAN_POINT ( 'NONE',  ( 5.909023376180915221, 1.091578166972777320, -2.200024624457299627 ) ) ;
#5628 = ORIENTED_EDGE ( 'NONE', *, *, #3596, .T. ) ;
#5629 = EDGE_CURVE ( 'NONE', #5268, #7286, #7340, .T. ) ;
#5630 = EDGE_CURVE ( 'NONE', #3191, #1163, #7852, .T. ) ;
#5631 = VECTOR ( 'NONE', #7723, 1000.000000000000000 ) ;
#5632 = ORIENTED_EDGE ( 'NONE', *, *, #887, .F. ) ;
#5633 = VECTOR ( 'NONE', #5070, 1000.000000000000000 ) ;
#5634 = DIRECTION ( 'NONE',  ( -1.333139840934641103E-16, -1.000000000000000000, 2.171692714077831440E-14 ) ) ;
#5635 = CARTESIAN_POINT ( 'NONE',  ( -11.85000000000003162, -3.903127820947815962E-15, -2.810000000000003162 ) ) ;
#5636 = CARTESIAN_POINT ( 'NONE',  ( -12.05000000000003268, 0.2499999999999951150, -2.810000000000004938 ) ) ;
#5637 = VECTOR ( 'NONE', #6049, 1000.000000000000000 ) ;
#5638 = LINE ( 'NONE', #6810, #2901 ) ;
#5639 = DIRECTION ( 'NONE',  ( 1.000000000000000000, -3.624795322936608189E-15, -4.485885711162466802E-16 ) ) ;
#5640 = LINE ( 'NONE', #5059, #6238 ) ;
#5641 = ORIENTED_EDGE ( 'NONE', *, *, #2206, .T. ) ;
#5642 = CARTESIAN_POINT ( 'NONE',  ( 6.861523376184800682, 1.132112415837383201, -1.868369995664712180 ) ) ;
#5643 = AXIS2_PLACEMENT_3D ( 'NONE', #2126, #2046, #7013 ) ;
#5644 = AXIS2_PLACEMENT_3D ( 'NONE', #6971, #6433, #1443 ) ;
#5645 = DIRECTION ( 'NONE',  ( 0.000000000000000000, -0.4108746525949196760, -0.9116918447891283472 ) ) ;
#5646 = VERTEX_POINT ( 'NONE', #2106 ) ;
#5647 = EDGE_LOOP ( 'NONE', ( #3270, #7746, #7715, #5716, #7825, #3152, #3731, #2138 ) ) ;
#5648 = CARTESIAN_POINT ( 'NONE',  ( -10.19999999999999751, 3.149999999999999911, 4.290000000000002700 ) ) ;
#5649 = CARTESIAN_POINT ( 'NONE',  ( 10.65000000000002345, 0.4714285714286097217, 2.588461497791616939 ) ) ;
#5650 = DIRECTION ( 'NONE',  ( 0.000000000000000000, 0.000000000000000000, -1.000000000000000000 ) ) ;
#5651 = DIRECTION ( 'NONE',  ( 0.7071067811865474617, -1.084202172485502856E-15, -0.7071067811865474617 ) ) ;
#5652 = EDGE_CURVE ( 'NONE', #3227, #5213, #4081, .T. ) ;
#5653 = CARTESIAN_POINT ( 'NONE',  ( -7.249999999999999112, 3.349999999999999645, 3.215000000000001634 ) ) ;
#5654 = ORIENTED_EDGE ( 'NONE', *, *, #5095, .T. ) ;
#5655 = DIRECTION ( 'NONE',  ( 4.485885711162466802E-16, -1.626041754504986620E-30, 1.000000000000000000 ) ) ;
#5656 = ORIENTED_EDGE ( 'NONE', *, *, #2315, .T. ) ;
#5657 = EDGE_LOOP ( 'NONE', ( #4655, #43, #387, #4128 ) ) ;
#5658 = CARTESIAN_POINT ( 'NONE',  ( 5.917500000000001315, 1.603534687289454919, -1.979927464852761165 ) ) ;
#5659 = CARTESIAN_POINT ( 'NONE',  ( 10.24931636850889660, 1.699999999999999512, -5.285304831491129285 ) ) ;
#5660 = CIRCLE ( 'NONE', #4634, 0.2000000000000005107 ) ;
#5661 = EDGE_CURVE ( 'NONE', #6439, #6216, #7599, .T. ) ;
#5662 = CARTESIAN_POINT ( 'NONE',  ( 6.705199064682432208, 1.295504032902957237, -1.994932649185553464 ) ) ;
#5663 = EDGE_CURVE ( 'NONE', #5854, #3150, #1636, .T. ) ;
#5664 = CARTESIAN_POINT ( 'NONE',  ( -7.244112548466063117, 3.149999999999998135, -7.654112548466053489 ) ) ;
#5665 = ORIENTED_EDGE ( 'NONE', *, *, #1816, .F. ) ;
#5666 = CARTESIAN_POINT ( 'NONE',  ( 10.39073772474619872, 3.349999999999999645, -5.143883475253818283 ) ) ;
#5667 = ORIENTED_EDGE ( 'NONE', *, *, #5520, .T. ) ;
#5668 = ORIENTED_EDGE ( 'NONE', *, *, #6394, .T. ) ;
#5669 = CARTESIAN_POINT ( 'NONE',  ( 4.424870718265561997, 1.324490431726387918, -1.843449624784989638 ) ) ;
#5670 = DIRECTION ( 'NONE',  ( -4.485885711162466802E-16, 0.000000000000000000, -1.000000000000000000 ) ) ;
#5671 = CARTESIAN_POINT ( 'NONE',  ( -10.65000000000001990, 0.5000000000000386358, 4.090000000000004299 ) ) ;
#5672 = CIRCLE ( 'NONE', #2572, 0.2999999999999999334 ) ;
#5673 = ADVANCED_FACE ( 'NONE', ( #5300 ), #983, .F. ) ;
#5674 = CARTESIAN_POINT ( 'NONE',  ( 6.560000000000001386, 1.353069906739958750, -1.842507845995002835 ) ) ;
#5675 = AXIS2_PLACEMENT_3D ( 'NONE', #5881, #7655, #7015 ) ;
#5676 = CARTESIAN_POINT ( 'NONE',  ( 7.209382995330597232, 3.349969990822447397, 3.234522017493588919 ) ) ;
#5677 = DIRECTION ( 'NONE',  ( 0.7071067811865474617, -8.673617379884141179E-15, -0.7071067811865474617 ) ) ;
#5678 = DIRECTION ( 'NONE',  ( 0.000000000000000000, 0.000000000000000000, 1.000000000000000000 ) ) ;
#5679 = EDGE_CURVE ( 'NONE', #6989, #3127, #7111, .T. ) ;
#5680 = EDGE_CURVE ( 'NONE', #2168, #6712, #3856, .T. ) ;
#5681 = DIRECTION ( 'NONE',  ( 1.000000000000000000, 0.000000000000000000, 0.000000000000000000 ) ) ;
#5682 = ORIENTED_EDGE ( 'NONE', *, *, #1605, .F. ) ;
#5683 = DIRECTION ( 'NONE',  ( 0.000000000000000000, -1.000000000000000000, 0.000000000000000000 ) ) ;
#5684 = CARTESIAN_POINT ( 'NONE',  ( 3.061616997868383043E-15, 3.349999999999999645, 17.39000000000000767 ) ) ;
#5685 = DIRECTION ( 'NONE',  ( -8.673617379884035472E-15, -6.550704629611125970E-16, 1.000000000000000000 ) ) ;
#5686 = DIRECTION ( 'NONE',  ( 0.000000000000000000, -1.000000000000000000, 0.000000000000000000 ) ) ;
#5687 = DIRECTION ( 'NONE',  ( -1.000000000000000000, -0.000000000000000000, -0.000000000000000000 ) ) ;
#5688 = CARTESIAN_POINT ( 'NONE',  ( -11.84999999999999609, 0.2500000000000341394, 2.089999999999998082 ) ) ;
#5689 = AXIS2_PLACEMENT_3D ( 'NONE', #319, #1655, #2823 ) ;
#5690 = ORIENTED_EDGE ( 'NONE', *, *, #6744, .F. ) ;
#5691 = CARTESIAN_POINT ( 'NONE',  ( 5.423936520126689587, 1.741269157966830905, -0.8149948086755767207 ) ) ;
#5692 = ORIENTED_EDGE ( 'NONE', *, *, #343, .T. ) ;
#5693 = ORIENTED_EDGE ( 'NONE', *, *, #1124, .T. ) ;
#5694 = DIRECTION ( 'NONE',  ( 0.000000000000000000, -1.000000000000000000, 0.000000000000000000 ) ) ;
#5695 = DIRECTION ( 'NONE',  ( 0.000000000000000000, -0.4108746525949196204, -0.9116918447891282362 ) ) ;
#5696 = EDGE_CURVE ( 'NONE', #3282, #991, #1298, .T. ) ;
#5697 = CARTESIAN_POINT ( 'NONE',  ( 6.646110298933015414, 1.288151519263820655, -2.041352947468154433 ) ) ;
#5698 = LINE ( 'NONE', #3877, #6392 ) ;
#5699 = DIRECTION ( 'NONE',  ( 2.344220913482161302E-15, -1.000000000000000000, -2.344220913482175896E-15 ) ) ;
#5700 = EDGE_LOOP ( 'NONE', ( #1898, #2059, #2440, #7118 ) ) ;
#5701 = FACE_OUTER_BOUND ( 'NONE', #1811, .T. ) ;
#5702 = ORIENTED_EDGE ( 'NONE', *, *, #2623, .T. ) ;
#5703 = ORIENTED_EDGE ( 'NONE', *, *, #7490, .T. ) ;
#5704 = DIRECTION ( 'NONE',  ( -0.000000000000000000, -1.000000000000000000, -0.000000000000000000 ) ) ;
#5705 = DIRECTION ( 'NONE',  ( 1.000000000000000000, 0.000000000000000000, 0.000000000000000000 ) ) ;
#5706 = CARTESIAN_POINT ( 'NONE',  ( 6.643357510632412755, 1.049660714481552182, -1.820222528191648870 ) ) ;
#5707 = CARTESIAN_POINT ( 'NONE',  ( 5.599999999999999645, 1.688247368325442199, -0.5547349395076381917 ) ) ;
#5708 = CARTESIAN_POINT ( 'NONE',  ( 5.418978297323540971, 1.090909090909068402, -3.266523376180913818 ) ) ;
#5709 = CARTESIAN_POINT ( 'NONE',  ( 7.703731956237314549, 1.699999999999999512, -7.830889243762694463 ) ) ;
#5710 = ORIENTED_EDGE ( 'NONE', *, *, #4431, .F. ) ;
#5711 = CARTESIAN_POINT ( 'NONE',  ( 5.350426020660551174, 1.099999999999978328, -3.175524051163620687 ) ) ;
#5712 = EDGE_CURVE ( 'NONE', #7957, #3402, #7734, .T. ) ;
#5713 = CARTESIAN_POINT ( 'NONE',  ( 0.000000000000000000, 0.000000000000000000, 0.2599999999999620393 ) ) ;
#5714 = VECTOR ( 'NONE', #4939, 1000.000000000000000 ) ;
#5715 = DIRECTION ( 'NONE',  ( 0.000000000000000000, 0.000000000000000000, -1.000000000000000000 ) ) ;
#5716 = ORIENTED_EDGE ( 'NONE', *, *, #7131, .T. ) ;
#5717 = VECTOR ( 'NONE', #7952, 1000.000000000000000 ) ;
#5718 = ORIENTED_EDGE ( 'NONE', *, *, #2741, .T. ) ;
#5719 = CYLINDRICAL_SURFACE ( 'NONE', #74, 0.4499999999999945155 ) ;
#5720 = ADVANCED_FACE ( 'NONE', ( #1589 ), #5939, .F. ) ;
#5721 = EDGE_CURVE ( 'NONE', #1418, #7427, #3406, .T. ) ;
#5722 = PLANE ( 'NONE',  #2567 ) ;
#5723 = DIRECTION ( 'NONE',  ( -1.000000000000000000, 8.432683563776554381E-16, 4.818676322158031075E-16 ) ) ;
#5724 = CARTESIAN_POINT ( 'NONE',  ( -10.65000000000001101, 0.5000000000000383027, -4.209999999999993747 ) ) ;
#5725 = CARTESIAN_POINT ( 'NONE',  ( -10.85000000000000497, -5.149960319306146062E-15, -2.809999999999997389 ) ) ;
#5726 = AXIS2_PLACEMENT_3D ( 'NONE', #5724, #3224, #5686 ) ;
#5727 = DIRECTION ( 'NONE',  ( 1.000000000000000000, -3.624795322936608189E-15, -4.485885711162466802E-16 ) ) ;
#5728 = AXIS2_PLACEMENT_3D ( 'NONE', #4252, #22, #7532 ) ;
#5729 = ORIENTED_EDGE ( 'NONE', *, *, #6954, .T. ) ;
#5730 = LINE ( 'NONE', #5800, #3439 ) ;
#5731 = ORIENTED_EDGE ( 'NONE', *, *, #278, .T. ) ;
#5732 = ORIENTED_EDGE ( 'NONE', *, *, #2038, .T. ) ;
#5733 = LINE ( 'NONE', #205, #1170 ) ;
#5734 = CARTESIAN_POINT ( 'NONE',  ( -7.200000000000001954, 1.099999999999978106, -2.259999999999996234 ) ) ;
#5735 = CARTESIAN_POINT ( 'NONE',  ( 4.332749604468387972, 1.137279419479426457, -1.872402882291225090 ) ) ;
#5736 = ADVANCED_FACE ( 'NONE', ( #7842 ), #358, .T. ) ;
#5737 = VECTOR ( 'NONE', #6577, 1000.000000000000000 ) ;
#5738 = DIRECTION ( 'NONE',  ( 0.000000000000000000, 0.000000000000000000, -1.000000000000000000 ) ) ;
#5739 = ORIENTED_EDGE ( 'NONE', *, *, #7510, .F. ) ;
#5740 = CARTESIAN_POINT ( 'NONE',  ( 4.507710204408456711, 1.212257904404176800, -1.599597997431730478 ) ) ;
#5741 = ORIENTED_EDGE ( 'NONE', *, *, #2557, .T. ) ;
#5742 = CARTESIAN_POINT ( 'NONE',  ( 5.330685755101233880, 1.340021090991199815, -2.125478641913376876 ) ) ;
#5743 = DIRECTION ( 'NONE',  ( 0.000000000000000000, 0.000000000000000000, -1.000000000000000000 ) ) ;
#5744 = CARTESIAN_POINT ( 'NONE',  ( 5.909023376181023579, 1.535081979460290791, -1.493762063584947786 ) ) ;
#5745 = AXIS2_PLACEMENT_3D ( 'NONE', #363, #7742, #4393 ) ;
#5746 = CIRCLE ( 'NONE', #5865, 0.1999999999999999833 ) ;
#5747 = CARTESIAN_POINT ( 'NONE',  ( 5.381975948836386081, 1.654981964503572600, -0.6285477122997219501 ) ) ;
#5748 = CIRCLE ( 'NONE', #4976, 0.02999999999999964501 ) ;
#5749 = VECTOR ( 'NONE', #6132, 1000.000000000000000 ) ;
#5750 = VERTEX_POINT ( 'NONE', #6637 ) ;
#5751 = CYLINDRICAL_SURFACE ( 'NONE', #4502, 0.4499999999999781952 ) ;
#5752 = CARTESIAN_POINT ( 'NONE',  ( 5.776063479873423390, 1.028147679596602027, -1.927488663940313707 ) ) ;
#5753 = AXIS2_PLACEMENT_3D ( 'NONE', #1428, #5554, #30 ) ;
#5754 = AXIS2_PLACEMENT_3D ( 'NONE', #4559, #6488, #5772 ) ;
#5755 = ADVANCED_FACE ( 'NONE', ( #2439 ), #1196, .F. ) ;
#5756 = DIRECTION ( 'NONE',  ( -1.000000000000000000, -3.624795322936608189E-15, -0.000000000000000000 ) ) ;
#5757 = CIRCLE ( 'NONE', #473, 0.2999999999999998779 ) ;
#5758 = ORIENTED_EDGE ( 'NONE', *, *, #5983, .T. ) ;
#5759 = DIRECTION ( 'NONE',  ( -0.000000000000000000, -1.000000000000000000, -0.000000000000000000 ) ) ;
#5760 = CARTESIAN_POINT ( 'NONE',  ( 3.061616997868383043E-15, 3.600000000000000533, 17.39000000000000767 ) ) ;
#5761 = DIRECTION ( 'NONE',  ( -1.000000000000000000, 0.000000000000000000, 0.000000000000000000 ) ) ;
#5762 = FACE_OUTER_BOUND ( 'NONE', #5385, .T. ) ;
#5763 = DIRECTION ( 'NONE',  ( 8.225028808767795004E-15, 0.000000000000000000, -1.000000000000000000 ) ) ;
#5764 = CARTESIAN_POINT ( 'NONE',  ( 5.368054094623414763, 1.304307950136347483, -3.093370765632695640 ) ) ;
#5765 = EDGE_CURVE ( 'NONE', #1442, #6322, #6805, .T. ) ;
#5766 = VERTEX_POINT ( 'NONE', #6685 ) ;
#5767 = CARTESIAN_POINT ( 'NONE',  ( 5.348246817314048940, 1.041235696393662202, -2.040224163854496009 ) ) ;
#5768 = VERTEX_POINT ( 'NONE', #3007 ) ;
#5769 = DIRECTION ( 'NONE',  ( -0.000000000000000000, 1.000000000000000000, 0.000000000000000000 ) ) ;
#5770 = DIRECTION ( 'NONE',  ( -0.000000000000000000, 0.2078636034787839926, 0.9781578207778205414 ) ) ;
#5771 = CYLINDRICAL_SURFACE ( 'NONE', #915, 3.000000000000000000 ) ;
#5772 = DIRECTION ( 'NONE',  ( 0.000000000000000000, 1.000000000000000000, 0.000000000000000000 ) ) ;
#5773 = EDGE_CURVE ( 'NONE', #2379, #7371, #6869, .T. ) ;
#5774 = EDGE_CURVE ( 'NONE', #5768, #993, #1109, .T. ) ;
#5775 = DIRECTION ( 'NONE',  ( 0.000000000000000000, 0.000000000000000000, -1.000000000000000000 ) ) ;
#5776 = ORIENTED_EDGE ( 'NONE', *, *, #1232, .F. ) ;
#5777 = DIRECTION ( 'NONE',  ( -0.000000000000000000, 1.000000000000000000, -0.000000000000000000 ) ) ;
#5778 = ORIENTED_EDGE ( 'NONE', *, *, #6458, .F. ) ;
#5779 = CARTESIAN_POINT ( 'NONE',  ( 5.506106797749978909, 1.307813721342086621, -1.929438750280535686 ) ) ;
#5780 =( BOUNDED_SURFACE ( )  B_SPLINE_SURFACE ( 3, 2, ( 
 ( #4554, #6410, #885 ),
 ( #5805, #5883, #3471 ),
 ( #5922, #1534, #7253 ),
 ( #3553, #1739, #7893 ),
 ( #2333, #1176, #14 ),
 ( #7341, #1133, #480 ) ),
 .UNSPECIFIED., .F., .F., .T. ) 
 B_SPLINE_SURFACE_WITH_KNOTS ( ( 4, 2, 4 ),
 ( 3, 3 ),
 ( 0.000000000000000000, 0.0002545412244708023528, 0.0005090824489416047056 ),
 ( 0.000000000000000000, 1.000000000000000000 ),
 .UNSPECIFIED. ) 
 GEOMETRIC_REPRESENTATION_ITEM ( )  RATIONAL_B_SPLINE_SURFACE ( (
 ( 1.000000000000000000, 0.9211323729436763363, 1.000000000000000000),
 ( 1.000000000000000000, 0.9209605587020298634, 1.000000000000000000),
 ( 1.000000000000000000, 0.9243034242745413742, 1.000000000000000000),
 ( 1.000000000000000000, 0.9306771116405807565, 1.000000000000000000),
 ( 1.000000000000000000, 0.9334247921300361517, 1.000000000000000000),
 ( 1.000000000000000000, 0.9333010955102853945, 1.000000000000000000) ) ) 
 REPRESENTATION_ITEM ( '' )  SURFACE ( )  );
#5781 = DIRECTION ( 'NONE',  ( 0.000000000000000000, -5.421010862427519212E-16, 1.000000000000000000 ) ) ;
#5782 = CARTESIAN_POINT ( 'NONE',  ( 10.65000000000002167, 0.5000000000000386358, 4.089999999999998970 ) ) ;
#5783 = AXIS2_PLACEMENT_3D ( 'NONE', #2678, #5133, #7598 ) ;
#5784 = CARTESIAN_POINT ( 'NONE',  ( -11.85000000000004228, 0.2499999999999950595, -1.010000000000003784 ) ) ;
#5785 = CARTESIAN_POINT ( 'NONE',  ( 5.506106797749979798, 1.369965520103051171, -1.661773075905844888 ) ) ;
#5786 = DIRECTION ( 'NONE',  ( -1.000000000000000000, 0.000000000000000000, 4.818676322158031075E-16 ) ) ;
#5787 = ORIENTED_EDGE ( 'NONE', *, *, #3629, .F. ) ;
#5788 = CARTESIAN_POINT ( 'NONE',  ( -3.949999999999999734, 3.349999999999999645, -0.004506036726490142072 ) ) ;
#5789 = ADVANCED_FACE ( 'NONE', ( #3617 ), #3916, .F. ) ;
#5790 = VECTOR ( 'NONE', #1466, 1000.000000000000000 ) ;
#5791 = CYLINDRICAL_SURFACE ( 'NONE', #3809, 1.850000000000000089 ) ;
#5792 = ORIENTED_EDGE ( 'NONE', *, *, #4342, .T. ) ;
#5793 = ORIENTED_EDGE ( 'NONE', *, *, #987, .F. ) ;
#5794 = CARTESIAN_POINT ( 'NONE',  ( 5.599999999999999645, 1.779847494822332843, -0.7293931419030967866 ) ) ;
#5795 = CARTESIAN_POINT ( 'NONE',  ( 7.200000000000000178, 3.349374608885954174, 3.214999999999998082 ) ) ;
#5796 = DIRECTION ( 'NONE',  ( -0.7071067811865493491, 0.000000000000000000, 0.7071067811865456854 ) ) ;
#5797 = CARTESIAN_POINT ( 'NONE',  ( 6.874819365813023886, 1.141602122601613312, -1.867480446650319648 ) ) ;
#5798 = CARTESIAN_POINT ( 'NONE',  ( -10.19999999999999751, 3.149999999999999911, 4.290000000000003588 ) ) ;
#5799 = VERTEX_POINT ( 'NONE', #7515 ) ;
#5800 = CARTESIAN_POINT ( 'NONE',  ( 10.40000000000000924, 3.860407018927490601E-14, -4.409999999999999254 ) ) ;
#5801 = ORIENTED_EDGE ( 'NONE', *, *, #1518, .F. ) ;
#5802 = DIRECTION ( 'NONE',  ( 0.000000000000000000, 0.000000000000000000, 1.000000000000000000 ) ) ;
#5803 = DIRECTION ( 'NONE',  ( -1.000000000000000000, -0.000000000000000000, -0.000000000000000000 ) ) ;
#5804 = EDGE_CURVE ( 'NONE', #4164, #7836, #4448, .T. ) ;
#5805 = CARTESIAN_POINT ( 'NONE',  ( 6.861523338869566224, 1.150079491761402339, -1.785674903867973340 ) ) ;
#5806 = LINE ( 'NONE', #6445, #7029 ) ;
#5807 = DIRECTION ( 'NONE',  ( 1.000000000000000000, 3.624795322936608189E-15, 0.000000000000000000 ) ) ;
#5808 = AXIS2_PLACEMENT_3D ( 'NONE', #1496, #1570, #3386 ) ;
#5809 = VERTEX_POINT ( 'NONE', #7482 ) ;
#5810 = DIRECTION ( 'NONE',  ( 0.000000000000000000, 0.9116918447891283472, -0.4108746525949195094 ) ) ;
#5811 = ORIENTED_EDGE ( 'NONE', *, *, #3128, .T. ) ;
#5812 = ORIENTED_EDGE ( 'NONE', *, *, #1244, .F. ) ;
#5813 = AXIS2_PLACEMENT_3D ( 'NONE', #1231, #1863, #7266 ) ;
#5814 = CARTESIAN_POINT ( 'NONE',  ( 12.05000000000004512, 0.2499999999999949762, -0.8100000000000106004 ) ) ;
#5815 = CARTESIAN_POINT ( 'NONE',  ( -12.05000000000003446, 0.2499999999999956701, -2.610000000000004317 ) ) ;
#5816 = ADVANCED_FACE ( 'NONE', ( #3241 ), #6875, .F. ) ;
#5817 = EDGE_CURVE ( 'NONE', #4162, #1032, #3743, .T. ) ;
#5818 = DIRECTION ( 'NONE',  ( 1.333139840934643075E-16, 1.000000000000000000, -2.171692714077831124E-14 ) ) ;
#5819 = DIRECTION ( 'NONE',  ( 1.000000000000000000, 3.624795322936608189E-15, 0.000000000000000000 ) ) ;
#5820 = PLANE ( 'NONE',  #2258 ) ;
#5821 = CARTESIAN_POINT ( 'NONE',  ( 5.765825309724347925, 1.279999999999978488, -2.257615395000085456 ) ) ;
#5822 = CARTESIAN_POINT ( 'NONE',  ( 5.693893202250020380, 1.062718980693138526, -1.767033746174717423 ) ) ;
#5823 = ORIENTED_EDGE ( 'NONE', *, *, #7682, .T. ) ;
#5824 = CARTESIAN_POINT ( 'NONE',  ( 5.277199447010503697, 1.099999999999978773, -3.040599675490751164 ) ) ;
#5825 = CARTESIAN_POINT ( 'NONE',  ( -8.728703347107824514E-16, -7.155734338404329264E-15, 1.348150961071065097E-30 ) ) ;
#5826 = CARTESIAN_POINT ( 'NONE',  ( 9.912920266670365521, 3.349999999999999645, -4.666066017177982417 ) ) ;
#5827 = EDGE_CURVE ( 'NONE', #4144, #1199, #5144, .T. ) ;
#5828 = ORIENTED_EDGE ( 'NONE', *, *, #962, .F. ) ;
#5829 = CARTESIAN_POINT ( 'NONE',  ( 4.437622463787508131, 1.366641632193595468, -2.075972461189993457 ) ) ;
#5830 = CARTESIAN_POINT ( 'NONE',  ( 5.599999999999999645, 0.9999999999999781286, -3.051393202250019421 ) ) ;
#5831 = CARTESIAN_POINT ( 'NONE',  ( 10.65000000000002167, 0.3000000000000383471, 2.786410161513773964 ) ) ;
#5832 = FACE_OUTER_BOUND ( 'NONE', #2578, .T. ) ;
#5833 = CARTESIAN_POINT ( 'NONE',  ( 12.05000000000000071, 0.2499999999999994726, 0.4899999999999949951 ) ) ;
#5834 = CARTESIAN_POINT ( 'NONE',  ( 5.930536393574007192, 1.552438342445744413, -0.8560822739350688604 ) ) ;
#5835 = CIRCLE ( 'NONE', #7264, 0.1999999999999999833 ) ;
#5836 = ADVANCED_FACE ( 'NONE', ( #3845 ), #6264, .F. ) ;
#5837 = ORIENTED_EDGE ( 'NONE', *, *, #4931, .T. ) ;
#5838 = ORIENTED_EDGE ( 'NONE', *, *, #6296, .F. ) ;
#5839 = CARTESIAN_POINT ( 'NONE',  ( 10.40000000000002522, 0.4500000000000262124, 2.289999999999998703 ) ) ;
#5840 = FACE_OUTER_BOUND ( 'NONE', #674, .T. ) ;
#5841 = AXIS2_PLACEMENT_3D ( 'NONE', #7939, #6130, #606 ) ;
#5842 = CARTESIAN_POINT ( 'NONE',  ( 5.269463606425994762, 1.552438342445744413, -0.8560822739350688604 ) ) ;
#5843 = VECTOR ( 'NONE', #1308, 999.9999999999998863 ) ;
#5844 = LINE ( 'NONE', #7176, #3559 ) ;
#5845 = CARTESIAN_POINT ( 'NONE',  ( 4.316963606424637945, 1.141001841673132677, -1.870273396148632861 ) ) ;
#5846 = DIRECTION ( 'NONE',  ( 0.000000000000000000, 1.000000000000000000, 0.000000000000000000 ) ) ;
#5847 = EDGE_CURVE ( 'NONE', #3491, #6539, #4899, .T. ) ;
#5848 = ORIENTED_EDGE ( 'NONE', *, *, #3995, .T. ) ;
#5849 = CARTESIAN_POINT ( 'NONE',  ( 4.457118167615732318, 1.201159180646870439, -1.629273518374247054 ) ) ;
#5850 = ORIENTED_EDGE ( 'NONE', *, *, #7397, .T. ) ;
#5851 = CARTESIAN_POINT ( 'NONE',  ( 5.599999999999999645, 1.349999999999978106, -2.259999999999998899 ) ) ;
#5852 = CARTESIAN_POINT ( 'NONE',  ( 5.506106797749978909, 1.279999999999978044, -2.257615395000003300 ) ) ;
#5853 = DIRECTION ( 'NONE',  ( 0.000000000000000000, 2.171692714077831124E-14, 1.000000000000000000 ) ) ;
#5854 = VERTEX_POINT ( 'NONE', #5090 ) ;
#5855 = ADVANCED_FACE ( 'NONE', ( #5016 ), #1949, .F. ) ;
#5856 = CARTESIAN_POINT ( 'NONE',  ( 6.883036393575326706, 1.122696282251982369, -1.956415105480559635 ) ) ;
#5857 = CARTESIAN_POINT ( 'NONE',  ( 5.833342459146907188, 1.304812549638221242, -2.257615395000085012 ) ) ;
#5858 = VECTOR ( 'NONE', #5953, 1000.000000000000000 ) ;
#5859 = VERTEX_POINT ( 'NONE', #697 ) ;
#5860 = CIRCLE ( 'NONE', #3292, 1.599999999999999867 ) ;
#5861 = CARTESIAN_POINT ( 'NONE',  ( 6.863826314353819846, 1.135666577308033220, -1.863266916289525676 ) ) ;
#5862 = CYLINDRICAL_SURFACE ( 'NONE', #7821, 0.2000000000000000944 ) ;
#5863 =( BOUNDED_SURFACE ( )  B_SPLINE_SURFACE ( 3, 2, ( 
 ( #4542, #6471, #1482 ),
 ( #7086, #269, #4016 ),
 ( #3374, #3937, #7119 ),
 ( #6396, #870, #2116 ),
 ( #5829, #1558, #306 ),
 ( #5229, #7690, #1599 ),
 ( #2158, #949, #3416 ),
 ( #350, #5870, #5269 ) ),
 .UNSPECIFIED., .F., .F., .T. ) 
 B_SPLINE_SURFACE_WITH_KNOTS ( ( 4, 2, 2, 4 ),
 ( 3, 3 ),
 ( 0.0001896462353775537582, 0.0002196825767924242222, 0.0002497189182072946591, 0.0003097916010370355870 ),
 ( 0.1251348931189299740, 1.000000000000000000 ),
 .UNSPECIFIED. ) 
 GEOMETRIC_REPRESENTATION_ITEM ( )  RATIONAL_B_SPLINE_SURFACE ( (
 ( 0.9809228892605978967, 0.9237738161438673323, 1.000000000000000000),
 ( 0.9809447991585935611, 0.9238613612619779314, 1.000000000000000000),
 ( 0.9805752625559605029, 0.9223848082661567638, 1.000000000000000000),
 ( 0.9797069358429593144, 0.9189152455752134241, 1.000000000000000000),
 ( 0.9792482930533489283, 0.9170826520508219559, 1.000000000000000000),
 ( 0.9782056155931169172, 0.9129164381585822552, 1.000000000000000000),
 ( 0.9778686218570398214, 0.9115699163065331678, 1.000000000000000000),
 ( 0.9778711803957476079, 0.9115801394291326298, 1.000000000000000000) ) ) 
 REPRESENTATION_ITEM ( '' )  SURFACE ( )  );
#5864 = CIRCLE ( 'NONE', #6261, 1.949999999999999956 ) ;
#5865 = AXIS2_PLACEMENT_3D ( 'NONE', #5784, #1548, #292 ) ;
#5866 = EDGE_CURVE ( 'NONE', #4334, #6604, #2446, .T. ) ;
#5867 = CARTESIAN_POINT ( 'NONE',  ( 4.553606797749451651, 1.324490431726540018, -1.843449624784289753 ) ) ;
#5868 = CARTESIAN_POINT ( 'NONE',  ( 5.693893202250020380, 1.342718980693138331, -1.767033746174716757 ) ) ;
#5869 = ORIENTED_EDGE ( 'NONE', *, *, #1194, .T. ) ;
#5870 = CARTESIAN_POINT ( 'NONE',  ( 4.639999999999962377, 1.286586176947084770, -2.053772078754171559 ) ) ;
#5871 = ORIENTED_EDGE ( 'NONE', *, *, #3827, .F. ) ;
#5872 = VECTOR ( 'NONE', #7327, 1000.000000000000000 ) ;
#5873 = CARTESIAN_POINT ( 'NONE',  ( 7.200000000000001066, 1.349999999999978106, -2.257615395000002412 ) ) ;
#5874 = CARTESIAN_POINT ( 'NONE',  ( 5.506106797749978909, 1.725708456097916343, -1.579672218218385327 ) ) ;
#5875 = DIRECTION ( 'NONE',  ( 0.000000000000000000, -6.550704629611122026E-16, 1.000000000000000000 ) ) ;
#5876 = CARTESIAN_POINT ( 'NONE',  ( 5.368054094623412986, 1.304307950136347038, -2.957499999999998241 ) ) ;
#5877 = VECTOR ( 'NONE', #1972, 1000.000000000000000 ) ;
#5878 = VECTOR ( 'NONE', #1604, 1000.000000000000000 ) ;
#5879 = ORIENTED_EDGE ( 'NONE', *, *, #2112, .T. ) ;
#5880 = EDGE_LOOP ( 'NONE', ( #3458, #5351, #3235, #5230 ) ) ;
#5881 = CARTESIAN_POINT ( 'NONE',  ( -11.84999999999999787, -5.923880016140430501E-16, 0.4900000000000030442 ) ) ;
#5882 = CARTESIAN_POINT ( 'NONE',  ( 5.269463606425993873, 1.099999999999979439, -2.257615395000003300 ) ) ;
#5883 = CARTESIAN_POINT ( 'NONE',  ( 6.870358979474151084, 1.159348896091822345, -1.785830519276183859 ) ) ;
#5884 = VECTOR ( 'NONE', #203, 1000.000000000000000 ) ;
#5885 = EDGE_CURVE ( 'NONE', #5074, #7785, #5135, .T. ) ;
#5886 = CARTESIAN_POINT ( 'NONE',  ( -10.20000000000000107, 3.149999999999999911, -4.409999999999994813 ) ) ;
#5887 = CARTESIAN_POINT ( 'NONE',  ( 5.423936520126687810, 0.9999999999999780176, -3.060635598671182844 ) ) ;
#5888 = LINE ( 'NONE', #2785, #7536 ) ;
#5889 = ORIENTED_EDGE ( 'NONE', *, *, #5575, .T. ) ;
#5890 = CARTESIAN_POINT ( 'NONE',  ( 5.290976623819084068, 2.949999999999978861, -2.257615395000002856 ) ) ;
#5891 = EDGE_LOOP ( 'NONE', ( #3839, #204, #2397, #4447 ) ) ;
#5892 = EDGE_CURVE ( 'NONE', #1520, #6082, #1204, .T. ) ;
#5893 = ORIENTED_EDGE ( 'NONE', *, *, #1336, .F. ) ;
#5894 = FACE_OUTER_BOUND ( 'NONE', #6239, .T. ) ;
#5895 = DIRECTION ( 'NONE',  ( 1.000000000000000000, 0.000000000000000000, 0.000000000000000000 ) ) ;
#5896 = CARTESIAN_POINT ( 'NONE',  ( 5.290566438450416520, 1.502181241904422038, -1.572566094590639896 ) ) ;
#5897 = EDGE_CURVE ( 'NONE', #2744, #3158, #1914, .T. ) ;
#5898 = B_SPLINE_CURVE_WITH_KNOTS ( 'NONE', 3,
 ( #5794, #308, #5232, #4057 ),
 .UNSPECIFIED., .F., .F.,
 ( 4, 4 ),
 ( 0.000000000000000000, 1.000000000000000000 ),
 .UNSPECIFIED. ) ;
#5899 = ORIENTED_EDGE ( 'NONE', *, *, #3976, .F. ) ;
#5900 = DIRECTION ( 'NONE',  ( -0.000000000000000000, -0.000000000000000000, 1.000000000000000000 ) ) ;
#5901 = EDGE_LOOP ( 'NONE', ( #2879, #6424, #1734, #4297 ) ) ;
#5902 = CARTESIAN_POINT ( 'NONE',  ( 5.909023376181059994, 1.221618638213424202, -1.572840339603875925 ) ) ;
#5903 = ORIENTED_EDGE ( 'NONE', *, *, #2280, .T. ) ;
#5904 = CARTESIAN_POINT ( 'NONE',  ( -10.65000000000002167, 0.4500000000000383693, 0.1400000000000033717 ) ) ;
#5905 = EDGE_CURVE ( 'NONE', #7580, #3834, #6454, .T. ) ;
#5906 = FACE_OUTER_BOUND ( 'NONE', #892, .T. ) ;
#5907 = CARTESIAN_POINT ( 'NONE',  ( -4.000000000000000888, 1.349999999999978106, -1.600215950848131063 ) ) ;
#5908 = ORIENTED_EDGE ( 'NONE', *, *, #7143, .F. ) ;
#5909 = ORIENTED_EDGE ( 'NONE', *, *, #3851, .T. ) ;
#5910 = DIRECTION ( 'NONE',  ( 1.000000000000000000, 0.000000000000000000, 0.000000000000000000 ) ) ;
#5911 = ORIENTED_EDGE ( 'NONE', *, *, #4349, .F. ) ;
#5912 = DIRECTION ( 'NONE',  ( 0.000000000000000000, 0.9116918447891282362, -0.4108746525949198980 ) ) ;
#5913 = ADVANCED_FACE ( 'NONE', ( #928 ), #408, .F. ) ;
#5914 = EDGE_CURVE ( 'NONE', #4536, #1974, #135, .T. ) ;
#5915 = DIRECTION ( 'NONE',  ( -0.000000000000000000, 0.4108746525949196204, 0.9116918447891282362 ) ) ;
#5916 = AXIS2_PLACEMENT_3D ( 'NONE', #5851, #7711, #5170 ) ;
#5917 = CARTESIAN_POINT ( 'NONE',  ( 5.693893202250020380, 1.445708456097916317, -1.579672218218385105 ) ) ;
#5918 = ORIENTED_EDGE ( 'NONE', *, *, #479, .F. ) ;
#5919 = ORIENTED_EDGE ( 'NONE', *, *, #5565, .T. ) ;
#5920 = LINE ( 'NONE', #883, #7474 ) ;
#5921 = DIRECTION ( 'NONE',  ( 3.624795322936608189E-15, 1.000000000000000000, -1.626041754504986971E-30 ) ) ;
#5922 = CARTESIAN_POINT ( 'NONE',  ( 6.830117865549881095, 1.172811487970366606, -1.710058053492550023 ) ) ;
#5923 = CARTESIAN_POINT ( 'NONE',  ( 5.506106797749978909, 1.062718980693138304, -1.767033746174717868 ) ) ;
#5924 = CARTESIAN_POINT ( 'NONE',  ( 5.506106797749978909, 0.9999999999999781286, -2.957499999999998685 ) ) ;
#5925 = LINE ( 'NONE', #3435, #2121 ) ;
#5926 = ORIENTED_EDGE ( 'NONE', *, *, #7538, .T. ) ;
#5927 = CARTESIAN_POINT ( 'NONE',  ( 7.200000000000001066, 1.349999999999978106, -2.257615395000003300 ) ) ;
#5928 = EDGE_CURVE ( 'NONE', #1252, #5128, #4567, .T. ) ;
#5929 = ORIENTED_EDGE ( 'NONE', *, *, #3678, .T. ) ;
#5930 = DIRECTION ( 'NONE',  ( 1.000000000000000000, -3.624795322936608189E-15, -4.485885711162466802E-16 ) ) ;
#5931 = CARTESIAN_POINT ( 'NONE',  ( -7.200000000000001954, 1.099999999999978106, -2.257615395000000191 ) ) ;
#5932 = CARTESIAN_POINT ( 'NONE',  ( 7.200000000000001066, 1.223276080241501917, -1.572038693219062422 ) ) ;
#5933 = LINE ( 'NONE', #4133, #2419 ) ;
#5934 = ORIENTED_EDGE ( 'NONE', *, *, #7293, .T. ) ;
#5935 = DIRECTION ( 'NONE',  ( 0.000000000000000000, -2.602085213965208275E-15, -1.000000000000000000 ) ) ;
#5936 = DIRECTION ( 'NONE',  ( 1.000000000000000000, -3.624795322936608189E-15, -4.485885711162466802E-16 ) ) ;
#5937 = VECTOR ( 'NONE', #4293, 1000.000000000000114 ) ;
#5938 = VERTEX_POINT ( 'NONE', #7105 ) ;
#5939 = PLANE ( 'NONE',  #3348 ) ;
#5940 = ORIENTED_EDGE ( 'NONE', *, *, #2189, .T. ) ;
#5941 = DIRECTION ( 'NONE',  ( -1.000000000000000000, 3.624795322936608189E-15, 0.000000000000000000 ) ) ;
#5942 = CARTESIAN_POINT ( 'NONE',  ( 4.639999999999999680, 1.233682589236780203, -1.567044775763913211 ) ) ;
#5943 = DIRECTION ( 'NONE',  ( -4.485885711162466802E-16, -0.000000000000000000, -1.000000000000000000 ) ) ;
#5944 = EDGE_CURVE ( 'NONE', #3278, #4178, #1505, .T. ) ;
#5945 = ORIENTED_EDGE ( 'NONE', *, *, #1014, .F. ) ;
#5946 = ORIENTED_EDGE ( 'NONE', *, *, #1195, .T. ) ;
#5947 = DIRECTION ( 'NONE',  ( -1.000000000000000000, -3.624795322936608189E-15, 0.000000000000000000 ) ) ;
#5948 = ORIENTED_EDGE ( 'NONE', *, *, #4753, .F. ) ;
#5949 = CARTESIAN_POINT ( 'NONE',  ( 6.560000000000003162, 1.238057920502199982, -1.556363431405730857 ) ) ;
#5950 = CARTESIAN_POINT ( 'NONE',  ( 5.776063479873386974, 1.172200902661178823, -1.456409822439909352 ) ) ;
#5951 = DIRECTION ( 'NONE',  ( -8.673617379884041783E-15, 0.000000000000000000, -1.000000000000000000 ) ) ;
#5952 = CARTESIAN_POINT ( 'NONE',  ( 12.05000000000003268, 0.2499999999999961975, -2.610000000000010090 ) ) ;
#5953 = DIRECTION ( 'NONE',  ( 0.000000000000000000, -0.000000000000000000, -1.000000000000000000 ) ) ;
#5954 = EDGE_CURVE ( 'NONE', #503, #2045, #7208, .T. ) ;
#5955 = ORIENTED_EDGE ( 'NONE', *, *, #3170, .T. ) ;
#5956 = EDGE_CURVE ( 'NONE', #1943, #3959, #6428, .T. ) ;
#5957 = ORIENTED_EDGE ( 'NONE', *, *, #595, .T. ) ;
#5958 = CARTESIAN_POINT ( 'NONE',  ( 5.388174878858451144, 1.034287971046177645, -2.059585621197978167 ) ) ;
#5959 = CARTESIAN_POINT ( 'NONE',  ( 10.40000000000000746, 0.4500000000000374811, -0.6600000000000008082 ) ) ;
#5960 = DIRECTION ( 'NONE',  ( 0.000000000000000000, 0.000000000000000000, -1.000000000000000000 ) ) ;
#5961 = ADVANCED_FACE ( 'NONE', ( #5894 ), #5290, .F. ) ;
#5962 = DIRECTION ( 'NONE',  ( 0.000000000000000000, 1.000000000000000000, -0.000000000000000000 ) ) ;
#5963 = DIRECTION ( 'NONE',  ( -0.000000000000000000, -0.000000000000000000, 1.000000000000000000 ) ) ;
#5964 = CIRCLE ( 'NONE', #3013, 0.2999999999999999334 ) ;
#5965 = CARTESIAN_POINT ( 'NONE',  ( 6.560000000000000497, 1.094073794982440617, -2.173182992333138497 ) ) ;
#5966 = ORIENTED_EDGE ( 'NONE', *, *, #5176, .T. ) ;
#5967 = DIRECTION ( 'NONE',  ( -0.7071067811865454633, -3.491481338843133750E-15, 0.7071067811865496822 ) ) ;
#5968 = ORIENTED_EDGE ( 'NONE', *, *, #1812, .F. ) ;
#5969 = ORIENTED_EDGE ( 'NONE', *, *, #1295, .F. ) ;
#5970 = LINE ( 'NONE', #3565, #7064 ) ;
#5971 = VECTOR ( 'NONE', #491, 1000.000000000000000 ) ;
#5972 = CARTESIAN_POINT ( 'NONE',  ( 4.620012700290719643, 1.062719008929844611, -1.767033637547323233 ) ) ;
#5973 = EDGE_CURVE ( 'NONE', #4803, #3563, #2179, .T. ) ;
#5974 = CARTESIAN_POINT ( 'NONE',  ( 6.646393202251077881, 1.042592249483210054, -1.852281368216459834 ) ) ;
#5975 = CIRCLE ( 'NONE', #6765, 0.1499999999999999667 ) ;
#5976 = CARTESIAN_POINT ( 'NONE',  ( 5.742948229004937843, 1.099999999999977884, -3.255695785803226272 ) ) ;
#5977 = ORIENTED_EDGE ( 'NONE', *, *, #5956, .F. ) ;
#5978 = LINE ( 'NONE', #2272, #7030 ) ;
#5979 = CARTESIAN_POINT ( 'NONE',  ( 5.930536393574006304, 1.238057920502389608, -1.556363431405268116 ) ) ;
#5980 = ORIENTED_EDGE ( 'NONE', *, *, #4039, .T. ) ;
#5981 = DIRECTION ( 'NONE',  ( 1.333139840934740203E-16, -1.000000000000000000, -6.550704629611134845E-16 ) ) ;
#5982 = DIRECTION ( 'NONE',  ( -3.624795322936607400E-15, 1.000000000000000000, 0.000000000000000000 ) ) ;
#5983 = EDGE_CURVE ( 'NONE', #578, #2428, #13, .T. ) ;
#5984 = CARTESIAN_POINT ( 'NONE',  ( 6.256204919917502494, 3.349999999999999645, 5.709999999999999964 ) ) ;
#5985 = CARTESIAN_POINT ( 'NONE',  ( 3.975000000000000089, 3.349999999999999645, 3.239999999999997993 ) ) ;
#5986 = ORIENTED_EDGE ( 'NONE', *, *, #2754, .F. ) ;
#5987 = ORIENTED_EDGE ( 'NONE', *, *, #1255, .T. ) ;
#5988 = CARTESIAN_POINT ( 'NONE',  ( 4.424870718265563774, 1.044490431726387669, -1.843449624784989860 ) ) ;
#5989 = EDGE_LOOP ( 'NONE', ( #7120, #3153, #4631, #774 ) ) ;
#5990 = EDGE_CURVE ( 'NONE', #6776, #6439, #1665, .T. ) ;
#5991 = CARTESIAN_POINT ( 'NONE',  ( -10.39073772474620228, 1.699999999999999734, -5.143883475253812065 ) ) ;
#5992 = CARTESIAN_POINT ( 'NONE',  ( 5.851753182686026733, 1.093186348501069993, -1.776964157618794449 ) ) ;
#5993 = AXIS2_PLACEMENT_3D ( 'NONE', #1979, #2334, #5322 ) ;
#5994 = AXIS2_PLACEMENT_3D ( 'NONE', #7072, #6308, #6383 ) ;
#5995 = EDGE_CURVE ( 'NONE', #4301, #993, #3215, .T. ) ;
#5996 = CARTESIAN_POINT ( 'NONE',  ( -3.983275060020187386, 3.599998676015787158, 3.238590747837489126 ) ) ;
#5997 = DIRECTION ( 'NONE',  ( 4.485885711162466802E-16, -1.626041754504986620E-30, 1.000000000000000000 ) ) ;
#5998 = CARTESIAN_POINT ( 'NONE',  ( 5.599999999999999645, 1.279999999999978266, -3.051393202250019421 ) ) ;
#5999 = ORIENTED_EDGE ( 'NONE', *, *, #640, .T. ) ;
#6000 = VECTOR ( 'NONE', #5181, 1000.000000000000114 ) ;
#6001 = VECTOR ( 'NONE', #160, 1000.000000000000000 ) ;
#6002 = ORIENTED_EDGE ( 'NONE', *, *, #2904, .F. ) ;
#6003 = CARTESIAN_POINT ( 'NONE',  ( 5.506106797749978909, 1.027813721342087039, -1.929438750280535464 ) ) ;
#6004 = DIRECTION ( 'NONE',  ( 1.000000000000000000, -3.624795322936608189E-15, -4.485885711162466802E-16 ) ) ;
#6005 = CARTESIAN_POINT ( 'NONE',  ( 6.847381415941644178, 1.398785379516765515, -1.865516460276422261 ) ) ;
#6006 = EDGE_CURVE ( 'NONE', #3191, #2625, #1580, .T. ) ;
#6007 = CARTESIAN_POINT ( 'NONE',  ( 7.200000000000001066, 1.062718980693142079, -1.767033746174702991 ) ) ;
#6008 = CARTESIAN_POINT ( 'NONE',  ( 5.290976623819084068, 1.090909090909068846, -2.957499999999998685 ) ) ;
#6009 = VECTOR ( 'NONE', #5048, 1000.000000000000000 ) ;
#6010 = VECTOR ( 'NONE', #4876, 1000.000000000000000 ) ;
#6011 = CARTESIAN_POINT ( 'NONE',  ( -7.250000000000000000, 3.349999999999999645, -0.004506036726488661485 ) ) ;
#6012 = ORIENTED_EDGE ( 'NONE', *, *, #6785, .F. ) ;
#6013 = CARTESIAN_POINT ( 'NONE',  ( 5.289692055220194256, 1.503276080241501944, -1.572038693219062422 ) ) ;
#6014 = ORIENTED_EDGE ( 'NONE', *, *, #2297, .F. ) ;
#6015 = AXIS2_PLACEMENT_3D ( 'NONE', #2308, #7872, #1670 ) ;
#6016 = VERTEX_POINT ( 'NONE', #1016 ) ;
#6017 = PLANE ( 'NONE',  #6037 ) ;
#6018 = LINE ( 'NONE', #2305, #5971 ) ;
#6019 = CARTESIAN_POINT ( 'NONE',  ( 6.560000000000001386, 1.353878595024246234, -2.146276001350261087 ) ) ;
#6020 = EDGE_CURVE ( 'NONE', #4208, #6525, #5660, .T. ) ;
#6021 = ADVANCED_FACE ( 'NONE', ( #4129 ), #4741, .T. ) ;
#6022 = AXIS2_PLACEMENT_3D ( 'NONE', #232, #385, #3337 ) ;
#6023 = CARTESIAN_POINT ( 'NONE',  ( 5.693893202250020380, 0.9999999999999780176, -3.012501364463421982 ) ) ;
#6024 = ORIENTED_EDGE ( 'NONE', *, *, #343, .F. ) ;
#6025 = EDGE_CURVE ( 'NONE', #4975, #6525, #571, .T. ) ;
#6026 = CARTESIAN_POINT ( 'NONE',  ( -7.216773892266391321, 3.599999248646957639, 3.238773042026716453 ) ) ;
#6027 = B_SPLINE_CURVE_WITH_KNOTS ( 'NONE', 3,
 ( #4501, #7720, #7567, #2194, #3892, #985, #6509, #6345 ),
 .UNSPECIFIED., .F., .F.,
 ( 4, 2, 2, 4 ),
 ( 0.000000000000000000, 0.2500000000000000555, 0.4999999999999998890, 1.000000000000000000 ),
 .UNSPECIFIED. ) ;
#6028 = ORIENTED_EDGE ( 'NONE', *, *, #7839, .T. ) ;
#6029 = CARTESIAN_POINT ( 'NONE',  ( 4.485951924299829585, 1.360856017519556316, -1.692278906835468000 ) ) ;
#6030 = EDGE_LOOP ( 'NONE', ( #5850, #3323, #5101, #6697, #1567, #3025 ) ) ;
#6031 = DIRECTION ( 'NONE',  ( 0.000000000000000000, 1.000000000000000000, 0.000000000000000000 ) ) ;
#6032 = CARTESIAN_POINT ( 'NONE',  ( 5.922319365811676839, 1.099999999999978106, -3.146310313076983167 ) ) ;
#6033 = DIRECTION ( 'NONE',  ( 1.000000000000000000, -0.000000000000000000, -4.485885711162466802E-16 ) ) ;
#6034 = ORIENTED_EDGE ( 'NONE', *, *, #6210, .T. ) ;
#6035 = EDGE_LOOP ( 'NONE', ( #2136, #2972, #558, #7511, #6468 ) ) ;
#6036 = CARTESIAN_POINT ( 'NONE',  ( 4.000000000000000000, 3.599583217528247392, 3.214999999999998082 ) ) ;
#6037 = AXIS2_PLACEMENT_3D ( 'NONE', #2997, #5500, #4894 ) ;
#6038 = ADVANCED_FACE ( 'NONE', ( #7263 ), #5457, .F. ) ;
#6039 = EDGE_LOOP ( 'NONE', ( #6134, #3626, #4482, #3457 ) ) ;
#6040 = CARTESIAN_POINT ( 'NONE',  ( 5.909861704071315280, 1.222734500323006124, -1.572298588771865901 ) ) ;
#6041 = CIRCLE ( 'NONE', #7581, 0.2000000000000000944 ) ;
#6042 = DIRECTION ( 'NONE',  ( 0.7071067811865474617, 1.927470528863142616E-15, 0.7071067811865474617 ) ) ;
#6043 = CARTESIAN_POINT ( 'NONE',  ( 5.599999999999999645, 1.279999999999978044, -3.122559593183956039 ) ) ;
#6044 = ORIENTED_EDGE ( 'NONE', *, *, #6504, .F. ) ;
#6045 = EDGE_LOOP ( 'NONE', ( #7317, #5317, #603, #1015, #2057, #266, #6058, #20, #7466, #531 ) ) ;
#6046 = LINE ( 'NONE', #4795, #513 ) ;
#6047 = CARTESIAN_POINT ( 'NONE',  ( 6.848596693069056940, 1.399263958383220263, -1.868574503494032424 ) ) ;
#6048 = DIRECTION ( 'NONE',  ( -1.000000000000000000, -1.445602896647339508E-15, 0.000000000000000000 ) ) ;
#6049 = DIRECTION ( 'NONE',  ( -1.333139840934740450E-16, 1.000000000000000000, 0.000000000000000000 ) ) ;
#6050 = AXIS2_PLACEMENT_3D ( 'NONE', #7172, #2947, #7857 ) ;
#6051 = CARTESIAN_POINT ( 'NONE',  ( 6.709635793653112579, 1.095910396580206614, -2.134195490425247144 ) ) ;
#6052 = VERTEX_POINT ( 'NONE', #1273 ) ;
#6053 = VECTOR ( 'NONE', #2222, 1000.000000000000114 ) ;
#6054 = DIRECTION ( 'NONE',  ( 0.000000000000000000, 0.9116918447891283472, -0.4108746525949198980 ) ) ;
#6055 = VERTEX_POINT ( 'NONE', #2304 ) ;
#6056 = EDGE_CURVE ( 'NONE', #3355, #1832, #6059, .T. ) ;
#6057 = CARTESIAN_POINT ( 'NONE',  ( 10.19999999999999929, 3.149999999999999911, 4.289999999999998259 ) ) ;
#6058 = ORIENTED_EDGE ( 'NONE', *, *, #2890, .F. ) ;
#6059 = LINE ( 'NONE', #618, #2950 ) ;
#6060 = DIRECTION ( 'NONE',  ( -0.000000000000000000, 0.4108746525949196760, 0.9116918447891283472 ) ) ;
#6061 = CARTESIAN_POINT ( 'NONE',  ( 5.910403126048091593, 2.080518027299794959, -0.2869463309828392816 ) ) ;
#6062 = PLANE ( 'NONE',  #846 ) ;
#6063 = LINE ( 'NONE', #4772, #2146 ) ;
#6064 = VERTEX_POINT ( 'NONE', #1825 ) ;
#6065 = CARTESIAN_POINT ( 'NONE',  ( 5.930536393574007192, 1.263370087140091247, -1.497497287699401269 ) ) ;
#6066 = EDGE_CURVE ( 'NONE', #6988, #6450, #5398, .T. ) ;
#6067 = ADVANCED_FACE ( 'NONE', ( #1096 ), #6017, .T. ) ;
#6068 = VERTEX_POINT ( 'NONE', #1228 ) ;
#6069 = CARTESIAN_POINT ( 'NONE',  ( 6.683797964855668461, 1.218147915033324979, -1.586620530315065780 ) ) ;
#6070 = ORIENTED_EDGE ( 'NONE', *, *, #3405, .F. ) ;
#6071 = DIRECTION ( 'NONE',  ( 0.000000000000000000, -1.000000000000000000, 0.000000000000000000 ) ) ;
#6072 = CARTESIAN_POINT ( 'NONE',  ( 5.914750395530417926, 1.096801526281418360, -3.141876512939421495 ) ) ;
#6073 = CARTESIAN_POINT ( 'NONE',  ( 6.847617115907791430, 1.400216322838930383, -1.859908776992771795 ) ) ;
#6074 = VERTEX_POINT ( 'NONE', #7902 ) ;
#6075 = CARTESIAN_POINT ( 'NONE',  ( 4.599597451948776339, 1.061084740362109091, -1.773183998261683936 ) ) ;
#6076 = VERTEX_POINT ( 'NONE', #4325 ) ;
#6077 = DIRECTION ( 'NONE',  ( -1.000000000000000000, 0.000000000000000000, 0.000000000000000000 ) ) ;
#6078 = CARTESIAN_POINT ( 'NONE',  ( 4.553605988057615406, 1.040104609713733863, -1.863987622967451685 ) ) ;
#6079 = EDGE_CURVE ( 'NONE', #2615, #5482, #2187, .T. ) ;
#6080 = CARTESIAN_POINT ( 'NONE',  ( 5.693893202250020380, 1.279999999999978266, -2.957499999999998685 ) ) ;
#6081 = VERTEX_POINT ( 'NONE', #6713 ) ;
#6082 = VERTEX_POINT ( 'NONE', #2429 ) ;
#6083 = DIRECTION ( 'NONE',  ( 0.000000000000000000, 0.9116918447891286803, -0.4108746525949191208 ) ) ;
#6084 = CARTESIAN_POINT ( 'NONE',  ( 3.061616997868383043E-15, 3.349999999999999645, -4.409999999999997478 ) ) ;
#6085 = CARTESIAN_POINT ( 'NONE',  ( -10.65000000000001990, 0.3000000000000383471, 2.786410161513778849 ) ) ;
#6086 = DIRECTION ( 'NONE',  ( 0.7071067811865453523, 3.315229009045129050E-15, -0.7071067811865497932 ) ) ;
#6087 = CYLINDRICAL_SURFACE ( 'NONE', #3174, 0.03000000000000007869 ) ;
#6088 = DIRECTION ( 'NONE',  ( 0.000000000000000000, 0.000000000000000000, -1.000000000000000000 ) ) ;
#6089 = ORIENTED_EDGE ( 'NONE', *, *, #4011, .F. ) ;
#6090 = DIRECTION ( 'NONE',  ( -0.7071067811865474617, 3.035766082959420304E-15, -0.7071067811865474617 ) ) ;
#6091 = VERTEX_POINT ( 'NONE', #6094 ) ;
#6092 = CARTESIAN_POINT ( 'NONE',  ( 3.950000000000000178, 3.349999999999999645, 3.214999999999998526 ) ) ;
#6093 = ORIENTED_EDGE ( 'NONE', *, *, #31, .F. ) ;
#6094 = CARTESIAN_POINT ( 'NONE',  ( 5.599999999999999645, 1.779847494822332843, -0.7293931419030967866 ) ) ;
#6095 = DIRECTION ( 'NONE',  ( 1.843136733154392667E-16, -0.9116918447891283472, 0.4108746525949196760 ) ) ;
#6096 = CARTESIAN_POINT ( 'NONE',  ( 7.244112548466064894, 3.349999999999999645, -7.654112548466061483 ) ) ;
#6097 = VECTOR ( 'NONE', #6226, 1000.000000000000000 ) ;
#6098 = ADVANCED_FACE ( 'NONE', ( #3085 ), #5422, .F. ) ;
#6099 = FACE_OUTER_BOUND ( 'NONE', #4478, .T. ) ;
#6100 = CARTESIAN_POINT ( 'NONE',  ( 5.923564321907125674, 1.099999999999978106, -3.037610485853285525 ) ) ;
#6101 = ORIENTED_EDGE ( 'NONE', *, *, #5063, .F. ) ;
#6102 = ORIENTED_EDGE ( 'NONE', *, *, #2102, .F. ) ;
#6103 = CARTESIAN_POINT ( 'NONE',  ( 4.387112524783578493, 1.368028855122768617, -2.012560749755621714 ) ) ;
#6104 = VECTOR ( 'NONE', #25, 1000.000000000000000 ) ;
#6105 = ORIENTED_EDGE ( 'NONE', *, *, #1063, .F. ) ;
#6106 = CARTESIAN_POINT ( 'NONE',  ( 6.625277519078550448, 1.056300666207631522, -1.792377353984491606 ) ) ;
#6107 = ORIENTED_EDGE ( 'NONE', *, *, #3048, .T. ) ;
#6108 = CARTESIAN_POINT ( 'NONE',  ( 5.886506805092603045, 1.349999999999978106, -2.257615395000003300 ) ) ;
#6109 = AXIS2_PLACEMENT_3D ( 'NONE', #6241, #4545, #3942 ) ;
#6110 = EDGE_CURVE ( 'NONE', #5365, #7915, #6793, .T. ) ;
#6111 = CARTESIAN_POINT ( 'NONE',  ( 5.851753182686028509, 1.400474604203437723, -1.671546337434211660 ) ) ;
#6112 = EDGE_CURVE ( 'NONE', #5859, #3790, #2818, .T. ) ;
#6113 = CARTESIAN_POINT ( 'NONE',  ( 5.599999999999999645, 1.090909090909069068, -3.266523376180914706 ) ) ;
#6114 = LINE ( 'NONE', #1203, #7163 ) ;
#6115 = ORIENTED_EDGE ( 'NONE', *, *, #5428, .T. ) ;
#6116 = CARTESIAN_POINT ( 'NONE',  ( 3.990629812656681263, 3.599982819655482835, 3.234711246747691948 ) ) ;
#6117 = ORIENTED_EDGE ( 'NONE', *, *, #3708, .T. ) ;
#6118 = CARTESIAN_POINT ( 'NONE',  ( -10.85000000000000497, 0.2499999999999948652, -2.809999999999997389 ) ) ;
#6119 = EDGE_CURVE ( 'NONE', #5331, #2528, #7225, .T. ) ;
#6120 = CARTESIAN_POINT ( 'NONE',  ( -3.992801991919783244, 3.599967226533913767, 3.232774063705610601 ) ) ;
#6121 = EDGE_CURVE ( 'NONE', #6203, #106, #5970, .T. ) ;
#6122 = CIRCLE ( 'NONE', #198, 0.5000000000000000000 ) ;
#6123 = CARTESIAN_POINT ( 'NONE',  ( -10.64999999999999858, 3.150000000000001688, 4.290000000000002700 ) ) ;
#6124 = EDGE_LOOP ( 'NONE', ( #3593, #5968, #6431, #4044 ) ) ;
#6125 = ORIENTED_EDGE ( 'NONE', *, *, #4877, .T. ) ;
#6126 = CIRCLE ( 'NONE', #589, 0.4500000000000007327 ) ;
#6127 = CARTESIAN_POINT ( 'NONE',  ( 4.336171696027079747, 1.122984012900037687, -1.922861434761990562 ) ) ;
#6128 = AXIS2_PLACEMENT_3D ( 'NONE', #2480, #1921, #1322 ) ;
#6129 = CARTESIAN_POINT ( 'NONE',  ( 6.848596693069056940, 1.401085839753614337, -1.860097767983674322 ) ) ;
#6130 = DIRECTION ( 'NONE',  ( 1.000000000000000000, 0.000000000000000000, 0.000000000000000000 ) ) ;
#6131 = LINE ( 'NONE', #607, #4328 ) ;
#6132 = DIRECTION ( 'NONE',  ( 1.000000000000000000, 3.624795322936608189E-15, -0.000000000000000000 ) ) ;
#6133 = CARTESIAN_POINT ( 'NONE',  ( 6.831228678641757313, 1.107448896629455781, -2.009146151312748874 ) ) ;
#6134 = ORIENTED_EDGE ( 'NONE', *, *, #5619, .F. ) ;
#6135 = CARTESIAN_POINT ( 'NONE',  ( -7.703731956237320766, 1.499999999999999334, -7.830889243762690910 ) ) ;
#6136 = EDGE_LOOP ( 'NONE', ( #2992, #5986, #5600, #5156 ) ) ;
#6137 = CARTESIAN_POINT ( 'NONE',  ( -7.199999999999998401, 3.599583217528247836, 3.215000000000001634 ) ) ;
#6138 = ORIENTED_EDGE ( 'NONE', *, *, #2548, .F. ) ;
#6139 = DIRECTION ( 'NONE',  ( 4.485885711162466802E-16, -1.626041754504986620E-30, 1.000000000000000000 ) ) ;
#6140 = CARTESIAN_POINT ( 'NONE',  ( -10.40000000000002522, 0.4714285714286083895, -0.008461497791614812011 ) ) ;
#6141 = DIRECTION ( 'NONE',  ( 1.000000000000000000, 0.000000000000000000, 0.000000000000000000 ) ) ;
#6142 = VECTOR ( 'NONE', #5900, 1000.000000000000000 ) ;
#6143 = AXIS2_PLACEMENT_3D ( 'NONE', #3388, #6411, #3915 ) ;
#6144 = DIRECTION ( 'NONE',  ( -1.000000000000000000, 0.000000000000000000, 2.673324469642592668E-16 ) ) ;
#6145 = CYLINDRICAL_SURFACE ( 'NONE', #1997, 0.02499999999999984873 ) ;
#6146 = VERTEX_POINT ( 'NONE', #2466 ) ;
#6147 = ORIENTED_EDGE ( 'NONE', *, *, #3138, .T. ) ;
#6148 = ADVANCED_FACE ( 'NONE', ( #4254 ), #4928, .F. ) ;
#6149 = AXIS2_PLACEMENT_3D ( 'NONE', #7230, #3485, #7189 ) ;
#6150 = CARTESIAN_POINT ( 'NONE',  ( 5.909023376180915221, 1.232029382811596463, -1.546542005819073529 ) ) ;
#6151 = ORIENTED_EDGE ( 'NONE', *, *, #4887, .T. ) ;
#6152 = CARTESIAN_POINT ( 'NONE',  ( 5.693893202250020380, 1.279999999999978266, -2.957499999999998685 ) ) ;
#6153 = VERTEX_POINT ( 'NONE', #4805 ) ;
#6154 = CARTESIAN_POINT ( 'NONE',  ( 7.200000000000000178, 3.349999999999999645, 3.214999999999998526 ) ) ;
#6155 = CARTESIAN_POINT ( 'NONE',  ( 6.729090462725280553, 1.224200909701901097, -1.588524977021255946 ) ) ;
#6156 = CARTESIAN_POINT ( 'NONE',  ( 5.693893202250020380, 2.949999999999978861, -2.257615395000002856 ) ) ;
#6157 = CARTESIAN_POINT ( 'NONE',  ( 5.914750395530418814, 1.096801526281418804, -2.957499999999997353 ) ) ;
#6158 = LINE ( 'NONE', #464, #6796 ) ;
#6159 = DIRECTION ( 'NONE',  ( 0.000000000000000000, 0.000000000000000000, 1.000000000000000000 ) ) ;
#6160 = EDGE_CURVE ( 'NONE', #4695, #6203, #7356, .T. ) ;
#6161 = DIRECTION ( 'NONE',  ( 0.000000000000000000, 0.000000000000000000, 1.000000000000000000 ) ) ;
#6162 = CARTESIAN_POINT ( 'NONE',  ( 10.21396102944956219, 3.149999999999987477, -4.967106779957176421 ) ) ;
#6163 = ORIENTED_EDGE ( 'NONE', *, *, #1621, .T. ) ;
#6164 = ORIENTED_EDGE ( 'NONE', *, *, #5679, .T. ) ;
#6165 = EDGE_CURVE ( 'NONE', #6374, #4489, #7837, .T. ) ;
#6166 = ADVANCED_FACE ( 'NONE', ( #6291 ), #5577, .T. ) ;
#6167 = AXIS2_PLACEMENT_3D ( 'NONE', #5760, #7047, #4018 ) ;
#6168 = FACE_OUTER_BOUND ( 'NONE', #5614, .T. ) ;
#6169 = CARTESIAN_POINT ( 'NONE',  ( 4.639999999999993463, 1.094073794982440395, -2.173182992333048347 ) ) ;
#6170 = LINE ( 'NONE', #4797, #5298 ) ;
#6171 = DIRECTION ( 'NONE',  ( -0.7071067811865454633, -3.491481338843133750E-15, 0.7071067811865496822 ) ) ;
#6172 = FACE_OUTER_BOUND ( 'NONE', #2742, .T. ) ;
#6173 = CARTESIAN_POINT ( 'NONE',  ( 6.692289795440446554, 1.095352033466501229, -2.143530310338947587 ) ) ;
#6174 = ORIENTED_EDGE ( 'NONE', *, *, #5058, .T. ) ;
#6175 = DIRECTION ( 'NONE',  ( -0.7071067811865454633, -3.491481338843134144E-15, 0.7071067811865496822 ) ) ;
#6176 = VERTEX_POINT ( 'NONE', #4515 ) ;
#6177 = ORIENTED_EDGE ( 'NONE', *, *, #386, .F. ) ;
#6178 = CARTESIAN_POINT ( 'NONE',  ( -7.200000000000001954, 1.099999999999978328, -2.257615394999999747 ) ) ;
#6179 = DIRECTION ( 'NONE',  ( 0.000000000000000000, 0.000000000000000000, -1.000000000000000000 ) ) ;
#6180 = CARTESIAN_POINT ( 'NONE',  ( 5.909023376180916109, 2.078089979429930345, -0.2888788659938811842 ) ) ;
#6181 = CARTESIAN_POINT ( 'NONE',  ( -7.224999999999998757, 3.600000000000000533, 3.240000000000001545 ) ) ;
#6182 = VECTOR ( 'NONE', #3395, 1000.000000000000000 ) ;
#6183 = CARTESIAN_POINT ( 'NONE',  ( 6.625318140277810741, 1.032382832629209268, -1.903654862645663970 ) ) ;
#6184 = ORIENTED_EDGE ( 'NONE', *, *, #4102, .T. ) ;
#6185 = ADVANCED_FACE ( 'NONE', ( #3762 ), #1342, .F. ) ;
#6186 = ORIENTED_EDGE ( 'NONE', *, *, #7454, .T. ) ;
#6187 = CARTESIAN_POINT ( 'NONE',  ( 5.914750395530417926, 1.098802032478440216, -2.171530157955993801 ) ) ;
#6188 = VECTOR ( 'NONE', #3132, 1000.000000000000000 ) ;
#6189 = VERTEX_POINT ( 'NONE', #7546 ) ;
#6190 = ORIENTED_EDGE ( 'NONE', *, *, #6266, .F. ) ;
#6191 = CARTESIAN_POINT ( 'NONE',  ( 6.604997979494438454, 1.097990293411397644, -1.631344044205827348 ) ) ;
#6192 = CARTESIAN_POINT ( 'NONE',  ( 5.887194604367355311, 1.353878595024288201, -2.146276001350389429 ) ) ;
#6193 = DIRECTION ( 'NONE',  ( 0.000000000000000000, 0.000000000000000000, 1.000000000000000000 ) ) ;
#6194 = CARTESIAN_POINT ( 'NONE',  ( 5.776063479873386086, 1.342222206662710748, -1.768948838969536697 ) ) ;
#6195 = ADVANCED_FACE ( 'NONE', ( #5120 ), #2015, .F. ) ;
#6196 = LINE ( 'NONE', #4531, #975 ) ;
#6197 = CARTESIAN_POINT ( 'NONE',  ( 4.597074592052312170, 1.340833114974741003, -1.774131935928044301 ) ) ;
#6198 = ORIENTED_EDGE ( 'NONE', *, *, #7553, .T. ) ;
#6199 = CARTESIAN_POINT ( 'NONE',  ( 6.646393202251342558, 1.044490431726552870, -1.843449624784234020 ) ) ;
#6200 = DIRECTION ( 'NONE',  ( 1.000000000000000000, 0.000000000000000000, 0.000000000000000000 ) ) ;
#6201 = EDGE_CURVE ( 'NONE', #1172, #5228, #2049, .T. ) ;
#6202 = DIRECTION ( 'NONE',  ( 1.000000000000000000, -0.000000000000000000, -4.485885711162466802E-16 ) ) ;
#6203 = VERTEX_POINT ( 'NONE', #3118 ) ;
#6204 = VECTOR ( 'NONE', #3611, 1000.000000000000000 ) ;
#6205 = ORIENTED_EDGE ( 'NONE', *, *, #887, .T. ) ;
#6206 = CARTESIAN_POINT ( 'NONE',  ( 5.348246817313630608, 1.093186348501207217, -1.776964157618830420 ) ) ;
#6207 = CARTESIAN_POINT ( 'NONE',  ( 4.509853966800863923, 1.491231948970403343, -1.600107170446888771 ) ) ;
#6208 = CARTESIAN_POINT ( 'NONE',  ( 5.506106797749978909, 1.279999999999978266, -3.010000127420140448 ) ) ;
#6209 = CARTESIAN_POINT ( 'NONE',  ( 10.85000000000000497, 0.4499999999999955147, -2.810000000000000941 ) ) ;
#6210 = EDGE_CURVE ( 'NONE', #5543, #6414, #7248, .T. ) ;
#6211 = ADVANCED_FACE ( 'NONE', ( #1975 ), #727, .T. ) ;
#6212 = DIRECTION ( 'NONE',  ( -1.000000000000000000, 0.000000000000000000, 0.000000000000000000 ) ) ;
#6213 = ORIENTED_EDGE ( 'NONE', *, *, #1350, .F. ) ;
#6214 = CARTESIAN_POINT ( 'NONE',  ( 5.851753182685894394, 1.977307384968127968, -0.3690938793461719936 ) ) ;
#6215 = ORIENTED_EDGE ( 'NONE', *, *, #7724, .F. ) ;
#6216 = VERTEX_POINT ( 'NONE', #6178 ) ;
#6217 = CARTESIAN_POINT ( 'NONE',  ( 5.290138295928574763, 1.222734500323141349, -1.572298588771800176 ) ) ;
#6218 = DIRECTION ( 'NONE',  ( 0.000000000000000000, 0.000000000000000000, 1.000000000000000000 ) ) ;
#6219 = CARTESIAN_POINT ( 'NONE',  ( 6.646393970809332252, 1.040104708793667676, -1.863987156720354754 ) ) ;
#6220 = ORIENTED_EDGE ( 'NONE', *, *, #429, .F. ) ;
#6221 = CARTESIAN_POINT ( 'NONE',  ( 5.922319365811675951, 1.101997053481823530, -2.171678734253755128 ) ) ;
#6222 = ORIENTED_EDGE ( 'NONE', *, *, #1906, .T. ) ;
#6223 = ADVANCED_FACE ( 'NONE', ( #655 ), #3792, .T. ) ;
#6224 = ORIENTED_EDGE ( 'NONE', *, *, #1605, .T. ) ;
#6225 = CARTESIAN_POINT ( 'NONE',  ( 4.465691137434752989, 1.355087047046655391, -1.713870011210867572 ) ) ;
#6226 = DIRECTION ( 'NONE',  ( -0.000000000000000000, 0.000000000000000000, 1.000000000000000000 ) ) ;
#6227 =( REPRESENTATION_RELATIONSHIP ('NONE','NONE', #2730, #1658 ) REPRESENTATION_RELATIONSHIP_WITH_TRANSFORMATION ( #3102 )SHAPE_REPRESENTATION_RELATIONSHIP( ) );
#6228 = FACE_OUTER_BOUND ( 'NONE', #1351, .T. ) ;
#6229 = VECTOR ( 'NONE', #3481, 1000.000000000000000 ) ;
#6230 = CARTESIAN_POINT ( 'NONE',  ( 5.909023376181088416, 1.092892094782124568, -2.171771136944173453 ) ) ;
#6231 = CARTESIAN_POINT ( 'NONE',  ( 5.599999999999998757, 1.099999999999977884, -3.279819365811674547 ) ) ;
#6232 = DIRECTION ( 'NONE',  ( 1.000000000000000000, 0.000000000000000000, 0.000000000000000000 ) ) ;
#6233 = CARTESIAN_POINT ( 'NONE',  ( 4.000000000000000000, 3.349374608885954174, 3.214999999999998526 ) ) ;
#6234 = VECTOR ( 'NONE', #5281, 1000.000000000000000 ) ;
#6235 = ADVANCED_FACE ( 'NONE', ( #6251 ), #5583, .F. ) ;
#6236 = VECTOR ( 'NONE', #6520, 1000.000000000000000 ) ;
#6237 = CYLINDRICAL_SURFACE ( 'NONE', #335, 0.1999999999999996780 ) ;
#6238 = VECTOR ( 'NONE', #3175, 1000.000000000000000 ) ;
#6239 = EDGE_LOOP ( 'NONE', ( #2381, #7441, #5029, #2461 ) ) ;
#6240 = CARTESIAN_POINT ( 'NONE',  ( 4.316963606424672584, 1.160306538259278542, -1.781424462383921492 ) ) ;
#6241 = CARTESIAN_POINT ( 'NONE',  ( 5.269463606425993873, 1.516019331796417458, -1.485171048121554094 ) ) ;
#6242 = EDGE_CURVE ( 'NONE', #2140, #6621, #4965, .T. ) ;
#6243 = FACE_OUTER_BOUND ( 'NONE', #298, .T. ) ;
#6244 = DIRECTION ( 'NONE',  ( 0.000000000000000000, 6.550704629611133859E-16, -1.000000000000000000 ) ) ;
#6245 = CARTESIAN_POINT ( 'NONE',  ( -10.65000000000002167, 0.5000000000000374145, -0.2064101615137722834 ) ) ;
#6246 = ORIENTED_EDGE ( 'NONE', *, *, #6584, .F. ) ;
#6247 = CIRCLE ( 'NONE', #6922, 0.1999999999999999833 ) ;
#6248 = AXIS2_PLACEMENT_3D ( 'NONE', #2009, #2761, #4477 ) ;
#6249 = EDGE_LOOP ( 'NONE', ( #2845, #2476, #7014, #3497, #7084, #3038 ) ) ;
#6250 = ORIENTED_EDGE ( 'NONE', *, *, #4466, .T. ) ;
#6251 = FACE_OUTER_BOUND ( 'NONE', #3769, .T. ) ;
#6252 = DIRECTION ( 'NONE',  ( -1.000000000000000000, -0.000000000000000000, -0.000000000000000000 ) ) ;
#6253 = EDGE_CURVE ( 'NONE', #500, #6374, #5733, .T. ) ;
#6254 = CARTESIAN_POINT ( 'NONE',  ( 6.602607536626222462, 1.286586178526404334, -2.053772096462186614 ) ) ;
#6255 = AXIS2_PLACEMENT_3D ( 'NONE', #6524, #847, #6331 ) ;
#6256 = VECTOR ( 'NONE', #900, 1000.000000000000000 ) ;
#6257 = DIRECTION ( 'NONE',  ( 1.836970198721029688E-16, 0.4108746525949196760, 0.9116918447891283472 ) ) ;
#6258 = VERTEX_POINT ( 'NONE', #7505 ) ;
#6259 = CARTESIAN_POINT ( 'NONE',  ( 5.693893202250020380, 1.172200902661177935, -1.456409822439909352 ) ) ;
#6260 = ORIENTED_EDGE ( 'NONE', *, *, #5450, .F. ) ;
#6261 = AXIS2_PLACEMENT_3D ( 'NONE', #1403, #5681, #6349 ) ;
#6262 = VERTEX_POINT ( 'NONE', #6408 ) ;
#6263 = VECTOR ( 'NONE', #2065, 1000.000000000000000 ) ;
#6264 = PLANE ( 'NONE',  #129 ) ;
#6265 = LINE ( 'NONE', #6154, #6348 ) ;
#6266 = EDGE_CURVE ( 'NONE', #7012, #2865, #7456, .T. ) ;
#6267 = CARTESIAN_POINT ( 'NONE',  ( 10.65000000000002167, 0.5000000000000384137, 2.786410161513773964 ) ) ;
#6268 = AXIS2_PLACEMENT_3D ( 'NONE', #2743, #6333, #2707 ) ;
#6269 = AXIS2_PLACEMENT_3D ( 'NONE', #4706, #2895, #2205 ) ;
#6270 = DIRECTION ( 'NONE',  ( -0.000000000000000000, -1.000000000000000000, -0.000000000000000000 ) ) ;
#6271 = CARTESIAN_POINT ( 'NONE',  ( 4.000000000000000000, 2.949999999999978861, -2.257615395000002856 ) ) ;
#6272 = CARTESIAN_POINT ( 'NONE',  ( -10.65000000000002167, 0.5000000000000374145, -0.3135898384862205179 ) ) ;
#6273 = CARTESIAN_POINT ( 'NONE',  ( 3.983236508177303570, 3.349998865309581575, 3.238769362700437693 ) ) ;
#6274 = AXIS2_PLACEMENT_3D ( 'NONE', #3603, #7347, #7946 ) ;
#6275 = CARTESIAN_POINT ( 'NONE',  ( 0.000000000000000000, 0.000000000000000000, 0.000000000000000000 ) ) ;
#6276 = CIRCLE ( 'NONE', #7446, 1.850000000000000089 ) ;
#6277 = DIRECTION ( 'NONE',  ( 0.000000000000000000, 1.000000000000000000, 0.000000000000000000 ) ) ;
#6278 = EDGE_CURVE ( 'NONE', #6710, #995, #1494, .T. ) ;
#6279 = EDGE_LOOP ( 'NONE', ( #5899, #4361, #7665, #7608 ) ) ;
#6280 = CARTESIAN_POINT ( 'NONE',  ( 5.599999999999999645, 1.349999999999978106, -2.259999999999998899 ) ) ;
#6281 = FACE_OUTER_BOUND ( 'NONE', #594, .T. ) ;
#6282 = CARTESIAN_POINT ( 'NONE',  ( 7.200000000000001066, 1.491293048337371863, -1.600215950848134172 ) ) ;
#6283 = CYLINDRICAL_SURFACE ( 'NONE', #5726, 0.1999999999999999833 ) ;
#6284 = LINE ( 'NONE', #3825, #5633 ) ;
#6285 = CARTESIAN_POINT ( 'NONE',  ( 5.290976623819084068, 1.090909090909068624, -2.257615395000002856 ) ) ;
#6286 = B_SPLINE_CURVE_WITH_KNOTS ( 'NONE', 3,
 ( #867, #3934, #1555, #944, #5225, #3456, #1517, #3980, #7804, #346, #6554, #5868 ),
 .UNSPECIFIED., .F., .F.,
 ( 4, 2, 2, 2, 2, 4 ),
 ( 0.000000000000000000, 0.2500000000000038303, 0.3125000000000061062, 0.3750000000000084377, 0.5000000000000057732, 1.000000000000000000 ),
 .UNSPECIFIED. ) ;
#6287 = EDGE_LOOP ( 'NONE', ( #458, #7725, #1777, #2239, #2670 ) ) ;
#6288 = CARTESIAN_POINT ( 'NONE',  ( 5.909023376180915221, 2.078089979429930345, -0.2888788659938814063 ) ) ;
#6289 = ORIENTED_EDGE ( 'NONE', *, *, #4388, .F. ) ;
#6290 = ORIENTED_EDGE ( 'NONE', *, *, #1426, .T. ) ;
#6291 = FACE_OUTER_BOUND ( 'NONE', #4971, .T. ) ;
#6292 = CARTESIAN_POINT ( 'NONE',  ( 5.269463606425992985, 1.824056394205139098, -0.2533876050802074675 ) ) ;
#6293 = AXIS2_PLACEMENT_3D ( 'NONE', #3686, #5546, #1144 ) ;
#6294 = CARTESIAN_POINT ( 'NONE',  ( 5.290976623819083180, 1.523249088641970506, -1.520018124870484044 ) ) ;
#6295 = CARTESIAN_POINT ( 'NONE',  ( 6.605130223095749820, 1.004218812190351251, -2.067638165689158924 ) ) ;
#6296 = EDGE_CURVE ( 'NONE', #4437, #3989, #4079, .T. ) ;
#6297 = ORIENTED_EDGE ( 'NONE', *, *, #4565, .T. ) ;
#6298 = CYLINDRICAL_SURFACE ( 'NONE', #2529, 0.1999999999999999833 ) ;
#6299 = ORIENTED_EDGE ( 'NONE', *, *, #4724, .T. ) ;
#6300 = ORIENTED_EDGE ( 'NONE', *, *, #1294, .T. ) ;
#6301 = CARTESIAN_POINT ( 'NONE',  ( 7.250000000000000000, 3.349999999999999645, -0.004506036726491914092 ) ) ;
#6302 = FACE_OUTER_BOUND ( 'NONE', #1795, .T. ) ;
#6303 = CARTESIAN_POINT ( 'NONE',  ( 7.640254000779585830, 3.349999999999999645, 7.011694334997590872 ) ) ;
#6304 = VECTOR ( 'NONE', #6548, 1000.000000000000000 ) ;
#6305 = DIRECTION ( 'NONE',  ( -1.000000000000000000, 0.000000000000000000, 4.485885711162466802E-16 ) ) ;
#6306 = CIRCLE ( 'NONE', #3218, 0.2865068050926034560 ) ;
#6307 = EDGE_CURVE ( 'NONE', #6539, #6693, #6830, .T. ) ;
#6308 = DIRECTION ( 'NONE',  ( 1.000000000000000000, -0.000000000000000000, -4.485885711162466802E-16 ) ) ;
#6309 = EDGE_CURVE ( 'NONE', #7654, #500, #6306, .T. ) ;
#6310 = LINE ( 'NONE', #3927, #1374 ) ;
#6311 = CARTESIAN_POINT ( 'NONE',  ( 5.290976623818671065, 1.221618638213835428, -1.572840339603589044 ) ) ;
#6312 = CARTESIAN_POINT ( 'NONE',  ( 10.07253967321224941, 3.149999999999986144, -4.825685423719866307 ) ) ;
#6313 = DIRECTION ( 'NONE',  ( 0.000000000000000000, 1.000000000000000000, -0.000000000000000000 ) ) ;
#6314 = ORIENTED_EDGE ( 'NONE', *, *, #4062, .T. ) ;
#6315 = CARTESIAN_POINT ( 'NONE',  ( -7.200000000000001954, 2.949999999999978861, -2.257615394999999747 ) ) ;
#6316 = CYLINDRICAL_SURFACE ( 'NONE', #7079, 11.35000000000000320 ) ;
#6317 = CYLINDRICAL_SURFACE ( 'NONE', #6109, 0.03000000000000001971 ) ;
#6318 = CARTESIAN_POINT ( 'NONE',  ( 5.599999999999999645, 1.349999999999978106, -3.244006805092601642 ) ) ;
#6319 = CARTESIAN_POINT ( 'NONE',  ( 6.560000000000010267, 1.210296697591631165, -1.544991777941532529 ) ) ;
#6320 = DIRECTION ( 'NONE',  ( 4.485885711162466802E-16, 0.000000000000000000, 1.000000000000000000 ) ) ;
#6321 = CIRCLE ( 'NONE', #2337, 0.1999999999999999833 ) ;
#6322 = VERTEX_POINT ( 'NONE', #5839 ) ;
#6323 = APPLICATION_CONTEXT ( 'automotive_design' ) ;
#6324 = LINE ( 'NONE', #6362, #2664 ) ;
#6325 = ORIENTED_EDGE ( 'NONE', *, *, #3610, .T. ) ;
#6326 = EDGE_LOOP ( 'NONE', ( #7627, #7544, #394, #6823, #5703 ) ) ;
#6327 = CARTESIAN_POINT ( 'NONE',  ( 12.05000000000000071, -4.878909776184769953E-15, 0.2899999999999977041 ) ) ;
#6328 = CARTESIAN_POINT ( 'NONE',  ( 5.290976623819084068, 1.544150234765843344, -0.8523470498205696355 ) ) ;
#6329 = FACE_OUTER_BOUND ( 'NONE', #2751, .T. ) ;
#6330 = CARTESIAN_POINT ( 'NONE',  ( 4.338476623818157130, 1.132112415834620522, -1.868369995663076377 ) ) ;
#6331 = DIRECTION ( 'NONE',  ( 0.000000000000000000, -1.000000000000000000, 0.000000000000000000 ) ) ;
#6332 = ORIENTED_EDGE ( 'NONE', *, *, #4226, .F. ) ;
#6333 = DIRECTION ( 'NONE',  ( 1.333139840934740203E-16, -1.000000000000000000, -6.550704629611134845E-16 ) ) ;
#6334 = ORIENTED_EDGE ( 'NONE', *, *, #41, .F. ) ;
#6335 = ADVANCED_FACE ( 'NONE', ( #2087 ), #2699, .F. ) ;
#6336 = ORIENTED_EDGE ( 'NONE', *, *, #4072, .F. ) ;
#6337 = CARTESIAN_POINT ( 'NONE',  ( 5.312805395632645755, 1.353878595024287979, -2.146276001350389873 ) ) ;
#6338 = CYLINDRICAL_SURFACE ( 'NONE', #6474, 1.599999999999999867 ) ;
#6339 = PLANE ( 'NONE',  #5783 ) ;
#6340 = EDGE_CURVE ( 'NONE', #7183, #7103, #5920, .T. ) ;
#6341 = DIRECTION ( 'NONE',  ( 0.000000000000000000, 0.000000000000000000, -1.000000000000000000 ) ) ;
#6342 = FACE_OUTER_BOUND ( 'NONE', #2897, .T. ) ;
#6343 = CARTESIAN_POINT ( 'NONE',  ( 5.269463606425994762, 1.099999999999978106, -2.957499999999998685 ) ) ;
#6344 = DIRECTION ( 'NONE',  ( 0.7071067811865495711, 0.000000000000000000, 0.7071067811865453523 ) ) ;
#6345 = CARTESIAN_POINT ( 'NONE',  ( 4.639999999999996128, 1.307813721342110824, -1.929438750280217496 ) ) ;
#6346 = EDGE_CURVE ( 'NONE', #7103, #466, #2145, .T. ) ;
#6347 = EDGE_CURVE ( 'NONE', #4126, #5512, #3740, .T. ) ;
#6348 = VECTOR ( 'NONE', #2441, 1000.000000000000000 ) ;
#6349 = DIRECTION ( 'NONE',  ( 0.000000000000000000, 0.000000000000000000, -1.000000000000000000 ) ) ;
#6350 = CIRCLE ( 'NONE', #3396, 0.4499999999999781952 ) ;
#6351 = ORIENTED_EDGE ( 'NONE', *, *, #268, .F. ) ;
#6352 = CARTESIAN_POINT ( 'NONE',  ( 7.385533904703364350, 3.149999999999999023, -7.795533904703363604 ) ) ;
#6353 = CARTESIAN_POINT ( 'NONE',  ( 5.599999999999999645, 1.090909090909069068, -3.266523376180914706 ) ) ;
#6354 = FACE_OUTER_BOUND ( 'NONE', #1387, .T. ) ;
#6355 = ADVANCED_FACE ( 'NONE', ( #7700 ), #7621, .T. ) ;
#6356 = DIRECTION ( 'NONE',  ( 0.000000000000000000, 0.000000000000000000, 1.000000000000000000 ) ) ;
#6357 = CARTESIAN_POINT ( 'NONE',  ( 4.316963606424637057, 1.112893339305252693, -1.858317113973055434 ) ) ;
#6358 = AXIS2_PLACEMENT_3D ( 'NONE', #7695, #2164, #3340 ) ;
#6359 = DIRECTION ( 'NONE',  ( 0.000000000000000000, 1.000000000000000000, 0.000000000000000000 ) ) ;
#6360 = VECTOR ( 'NONE', #2118, 1000.000000000000000 ) ;
#6361 = EDGE_LOOP ( 'NONE', ( #3760, #684, #4000, #5207 ) ) ;
#6362 = CARTESIAN_POINT ( 'NONE',  ( 7.200000000000001066, 3.600000000000000533, -7.609999999999999432 ) ) ;
#6363 = ORIENTED_EDGE ( 'NONE', *, *, #2752, .T. ) ;
#6364 = FACE_OUTER_BOUND ( 'NONE', #6361, .T. ) ;
#6365 = VECTOR ( 'NONE', #2908, 1000.000000000000000 ) ;
#6366 = DIRECTION ( 'NONE',  ( 0.000000000000000000, 0.000000000000000000, 1.000000000000000000 ) ) ;
#6367 = CARTESIAN_POINT ( 'NONE',  ( 5.288065622245379238, 1.525738379943081036, -1.521093908370019676 ) ) ;
#6368 = CARTESIAN_POINT ( 'NONE',  ( 5.412334464105184928, 1.385341264193591604, -1.673152516304892146 ) ) ;
#6369 = DIRECTION ( 'NONE',  ( -8.225028808767795004E-15, -0.000000000000000000, 1.000000000000000000 ) ) ;
#6370 = CIRCLE ( 'NONE', #1610, 1.899999999999999689 ) ;
#6371 = CARTESIAN_POINT ( 'NONE',  ( 5.693893202250020380, 1.279999999999978266, -2.957499999999999130 ) ) ;
#6372 = ORIENTED_EDGE ( 'NONE', *, *, #3526, .F. ) ;
#6373 = CARTESIAN_POINT ( 'NONE',  ( -3.949999999999999734, 3.600000000000000533, -0.004506036726490162889 ) ) ;
#6374 = VERTEX_POINT ( 'NONE', #7094 ) ;
#6375 = EDGE_CURVE ( 'NONE', #1834, #4803, #3909, .T. ) ;
#6376 = ORIENTED_EDGE ( 'NONE', *, *, #962, .T. ) ;
#6377 = CARTESIAN_POINT ( 'NONE',  ( 4.567245828481959258, 1.334275669782498008, -1.800634990059587937 ) ) ;
#6378 = CARTESIAN_POINT ( 'NONE',  ( 5.693893202250020380, 1.579999999999978089, -2.257615395000002412 ) ) ;
#6379 = LINE ( 'NONE', #5636, #3088 ) ;
#6380 = AXIS2_PLACEMENT_3D ( 'NONE', #1980, #6257, #4332 ) ;
#6381 = AXIS2_PLACEMENT_3D ( 'NONE', #3188, #5489, #1932 ) ;
#6382 = EDGE_CURVE ( 'NONE', #4901, #2086, #1568, .T. ) ;
#6383 = DIRECTION ( 'NONE',  ( 0.000000000000000000, 0.000000000000000000, -1.000000000000000000 ) ) ;
#6384 =( BOUNDED_SURFACE ( )  B_SPLINE_SURFACE ( 3, 2, ( 
 ( #7818, #2987, #2455 ),
 ( #6127, #3028, #7892 ),
 ( #604, #1696, #5484 ),
 ( #6661, #7214, #5446 ),
 ( #4156, #6614, #4279 ),
 ( #4115, #1045, #3074 ),
 ( #4197, #7296, #1084 ),
 ( #1131, #2373, #4241 ) ),
 .UNSPECIFIED., .F., .F., .T. ) 
 B_SPLINE_SURFACE_WITH_KNOTS ( ( 4, 2, 2, 4 ),
 ( 3, 3 ),
 ( 0.0001896462353777895180, 0.0002196825767926010556, 0.0002497189182074125661, 0.0003097916010370355870 ),
 ( 0.03706350744625275945, 1.000000000000000000 ),
 .UNSPECIFIED. ) 
 GEOMETRIC_REPRESENTATION_ITEM ( )  RATIONAL_B_SPLINE_SURFACE ( (
 ( 0.9937807611034450428, 0.9161002381443020814, 1.000000000000000000),
 ( 0.9937879038459525027, 0.9161965963008771308, 1.000000000000000000),
 ( 0.9936674329610162282, 0.9145714008831069552, 1.000000000000000000),
 ( 0.9933843538647005866, 0.9107525624107070117, 1.000000000000000000),
 ( 0.9932348338920111708, 0.9087354843871789933, 1.000000000000000000),
 ( 0.9928949155309028107, 0.9041498638600184989, 1.000000000000000000),
 ( 0.9927850537924081120, 0.9026677896303446635, 1.000000000000000000),
 ( 0.9927858878895449157, 0.9026790418996825105, 1.000000000000000000) ) ) 
 REPRESENTATION_ITEM ( '' )  SURFACE ( )  );
#6385 = CIRCLE ( 'NONE', #2917, 0.02499999999999984873 ) ;
#6386 = CARTESIAN_POINT ( 'NONE',  ( 5.423936520126419580, 1.342222206662710082, -1.768948838969537807 ) ) ;
#6387 = VECTOR ( 'NONE', #7069, 1000.000000000000000 ) ;
#6388 = CARTESIAN_POINT ( 'NONE',  ( -10.40000000000000568, 0.4500000000000376477, -2.959999999999995968 ) ) ;
#6389 = VERTEX_POINT ( 'NONE', #4670 ) ;
#6390 = CARTESIAN_POINT ( 'NONE',  ( 10.40000000000000746, 0.4500000000000376477, -2.960000000000000853 ) ) ;
#6391 = AXIS2_PLACEMENT_3D ( 'NONE', #173, #661, #1944 ) ;
#6392 = VECTOR ( 'NONE', #282, 1000.000000000000000 ) ;
#6393 = CARTESIAN_POINT ( 'NONE',  ( 5.909023376180916109, 1.824150234765843370, -0.8523470498205696355 ) ) ;
#6394 = EDGE_CURVE ( 'NONE', #3382, #1943, #243, .T. ) ;
#6395 = ORIENTED_EDGE ( 'NONE', *, *, #70, .F. ) ;
#6396 = CARTESIAN_POINT ( 'NONE',  ( 4.409811648009730689, 1.369413454051352952, -2.047073589684686556 ) ) ;
#6397 = CARTESIAN_POINT ( 'NONE',  ( -10.40000000000000924, 0.3000000000000374589, -3.306410161513771762 ) ) ;
#6398 = LINE ( 'NONE', #6282, #6360 ) ;
#6399 = DIRECTION ( 'NONE',  ( 0.000000000000000000, -0.9781578207779050294, 0.2078636034783866160 ) ) ;
#6400 = CARTESIAN_POINT ( 'NONE',  ( 6.874819365813022110, 1.142208871125553138, -1.864688895051788586 ) ) ;
#6401 = CIRCLE ( 'NONE', #864, 0.7500000000000002220 ) ;
#6402 = CARTESIAN_POINT ( 'NONE',  ( 5.313493194907396244, 1.349999999999978106, -2.957499999999998685 ) ) ;
#6403 = ADVANCED_FACE ( 'NONE', ( #6364 ), #839, .T. ) ;
#6404 = ORIENTED_EDGE ( 'NONE', *, *, #5565, .F. ) ;
#6405 = EDGE_CURVE ( 'NONE', #6076, #6450, #7256, .T. ) ;
#6406 = CARTESIAN_POINT ( 'NONE',  ( -12.05000000000003446, -3.817301479042937832E-15, -2.610000000000004317 ) ) ;
#6407 = ORIENTED_EDGE ( 'NONE', *, *, #1917, .T. ) ;
#6408 = CARTESIAN_POINT ( 'NONE',  ( 10.40000000000000746, 0.3000000000000374589, -4.209999999999999076 ) ) ;
#6409 = CARTESIAN_POINT ( 'NONE',  ( 5.909023376180916109, 1.544150234765844232, -0.8523470498205698576 ) ) ;
#6410 = CARTESIAN_POINT ( 'NONE',  ( 6.870359079753076692, 1.142208871125188763, -1.864688895051712425 ) ) ;
#6411 = DIRECTION ( 'NONE',  ( -1.000000000000000000, 0.000000000000000000, 0.000000000000000000 ) ) ;
#6412 = EDGE_LOOP ( 'NONE', ( #7727, #4143, #6874, #4828 ) ) ;
#6413 = CARTESIAN_POINT ( 'NONE',  ( 4.368771321479756331, 1.168071471338820722, -1.727085233430797562 ) ) ;
#6414 = VERTEX_POINT ( 'NONE', #2900 ) ;
#6415 = AXIS2_PLACEMENT_3D ( 'NONE', #6327, #96, #2544 ) ;
#6416 = VERTEX_POINT ( 'NONE', #4881 ) ;
#6417 = DIRECTION ( 'NONE',  ( 0.000000000000000000, -1.000000000000000000, 0.000000000000000000 ) ) ;
#6418 = CARTESIAN_POINT ( 'NONE',  ( 10.65000000000002700, 0.4500000000000271005, 0.2899999999999985922 ) ) ;
#6419 = CARTESIAN_POINT ( 'NONE',  ( 6.643375663372601103, 1.037773913919779023, -1.875524800516939150 ) ) ;
#6420 = CIRCLE ( 'NONE', #5134, 0.2999999999999999334 ) ;
#6421 = CARTESIAN_POINT ( 'NONE',  ( -7.249999999999998224, 3.600000000000000533, 3.215000000000001634 ) ) ;
#6422 = DIRECTION ( 'NONE',  ( 0.000000000000000000, -7.228014483236697541E-16, -1.000000000000000000 ) ) ;
#6423 = CARTESIAN_POINT ( 'NONE',  ( 5.807991866239936130, 1.119276803046565405, -1.654508719364180758 ) ) ;
#6424 = ORIENTED_EDGE ( 'NONE', *, *, #7421, .F. ) ;
#6425 = CARTESIAN_POINT ( 'NONE',  ( 10.65000000000000746, 0.4500000000000385914, -2.960000000000000853 ) ) ;
#6426 = VECTOR ( 'NONE', #7937, 1000.000000000000000 ) ;
#6427 = EDGE_CURVE ( 'NONE', #2086, #3330, #7344, .T. ) ;
#6428 = CIRCLE ( 'NONE', #3476, 0.1999999999999999833 ) ;
#6429 = FACE_OUTER_BOUND ( 'NONE', #889, .T. ) ;
#6430 = CARTESIAN_POINT ( 'NONE',  ( 7.225000000000000533, 3.600000000000000533, 3.214999999999998526 ) ) ;
#6431 = ORIENTED_EDGE ( 'NONE', *, *, #5973, .F. ) ;
#6432 = ORIENTED_EDGE ( 'NONE', *, *, #2470, .F. ) ;
#6433 = DIRECTION ( 'NONE',  ( 1.000000000000000000, -3.624795322936608189E-15, -4.485885711162466802E-16 ) ) ;
#6434 = CARTESIAN_POINT ( 'NONE',  ( 5.288911667741196254, 1.504200635118142726, -1.571575241246008892 ) ) ;
#6435 = CARTESIAN_POINT ( 'NONE',  ( 10.65000000000002167, 0.4500000000000383693, 2.439999999999998614 ) ) ;
#6436 = CARTESIAN_POINT ( 'NONE',  ( 7.207198008080215601, 3.599967226533913323, 3.232774063705609713 ) ) ;
#6437 = EDGE_CURVE ( 'NONE', #4614, #2303, #1814, .T. ) ;
#6438 = CARTESIAN_POINT ( 'NONE',  ( 3.949999999999999734, 3.349999999999999645, 17.39000000000000767 ) ) ;
#6439 = VERTEX_POINT ( 'NONE', #4757 ) ;
#6440 = ORIENTED_EDGE ( 'NONE', *, *, #5944, .T. ) ;
#6441 = CARTESIAN_POINT ( 'NONE',  ( 10.65000000000002167, 0.3000000000000382916, -3.110000000000000764 ) ) ;
#6442 = CARTESIAN_POINT ( 'NONE',  ( 5.909023376180916998, 1.798089979429930541, -0.2888788659938806846 ) ) ;
#6443 = CARTESIAN_POINT ( 'NONE',  ( 10.65000000000002167, 0.4499999999999947931, -2.810000000000000941 ) ) ;
#6444 = EDGE_CURVE ( 'NONE', #5522, #1390, #6046, .T. ) ;
#6445 = CARTESIAN_POINT ( 'NONE',  ( 8.728703347107816625E-16, -6.495676764503175070E-15, 0.2900000000000030331 ) ) ;
#6446 = CARTESIAN_POINT ( 'NONE',  ( 6.560000000000003162, 1.238057920502199982, -1.556363431405730857 ) ) ;
#6447 = ADVANCED_FACE ( 'NONE', ( #1736 ), #6384, .T. ) ;
#6448 = CIRCLE ( 'NONE', #3364, 0.03000000000000001971 ) ;
#6449 = CARTESIAN_POINT ( 'NONE',  ( 10.40000000000000746, 0.4714285714286085005, -0.5115385022083828170 ) ) ;
#6450 = VERTEX_POINT ( 'NONE', #6003 ) ;
#6451 = CARTESIAN_POINT ( 'NONE',  ( 7.590533904703348433, 3.641658390006350397E-14, -7.590533904703396395 ) ) ;
#6452 = VERTEX_POINT ( 'NONE', #4838 ) ;
#6453 = ORIENTED_EDGE ( 'NONE', *, *, #6160, .F. ) ;
#6454 = LINE ( 'NONE', #1541, #898 ) ;
#6455 = DIRECTION ( 'NONE',  ( -1.000000000000000000, 0.000000000000000000, 0.000000000000000000 ) ) ;
#6456 = CARTESIAN_POINT ( 'NONE',  ( -12.04999999999999893, -5.557915164083103103E-16, 0.4900000000000030442 ) ) ;
#6457 = VERTEX_POINT ( 'NONE', #11 ) ;
#6458 = EDGE_CURVE ( 'NONE', #291, #216, #2416, .T. ) ;
#6459 = CARTESIAN_POINT ( 'NONE',  ( 5.693893202250020380, 1.279999999999973603, -2.146907059139863350 ) ) ;
#6460 = VERTEX_POINT ( 'NONE', #5535 ) ;
#6461 = CARTESIAN_POINT ( 'NONE',  ( 5.846039473061035885, 1.150444289188083724, -1.620969516538526722 ) ) ;
#6462 = EDGE_LOOP ( 'NONE', ( #3084, #3106, #7181, #7250 ) ) ;
#6463 = DIRECTION ( 'NONE',  ( 1.000000000000000000, 0.000000000000000000, 0.000000000000000000 ) ) ;
#6464 = B_SPLINE_CURVE_WITH_KNOTS ( 'NONE', 3,
 ( #1672, #6591, #6721, #6103, #7958, #580 ),
 .UNSPECIFIED., .F., .F.,
 ( 4, 2, 4 ),
 ( 2.275986991055138026E-16, 0.0002213805737826924724, 0.0004427611475651573167 ),
 .UNSPECIFIED. ) ;
#6465 = CARTESIAN_POINT ( 'NONE',  ( -3.998774781755341845, 3.599817246660346193, 3.223220711604568134 ) ) ;
#6466 = CARTESIAN_POINT ( 'NONE',  ( 4.477906785357932407, 1.323850885985119907, -1.846392071063684748 ) ) ;
#6467 = CARTESIAN_POINT ( 'NONE',  ( 10.40000000000000746, 0.5000000000000377476, 4.089999999999998970 ) ) ;
#6468 = ORIENTED_EDGE ( 'NONE', *, *, #3405, .T. ) ;
#6469 = ORIENTED_EDGE ( 'NONE', *, *, #175, .T. ) ;
#6470 = EDGE_CURVE ( 'NONE', #3585, #7305, #6561, .T. ) ;
#6471 = CARTESIAN_POINT ( 'NONE',  ( 4.437616656641531598, 1.322592249484741966, -1.852281368209249157 ) ) ;
#6472 = VERTEX_POINT ( 'NONE', #7496 ) ;
#6473 = DIRECTION ( 'NONE',  ( -0.000000000000000000, -1.000000000000000000, 0.000000000000000000 ) ) ;
#6474 = AXIS2_PLACEMENT_3D ( 'NONE', #2747, #5171, #5743 ) ;
#6475 = DIRECTION ( 'NONE',  ( 0.6851022815776803832, 0.000000000000000000, 0.7284468846642538908 ) ) ;
#6476 = CARTESIAN_POINT ( 'NONE',  ( 7.526955260940678905, 1.699999999999998623, -7.654112548466058819 ) ) ;
#6477 = DIRECTION ( 'NONE',  ( 0.000000000000000000, 1.000000000000000000, 0.000000000000000000 ) ) ;
#6478 = ADVANCED_FACE ( 'NONE', ( #6281 ), #264, .T. ) ;
#6479 = ORIENTED_EDGE ( 'NONE', *, *, #3843, .F. ) ;
#6480 = VERTEX_POINT ( 'NONE', #4995 ) ;
#6481 = ADVANCED_FACE ( 'NONE', ( #6853 ), #1296, .F. ) ;
#6482 = CARTESIAN_POINT ( 'NONE',  ( 5.290976623819083180, 1.255081979460190178, -1.493762063584902267 ) ) ;
#6483 = CARTESIAN_POINT ( 'NONE',  ( 5.693893202250020380, 1.299999999999979172, -2.257615395000002412 ) ) ;
#6484 = CIRCLE ( 'NONE', #6491, 0.1499999999999999667 ) ;
#6485 = DIRECTION ( 'NONE',  ( -1.000000000000000000, -0.000000000000000000, -0.000000000000000000 ) ) ;
#6486 = CIRCLE ( 'NONE', #4564, 0.2000000000000000944 ) ;
#6487 = CARTESIAN_POINT ( 'NONE',  ( 10.85000000000002096, 0.4500000000000164979, 0.2899999999999920974 ) ) ;
#6488 = DIRECTION ( 'NONE',  ( 1.000000000000000000, -3.624795322936608189E-15, -4.485885711162466802E-16 ) ) ;
#6489 = DIRECTION ( 'NONE',  ( -1.000000000000000000, 3.624795322936608189E-15, 4.485885711162466802E-16 ) ) ;
#6490 = ORIENTED_EDGE ( 'NONE', *, *, #506, .T. ) ;
#6491 = AXIS2_PLACEMENT_3D ( 'NONE', #2408, #6606, #2324 ) ;
#6492 = CARTESIAN_POINT ( 'NONE',  ( -10.01898628384834922, 3.349999999999999645, -4.409999999999993925 ) ) ;
#6493 = ORIENTED_EDGE ( 'NONE', *, *, #2712, .F. ) ;
#6494 = EDGE_CURVE ( 'NONE', #3080, #1584, #1849, .T. ) ;
#6495 = ORIENTED_EDGE ( 'NONE', *, *, #1167, .T. ) ;
#6496 = DIRECTION ( 'NONE',  ( -1.000000000000000000, -3.624795322936608189E-15, -0.000000000000000000 ) ) ;
#6497 = DIRECTION ( 'NONE',  ( 0.000000000000000000, -2.171692714077831440E-14, -1.000000000000000000 ) ) ;
#6498 = CARTESIAN_POINT ( 'NONE',  ( -9.912920266670367297, 3.349999999999999645, -4.666066017177977976 ) ) ;
#6499 = VECTOR ( 'NONE', #4320, 1000.000000000000000 ) ;
#6500 = ORIENTED_EDGE ( 'NONE', *, *, #626, .F. ) ;
#6501 = DIRECTION ( 'NONE',  ( 0.000000000000000000, 0.000000000000000000, -1.000000000000000000 ) ) ;
#6502 = CARTESIAN_POINT ( 'NONE',  ( -7.199999999999998401, 3.599676483179540920, 3.217796414679254369 ) ) ;
#6503 = ADVANCED_FACE ( 'NONE', ( #4426 ), #5722, .T. ) ;
#6504 = EDGE_CURVE ( 'NONE', #2550, #326, #5020, .T. ) ;
#6505 = AXIS2_PLACEMENT_3D ( 'NONE', #1001, #7815, #5738 ) ;
#6506 = CIRCLE ( 'NONE', #6774, 1.899999999999999689 ) ;
#6507 = CARTESIAN_POINT ( 'NONE',  ( 7.200000000000000178, 3.349374608885954174, 3.214999999999998082 ) ) ;
#6508 = VERTEX_POINT ( 'NONE', #1331 ) ;
#6509 = CARTESIAN_POINT ( 'NONE',  ( 4.620072629956071708, 1.307813712744459789, -1.929438800637585771 ) ) ;
#6510 = CIRCLE ( 'NONE', #5358, 0.2000000000000005107 ) ;
#6511 = CARTESIAN_POINT ( 'NONE',  ( -7.209363577316469041, 3.349974172931366567, 3.234705843812051729 ) ) ;
#6512 = DIRECTION ( 'NONE',  ( 1.000000000000000000, 0.000000000000000000, -4.485885711162466802E-16 ) ) ;
#6513 = EDGE_LOOP ( 'NONE', ( #4960, #3468, #7638, #5117 ) ) ;
#6514 = ORIENTED_EDGE ( 'NONE', *, *, #113, .T. ) ;
#6515 = DIRECTION ( 'NONE',  ( 1.000000000000000000, 3.624795322936608189E-15, 0.000000000000000000 ) ) ;
#6516 = VERTEX_POINT ( 'NONE', #6895 ) ;
#6517 = CIRCLE ( 'NONE', #3182, 3.000000000000000000 ) ;
#6518 = CARTESIAN_POINT ( 'NONE',  ( 5.287034074894758184, 1.520621738477564877, -1.535138371955503622 ) ) ;
#6519 = CIRCLE ( 'NONE', #2649, 0.03000000000000165729 ) ;
#6520 = DIRECTION ( 'NONE',  ( 0.000000000000000000, -2.171692714077831440E-14, -1.000000000000000000 ) ) ;
#6521 = FACE_OUTER_BOUND ( 'NONE', #7063, .T. ) ;
#6522 = EDGE_CURVE ( 'NONE', #6189, #1900, #138, .T. ) ;
#6523 = CIRCLE ( 'NONE', #1388, 0.1500000000000000222 ) ;
#6524 = CARTESIAN_POINT ( 'NONE',  ( 10.65000000000002167, 0.5000000000000374145, -0.2064101615137770018 ) ) ;
#6525 = VERTEX_POINT ( 'NONE', #753 ) ;
#6526 = EDGE_LOOP ( 'NONE', ( #6837, #7213, #5147, #5545 ) ) ;
#6527 = DIRECTION ( 'NONE',  ( -1.000000000000000000, -3.624795322936608189E-15, 0.000000000000000000 ) ) ;
#6528 = FACE_OUTER_BOUND ( 'NONE', #7002, .T. ) ;
#6529 = CARTESIAN_POINT ( 'NONE',  ( 5.599999999999999645, 1.099999999999978106, -2.259999999999998899 ) ) ;
#6530 = CIRCLE ( 'NONE', #616, 0.4500000000000007327 ) ;
#6531 = CARTESIAN_POINT ( 'NONE',  ( 5.404340490876736069, 1.110570299897476021, -1.665817884705115270 ) ) ;
#6532 = DIRECTION ( 'NONE',  ( 0.000000000000000000, 1.000000000000000000, 0.000000000000000000 ) ) ;
#6533 = CARTESIAN_POINT ( 'NONE',  ( 5.917500000000001315, 1.279999999999978266, -2.257615395000002412 ) ) ;
#6534 = ORIENTED_EDGE ( 'NONE', *, *, #2471, .F. ) ;
#6535 = CIRCLE ( 'NONE', #7569, 0.1499999999999999667 ) ;
#6536 = CARTESIAN_POINT ( 'NONE',  ( 6.847617115907791430, 1.400216322838930383, -1.859908776992771795 ) ) ;
#6537 = ORIENTED_EDGE ( 'NONE', *, *, #4461, .T. ) ;
#6538 = B_SPLINE_CURVE_WITH_KNOTS ( 'NONE', 3,
 ( #793, #1565, #6831, #7052, #3987, #1412, #7090, #2082, #7651, #2729, #4547, #3865, #5834 ),
 .UNSPECIFIED., .F., .F.,
 ( 4, 2, 2, 1, 2, 2, 4 ),
 ( 0.000000000000000000, 0.2500000000000013323, 0.5000000000000026645, 0.6250000000000029976, 0.6875000000000028866, 0.7500000000000027756, 1.000000000000000000 ),
 .UNSPECIFIED. ) ;
#6539 = VERTEX_POINT ( 'NONE', #4354 ) ;
#6540 = CARTESIAN_POINT ( 'NONE',  ( -10.65000000000001990, 0.3000000000000386247, 4.290000000000003588 ) ) ;
#6541 = DIRECTION ( 'NONE',  ( 0.7071067811865486830, 0.000000000000000000, -0.7071067811865464625 ) ) ;
#6542 = ADVANCED_FACE ( 'NONE', ( #6168 ), #3185, .T. ) ;
#6543 = DIRECTION ( 'NONE',  ( -0.000000000000000000, 1.000000000000000000, -2.171692714077831124E-14 ) ) ;
#6544 = ORIENTED_EDGE ( 'NONE', *, *, #1735, .T. ) ;
#6545 = CARTESIAN_POINT ( 'NONE',  ( 5.290976623818567148, 1.491715348095438154, -1.589988501263767340 ) ) ;
#6546 = EDGE_LOOP ( 'NONE', ( #7756, #2498, #7540, #5496 ) ) ;
#6547 = AXIS2_PLACEMENT_3D ( 'NONE', #7518, #180, #4412 ) ;
#6548 = DIRECTION ( 'NONE',  ( 0.000000000000000000, -1.000000000000000000, 2.171692714077831124E-14 ) ) ;
#6549 = ORIENTED_EDGE ( 'NONE', *, *, #4687, .T. ) ;
#6550 = CARTESIAN_POINT ( 'NONE',  ( 5.599999999999999645, 1.349999999999978106, -2.259999999999998899 ) ) ;
#6551 = ADVANCED_FACE ( 'NONE', ( #3222 ), #6316, .F. ) ;
#6552 = EDGE_CURVE ( 'NONE', #2024, #5286, #6818, .T. ) ;
#6553 = CARTESIAN_POINT ( 'NONE',  ( 4.554654959105560508, 1.238057867868327611, -1.556363559898976234 ) ) ;
#6554 = CARTESIAN_POINT ( 'NONE',  ( 5.746143221987215277, 1.357009143065524892, -1.712059100725183081 ) ) ;
#6555 = ORIENTED_EDGE ( 'NONE', *, *, #1486, .F. ) ;
#6556 = ORIENTED_EDGE ( 'NONE', *, *, #4039, .F. ) ;
#6557 = B_SPLINE_CURVE_WITH_KNOTS ( 'NONE', 3,
 ( #6536, #7864, #3562, #5495, #2340, #4802 ),
 .UNSPECIFIED., .F., .F.,
 ( 4, 2, 4 ),
 ( 1.066766086963321450E-14, 0.0001668004818597933474, 0.0003336009637089190670 ),
 .UNSPECIFIED. ) ;
#6558 = CARTESIAN_POINT ( 'NONE',  ( 4.639999999999970370, 1.062718980693126536, -1.767033746174749842 ) ) ;
#6559 = ORIENTED_EDGE ( 'NONE', *, *, #4793, .T. ) ;
#6560 = CARTESIAN_POINT ( 'NONE',  ( 5.909023376181060883, 1.501618638213424450, -1.572840339603875925 ) ) ;
#6561 = CIRCLE ( 'NONE', #6050, 0.02499999999999984873 ) ;
#6562 = CARTESIAN_POINT ( 'NONE',  ( 5.693893202250020380, 1.172200902661178379, -1.456409822439908908 ) ) ;
#6563 = DIRECTION ( 'NONE',  ( -1.000000000000000000, 0.000000000000000000, 0.000000000000000000 ) ) ;
#6564 = AXIS2_PLACEMENT_3D ( 'NONE', #1993, #1438, #1475 ) ;
#6565 = DIRECTION ( 'NONE',  ( -7.044813998280220171E-16, 0.4108746525949195094, 0.9116918447891283472 ) ) ;
#6566 = LINE ( 'NONE', #1078, #6910 ) ;
#6567 = VECTOR ( 'NONE', #3398, 1000.000000000000000 ) ;
#6568 = VERTEX_POINT ( 'NONE', #195 ) ;
#6569 = EDGE_CURVE ( 'NONE', #2463, #6082, #4314, .T. ) ;
#6570 = EDGE_LOOP ( 'NONE', ( #7202, #1277, #4524, #6893 ) ) ;
#6571 = CARTESIAN_POINT ( 'NONE',  ( 5.368186605480115503, 1.041494198917434000, -2.082334285450710532 ) ) ;
#6572 = CARTESIAN_POINT ( 'NONE',  ( -10.65000000000001990, 0.3000000000000382916, 2.786410161513778849 ) ) ;
#6573 = FACE_OUTER_BOUND ( 'NONE', #5524, .T. ) ;
#6574 = B_SPLINE_CURVE_WITH_KNOTS ( 'NONE', 3,
 ( #5069, #6855, #6208, #6974 ),
 .UNSPECIFIED., .F., .F.,
 ( 4, 4 ),
 ( 0.000000000000000000, 1.000000000000000000 ),
 .UNSPECIFIED. ) ;
#6575 = CARTESIAN_POINT ( 'NONE',  ( 4.639999999999998792, 1.238057920502450671, -1.556363431405118458 ) ) ;
#6576 = DIRECTION ( 'NONE',  ( 4.688441826964423184E-16, 1.000000000000000000, -4.688441826964400504E-16 ) ) ;
#6577 = DIRECTION ( 'NONE',  ( -1.000000000000000000, -0.000000000000000000, -0.000000000000000000 ) ) ;
#6578 = ORIENTED_EDGE ( 'NONE', *, *, #7038, .F. ) ;
#6579 = CARTESIAN_POINT ( 'NONE',  ( 7.703731956237316325, 1.499999999999999334, -7.830889243762694463 ) ) ;
#6580 = VERTEX_POINT ( 'NONE', #3108 ) ;
#6581 = ORIENTED_EDGE ( 'NONE', *, *, #725, .F. ) ;
#6582 = DIRECTION ( 'NONE',  ( -2.344220913482161302E-15, 1.000000000000000000, 2.344220913482175896E-15 ) ) ;
#6583 = CARTESIAN_POINT ( 'NONE',  ( 6.583013349026516359, 1.342696035313584613, -1.767122017677362766 ) ) ;
#6584 = EDGE_CURVE ( 'NONE', #2936, #4816, #376, .T. ) ;
#6585 = CARTESIAN_POINT ( 'NONE',  ( -12.05000000000000071, -4.878909776184769953E-15, 2.090000000000003855 ) ) ;
#6586 = DIRECTION ( 'NONE',  ( 0.7071067811865457964, -3.491481338843133750E-15, 0.7071067811865492381 ) ) ;
#6587 = FACE_OUTER_BOUND ( 'NONE', #6955, .T. ) ;
#6588 = ORIENTED_EDGE ( 'NONE', *, *, #5712, .F. ) ;
#6589 = DIRECTION ( 'NONE',  ( -1.000000000000000000, -1.333139840934738478E-16, 2.895170079404850826E-30 ) ) ;
#6590 = ADVANCED_FACE ( 'NONE', ( #3301 ), #6964, .T. ) ;
#6591 = CARTESIAN_POINT ( 'NONE',  ( 4.565235160163107153, 1.353878602583901802, -2.146275892977760336 ) ) ;
#6592 = AXIS2_PLACEMENT_3D ( 'NONE', #7789, #7187, #1667 ) ;
#6593 = ORIENTED_EDGE ( 'NONE', *, *, #7879, .F. ) ;
#6594 = CARTESIAN_POINT ( 'NONE',  ( 7.200206442441572818, 3.349549303039446979, 3.218698906187124731 ) ) ;
#6595 = ORIENTED_EDGE ( 'NONE', *, *, #3557, .F. ) ;
#6596 = CARTESIAN_POINT ( 'NONE',  ( -10.40000000000001812, 0.4500000000000047851, -0.8099999999999998312 ) ) ;
#6597 = EDGE_CURVE ( 'NONE', #6091, #6258, #5898, .T. ) ;
#6598 = CARTESIAN_POINT ( 'NONE',  ( 4.329640920245338975, 1.142208871124867020, -1.864688895053190798 ) ) ;
#6599 = LINE ( 'NONE', #1162, #4219 ) ;
#6600 = VERTEX_POINT ( 'NONE', #6397 ) ;
#6601 = ORIENTED_EDGE ( 'NONE', *, *, #6210, .F. ) ;
#6602 = CARTESIAN_POINT ( 'NONE',  ( 4.516005238246718179, 1.218116780039511848, -1.586698455756768045 ) ) ;
#6603 = ADVANCED_FACE ( 'NONE', ( #7692 ), #2203, .F. ) ;
#6604 = VERTEX_POINT ( 'NONE', #4585 ) ;
#6605 = DIRECTION ( 'NONE',  ( 0.000000000000000000, -1.000000000000000000, 0.000000000000000000 ) ) ;
#6606 = DIRECTION ( 'NONE',  ( -1.000000000000000000, -3.624795322936608189E-15, -0.000000000000000000 ) ) ;
#6607 = DIRECTION ( 'NONE',  ( 0.000000000000000000, 0.000000000000000000, -1.000000000000000000 ) ) ;
#6608 = DIRECTION ( 'NONE',  ( 1.000000000000000000, 0.000000000000000000, 0.000000000000000000 ) ) ;
#6609 = CARTESIAN_POINT ( 'NONE',  ( 10.65000000000002167, 0.4500000000000383693, 0.1399999999999985978 ) ) ;
#6610 = ORIENTED_EDGE ( 'NONE', *, *, #2582, .F. ) ;
#6611 = ORIENTED_EDGE ( 'NONE', *, *, #6808, .F. ) ;
#6612 = EDGE_CURVE ( 'NONE', #1547, #4301, #6957, .T. ) ;
#6613 = ADVANCED_FACE ( 'NONE', ( #7006, #3984, #2040 ), #828, .F. ) ;
#6614 = CARTESIAN_POINT ( 'NONE',  ( 4.486059013199324319, 1.013616617953112087, -2.005152249482326177 ) ) ;
#6615 = DIRECTION ( 'NONE',  ( -0.000000000000000000, 0.4108746525949196760, 0.9116918447891283472 ) ) ;
#6616 = DIRECTION ( 'NONE',  ( -1.000000000000000000, 0.000000000000000000, 0.000000000000000000 ) ) ;
#6617 = CARTESIAN_POINT ( 'NONE',  ( 5.917500000000001315, 2.949999999999978861, -2.257615395000002856 ) ) ;
#6618 = LINE ( 'NONE', #1782, #100 ) ;
#6619 = VECTOR ( 'NONE', #809, 1000.000000000000000 ) ;
#6620 = CARTESIAN_POINT ( 'NONE',  ( 6.599843705943514216, 1.094061451795472761, -2.173168338136073796 ) ) ;
#6621 = VERTEX_POINT ( 'NONE', #4664 ) ;
#6622 = CARTESIAN_POINT ( 'NONE',  ( 5.269463606425994762, 1.099999999999978106, -2.957499999999998685 ) ) ;
#6623 = ORIENTED_EDGE ( 'NONE', *, *, #1486, .T. ) ;
#6624 = VERTEX_POINT ( 'NONE', #1522 ) ;
#6625 = CARTESIAN_POINT ( 'NONE',  ( 3.975000000000000089, 3.349999999999999645, 3.214999999999998526 ) ) ;
#6626 = AXIS2_PLACEMENT_3D ( 'NONE', #361, #6004, #7252 ) ;
#6627 = DIRECTION ( 'NONE',  ( 0.000000000000000000, 1.000000000000000000, 0.000000000000000000 ) ) ;
#6628 = LINE ( 'NONE', #3567, #7616 ) ;
#6629 = DIRECTION ( 'NONE',  ( 4.485885711162466802E-16, 0.000000000000000000, 1.000000000000000000 ) ) ;
#6630 = AXIS2_PLACEMENT_3D ( 'NONE', #5034, #3901, #4997 ) ;
#6631 = CARTESIAN_POINT ( 'NONE',  ( 5.891093421733827107, 1.099999999999977884, -3.120726909731215581 ) ) ;
#6632 = VERTEX_POINT ( 'NONE', #7121 ) ;
#6633 = EDGE_CURVE ( 'NONE', #2777, #6912, #4507, .T. ) ;
#6634 = CARTESIAN_POINT ( 'NONE',  ( -7.209370187343316694, 3.599982819655483279, 3.234711246747695945 ) ) ;
#6635 = PRODUCT_DEFINITION ( 'UNKNOWN', '', #4171, #897 ) ;
#6636 = ORIENTED_EDGE ( 'NONE', *, *, #2655, .T. ) ;
#6637 = CARTESIAN_POINT ( 'NONE',  ( 5.599999999999999645, 1.099999999999978106, -3.288036393574004457 ) ) ;
#6638 = ORIENTED_EDGE ( 'NONE', *, *, #1681, .F. ) ;
#6639 = CARTESIAN_POINT ( 'NONE',  ( -11.85000000000004405, -5.023091109191636814E-15, -0.8100000000000023848 ) ) ;
#6640 = CARTESIAN_POINT ( 'NONE',  ( 4.469866707648280979, 1.223963213462387012, -1.589130478069451735 ) ) ;
#6641 = VECTOR ( 'NONE', #6576, 1000.000000000000000 ) ;
#6642 = CARTESIAN_POINT ( 'NONE',  ( -3.994714661804450451, 3.349917740224235274, 3.230625500905930370 ) ) ;
#6643 = VECTOR ( 'NONE', #2954, 1000.000000000000000 ) ;
#6644 = ORIENTED_EDGE ( 'NONE', *, *, #1546, .F. ) ;
#6645 = VERTEX_POINT ( 'NONE', #7611 ) ;
#6646 = CARTESIAN_POINT ( 'NONE',  ( 4.620012700290719643, 1.062719008929844611, -1.767033637547323233 ) ) ;
#6647 = ORIENTED_EDGE ( 'NONE', *, *, #1853, .T. ) ;
#6648 = FACE_OUTER_BOUND ( 'NONE', #3299, .T. ) ;
#6649 = FACE_OUTER_BOUND ( 'NONE', #1095, .T. ) ;
#6650 = AXIS2_PLACEMENT_3D ( 'NONE', #3917, #5164, #5775 ) ;
#6651 = CIRCLE ( 'NONE', #2004, 0.5000000000000004441 ) ;
#6652 = DIRECTION ( 'NONE',  ( -0.000000000000000000, -0.000000000000000000, 1.000000000000000000 ) ) ;
#6653 = DIRECTION ( 'NONE',  ( 0.000000000000000000, 0.000000000000000000, -1.000000000000000000 ) ) ;
#6654 = EDGE_CURVE ( 'NONE', #4641, #617, #4555, .T. ) ;
#6655 = CARTESIAN_POINT ( 'NONE',  ( 6.719321788736549728, 1.094795752092911467, -2.139312772989614420 ) ) ;
#6656 = ORIENTED_EDGE ( 'NONE', *, *, #3288, .T. ) ;
#6657 = AXIS2_PLACEMENT_3D ( 'NONE', #5145, #5645, #4465 ) ;
#6658 = AXIS2_PLACEMENT_3D ( 'NONE', #6156, #6688, #2443 ) ;
#6659 =( BOUNDED_SURFACE ( )  B_SPLINE_SURFACE ( 3, 2, ( 
 ( #2547, #2583, #2619 ),
 ( #5009, #6254, #4441 ),
 ( #6866, #5697, #4517 ),
 ( #3875, #5662, #7473 ),
 ( #5081, #1383, #3156 ),
 ( #1455, #1905, #2702 ),
 ( #6907, #3199, #2017 ),
 ( #1941, #3316, #7548 ) ),
 .UNSPECIFIED., .F., .F., .T. ) 
 B_SPLINE_SURFACE_WITH_KNOTS ( ( 4, 2, 2, 4 ),
 ( 3, 3 ),
 ( 0.0004418680454198593258, 0.0005019217242365603794, 0.0005319485636449108792, 0.0005619754030532614873 ),
 ( 0.1251348931436349343, 1.000000000000000000 ),
 .UNSPECIFIED. ) 
 GEOMETRIC_REPRESENTATION_ITEM ( )  RATIONAL_B_SPLINE_SURFACE ( (
 ( 0.9778711803921518175, 0.9115801394322208262, 1.000000000000000000),
 ( 0.9778684610922631082, 0.9115692739580898429, 1.000000000000000000),
 ( 0.9782071738318336429, 0.9129226644116288369, 1.000000000000000000),
 ( 0.9792504785327578176, 0.9170913845611986526, 1.000000000000000000),
 ( 0.9797103390259285227, 0.9189288436488205480, 1.000000000000000000),
 ( 0.9805772429296876203, 0.9223927212371603179, 1.000000000000000000),
 ( 0.9809442399739204399, 0.9238591269494808023, 1.000000000000000000),
 ( 0.9809228892566537183, 0.9237738161431561235, 1.000000000000000000) ) ) 
 REPRESENTATION_ITEM ( '' )  SURFACE ( )  );
#6660 = EDGE_LOOP ( 'NONE', ( #7307, #6578, #3213, #5510, #7882, #3652 ) ) ;
#6661 = CARTESIAN_POINT ( 'NONE',  ( 4.397865331017797530, 1.103306950080783055, -2.060415904411020183 ) ) ;
#6662 = DIRECTION ( 'NONE',  ( 1.000000000000000000, 0.000000000000000000, 0.000000000000000000 ) ) ;
#6663 = DIRECTION ( 'NONE',  ( -0.000000000000000000, -0.000000000000000000, 1.000000000000000000 ) ) ;
#6664 = CARTESIAN_POINT ( 'NONE',  ( 5.317402398001530806, 1.185373468994353141, -1.590508294989291915 ) ) ;
#6665 = PLANE ( 'NONE',  #1122 ) ;
#6666 = VECTOR ( 'NONE', #1841, 1000.000000000000000 ) ;
#6667 = CIRCLE ( 'NONE', #6269, 0.4500000000000007327 ) ;
#6668 = EDGE_CURVE ( 'NONE', #2615, #1291, #2, .T. ) ;
#6669 = EDGE_CURVE ( 'NONE', #6374, #2207, #3418, .T. ) ;
#6670 = LINE ( 'NONE', #6787, #1752 ) ;
#6671 = ORIENTED_EDGE ( 'NONE', *, *, #4235, .T. ) ;
#6672 = DIRECTION ( 'NONE',  ( 0.000000000000000000, 1.000000000000000000, 0.000000000000000000 ) ) ;
#6673 = ORIENTED_EDGE ( 'NONE', *, *, #3056, .T. ) ;
#6674 = DIRECTION ( 'NONE',  ( 0.000000000000000000, -1.000000000000000000, 0.000000000000000000 ) ) ;
#6675 = VECTOR ( 'NONE', #4731, 1000.000000000000000 ) ;
#6676 = ORIENTED_EDGE ( 'NONE', *, *, #5804, .T. ) ;
#6677 = CARTESIAN_POINT ( 'NONE',  ( 5.913547841360718316, 1.530342565504627439, -1.513568779698739819 ) ) ;
#6678 = DIRECTION ( 'NONE',  ( -1.000000000000000000, 3.624795322936608189E-15, 4.485885711162466802E-16 ) ) ;
#6679 = CARTESIAN_POINT ( 'NONE',  ( 5.910403126048091593, 1.825444474141020956, -0.8529303282130333841 ) ) ;
#6680 = VECTOR ( 'NONE', #5601, 1000.000000000000000 ) ;
#6681 = DIRECTION ( 'NONE',  ( -0.000000000000000000, 1.000000000000000000, -0.000000000000000000 ) ) ;
#6682 = ORIENTED_EDGE ( 'NONE', *, *, #2176, .T. ) ;
#6683 = CARTESIAN_POINT ( 'NONE',  ( 5.909023376180915221, 1.243249088641470657, -1.520018124871657328 ) ) ;
#6684 = ORIENTED_EDGE ( 'NONE', *, *, #7889, .F. ) ;
#6685 = CARTESIAN_POINT ( 'NONE',  ( 4.000000000000000000, 3.349374608885954174, 3.214999999999998526 ) ) ;
#6686 = VERTEX_POINT ( 'NONE', #4544 ) ;
#6687 = PLANE ( 'NONE',  #688 ) ;
#6688 = DIRECTION ( 'NONE',  ( 1.000000000000000000, 0.000000000000000000, 0.000000000000000000 ) ) ;
#6689 = CARTESIAN_POINT ( 'NONE',  ( 4.557726607091307613, 1.233682538691819763, -1.567044900628828952 ) ) ;
#6690 = DIRECTION ( 'NONE',  ( 0.000000000000000000, 1.000000000000000000, 0.000000000000000000 ) ) ;
#6691 = ORIENTED_EDGE ( 'NONE', *, *, #3380, .T. ) ;
#6692 = DIRECTION ( 'NONE',  ( -1.000000000000000000, 0.000000000000000000, 0.000000000000000000 ) ) ;
#6693 = VERTEX_POINT ( 'NONE', #5273 ) ;
#6694 = DIRECTION ( 'NONE',  ( -0.7071067811865454633, -3.491481338843134144E-15, 0.7071067811865496822 ) ) ;
#6695 = CARTESIAN_POINT ( 'NONE',  ( -10.65000000000002167, 0.6000000000000383915, -0.6599999999999962563 ) ) ;
#6696 = CARTESIAN_POINT ( 'NONE',  ( 6.559999999999998721, 1.101109710447170542, -2.193547484176133100 ) ) ;
#6697 = ORIENTED_EDGE ( 'NONE', *, *, #7778, .F. ) ;
#6698 = ORIENTED_EDGE ( 'NONE', *, *, #7737, .F. ) ;
#6699 = DIRECTION ( 'NONE',  ( -1.000000000000000000, -3.624795322936608189E-15, -0.000000000000000000 ) ) ;
#6700 = CARTESIAN_POINT ( 'NONE',  ( 4.329641020525998307, 1.123633544791604155, -1.952004668455392000 ) ) ;
#6701 = EDGE_CURVE ( 'NONE', #6374, #1520, #899, .T. ) ;
#6702 = AXIS2_PLACEMENT_3D ( 'NONE', #1057, #3965, #2793 ) ;
#6703 = CARTESIAN_POINT ( 'NONE',  ( 6.847617115907791430, 1.400216322838930383, -1.859908776992771795 ) ) ;
#6704 = CARTESIAN_POINT ( 'NONE',  ( 5.348246817314105783, 1.031984737185573708, -3.104973600046804449 ) ) ;
#6705 =( BOUNDED_SURFACE ( )  B_SPLINE_SURFACE ( 3, 2, ( 
 ( #4106, #3016, #6558 ),
 ( #5474, #1033, #6646 ),
 ( #6602, #4271, #6075 ),
 ( #7240, #6731, #4746 ),
 ( #3498, #4873, #2321 ),
 ( #7924, #2888, #3063 ),
 ( #3586, #4145, #1724 ),
 ( #2285, #5988, #5353 ) ),
 .UNSPECIFIED., .F., .F., .T. ) 
 B_SPLINE_SURFACE_WITH_KNOTS ( ( 4, 2, 2, 4 ),
 ( 3, 3 ),
 ( 0.0004418680454198859972, 0.0005019217242369338871, 0.0005319485636454577508, 0.0005619754030539817228 ),
 ( 0.03706350745292647658, 1.000000000000000000 ),
 .UNSPECIFIED. ) 
 GEOMETRIC_REPRESENTATION_ITEM ( )  RATIONAL_B_SPLINE_SURFACE ( (
 ( 0.9927858878883439875, 0.9026790419010076727, 1.000000000000000000),
 ( 0.9927850013822125952, 0.9026670826155486216, 1.000000000000000000),
 ( 0.9928954235249318749, 0.9041567168988071668, 1.000000000000000000),
 ( 0.9932355463698259168, 0.9087450959847042098, 1.000000000000000000),
 ( 0.9933854633203136331, 0.9107675293806554162, 1.000000000000000000),
 ( 0.9936680785732997512, 0.9145801104395996362, 1.000000000000000000),
 ( 0.9937877215487767035, 0.9161941370617270319, 1.000000000000000000),
 ( 0.9937807611021345355, 0.9161002381417312490, 1.000000000000000000) ) ) 
 REPRESENTATION_ITEM ( '' )  SURFACE ( )  );
#6706 = CARTESIAN_POINT ( 'NONE',  ( 3.061616997868383043E-15, 3.349999999999999645, -4.409999999999993925 ) ) ;
#6707 = ORIENTED_EDGE ( 'NONE', *, *, #3209, .F. ) ;
#6708 = AXIS2_PLACEMENT_3D ( 'NONE', #7311, #24, #1185 ) ;
#6709 = CARTESIAN_POINT ( 'NONE',  ( 10.21396102944955686, 3.149999999999986144, -4.967106779957171980 ) ) ;
#6710 = VERTEX_POINT ( 'NONE', #2891 ) ;
#6711 = DIRECTION ( 'NONE',  ( 0.000000000000000000, 1.000000000000000000, 0.000000000000000000 ) ) ;
#6712 = VERTEX_POINT ( 'NONE', #389 ) ;
#6713 = CARTESIAN_POINT ( 'NONE',  ( 12.05000000000004334, 0.2499999999999956701, -1.010000000000010445 ) ) ;
#6714 = DIRECTION ( 'NONE',  ( -1.000000000000000000, 0.000000000000000000, 0.000000000000000000 ) ) ;
#6715 = ADVANCED_FACE ( 'NONE', ( #631 ), #4341, .T. ) ;
#6716 = EDGE_CURVE ( 'NONE', #2463, #7310, #3728, .T. ) ;
#6717 = FACE_OUTER_BOUND ( 'NONE', #1559, .T. ) ;
#6718 = CARTESIAN_POINT ( 'NONE',  ( 5.506106797749978909, 1.445708456097916317, -1.579672218218385105 ) ) ;
#6719 = CARTESIAN_POINT ( 'NONE',  ( 5.693893202250020380, 1.307813721342086621, -1.929438750280535686 ) ) ;
#6720 = EDGE_LOOP ( 'NONE', ( #1685, #4056, #3008, #3229 ) ) ;
#6721 = CARTESIAN_POINT ( 'NONE',  ( 4.492207144804130081, 1.355488835587968843, -2.115423169666077019 ) ) ;
#6722 = ORIENTED_EDGE ( 'NONE', *, *, #7495, .T. ) ;
#6723 = CARTESIAN_POINT ( 'NONE',  ( 6.600342093071148497, 1.341091965334383573, -1.773156064374800334 ) ) ;
#6724 = ORIENTED_EDGE ( 'NONE', *, *, #3221, .T. ) ;
#6725 = LINE ( 'NONE', #7278, #1781 ) ;
#6726 = EDGE_CURVE ( 'NONE', #1584, #1714, #5227, .T. ) ;
#6727 = CARTESIAN_POINT ( 'NONE',  ( 5.909023376181059994, 1.430230495396526136, -1.791730496593372024 ) ) ;
#6728 = EDGE_CURVE ( 'NONE', #3604, #2695, #4069, .T. ) ;
#6729 = PRESENTATION_STYLE_ASSIGNMENT (( #6881 ) ) ;
#6730 = DIRECTION ( 'NONE',  ( -4.688441826964343312E-16, 0.000000000000000000, -1.000000000000000000 ) ) ;
#6731 = CARTESIAN_POINT ( 'NONE',  ( 4.485951924299826921, 1.080856017519554069, -1.692278906835472885 ) ) ;
#6732 = VERTEX_POINT ( 'NONE', #5355 ) ;
#6733 = CARTESIAN_POINT ( 'NONE',  ( 5.909023376181059994, 1.221618638213424202, -1.572840339603875925 ) ) ;
#6734 = CARTESIAN_POINT ( 'NONE',  ( 4.556642489367599858, 1.037762528863045652, -1.875581660888287816 ) ) ;
#6735 = CARTESIAN_POINT ( 'NONE',  ( 5.599999999999999645, 1.304307950136347261, -3.189445905376583568 ) ) ;
#6736 = EDGE_CURVE ( 'NONE', #6457, #155, #2242, .T. ) ;
#6737 = ORIENTED_EDGE ( 'NONE', *, *, #5450, .T. ) ;
#6738 = VERTEX_POINT ( 'NONE', #1035 ) ;
#6739 = CARTESIAN_POINT ( 'NONE',  ( 10.85000000000002096, 0.2500000000000383027, 0.2899999999999920974 ) ) ;
#6740 = CARTESIAN_POINT ( 'NONE',  ( 6.722093214642758774, 1.322592249483227400, -1.852281368216378121 ) ) ;
#6741 = LINE ( 'NONE', #6085, #4519 ) ;
#6742 = CARTESIAN_POINT ( 'NONE',  ( 7.200000000000001066, 1.349999999999978106, -2.259999999999998899 ) ) ;
#6743 = CARTESIAN_POINT ( 'NONE',  ( -10.65000000000002345, 0.4499999999999947375, -2.809999999999996056 ) ) ;
#6744 = EDGE_CURVE ( 'NONE', #6480, #7262, #5559, .T. ) ;
#6745 = LINE ( 'NONE', #6706, #1243 ) ;
#6746 = ORIENTED_EDGE ( 'NONE', *, *, #3719, .T. ) ;
#6747 = CARTESIAN_POINT ( 'NONE',  ( 5.290976623819083180, 2.078089979429929457, -0.2888788659938813508 ) ) ;
#6748 = ORIENTED_EDGE ( 'NONE', *, *, #4383, .T. ) ;
#6749 = CARTESIAN_POINT ( 'NONE',  ( -7.703731956237318990, 1.699999999999999512, -7.830889243762690910 ) ) ;
#6750 = VERTEX_POINT ( 'NONE', #7206 ) ;
#6751 = CARTESIAN_POINT ( 'NONE',  ( 5.909023376181059994, 1.535081979460324542, -1.493762063584963107 ) ) ;
#6752 = CARTESIAN_POINT ( 'NONE',  ( -10.85000000000001918, 0.4500000000000164979, 2.290000000000004032 ) ) ;
#6753 = PLANE ( 'NONE',  #2073 ) ;
#6754 = AXIS2_PLACEMENT_3D ( 'NONE', #2973, #3009, #2841 ) ;
#6755 = DIRECTION ( 'NONE',  ( 0.000000000000000000, 1.000000000000000000, -2.171692714077831124E-14 ) ) ;
#6756 = FACE_OUTER_BOUND ( 'NONE', #4651, .T. ) ;
#6757 = ORIENTED_EDGE ( 'NONE', *, *, #4388, .T. ) ;
#6758 = ADVANCED_FACE ( 'NONE', ( #6648 ), #4786, .F. ) ;
#6759 = ORIENTED_EDGE ( 'NONE', *, *, #1434, .T. ) ;
#6760 = CARTESIAN_POINT ( 'NONE',  ( -7.207222115354801950, 3.599968602395038797, 3.232798045361091610 ) ) ;
#6761 = AXIS2_PLACEMENT_3D ( 'NONE', #5931, #3521, #2834 ) ;
#6762 = VERTEX_POINT ( 'NONE', #1074 ) ;
#6763 = CARTESIAN_POINT ( 'NONE',  ( 6.765372928524774565, 1.340813248486438347, -1.771321432309807431 ) ) ;
#6764 = CARTESIAN_POINT ( 'NONE',  ( -10.21396102944957107, 1.699999999999999289, -4.967106779957179086 ) ) ;
#6765 = AXIS2_PLACEMENT_3D ( 'NONE', #1183, #1788, #1367 ) ;
#6766 = CARTESIAN_POINT ( 'NONE',  ( 5.776063479873386086, 1.452200902661178183, -1.456409822439908908 ) ) ;
#6767 = CARTESIAN_POINT ( 'NONE',  ( -10.40000000000000924, 0.5000000000000374145, -3.306410161513771762 ) ) ;
#6768 = ADVANCED_FACE ( 'NONE', ( #1242 ), #1319, .T. ) ;
#6769 = CARTESIAN_POINT ( 'NONE',  ( -3.985915277351276043, 3.349995403826838469, 3.237664636404641083 ) ) ;
#6770 = DIRECTION ( 'NONE',  ( 0.000000000000000000, 0.000000000000000000, -1.000000000000000000 ) ) ;
#6771 = EDGE_LOOP ( 'NONE', ( #2697, #2830, #557, #6044, #2724 ) ) ;
#6772 = DIRECTION ( 'NONE',  ( 6.938893903907233111E-15, -0.000000000000000000, 1.000000000000000000 ) ) ;
#6773 = CARTESIAN_POINT ( 'NONE',  ( -3.985915402467883339, 3.599996935740652937, 3.237664579986471391 ) ) ;
#6774 = AXIS2_PLACEMENT_3D ( 'NONE', #721, #5073, #3226 ) ;
#6775 = CARTESIAN_POINT ( 'NONE',  ( 10.40000000000000746, 0.4500000000000374256, 2.439999999999998614 ) ) ;
#6776 = VERTEX_POINT ( 'NONE', #6807 ) ;
#6777 = ORIENTED_EDGE ( 'NONE', *, *, #5477, .F. ) ;
#6778 = AXIS2_PLACEMENT_3D ( 'NONE', #134, #3275, #5124 ) ;
#6779 = CARTESIAN_POINT ( 'NONE',  ( 10.65000000000002167, 0.4714285714286096662, 2.588461497791616939 ) ) ;
#6780 = CIRCLE ( 'NONE', #86, 1.950000000000000178 ) ;
#6781 = CARTESIAN_POINT ( 'NONE',  ( 6.722093214642758774, 1.323218157439187470, -1.849335990805599739 ) ) ;
#6782 = CARTESIAN_POINT ( 'NONE',  ( 7.590533904703344881, 1.499999999999999334, -7.590533904703392842 ) ) ;
#6783 = FACE_OUTER_BOUND ( 'NONE', #724, .T. ) ;
#6784 = CARTESIAN_POINT ( 'NONE',  ( -5.600000000000000533, 1.349999999999978106, -3.859999999999996323 ) ) ;
#6785 = EDGE_CURVE ( 'NONE', #6452, #4408, #5311, .T. ) ;
#6786 = CIRCLE ( 'NONE', #3050, 1.859090909090908239 ) ;
#6787 = CARTESIAN_POINT ( 'NONE',  ( 5.917500000000001315, 1.452200902661177739, -1.456409822439909574 ) ) ;
#6788 = CIRCLE ( 'NONE', #2526, 0.2999999999999999334 ) ;
#6789 = ORIENTED_EDGE ( 'NONE', *, *, #159, .F. ) ;
#6790 = DIRECTION ( 'NONE',  ( 0.7071067811865497932, 0.000000000000000000, 0.7071067811865452413 ) ) ;
#6791 = EDGE_LOOP ( 'NONE', ( #3964, #2786, #6601, #7501, #485 ) ) ;
#6792 = EDGE_LOOP ( 'NONE', ( #7805, #6299, #2874, #1970, #4540, #1800 ) ) ;
#6793 = LINE ( 'NONE', #7867, #5008 ) ;
#6794 = CARTESIAN_POINT ( 'NONE',  ( 7.200000000000001066, 2.849999999999999645, 3.239999999999996660 ) ) ;
#6795 = CARTESIAN_POINT ( 'NONE',  ( 5.289596873951907696, 2.080518027299795403, -0.2869463309828393927 ) ) ;
#6796 = VECTOR ( 'NONE', #3660, 1000.000000000000114 ) ;
#6797 = AXIS2_PLACEMENT_3D ( 'NONE', #4761, #2335, #7218 ) ;
#6798 = ADVANCED_FACE ( 'NONE', ( #666 ), #7445, .T. ) ;
#6799 = CARTESIAN_POINT ( 'NONE',  ( 10.39073772474619695, 3.149999999999987921, -5.143883475253815618 ) ) ;
#6800 = ORIENTED_EDGE ( 'NONE', *, *, #866, .T. ) ;
#6801 = ORIENTED_EDGE ( 'NONE', *, *, #1679, .F. ) ;
#6802 = AXIS2_PLACEMENT_3D ( 'NONE', #2302, #4163, #6672 ) ;
#6803 = DIRECTION ( 'NONE',  ( 0.7071067811865496822, 0.000000000000000000, 0.7071067811865453523 ) ) ;
#6804 = ORIENTED_EDGE ( 'NONE', *, *, #5680, .T. ) ;
#6805 = LINE ( 'NONE', #7363, #6960 ) ;
#6806 = CARTESIAN_POINT ( 'NONE',  ( 10.19999999999999751, 3.350000000000000089, 4.289999999999997371 ) ) ;
#6807 = CARTESIAN_POINT ( 'NONE',  ( -7.199999999999999289, 3.305845922394564429, 3.034562673702540181 ) ) ;
#6808 = EDGE_CURVE ( 'NONE', #5512, #4155, #2052, .T. ) ;
#6809 = AXIS2_PLACEMENT_3D ( 'NONE', #4047, #6463, #3408 ) ;
#6810 = CARTESIAN_POINT ( 'NONE',  ( 10.19999999999999751, 3.349999999999999645, 4.289999999999998259 ) ) ;
#6811 = CARTESIAN_POINT ( 'NONE',  ( 5.290976623819084068, 1.090909090909068402, -3.138521702676456027 ) ) ;
#6812 = CARTESIAN_POINT ( 'NONE',  ( 3.999518166973163424, 3.349631579828301398, 3.220628449164374629 ) ) ;
#6813 = EDGE_CURVE ( 'NONE', #2124, #1270, #1398, .T. ) ;
#6814 = EDGE_CURVE ( 'NONE', #142, #4409, #7028, .T. ) ;
#6815 = DIRECTION ( 'NONE',  ( 0.000000000000000000, 0.000000000000000000, -1.000000000000000000 ) ) ;
#6816 = EDGE_LOOP ( 'NONE', ( #2501, #2025, #6647, #5452, #510, #4229 ) ) ;
#6817 = ORIENTED_EDGE ( 'NONE', *, *, #4233, .T. ) ;
#6818 = LINE ( 'NONE', #6779, #4265 ) ;
#6819 = CARTESIAN_POINT ( 'NONE',  ( 6.848596693069057828, 1.399864706835354022, -1.865747520862440112 ) ) ;
#6820 = CARTESIAN_POINT ( 'NONE',  ( 5.506106797749978909, 1.452200902661177961, -1.456409822439909130 ) ) ;
#6821 = FACE_OUTER_BOUND ( 'NONE', #3648, .T. ) ;
#6822 = CARTESIAN_POINT ( 'NONE',  ( 6.638361845373032644, 1.094168800437953504, -2.165886808100853322 ) ) ;
#6823 = ORIENTED_EDGE ( 'NONE', *, *, #5392, .F. ) ;
#6824 = CARTESIAN_POINT ( 'NONE',  ( 5.506106797749978909, 1.818425831677833893, -0.6437914751306182959 ) ) ;
#6825 = ORIENTED_EDGE ( 'NONE', *, *, #3298, .F. ) ;
#6826 = VERTEX_POINT ( 'NONE', #5744 ) ;
#6827 = CARTESIAN_POINT ( 'NONE',  ( 5.348246817314103119, 1.697307384968127275, -0.3690938793461724376 ) ) ;
#6828 = LINE ( 'NONE', #4966, #5717 ) ;
#6829 = CARTESIAN_POINT ( 'NONE',  ( 5.286422825025728578, 1.515575419623649944, -1.548009721499064240 ) ) ;
#6830 = CIRCLE ( 'NONE', #3344, 1.850000000000000089 ) ;
#6831 = CARTESIAN_POINT ( 'NONE',  ( 5.680110485853369973, 1.685382720801421597, -0.5610913203876716215 ) ) ;
#6832 = AXIS2_PLACEMENT_3D ( 'NONE', #6967, #705, #149 ) ;
#6833 = PLANE ( 'NONE',  #1106 ) ;
#6834 = ORIENTED_EDGE ( 'NONE', *, *, #4025, .F. ) ;
#6835 = ORIENTED_EDGE ( 'NONE', *, *, #6020, .T. ) ;
#6836 = LINE ( 'NONE', #1314, #851 ) ;
#6837 = ORIENTED_EDGE ( 'NONE', *, *, #2655, .F. ) ;
#6838 = ADVANCED_FACE ( 'NONE', ( #5054 ), #4495, .F. ) ;
#6839 = ORIENTED_EDGE ( 'NONE', *, *, #314, .F. ) ;
#6840 = CARTESIAN_POINT ( 'NONE',  ( -12.05000000000004334, -5.549300830077953967E-15, 2.008918446868998806E-30 ) ) ;
#6841 = CYLINDRICAL_SURFACE ( 'NONE', #1213, 0.1500000000000000222 ) ;
#6842 = CARTESIAN_POINT ( 'NONE',  ( 6.646114723430724069, 1.237905331961517419, -1.556735940514019312 ) ) ;
#6843 = CARTESIAN_POINT ( 'NONE',  ( 5.776063479873386086, 1.369965520103052281, -1.661773075905844443 ) ) ;
#6844 = CARTESIAN_POINT ( 'NONE',  ( -10.65000000000000746, 3.150000000000000799, -4.409999999999993925 ) ) ;
#6845 = DIRECTION ( 'NONE',  ( 0.000000000000000000, 0.000000000000000000, 1.000000000000000000 ) ) ;
#6846 = EDGE_CURVE ( 'NONE', #6176, #4221, #3847, .T. ) ;
#6847 = CARTESIAN_POINT ( 'NONE',  ( 10.19999999999999929, 3.149999999999999911, 4.289999999999998259 ) ) ;
#6848 = DIRECTION ( 'NONE',  ( -0.7071067811865454633, 0.000000000000000000, 0.7071067811865496822 ) ) ;
#6849 = DIRECTION ( 'NONE',  ( -1.000000000000000000, -0.000000000000000000, -0.000000000000000000 ) ) ;
#6850 = EDGE_CURVE ( 'NONE', #7799, #4459, #6379, .T. ) ;
#6851 = CIRCLE ( 'NONE', #2720, 0.1500000000000008271 ) ;
#6852 = ORIENTED_EDGE ( 'NONE', *, *, #1668, .T. ) ;
#6853 = FACE_OUTER_BOUND ( 'NONE', #5241, .T. ) ;
#6854 = CARTESIAN_POINT ( 'NONE',  ( 4.559208666582725833, 1.094073754404961463, -2.173182944153598584 ) ) ;
#6855 = CARTESIAN_POINT ( 'NONE',  ( 5.548800085296070606, 1.279999999999978266, -3.051393202250019421 ) ) ;
#6856 = FACE_OUTER_BOUND ( 'NONE', #6816, .T. ) ;
#6857 = DIRECTION ( 'NONE',  ( 0.000000000000000000, 2.168404344971007921E-14, 1.000000000000000000 ) ) ;
#6858 = EDGE_CURVE ( 'NONE', #6052, #7654, #240, .T. ) ;
#6859 = ORIENTED_EDGE ( 'NONE', *, *, #58, .T. ) ;
#6860 = EDGE_CURVE ( 'NONE', #1011, #7394, #1507, .T. ) ;
#6861 = DIRECTION ( 'NONE',  ( 0.000000000000000000, 0.000000000000000000, 1.000000000000000000 ) ) ;
#6862 = ORIENTED_EDGE ( 'NONE', *, *, #4707, .T. ) ;
#6863 = ORIENTED_EDGE ( 'NONE', *, *, #540, .T. ) ;
#6864 = CARTESIAN_POINT ( 'NONE',  ( 5.909023376180915221, 1.798089979429929430, -0.2888788659938816838 ) ) ;
#6865 = CYLINDRICAL_SURFACE ( 'NONE', #3018, 0.1500000000000008271 ) ;
#6866 = CARTESIAN_POINT ( 'NONE',  ( 6.678242176723676593, 1.361069013065957289, -2.139841856355733540 ) ) ;
#6867 = B_SPLINE_CURVE_WITH_KNOTS ( 'NONE', 3,
 ( #3624, #635, #1116, #7922, #6769, #4782, #3062, #7281, #6642, #38, #3, #2318, #4228, #2445, #4910, #3582 ),
 .UNSPECIFIED., .F., .F.,
 ( 4, 3, 3, 3, 3, 4 ),
 ( 0.000000000000000000, 8.394097061321139893E-06, 1.678823833473429199E-05, 2.518148538120708137E-05, 3.357097732500790189E-05, 3.906383720533974452E-05 ),
 .UNSPECIFIED. ) ;
#6868 = PRODUCT_DEFINITION_SHAPE ( 'NONE', 'NONE',  #4121 ) ;
#6869 = B_SPLINE_CURVE_WITH_KNOTS ( 'NONE', 3,
 ( #6152, #7875, #2351, #2396 ),
 .UNSPECIFIED., .F., .F.,
 ( 4, 4 ),
 ( 0.000000000000000000, 1.000000000000000000 ),
 .UNSPECIFIED. ) ;
#6870 = CARTESIAN_POINT ( 'NONE',  ( 5.917500000000001315, 0.9999999999999781286, -2.257615395000002412 ) ) ;
#6871 = EDGE_LOOP ( 'NONE', ( #1261, #2673, #103, #4285 ) ) ;
#6872 = DIRECTION ( 'NONE',  ( -0.7071067811865472397, -3.035766082959420304E-15, 0.7071067811865479058 ) ) ;
#6873 = EDGE_LOOP ( 'NONE', ( #2247, #1130, #6638, #5086 ) ) ;
#6874 = ORIENTED_EDGE ( 'NONE', *, *, #2315, .F. ) ;
#6875 = CYLINDRICAL_SURFACE ( 'NONE', #2314, 0.1499999999999999667 ) ;
#6876 = VECTOR ( 'NONE', #5017, 1000.000000000000000 ) ;
#6877 = DIRECTION ( 'NONE',  ( 1.000000000000000000, 0.000000000000000000, 0.000000000000000000 ) ) ;
#6878 = CARTESIAN_POINT ( 'NONE',  ( 6.579927370043896495, 1.062718993545187729, -1.767033696732057457 ) ) ;
#6879 = ADVANCED_FACE ( 'NONE', ( #6228 ), #5172, .T. ) ;
#6880 = CIRCLE ( 'NONE', #2876, 0.1999999999999999833 ) ;
#6881 = SURFACE_STYLE_USAGE ( .BOTH. , #1285 ) ;
#6882 = CARTESIAN_POINT ( 'NONE',  ( 5.290976623819084068, 1.090909090909068402, -2.957499999999998685 ) ) ;
#6883 = CARTESIAN_POINT ( 'NONE',  ( 7.216725039671794129, 3.349998014120072032, 3.238590782806764601 ) ) ;
#6884 = ORIENTED_EDGE ( 'NONE', *, *, #3957, .T. ) ;
#6885 = LINE ( 'NONE', #4308, #6680 ) ;
#6886 = AXIS2_PLACEMENT_3D ( 'NONE', #5152, #2770, #6356 ) ;
#6887 = AXIS2_PLACEMENT_3D ( 'NONE', #3385, #4484, #2130 ) ;
#6888 = CARTESIAN_POINT ( 'NONE',  ( 0.000000000000000000, 0.000000000000000000, 0.000000000000000000 ) ) ;
#6889 = AXIS2_PLACEMENT_3D ( 'NONE', #6888, #5678, #6200 ) ;
#6890 = DIRECTION ( 'NONE',  ( 1.000000000000000000, -3.624795322936608189E-15, -4.485885711162466802E-16 ) ) ;
#6891 = AXIS2_PLACEMENT_3D ( 'NONE', #532, #6711, #752 ) ;
#6892 = ORIENTED_EDGE ( 'NONE', *, *, #5630, .F. ) ;
#6893 = ORIENTED_EDGE ( 'NONE', *, *, #2060, .T. ) ;
#6894 = CARTESIAN_POINT ( 'NONE',  ( 11.84999999999999787, 3.417333900688532257E-14, 2.089999999999998526 ) ) ;
#6895 = CARTESIAN_POINT ( 'NONE',  ( -7.199999999999999289, 3.533768883591846155, 2.931844010553809721 ) ) ;
#6896 = CARTESIAN_POINT ( 'NONE',  ( -12.04999999999999893, 0.2500000000000168199, 0.4899999999999976041 ) ) ;
#6897 = CARTESIAN_POINT ( 'NONE',  ( 5.285249604469581364, 1.237474533871205429, -1.548795770801657978 ) ) ;
#6898 = EDGE_CURVE ( 'NONE', #3150, #3358, #6041, .T. ) ;
#6899 = DIRECTION ( 'NONE',  ( 0.000000000000000000, -0.000000000000000000, -1.000000000000000000 ) ) ;
#6900 = ORIENTED_EDGE ( 'NONE', *, *, #5630, .T. ) ;
#6901 = AXIS2_PLACEMENT_3D ( 'NONE', #1089, #320, #3554 ) ;
#6902 = FACE_OUTER_BOUND ( 'NONE', #6950, .T. ) ;
#6903 = EDGE_LOOP ( 'NONE', ( #539, #3071, #592, #4755 ) ) ;
#6904 = VERTEX_POINT ( 'NONE', #2556 ) ;
#6905 = CARTESIAN_POINT ( 'NONE',  ( 5.851753182685894394, 1.697307384968127275, -0.3690938793461721601 ) ) ;
#6906 = DIRECTION ( 'NONE',  ( -0.7071067811865474617, 0.000000000000000000, 0.7071067811865474617 ) ) ;
#6907 = CARTESIAN_POINT ( 'NONE',  ( 6.848206685447004283, 1.388633049831480948, -1.916888534055015914 ) ) ;
#6908 = EDGE_CURVE ( 'NONE', #5286, #5331, #4110, .T. ) ;
#6909 = EDGE_CURVE ( 'NONE', #4901, #4625, #6420, .T. ) ;
#6910 = VECTOR ( 'NONE', #5127, 1000.000000000000000 ) ;
#6911 = CARTESIAN_POINT ( 'NONE',  ( 11.84999999999999787, 0.2499999999999994171, 0.4899999999999922751 ) ) ;
#6912 = VERTEX_POINT ( 'NONE', #5092 ) ;
#6913 = FACE_OUTER_BOUND ( 'NONE', #5354, .T. ) ;
#6914 = ORIENTED_EDGE ( 'NONE', *, *, #5528, .T. ) ;
#6915 = CIRCLE ( 'NONE', #601, 1.600000000000000311 ) ;
#6916 = VERTEX_POINT ( 'NONE', #3208 ) ;
#6917 = CIRCLE ( 'NONE', #2010, 0.3090233761809161317 ) ;
#6918 = CARTESIAN_POINT ( 'NONE',  ( 6.861523376184123890, 1.133325376635471171, -1.862758052302488476 ) ) ;
#6919 = CARTESIAN_POINT ( 'NONE',  ( -12.04999999999999893, -5.355243480291102876E-16, 0.4900000000000030442 ) ) ;
#6920 = DIRECTION ( 'NONE',  ( 0.000000000000000000, 0.000000000000000000, 1.000000000000000000 ) ) ;
#6921 = AXIS2_PLACEMENT_3D ( 'NONE', #5580, #6175, #7383 ) ;
#6922 = AXIS2_PLACEMENT_3D ( 'NONE', #7334, #1809, #2704 ) ;
#6923 = CARTESIAN_POINT ( 'NONE',  ( 5.436888051192581450, 1.670654961724948429, -0.5937708194933940531 ) ) ;
#6924 = EDGE_CURVE ( 'NONE', #1442, #4480, #3244, .T. ) ;
#6925 = LINE ( 'NONE', #5599, #4718 ) ;
#6926 = DIRECTION ( 'NONE',  ( 1.000000000000000000, -3.624795322936608189E-15, -4.485885711162466802E-16 ) ) ;
#6927 = CARTESIAN_POINT ( 'NONE',  ( 3.990636422683529361, 3.349974172931366123, 3.234705843812048620 ) ) ;
#6928 = AXIS2_PLACEMENT_3D ( 'NONE', #7835, #2725, #4506 ) ;
#6929 = SHAPE_DEFINITION_REPRESENTATION ( #6868, #1658 ) ;
#6930 = FACE_OUTER_BOUND ( 'NONE', #6039, .T. ) ;
#6931 = ORIENTED_EDGE ( 'NONE', *, *, #2958, .T. ) ;
#6932 = ORIENTED_EDGE ( 'NONE', *, *, #3988, .T. ) ;
#6933 = CYLINDRICAL_SURFACE ( 'NONE', #6891, 0.1500000000000008271 ) ;
#6934 = DIRECTION ( 'NONE',  ( 1.000000000000000000, 0.000000000000000000, 0.000000000000000000 ) ) ;
#6935 = DIRECTION ( 'NONE',  ( -1.000000000000000000, 0.000000000000000000, 0.000000000000000000 ) ) ;
#6936 = CARTESIAN_POINT ( 'NONE',  ( 5.277680634188323339, 1.240430217125566115, -1.550019137306298367 ) ) ;
#6937 = CARTESIAN_POINT ( 'NONE',  ( 10.40000000000000036, 3.150000000000000799, 4.289999999999998259 ) ) ;
#6938 = PLANE ( 'NONE',  #2772 ) ;
#6939 = EDGE_LOOP ( 'NONE', ( #848, #7085, #6610, #3371, #3908, #7323, #3219, #1831, #3630, #6250 ) ) ;
#6941 = CARTESIAN_POINT ( 'NONE',  ( 5.423936520126657612, 0.9999999999999787947, -2.257615395000002856 ) ) ;
#6940 = AXIS2_PLACEMENT_3D ( 'NONE', #426, #1688, #6193 ) ;
#6942 = VERTEX_POINT ( 'NONE', #145 ) ;
#6943 = EDGE_CURVE ( 'NONE', #7457, #4725, #1659, .T. ) ;
#6944 = VERTEX_POINT ( 'NONE', #4450 ) ;
#6945 = DIRECTION ( 'NONE',  ( 0.000000000000000000, 0.000000000000000000, -1.000000000000000000 ) ) ;
#6946 = CARTESIAN_POINT ( 'NONE',  ( 5.922319365811676839, 1.817304057350719981, -0.2683703994788501634 ) ) ;
#6947 = CARTESIAN_POINT ( 'NONE',  ( 5.599999999999999645, 1.499847494822332816, -0.7293931419030968977 ) ) ;
#6948 = CYLINDRICAL_SURFACE ( 'NONE', #7165, 0.1999999999999999833 ) ;
#6949 = LINE ( 'NONE', #4153, #5858 ) ;
#6950 = EDGE_LOOP ( 'NONE', ( #2341, #1222, #5267, #4817 ) ) ;
#6951 = CARTESIAN_POINT ( 'NONE',  ( 7.200000000000001066, 3.533768883591846155, 2.931844010553806612 ) ) ;
#6952 = ORIENTED_EDGE ( 'NONE', *, *, #6307, .T. ) ;
#6953 = ADVANCED_FACE ( 'NONE', ( #2028 ), #6339, .T. ) ;
#6954 = EDGE_CURVE ( 'NONE', #5582, #6750, #2064, .T. ) ;
#6955 = EDGE_LOOP ( 'NONE', ( #315, #1595, #5626, #3654 ) ) ;
#6956 = CARTESIAN_POINT ( 'NONE',  ( 10.85000000000002096, 0.4500000000000164979, 0.2899999999999921529 ) ) ;
#6957 = CIRCLE ( 'NONE', #7600, 0.3090233761809161317 ) ;
#6958 = LINE ( 'NONE', #1432, #6619 ) ;
#6959 = DIRECTION ( 'NONE',  ( -1.000000000000000000, 3.624795322936608189E-15, 4.485885711162466802E-16 ) ) ;
#6960 = VECTOR ( 'NONE', #1239, 1000.000000000000000 ) ;
#6961 = VECTOR ( 'NONE', #7668, 1000.000000000000000 ) ;
#6962 = CARTESIAN_POINT ( 'NONE',  ( 7.250000000000000000, 3.349999999999999645, 3.214999999999998526 ) ) ;
#6963 = DIRECTION ( 'NONE',  ( 2.344220913482162485E-15, 1.000000000000000000, 2.344220913482174713E-15 ) ) ;
#6964 =( BOUNDED_SURFACE ( )  B_SPLINE_SURFACE ( 3, 3, ( 
 ( #5830, #352, #5110, #270 ),
 ( #3461, #872, #3338, #2689 ),
 ( #2162, #1561, #4626, #5186 ),
 ( #6353, #6972, #7646, #7088 ) ),
 .UNSPECIFIED., .F., .F., .T. ) 
 B_SPLINE_SURFACE_WITH_KNOTS ( ( 4, 4 ),
 ( 4, 4 ),
 ( 0.000000000000000000, 1.000000000000000000 ),
 ( 0.000000000000000000, 1.000000000000000000 ),
 .UNSPECIFIED. ) 
 GEOMETRIC_REPRESENTATION_ITEM ( )  RATIONAL_B_SPLINE_SURFACE ( (
 ( 1.000000000000000000, 0.8047378541243652705, 0.8047378541243652705, 1.000000000000000000),
 ( 0.9474215819624509649, 0.7624260108195742847, 0.7624260108195742847, 0.9474215819624509649),
 ( 0.9474215819624509649, 0.7624260108195742847, 0.7624260108195742847, 0.9474215819624509649),
 ( 1.000000000000000000, 0.8047378541243652705, 0.8047378541243652705, 1.000000000000000000) ) ) 
 REPRESENTATION_ITEM ( '' )  SURFACE ( )  );
#6965 = EDGE_CURVE ( 'NONE', #6016, #6942, #3334, .T. ) ;
#6966 = EDGE_CURVE ( 'NONE', #7127, #3191, #2748, .T. ) ;
#6967 = CARTESIAN_POINT ( 'NONE',  ( -10.85000000000002096, 0.4500000000000164979, 0.2899999999999969824 ) ) ;
#6968 = FACE_OUTER_BOUND ( 'NONE', #1481, .T. ) ;
#6969 = DIRECTION ( 'NONE',  ( -6.490305332790986332E-15, 0.000000000000000000, 1.000000000000000000 ) ) ;
#6970 = ORIENTED_EDGE ( 'NONE', *, *, #4299, .F. ) ;
#6971 = CARTESIAN_POINT ( 'NONE',  ( -10.65000000000002167, 0.4500000000000384248, -0.6599999999999962563 ) ) ;
#6972 = CARTESIAN_POINT ( 'NONE',  ( 5.781021702676457430, 1.090909090909069068, -3.266523376180914706 ) ) ;
#6973 = DIRECTION ( 'NONE',  ( 0.000000000000000000, 0.000000000000000000, -1.000000000000000000 ) ) ;
#6974 = CARTESIAN_POINT ( 'NONE',  ( 5.506106797749978909, 1.279999999999978266, -2.957499999999998685 ) ) ;
#6975 = CARTESIAN_POINT ( 'NONE',  ( -7.199999999999999289, 2.849999999999999645, 3.239999999999999769 ) ) ;
#6976 = LINE ( 'NONE', #199, #3183 ) ;
#6977 = ORIENTED_EDGE ( 'NONE', *, *, #175, .F. ) ;
#6978 = CARTESIAN_POINT ( 'NONE',  ( 5.348246817314048940, 1.031984737185597689, -2.148722944794549505 ) ) ;
#6979 = ORIENTED_EDGE ( 'NONE', *, *, #2668, .F. ) ;
#6980 = CARTESIAN_POINT ( 'NONE',  ( 5.289692055220175604, 1.223276080241482378, -1.572038693219054206 ) ) ;
#6981 = CARTESIAN_POINT ( 'NONE',  ( -7.250000000000000000, 3.349999999999999645, -0.004506036726488661485 ) ) ;
#6982 = ADVANCED_FACE ( 'NONE', ( #3967 ), #7068, .T. ) ;
#6983 = DIRECTION ( 'NONE',  ( 0.000000000000000000, 1.000000000000000000, 0.000000000000000000 ) ) ;
#6984 = CARTESIAN_POINT ( 'NONE',  ( 6.690145656297980636, 1.491232537806868264, -1.600108214518454419 ) ) ;
#6985 = CARTESIAN_POINT ( 'NONE',  ( 5.693893202250019492, 1.279999999999978266, -3.012501364463421538 ) ) ;
#6986 = VERTEX_POINT ( 'NONE', #4086 ) ;
#6987 = FACE_OUTER_BOUND ( 'NONE', #1165, .T. ) ;
#6988 = VERTEX_POINT ( 'NONE', #4610 ) ;
#6989 = VERTEX_POINT ( 'NONE', #7145 ) ;
#6990 = CARTESIAN_POINT ( 'NONE',  ( 6.861530003061789174, 1.138848427619416404, -1.837378857495080009 ) ) ;
#6991 = DIRECTION ( 'NONE',  ( -1.000000000000000000, -3.624795322936608189E-15, -0.000000000000000000 ) ) ;
#6992 = DIRECTION ( 'NONE',  ( 0.000000000000000000, 0.4108746525949196760, 0.9116918447891282362 ) ) ;
#6993 = EDGE_CURVE ( 'NONE', #6414, #6389, #1582, .T. ) ;
#6994 = CARTESIAN_POINT ( 'NONE',  ( -5.359088742721784371, 3.349999999999999645, 7.384867924528305316 ) ) ;
#6995 = CARTESIAN_POINT ( 'NONE',  ( 5.348246817313630608, 1.400474604203572948, -1.671546337434255403 ) ) ;
#6996 = DIRECTION ( 'NONE',  ( -1.000000000000000000, -3.624795322936608189E-15, -0.000000000000000000 ) ) ;
#6997 = LINE ( 'NONE', #941, #228 ) ;
#6998 = VECTOR ( 'NONE', #5132, 1000.000000000000000 ) ;
#6999 = EDGE_CURVE ( 'NONE', #5307, #1405, #973, .T. ) ;
#7000 = EDGE_CURVE ( 'NONE', #4009, #1635, #7752, .T. ) ;
#7001 = DIRECTION ( 'NONE',  ( 0.000000000000000000, -2.171692714077831440E-14, -1.000000000000000000 ) ) ;
#7002 = EDGE_LOOP ( 'NONE', ( #4525, #4373, #417, #333 ) ) ;
#7003 = CIRCLE ( 'NONE', #6626, 0.1499999999999999667 ) ;
#7004 = ORIENTED_EDGE ( 'NONE', *, *, #2643, .F. ) ;
#7005 = CARTESIAN_POINT ( 'NONE',  ( 5.282949238955461091, 1.229898928673560432, -1.568860494036274256 ) ) ;
#7006 = FACE_BOUND ( 'NONE', #4188, .T. ) ;
#7007 = CARTESIAN_POINT ( 'NONE',  ( -10.85000000000002096, 0.4500000000000164979, 0.2900000000000024780 ) ) ;
#7008 = CARTESIAN_POINT ( 'NONE',  ( 7.200000000000000178, 3.599583217528247392, 3.214999999999998082 ) ) ;
#7009 = CARTESIAN_POINT ( 'NONE',  ( 5.289692055220175604, 1.094073794982422188, -2.173182992333011043 ) ) ;
#7010 = CARTESIAN_POINT ( 'NONE',  ( -3.974999999999998312, 3.349999999999999645, 3.240000000000000213 ) ) ;
#7011 = CIRCLE ( 'NONE', #7404, 0.4500000000000007327 ) ;
#7012 = VERTEX_POINT ( 'NONE', #6456 ) ;
#7013 = DIRECTION ( 'NONE',  ( 0.000000000000000000, 0.000000000000000000, 1.000000000000000000 ) ) ;
#7014 = ORIENTED_EDGE ( 'NONE', *, *, #827, .T. ) ;
#7015 = DIRECTION ( 'NONE',  ( 0.000000000000000000, 2.171692714077831124E-14, 1.000000000000000000 ) ) ;
#7016 = PLANE ( 'NONE',  #4684 ) ;
#7017 = EDGE_CURVE ( 'NONE', #2645, #5593, #7927, .T. ) ;
#7018 = DIRECTION ( 'NONE',  ( 0.7071067811865474617, 0.000000000000000000, 0.7071067811865474617 ) ) ;
#7019 = CARTESIAN_POINT ( 'NONE',  ( 4.325180634186976292, 1.141001841673496386, -1.870273396148710798 ) ) ;
#7020 = VECTOR ( 'NONE', #758, 1000.000000000000000 ) ;
#7021 = FACE_OUTER_BOUND ( 'NONE', #1606, .T. ) ;
#7022 = EDGE_LOOP ( 'NONE', ( #1747, #659, #6707, #4230 ) ) ;
#7023 = CARTESIAN_POINT ( 'NONE',  ( 5.290976623819023672, 1.092892094782016654, -2.171771136943992708 ) ) ;
#7024 = EDGE_LOOP ( 'NONE', ( #7376, #174, #412, #1557 ) ) ;
#7025 = ORIENTED_EDGE ( 'NONE', *, *, #3373, .T. ) ;
#7026 = DIRECTION ( 'NONE',  ( 1.000000000000000000, -3.624795322936608189E-15, -4.485885711162466802E-16 ) ) ;
#7027 = CARTESIAN_POINT ( 'NONE',  ( 5.286452158639265875, 1.827630338083625627, -0.8539154374834193595 ) ) ;
#7028 = LINE ( 'NONE', #4569, #257 ) ;
#7029 = VECTOR ( 'NONE', #921, 1000.000000000000000 ) ;
#7030 = VECTOR ( 'NONE', #4733, 1000.000000000000000 ) ;
#7031 = CARTESIAN_POINT ( 'NONE',  ( 5.308906578266126886, 1.619504142275679071, -0.7072696314830348996 ) ) ;
#7032 = AXIS2_PLACEMENT_3D ( 'NONE', #2411, #4949, #5404 ) ;
#7033 = CARTESIAN_POINT ( 'NONE',  ( -7.199999999999998401, 3.599583217528247836, 3.215000000000001634 ) ) ;
#7034 = AXIS2_PLACEMENT_3D ( 'NONE', #2122, #5687, #3305 ) ;
#7035 = ORIENTED_EDGE ( 'NONE', *, *, #4194, .T. ) ;
#7036 = CARTESIAN_POINT ( 'NONE',  ( 6.765372928524555185, 1.060813248486573324, -1.771321432309242994 ) ) ;
#7037 = ORIENTED_EDGE ( 'NONE', *, *, #152, .T. ) ;
#7038 = EDGE_CURVE ( 'NONE', #568, #283, #2306, .T. ) ;
#7039 = AXIS2_PLACEMENT_3D ( 'NONE', #6451, #5252, #284 ) ;
#7040 = VECTOR ( 'NONE', #321, 1000.000000000000114 ) ;
#7041 = CARTESIAN_POINT ( 'NONE',  ( 4.352500734075561262, 1.399497049319856190, -1.862711642998985173 ) ) ;
#7042 = AXIS2_PLACEMENT_3D ( 'NONE', #723, #5003, #760 ) ;
#7043 = VERTEX_POINT ( 'NONE', #896 ) ;
#7044 = CARTESIAN_POINT ( 'NONE',  ( 5.276206422690727926, 1.235273398255054333, -1.563161188921801559 ) ) ;
#7045 = ADVANCED_FACE ( 'NONE', ( #2266 ), #1018, .T. ) ;
#7046 = EDGE_CURVE ( 'NONE', #7503, #5177, #4040, .T. ) ;
#7047 = DIRECTION ( 'NONE',  ( 0.000000000000000000, -1.000000000000000000, 0.000000000000000000 ) ) ;
#7048 = DIRECTION ( 'NONE',  ( 0.000000000000000000, -1.000000000000000000, 0.000000000000000000 ) ) ;
#7049 = CARTESIAN_POINT ( 'NONE',  ( -10.65000000000002345, 0.4714285714286093887, -0.008461497791614718336 ) ) ;
#7050 = DIRECTION ( 'NONE',  ( -0.000000000000000000, -0.000000000000000000, 1.000000000000000000 ) ) ;
#7051 = AXIS2_PLACEMENT_3D ( 'NONE', #1251, #3705, #3137 ) ;
#7052 = CARTESIAN_POINT ( 'NONE',  ( 5.763226909731136161, 1.672041250973322457, -0.5906947752685205444 ) ) ;
#7053 = ORIENTED_EDGE ( 'NONE', *, *, #979, .F. ) ;
#7054 = ORIENTED_EDGE ( 'NONE', *, *, #1518, .T. ) ;
#7055 = CARTESIAN_POINT ( 'NONE',  ( 4.338476623815199495, 2.949999999999978861, -2.257615395000002856 ) ) ;
#7056 = CARTESIAN_POINT ( 'NONE',  ( 5.285249604469579587, 1.808168238876110667, -0.2808573646586512984 ) ) ;
#7057 = CARTESIAN_POINT ( 'NONE',  ( -10.85000000000000675, 0.4499999999999955147, -2.809999999999997389 ) ) ;
#7058 = CARTESIAN_POINT ( 'NONE',  ( 7.200000000000001066, 1.238057920502389830, -1.556363431405267672 ) ) ;
#7059 = EDGE_CURVE ( 'NONE', #2488, #7503, #7107, .T. ) ;
#7060 = DIRECTION ( 'NONE',  ( 1.000000000000000000, 0.000000000000000000, 0.000000000000000000 ) ) ;
#7061 = VERTEX_POINT ( 'NONE', #290 ) ;
#7062 = DIRECTION ( 'NONE',  ( -0.000000000000000000, -1.000000000000000000, -0.000000000000000000 ) ) ;
#7063 = EDGE_LOOP ( 'NONE', ( #3602, #2022, #3054, #3090, #6556, #5918 ) ) ;
#7064 = VECTOR ( 'NONE', #1748, 1000.000000000000000 ) ;
#7065 = ORIENTED_EDGE ( 'NONE', *, *, #3827, .T. ) ;
#7066 = CARTESIAN_POINT ( 'NONE',  ( -11.85000000000004405, -5.041540102057595618E-15, -0.8100000000000040501 ) ) ;
#7067 = DIRECTION ( 'NONE',  ( -0.000000000000000000, 1.836970198721029688E-16, 1.000000000000000000 ) ) ;
#7068 = PLANE ( 'NONE',  #880 ) ;
#7069 = DIRECTION ( 'NONE',  ( 0.7071067811865492381, -3.469446951953635094E-15, 0.7071067811865457964 ) ) ;
#7070 = ORIENTED_EDGE ( 'NONE', *, *, #2701, .T. ) ;
#7071 = EDGE_CURVE ( 'NONE', #3358, #2319, #7713, .T. ) ;
#7072 = CARTESIAN_POINT ( 'NONE',  ( -7.199999999999999289, 2.849999999999999645, 3.239999999999999769 ) ) ;
#7073 = CARTESIAN_POINT ( 'NONE',  ( 5.833342459146908077, 1.314098101696358878, -2.039411255474093299 ) ) ;
#7074 = B_SPLINE_CURVE_WITH_KNOTS ( 'NONE', 3,
 ( #5965, #6620, #6822, #6173, #6051, #1302, #3637, #4959, #6133, #3679, #527, #7862 ),
 .UNSPECIFIED., .F., .F.,
 ( 4, 2, 2, 2, 2, 4 ),
 ( 0.000000000000000000, 0.2500000000000038303, 0.3750000000000026090, 0.5000000000000014433, 0.7500000000000006661, 1.000000000000000000 ),
 .UNSPECIFIED. ) ;
#7075 = ORIENTED_EDGE ( 'NONE', *, *, #6025, .T. ) ;
#7076 = DIRECTION ( 'NONE',  ( -4.688441826964343312E-16, 0.000000000000000000, -1.000000000000000000 ) ) ;
#7077 = ORIENTED_EDGE ( 'NONE', *, *, #4632, .F. ) ;
#7078 = CARTESIAN_POINT ( 'NONE',  ( 5.851753182686093346, 1.041235696393721266, -2.040224163854501338 ) ) ;
#7079 = AXIS2_PLACEMENT_3D ( 'NONE', #5684, #157, #2606 ) ;
#7080 = EDGE_CURVE ( 'NONE', #7698, #7262, #4769, .T. ) ;
#7081 = VECTOR ( 'NONE', #1956, 1000.000000000000000 ) ;
#7082 = DIRECTION ( 'NONE',  ( 0.000000000000000000, 6.550704629611133859E-16, -1.000000000000000000 ) ) ;
#7083 = DIRECTION ( 'NONE',  ( 1.000000000000000000, 3.624795322936608189E-15, 0.000000000000000000 ) ) ;
#7084 = ORIENTED_EDGE ( 'NONE', *, *, #3209, .T. ) ;
#7085 = ORIENTED_EDGE ( 'NONE', *, *, #3796, .T. ) ;
#7086 = CARTESIAN_POINT ( 'NONE',  ( 4.351793271845485478, 1.388632035939130427, -1.916893376801485527 ) ) ;
#7087 = VERTEX_POINT ( 'NONE', #4648 ) ;
#7088 = CARTESIAN_POINT ( 'NONE',  ( 5.909023376180915221, 1.090909090909069068, -2.957499999999998241 ) ) ;
#7089 = CARTESIAN_POINT ( 'NONE',  ( 10.65000000000002167, 0.3000000000000374589, -0.3135898384862252919 ) ) ;
#7090 = CARTESIAN_POINT ( 'NONE',  ( 5.870661613162106995, 1.631425591173824241, -0.6808170682259256923 ) ) ;
#7091 = EDGE_CURVE ( 'NONE', #4816, #817, #1678, .T. ) ;
#7092 = ORIENTED_EDGE ( 'NONE', *, *, #6470, .F. ) ;
#7093 = ORIENTED_EDGE ( 'NONE', *, *, #7454, .F. ) ;
#7094 = CARTESIAN_POINT ( 'NONE',  ( 5.313493194907396244, 1.349999999999978106, -2.257615395000003300 ) ) ;
#7095 = FACE_OUTER_BOUND ( 'NONE', #339, .T. ) ;
#7096 = LINE ( 'NONE', #1699, #963 ) ;
#7097 = CARTESIAN_POINT ( 'NONE',  ( 4.338476623818158018, 1.133325376635336168, -1.862758052300323319 ) ) ;
#7098 = ADVANCED_FACE ( 'NONE', ( #2872 ), #5335, .F. ) ;
#7099 = EDGE_CURVE ( 'NONE', #2681, #579, #7832, .T. ) ;
#7100 = LINE ( 'NONE', #6011, #6365 ) ;
#7101 = ORIENTED_EDGE ( 'NONE', *, *, #1952, .F. ) ;
#7102 = CARTESIAN_POINT ( 'NONE',  ( -7.200000000000002842, 3.349999999999999645, -7.609999999999995879 ) ) ;
#7103 = VERTEX_POINT ( 'NONE', #3522 ) ;
#7104 = ORIENTED_EDGE ( 'NONE', *, *, #2731, .T. ) ;
#7105 = CARTESIAN_POINT ( 'NONE',  ( 5.506106797749978909, 0.9999999999999781286, -2.957499999999998685 ) ) ;
#7106 = CARTESIAN_POINT ( 'NONE',  ( 10.65000000000000568, 0.5000000000000383027, -4.409999999999999254 ) ) ;
#7107 = LINE ( 'NONE', #5256, #3101 ) ;
#7108 = ORIENTED_EDGE ( 'NONE', *, *, #2102, .T. ) ;
#7109 = CARTESIAN_POINT ( 'NONE',  ( 5.269463606425994762, 1.238057920502389830, -1.556363431405267672 ) ) ;
#7110 = ORIENTED_EDGE ( 'NONE', *, *, #7325, .F. ) ;
#7111 = LINE ( 'NONE', #457, #4124 ) ;
#7112 = ORIENTED_EDGE ( 'NONE', *, *, #2252, .F. ) ;
#7113 = CARTESIAN_POINT ( 'NONE',  ( 5.436773090268833819, 1.099999999999977884, -3.248593421733863895 ) ) ;
#7114 = EDGE_CURVE ( 'NONE', #446, #7183, #7726, .T. ) ;
#7115 = DIRECTION ( 'NONE',  ( 0.000000000000000000, 0.000000000000000000, -1.000000000000000000 ) ) ;
#7116 = CARTESIAN_POINT ( 'NONE',  ( -4.000000000000001776, 1.349999999999978328, -2.257615395000001079 ) ) ;
#7117 = ORIENTED_EDGE ( 'NONE', *, *, #7528, .F. ) ;
#7118 = ORIENTED_EDGE ( 'NONE', *, *, #5325, .F. ) ;
#7119 = CARTESIAN_POINT ( 'NONE',  ( 4.556642489367525251, 1.317762528863087645, -1.875581660888075541 ) ) ;
#7120 = ORIENTED_EDGE ( 'NONE', *, *, #1828, .T. ) ;
#7121 = CARTESIAN_POINT ( 'NONE',  ( 5.693893202250020380, 1.172200902661177935, -1.456409822439909130 ) ) ;
#7122 = VECTOR ( 'NONE', #4493, 1000.000000000000000 ) ;
#7123 = DIRECTION ( 'NONE',  ( 0.000000000000000000, 0.000000000000000000, 1.000000000000000000 ) ) ;
#7124 = CARTESIAN_POINT ( 'NONE',  ( -11.85000000000003340, -3.739183333005779689E-15, -2.810000000000003162 ) ) ;
#7125 = LINE ( 'NONE', #7733, #1751 ) ;
#7126 = AXIS2_PLACEMENT_3D ( 'NONE', #3645, #6095, #884 ) ;
#7127 = VERTEX_POINT ( 'NONE', #1750 ) ;
#7128 = ORIENTED_EDGE ( 'NONE', *, *, #2442, .F. ) ;
#7129 = CARTESIAN_POINT ( 'NONE',  ( 6.646393970809332252, 1.320104708793667481, -1.863987156720354754 ) ) ;
#7130 = CARTESIAN_POINT ( 'NONE',  ( 11.85000000000002984, -3.903127820947815962E-15, -2.810000000000008047 ) ) ;
#7131 = EDGE_CURVE ( 'NONE', #3706, #4616, #1829, .T. ) ;
#7132 = DIRECTION ( 'NONE',  ( 0.000000000000000000, 0.000000000000000000, 1.000000000000000000 ) ) ;
#7133 = DIRECTION ( 'NONE',  ( 1.000000000000000000, 3.624795322936608189E-15, 0.000000000000000000 ) ) ;
#7134 = DIRECTION ( 'NONE',  ( -0.7171005797607368226, 0.6817463599447448619, -0.1448746327308735038 ) ) ;
#7135 = DIRECTION ( 'NONE',  ( 0.000000000000000000, -0.4108746525949196204, -0.9116918447891282362 ) ) ;
#7136 = ORIENTED_EDGE ( 'NONE', *, *, #221, .F. ) ;
#7137 = AXIS2_PLACEMENT_3D ( 'NONE', #3067, #5525, #6077 ) ;
#7138 = CYLINDRICAL_SURFACE ( 'NONE', #7942, 0.2000000000000000944 ) ;
#7139 = ORIENTED_EDGE ( 'NONE', *, *, #708, .F. ) ;
#7140 = ORIENTED_EDGE ( 'NONE', *, *, #3621, .F. ) ;
#7141 = CARTESIAN_POINT ( 'NONE',  ( 5.910411431810169702, 1.502756801112984819, -1.573845062300122111 ) ) ;
#7142 = CARTESIAN_POINT ( 'NONE',  ( -9.061988307341504696E-16, 0.2499999999999872047, -5.429231785194299343E-15 ) ) ;
#7143 = EDGE_CURVE ( 'NONE', #6016, #5331, #4896, .T. ) ;
#7144 = EDGE_CURVE ( 'NONE', #4792, #6912, #1701, .T. ) ;
#7145 = CARTESIAN_POINT ( 'NONE',  ( 4.000000000000000000, 3.305845922394564429, 3.034562673702536628 ) ) ;
#7146 = AXIS2_PLACEMENT_3D ( 'NONE', #4944, #6270, #7448 ) ;
#7147 = CARTESIAN_POINT ( 'NONE',  ( 7.200000000000001066, 1.099999999999978106, -2.259999999999998899 ) ) ;
#7148 = EDGE_LOOP ( 'NONE', ( #4166, #3950, #3033, #32, #5047, #1754 ) ) ;
#7149 = CARTESIAN_POINT ( 'NONE',  ( -8.728703347107816625E-16, 3.693817751705335670E-14, 2.289999999999998703 ) ) ;
#7150 = CARTESIAN_POINT ( 'NONE',  ( 5.888156685853734196, 1.360452713443409900, -2.044690632345258052 ) ) ;
#7151 = VECTOR ( 'NONE', #7210, 1000.000000000000000 ) ;
#7152 = CARTESIAN_POINT ( 'NONE',  ( 5.811744994554445043, 1.122045767992028820, -1.651099987444636152 ) ) ;
#7153 = ORIENTED_EDGE ( 'NONE', *, *, #5405, .F. ) ;
#7154 = FACE_OUTER_BOUND ( 'NONE', #7680, .T. ) ;
#7155 = CIRCLE ( 'NONE', #845, 1.599999999999999867 ) ;
#7156 = AXIS2_PLACEMENT_3D ( 'NONE', #2519, #1245, #5433 ) ;
#7157 = CARTESIAN_POINT ( 'NONE',  ( -7.200481833026834977, 3.349631579828301842, 3.220628449164378182 ) ) ;
#7158 = FACE_OUTER_BOUND ( 'NONE', #6939, .T. ) ;
#7159 = ORIENTED_EDGE ( 'NONE', *, *, #146, .F. ) ;
#7160 = ORIENTED_EDGE ( 'NONE', *, *, #3742, .F. ) ;
#7161 = CARTESIAN_POINT ( 'NONE',  ( 3.992777884645196895, 3.599968602395038353, 3.232798045361088501 ) ) ;
#7162 = ORIENTED_EDGE ( 'NONE', *, *, #737, .F. ) ;
#7163 = VECTOR ( 'NONE', #7238, 1000.000000000000114 ) ;
#7164 = CARTESIAN_POINT ( 'NONE',  ( 4.338469996938137285, 1.126123340337557455, -1.896585346455866405 ) ) ;
#7165 = AXIS2_PLACEMENT_3D ( 'NONE', #1424, #5807, #2091 ) ;
#7166 = CARTESIAN_POINT ( 'NONE',  ( 4.553606797749979229, 1.616039595716434851, -1.914640449260665234 ) ) ;
#7167 = FACE_BOUND ( 'NONE', #2638, .T. ) ;
#7168 = CIRCLE ( 'NONE', #6149, 1.859090909090909349 ) ;
#7169 = DIRECTION ( 'NONE',  ( 0.000000000000000000, 2.168404344971009184E-14, 1.000000000000000000 ) ) ;
#7170 = VERTEX_POINT ( 'NONE', #620 ) ;
#7171 = ORIENTED_EDGE ( 'NONE', *, *, #690, .T. ) ;
#7172 = CARTESIAN_POINT ( 'NONE',  ( 3.975000000000000089, 3.600000000000000533, 3.214999999999998526 ) ) ;
#7173 = PLANE ( 'NONE',  #4556 ) ;
#7174 = LINE ( 'NONE', #6443, #7874 ) ;
#7175 = AXIS2_PLACEMENT_3D ( 'NONE', #6425, #299, #863 ) ;
#7176 = CARTESIAN_POINT ( 'NONE',  ( 10.39073772474620405, 3.350000000000000533, -5.143883475253821835 ) ) ;
#7177 = FACE_OUTER_BOUND ( 'NONE', #2453, .T. ) ;
#7178 = EDGE_CURVE ( 'NONE', #4352, #3283, #59, .T. ) ;
#7179 = CARTESIAN_POINT ( 'NONE',  ( 4.338476623815198607, 1.132715646549150135, -1.865563321597741409 ) ) ;
#7180 = ADVANCED_FACE ( 'NONE', ( #574 ), #6753, .F. ) ;
#7181 = ORIENTED_EDGE ( 'NONE', *, *, #1546, .T. ) ;
#7182 = CARTESIAN_POINT ( 'NONE',  ( 5.269463606425994762, 1.263370087140091025, -1.497497287699401713 ) ) ;
#7183 = VERTEX_POINT ( 'NONE', #4256 ) ;
#7184 = ORIENTED_EDGE ( 'NONE', *, *, #4212, .T. ) ;
#7185 = CARTESIAN_POINT ( 'NONE',  ( 5.909023376181059106, 1.512029382811732603, -1.546542005819130594 ) ) ;
#7186 = CARTESIAN_POINT ( 'NONE',  ( 5.930536393574007192, 1.236019331796417431, -1.485171048121553872 ) ) ;
#7187 = DIRECTION ( 'NONE',  ( -4.485885711162466802E-16, 0.000000000000000000, -1.000000000000000000 ) ) ;
#7188 = CARTESIAN_POINT ( 'NONE',  ( 10.65000000000001101, 0.5000000000000383027, -4.209999999999999076 ) ) ;
#7189 = DIRECTION ( 'NONE',  ( 0.000000000000000000, 0.000000000000000000, 1.000000000000000000 ) ) ;
#7190 = ORIENTED_EDGE ( 'NONE', *, *, #6110, .F. ) ;
#7191 = EDGE_CURVE ( 'NONE', #6389, #1900, #3121, .T. ) ;
#7192 = CARTESIAN_POINT ( 'NONE',  ( 7.200000000000001066, 2.849999999999999645, -2.259999999999999343 ) ) ;
#7193 = CARTESIAN_POINT ( 'NONE',  ( -5.600000000000000533, 3.349999999999999645, -2.509999999999999343 ) ) ;
#7194 = ORIENTED_EDGE ( 'NONE', *, *, #6909, .T. ) ;
#7195 = CARTESIAN_POINT ( 'NONE',  ( 6.848758551023611751, 1.160967880315275425, -1.759146087687920579 ) ) ;
#7196 = ORIENTED_EDGE ( 'NONE', *, *, #2159, .F. ) ;
#7197 = CARTESIAN_POINT ( 'NONE',  ( 4.639999999999974811, 1.094073794982670211, -2.173182992332834740 ) ) ;
#7198 = ADVANCED_FACE ( 'NONE', ( #6717 ), #3120, .F. ) ;
#7199 = CARTESIAN_POINT ( 'NONE',  ( 4.480678211263048105, 1.210017868045255129, -1.603214529852781345 ) ) ;
#7200 = EDGE_CURVE ( 'NONE', #7382, #5854, #6628, .T. ) ;
#7201 = CARTESIAN_POINT ( 'NONE',  ( 11.85000000000004405, -5.041540102057595618E-15, -0.8100000000000093792 ) ) ;
#7202 = ORIENTED_EDGE ( 'NONE', *, *, #3111, .T. ) ;
#7203 = CARTESIAN_POINT ( 'NONE',  ( 3.999517465837824304, 3.599754527304476426, 3.220631965542965158 ) ) ;
#7204 = ORIENTED_EDGE ( 'NONE', *, *, #3649, .F. ) ;
#7205 = EDGE_CURVE ( 'NONE', #6457, #4905, #6321, .T. ) ;
#7206 = CARTESIAN_POINT ( 'NONE',  ( 4.000000000000000000, 3.533768883591846155, 2.931844010553806168 ) ) ;
#7207 = CARTESIAN_POINT ( 'NONE',  ( 5.693893202250020380, 1.089965520103052476, -1.661773075905843999 ) ) ;
#7208 = CIRCLE ( 'NONE', #5916, 1.599999999999999867 ) ;
#7209 = CARTESIAN_POINT ( 'NONE',  ( 10.65000000000002167, 0.5000000000000374145, -0.3135898384862252919 ) ) ;
#7210 = DIRECTION ( 'NONE',  ( -0.6851022815776800501, -0.000000000000000000, 0.7284468846642542239 ) ) ;
#7211 = AXIS2_PLACEMENT_3D ( 'NONE', #372, #2835, #4728 ) ;
#7212 = ORIENTED_EDGE ( 'NONE', *, *, #7200, .T. ) ;
#7213 = ORIENTED_EDGE ( 'NONE', *, *, #5176, .F. ) ;
#7214 = CARTESIAN_POINT ( 'NONE',  ( 4.465826458245083508, 1.017213957404771607, -1.983174955899294156 ) ) ;
#7215 = CARTESIAN_POINT ( 'NONE',  ( 5.269463606425993873, 1.101997053481830857, -2.171678734253608578 ) ) ;
#7216 = DIRECTION ( 'NONE',  ( -1.000000000000000000, -3.624795322936608189E-15, -0.000000000000000000 ) ) ;
#7217 = DIRECTION ( 'NONE',  ( -1.000000000000000000, 3.624795322936608189E-15, 0.000000000000000000 ) ) ;
#7218 = DIRECTION ( 'NONE',  ( -4.688441826964342326E-16, 0.000000000000000000, -1.000000000000000000 ) ) ;
#7219 = EDGE_CURVE ( 'NONE', #6986, #3006, #4148, .T. ) ;
#7220 = CARTESIAN_POINT ( 'NONE',  ( 4.338476623815199495, 1.131515687739752973, -1.871178059442145436 ) ) ;
#7221 = ORIENTED_EDGE ( 'NONE', *, *, #5774, .F. ) ;
#7222 = CARTESIAN_POINT ( 'NONE',  ( 10.40000000000000746, 0.3000000000000365707, -0.2064101615137770018 ) ) ;
#7223 = ORIENTED_EDGE ( 'NONE', *, *, #7038, .T. ) ;
#7224 = EDGE_LOOP ( 'NONE', ( #6404, #1465, #7110, #3801 ) ) ;
#7225 = LINE ( 'NONE', #5378, #7329 ) ;
#7226 = CARTESIAN_POINT ( 'NONE',  ( 5.288911667741196254, 1.504200635118142726, -1.571575241246008892 ) ) ;
#7227 = CARTESIAN_POINT ( 'NONE',  ( 7.200000000000001066, 3.349999999999999645, -7.609999999999999432 ) ) ;
#7228 = VECTOR ( 'NONE', #4243, 1000.000000000000000 ) ;
#7229 = FACE_OUTER_BOUND ( 'NONE', #3639, .T. ) ;
#7230 = CARTESIAN_POINT ( 'NONE',  ( 5.909023376180915221, 2.949999999999978861, -2.257615395000002856 ) ) ;
#7231 = ORIENTED_EDGE ( 'NONE', *, *, #7342, .T. ) ;
#7232 = CARTESIAN_POINT ( 'NONE',  ( 5.930536393574005416, 1.099999999999978995, -2.257615395000003300 ) ) ;
#7233 = AXIS2_PLACEMENT_3D ( 'NONE', #7657, #1612, #7018 ) ;
#7234 = VERTEX_POINT ( 'NONE', #6019 ) ;
#7235 = DIRECTION ( 'NONE',  ( 1.000000000000000000, 3.624795322936607400E-15, -0.000000000000000000 ) ) ;
#7236 = ADVANCED_FACE ( 'NONE', ( #1792 ), #494, .F. ) ;
#7237 = FACE_OUTER_BOUND ( 'NONE', #5880, .T. ) ;
#7238 = DIRECTION ( 'NONE',  ( -0.000000000000000000, 0.4108746525949196204, 0.9116918447891282362 ) ) ;
#7239 = ORIENTED_EDGE ( 'NONE', *, *, #6633, .F. ) ;
#7240 = CARTESIAN_POINT ( 'NONE',  ( 4.427146993972084665, 1.195360888824098744, -1.650010251495891644 ) ) ;
#7241 = EDGE_LOOP ( 'NONE', ( #3479, #4249, #3322, #5051 ) ) ;
#7242 = DIRECTION ( 'NONE',  ( 0.000000000000000000, 2.171692714077831124E-14, 1.000000000000000000 ) ) ;
#7243 = B_SPLINE_CURVE_WITH_KNOTS ( 'NONE', 3,
 ( #990, #4581, #7041, #5349 ),
 .UNSPECIFIED., .F., .F.,
 ( 4, 4 ),
 ( 0.000000000000000000, 1.000000000000000000 ),
 .UNSPECIFIED. ) ;
#7244 = ADVANCED_FACE ( 'NONE', ( #2962 ), #1091, .T. ) ;
#7245 = ADVANCED_FACE ( 'NONE', ( #6329 ), #729, .F. ) ;
#7246 = CARTESIAN_POINT ( 'NONE',  ( 7.200000000000001066, 3.305845922394564429, 3.034562673702536628 ) ) ;
#7247 = CARTESIAN_POINT ( 'NONE',  ( 5.506106797749980686, 2.014776711403570175, -0.9382572044540522516 ) ) ;
#7248 = B_SPLINE_CURVE_WITH_KNOTS ( 'NONE', 3,
 ( #4400, #3872, #6217, #6980 ),
 .UNSPECIFIED., .F., .F.,
 ( 4, 4 ),
 ( 0.000000000000000000, 2.244964918450251063E-06 ),
 .UNSPECIFIED. ) ;
#7249 = ORIENTED_EDGE ( 'NONE', *, *, #610, .F. ) ;
#7250 = ORIENTED_EDGE ( 'NONE', *, *, #931, .T. ) ;
#7251 = CARTESIAN_POINT ( 'NONE',  ( 5.416640343565065407, 1.026082115306155007, -2.027432356163927363 ) ) ;
#7252 = DIRECTION ( 'NONE',  ( 0.000000000000000000, 1.000000000000000000, 0.000000000000000000 ) ) ;
#7253 = CARTESIAN_POINT ( 'NONE',  ( 6.849080211900552939, 1.184305334076851679, -1.702266528318788552 ) ) ;
#7254 = CARTESIAN_POINT ( 'NONE',  ( 5.290976623818671065, 1.221618638213835428, -1.572840339603589044 ) ) ;
#7255 = FACE_OUTER_BOUND ( 'NONE', #2758, .T. ) ;
#7256 = B_SPLINE_CURVE_WITH_KNOTS ( 'NONE', 3,
 ( #2293, #434, #7338, #2331, #1653, #6571, #3673, #1174, #5958, #5409, #7251, #1778, #3594 ),
 .UNSPECIFIED., .F., .F.,
 ( 4, 2, 2, 1, 2, 2, 4 ),
 ( 0.000000000000000000, 0.2499999999999686917, 0.3749999999999510392, 0.4374999999999419353, 0.4687499999999409361, 0.4999999999999398259, 1.000000000000000000 ),
 .UNSPECIFIED. ) ;
#7257 = AXIS2_PLACEMENT_3D ( 'NONE', #328, #7712, #5781 ) ;
#7258 = PLANE ( 'NONE',  #5350 ) ;
#7259 = ORIENTED_EDGE ( 'NONE', *, *, #858, .F. ) ;
#7260 = FACE_OUTER_BOUND ( 'NONE', #4031, .T. ) ;
#7261 = EDGE_LOOP ( 'NONE', ( #6186, #7643, #9 ) ) ;
#7262 = VERTEX_POINT ( 'NONE', #3764 ) ;
#7263 = FACE_OUTER_BOUND ( 'NONE', #2660, .T. ) ;
#7264 = AXIS2_PLACEMENT_3D ( 'NONE', #371, #6678, #4168 ) ;
#7265 = CARTESIAN_POINT ( 'NONE',  ( 4.574681859721855481, 1.056290656316938747, -1.792418038271471614 ) ) ;
#7266 = DIRECTION ( 'NONE',  ( 0.000000000000000000, 0.000000000000000000, -1.000000000000000000 ) ) ;
#7267 = CARTESIAN_POINT ( 'NONE',  ( 6.646393202251991816, 1.044490431726508239, -1.843449624784437635 ) ) ;
#7268 = AXIS2_PLACEMENT_3D ( 'NONE', #1038, #6694, #5478 ) ;
#7269 = AXIS2_PLACEMENT_3D ( 'NONE', #123, #4427, #2607 ) ;
#7270 = CARTESIAN_POINT ( 'NONE',  ( 4.553885276569275220, 1.101123651269517945, -2.193145175895209853 ) ) ;
#7271 = ORIENTED_EDGE ( 'NONE', *, *, #268, .T. ) ;
#7272 = LINE ( 'NONE', #2923, #1370 ) ;
#7273 = CARTESIAN_POINT ( 'NONE',  ( 5.930536393574006304, 1.240430217125475965, -1.550019137306510864 ) ) ;
#7274 = ADVANCED_FACE ( 'NONE', ( #3912 ), #6659, .F. ) ;
#7275 = ORIENTED_EDGE ( 'NONE', *, *, #7143, .T. ) ;
#7276 = CARTESIAN_POINT ( 'NONE',  ( 6.643357510632482033, 1.329660714481509354, -1.820222528191834499 ) ) ;
#7277 = ORIENTED_EDGE ( 'NONE', *, *, #4877, .F. ) ;
#7278 = CARTESIAN_POINT ( 'NONE',  ( 7.200000000000001066, 1.491293048337371863, -1.600215950848134172 ) ) ;
#7279 = CARTESIAN_POINT ( 'NONE',  ( 5.784376512939420678, 1.096801526281418360, -3.272250395530416522 ) ) ;
#7280 = VECTOR ( 'NONE', #7509, 1000.000000000000000 ) ;
#7281 = CARTESIAN_POINT ( 'NONE',  ( -3.992801644040902875, 3.349950842554243913, 3.232774374183830179 ) ) ;
#7282 = AXIS2_PLACEMENT_3D ( 'NONE', #1092, #2299, #322 ) ;
#7283 = ADVANCED_FACE ( 'NONE', ( #3837 ), #4386, .T. ) ;
#7284 = ORIENTED_EDGE ( 'NONE', *, *, #1321, .F. ) ;
#7285 = CARTESIAN_POINT ( 'NONE',  ( 10.65000000000002345, 0.4714285714286093887, -0.008461497791619521786 ) ) ;
#7286 = VERTEX_POINT ( 'NONE', #7587 ) ;
#7287 = CARTESIAN_POINT ( 'NONE',  ( 6.560000000000001386, 1.353878595024246234, -2.146276001350261087 ) ) ;
#7288 = VECTOR ( 'NONE', #4558, 1000.000000000000000 ) ;
#7289 = VECTOR ( 'NONE', #4774, 1000.000000000000000 ) ;
#7290 = CARTESIAN_POINT ( 'NONE',  ( 5.831945905376584527, 1.304307950136347483, -3.093370765632695640 ) ) ;
#7291 = ADVANCED_FACE ( 'NONE', ( #4402 ), #5771, .F. ) ;
#7292 = ORIENTED_EDGE ( 'NONE', *, *, #2215, .F. ) ;
#7293 = EDGE_CURVE ( 'NONE', #4625, #5396, #1920, .T. ) ;
#7294 = CIRCLE ( 'NONE', #3941, 0.1999999999999999833 ) ;
#7295 = ORIENTED_EDGE ( 'NONE', *, *, #3784, .F. ) ;
#7296 = CARTESIAN_POINT ( 'NONE',  ( 4.595002020505575047, 1.004218830345160685, -2.067638033347100279 ) ) ;
#7297 = CARTESIAN_POINT ( 'NONE',  ( 5.434174690273883890, 1.308147679596600943, -1.927488663940314817 ) ) ;
#7298 = FACE_OUTER_BOUND ( 'NONE', #4080, .T. ) ;
#7299 = CARTESIAN_POINT ( 'NONE',  ( -10.65000000000002345, 0.4500000000000385914, -2.959999999999995968 ) ) ;
#7300 = CARTESIAN_POINT ( 'NONE',  ( 5.599999999999998757, 1.090909090909068846, -3.266523376180914706 ) ) ;
#7301 = AXIS2_PLACEMENT_3D ( 'NONE', #7102, #1462, #3920 ) ;
#7302 = CIRCLE ( 'NONE', #4863, 0.4500000000000007327 ) ;
#7303 = DIRECTION ( 'NONE',  ( 1.000000000000000000, 0.000000000000000000, 0.000000000000000000 ) ) ;
#7304 = EDGE_CURVE ( 'NONE', #1566, #5307, #6851, .T. ) ;
#7305 = VERTEX_POINT ( 'NONE', #7623 ) ;
#7306 = DIRECTION ( 'NONE',  ( 0.000000000000000000, 0.000000000000000000, 1.000000000000000000 ) ) ;
#7307 = ORIENTED_EDGE ( 'NONE', *, *, #595, .F. ) ;
#7308 = CYLINDRICAL_SURFACE ( 'NONE', #2503, 0.03000000000000007869 ) ;
#7309 = AXIS2_PLACEMENT_3D ( 'NONE', #613, #7426, #5616 ) ;
#7310 = VERTEX_POINT ( 'NONE', #920 ) ;
#7311 = CARTESIAN_POINT ( 'NONE',  ( 5.693893202250020380, 3.229999999999978222, -2.257615395000002856 ) ) ;
#7312 = PLANE ( 'NONE',  #7126 ) ;
#7313 = EDGE_CURVE ( 'NONE', #1141, #5177, #402, .T. ) ;
#7314 = DIRECTION ( 'NONE',  ( -1.000000000000000000, -3.624795322936608189E-15, -0.000000000000000000 ) ) ;
#7315 = CARTESIAN_POINT ( 'NONE',  ( 11.85000000000004405, 0.2499999999999950040, -0.8100000000000092681 ) ) ;
#7316 = DIRECTION ( 'NONE',  ( 1.000000000000000000, 0.000000000000000000, 0.000000000000000000 ) ) ;
#7317 = ORIENTED_EDGE ( 'NONE', *, *, #3638, .T. ) ;
#7318 = VERTEX_POINT ( 'NONE', #3351 ) ;
#7319 = B_SPLINE_CURVE_WITH_KNOTS ( 'NONE', 3,
 ( #1614, #2621, #1423, #2584, #5200, #3955, #6368, #3876, #2054, #5082, #1535, #7549 ),
 .UNSPECIFIED., .F., .F.,
 ( 4, 2, 2, 2, 2, 4 ),
 ( 0.000000000000000000, 0.2499999999999985567, 0.3749999999999978351, 0.4374999999999969469, 0.4999999999999960032, 1.000000000000000000 ),
 .UNSPECIFIED. ) ;
#7320 = DIRECTION ( 'NONE',  ( 0.000000000000000000, 0.000000000000000000, 1.000000000000000000 ) ) ;
#7321 = ORIENTED_EDGE ( 'NONE', *, *, #5629, .F. ) ;
#7322 = CARTESIAN_POINT ( 'NONE',  ( 6.621081496966116475, 1.504707614498881352, -1.571356372815766678 ) ) ;
#7323 = ORIENTED_EDGE ( 'NONE', *, *, #6726, .T. ) ;
#7324 = LINE ( 'NONE', #2398, #2029 ) ;
#7325 = EDGE_CURVE ( 'NONE', #4374, #140, #7174, .T. ) ;
#7326 = CARTESIAN_POINT ( 'NONE',  ( -7.221293756100831018, 3.350000122733938657, 3.239792680592194163 ) ) ;
#7327 = DIRECTION ( 'NONE',  ( -0.000000000000000000, -0.000000000000000000, -1.000000000000000000 ) ) ;
#7328 = CARTESIAN_POINT ( 'NONE',  ( 5.693893202250020380, 1.299999999999978062, -2.257615395000002856 ) ) ;
#7329 = VECTOR ( 'NONE', #1790, 1000.000000000000000 ) ;
#7330 = ORIENTED_EDGE ( 'NONE', *, *, #3354, .F. ) ;
#7331 = ADVANCED_FACE ( 'NONE', ( #5198 ), #959, .F. ) ;
#7332 = CARTESIAN_POINT ( 'NONE',  ( 6.813081618867169453, 1.368049566625718638, -2.012377930452664110 ) ) ;
#7333 = ADVANCED_FACE ( 'NONE', ( #7095 ), #362, .F. ) ;
#7334 = CARTESIAN_POINT ( 'NONE',  ( 10.40000000000000746, 0.5000000000000365263, -0.2064101615137770018 ) ) ;
#7335 = DIRECTION ( 'NONE',  ( 0.000000000000000000, -1.000000000000000000, 0.000000000000000000 ) ) ;
#7336 = EDGE_LOOP ( 'NONE', ( #4534, #1325, #6117, #137 ) ) ;
#7337 = EDGE_LOOP ( 'NONE', ( #7348, #5940, #2271, #5926 ) ) ;
#7338 = CARTESIAN_POINT ( 'NONE',  ( 5.319326085534507698, 1.067987397232574409, -2.138645477265916028 ) ) ;
#7339 = LINE ( 'NONE', #5610, #7895 ) ;
#7340 = CIRCLE ( 'NONE', #256, 0.1499999999999999112 ) ;
#7341 = CARTESIAN_POINT ( 'NONE',  ( 6.560000000000006715, 1.223276080241514130, -1.572038693219028005 ) ) ;
#7342 = EDGE_CURVE ( 'NONE', #6258, #4725, #5282, .T. ) ;
#7343 = CARTESIAN_POINT ( 'NONE',  ( 10.65000000000002167, 0.3000000000000385691, 4.089999999999998970 ) ) ;
#7344 = CIRCLE ( 'NONE', #2184, 0.03000000000000001971 ) ;
#7345 = DIRECTION ( 'NONE',  ( 1.000000000000000000, 1.333139840934785563E-16, -6.938893903907233111E-15 ) ) ;
#7346 = ORIENTED_EDGE ( 'NONE', *, *, #386, .T. ) ;
#7347 = DIRECTION ( 'NONE',  ( -1.333139840934740203E-16, 1.000000000000000000, 6.550704629611134845E-16 ) ) ;
#7348 = ORIENTED_EDGE ( 'NONE', *, *, #7626, .F. ) ;
#7349 = DIRECTION ( 'NONE',  ( 0.000000000000000000, 2.171692714077829862E-14, 1.000000000000000000 ) ) ;
#7350 = ORIENTED_EDGE ( 'NONE', *, *, #1735, .F. ) ;
#7351 = CARTESIAN_POINT ( 'NONE',  ( 5.917500000000001315, 1.603534687289454919, -1.979927464852761165 ) ) ;
#7352 = DIRECTION ( 'NONE',  ( -1.000000000000000000, 0.000000000000000000, 0.000000000000000000 ) ) ;
#7353 = CARTESIAN_POINT ( 'NONE',  ( -3.949999999999999734, 3.349999999999999645, -0.004506036726490142072 ) ) ;
#7354 = ADVANCED_FACE ( 'NONE', ( #6573 ), #7741, .F. ) ;
#7355 = EDGE_CURVE ( 'NONE', #3989, #6460, #4916, .T. ) ;
#7356 = B_SPLINE_CURVE_WITH_KNOTS ( 'NONE', 3,
 ( #447, #6677, #2914, #3644, #3607, #1707, #4167 ),
 .UNSPECIFIED., .F., .F.,
 ( 4, 3, 4 ),
 ( 1.167721476617542288E-18, 6.001477984315157393E-05, 8.366748172134353019E-05 ),
 .UNSPECIFIED. ) ;
#7357 = CARTESIAN_POINT ( 'NONE',  ( 12.05000000000003801, -4.910526009465373651E-15, -1.010000000000010001 ) ) ;
#7358 = VERTEX_POINT ( 'NONE', #5842 ) ;
#7359 = EDGE_LOOP ( 'NONE', ( #1856, #2590, #3918, #1761, #4104, #1013, #5119, #670, #3381, #5330, #2047, #1416, #2986, #4858, #1556, #5271, #488, #7140 ) ) ;
#7360 = CARTESIAN_POINT ( 'NONE',  ( -7.224999999999998757, 3.600000000000000533, 3.240000000000001545 ) ) ;
#7361 = ORIENTED_EDGE ( 'NONE', *, *, #6728, .T. ) ;
#7362 = CIRCLE ( 'NONE', #5293, 1.599999999999999867 ) ;
#7363 = CARTESIAN_POINT ( 'NONE',  ( 10.65000000000002167, 0.4500000000000384248, 2.289999999999998703 ) ) ;
#7364 = DIRECTION ( 'NONE',  ( 1.000000000000000000, -3.624795322936608189E-15, -4.485885711162466802E-16 ) ) ;
#7365 = CARTESIAN_POINT ( 'NONE',  ( -12.05000000000004512, -3.686287386450715076E-15, -1.010000000000005338 ) ) ;
#7366 = AXIS2_PLACEMENT_3D ( 'NONE', #2505, #5459, #2386 ) ;
#7367 =( NAMED_UNIT ( * ) SI_UNIT ( $, .STERADIAN. ) SOLID_ANGLE_UNIT ( ) );
#7368 = FACE_OUTER_BOUND ( 'NONE', #683, .T. ) ;
#7369 = CARTESIAN_POINT ( 'NONE',  ( 3.998593388681135785, 3.349719945936744381, 3.223267527589233961 ) ) ;
#7370 = EDGE_CURVE ( 'NONE', #6776, #4077, #1320, .T. ) ;
#7371 = VERTEX_POINT ( 'NONE', #3993 ) ;
#7372 = B_SPLINE_CURVE_WITH_KNOTS ( 'NONE', 3,
 ( #535, #4037, #7788, #1708, #7265, #2223, #5972, #2961 ),
 .UNSPECIFIED., .F., .F.,
 ( 4, 2, 2, 4 ),
 ( 0.000000000000000000, 0.2500000000000003331, 0.4999999999999997780, 1.000000000000000000 ),
 .UNSPECIFIED. ) ;
#7373 = CARTESIAN_POINT ( 'NONE',  ( 5.693893202250020380, 1.062222206662710944, -1.768948838969536475 ) ) ;
#7374 = CARTESIAN_POINT ( 'NONE',  ( 6.883036327076863969, 1.122840047745825354, -1.955738578470179068 ) ) ;
#7375 = ORIENTED_EDGE ( 'NONE', *, *, #5619, .T. ) ;
#7376 = ORIENTED_EDGE ( 'NONE', *, *, #757, .T. ) ;
#7377 = CARTESIAN_POINT ( 'NONE',  ( 5.290976623818568036, 1.255081979460673569, -1.493762063585120758 ) ) ;
#7378 = CARTESIAN_POINT ( 'NONE',  ( 6.792675524780389829, 1.350596692060947124, -1.852162080972399538 ) ) ;
#7379 = CARTESIAN_POINT ( 'NONE',  ( 7.385533904703368790, 1.699999999999999289, -7.795533904703366268 ) ) ;
#7380 = CARTESIAN_POINT ( 'NONE',  ( -10.65000000000001990, 0.6000000000000382805, 2.440000000000003499 ) ) ;
#7381 = LINE ( 'NONE', #1221, #6499 ) ;
#7382 = VERTEX_POINT ( 'NONE', #5321 ) ;
#7383 = DIRECTION ( 'NONE',  ( 0.7071067811865496822, 0.000000000000000000, 0.7071067811865453523 ) ) ;
#7384 = ORIENTED_EDGE ( 'NONE', *, *, #460, .F. ) ;
#7385 = EDGE_CURVE ( 'NONE', #2695, #6826, #4007, .T. ) ;
#7386 = ORIENTED_EDGE ( 'NONE', *, *, #826, .T. ) ;
#7387 = CARTESIAN_POINT ( 'NONE',  ( 5.930536393574007192, 1.805087587102070845, -0.8437560343572213517 ) ) ;
#7388 = FACE_OUTER_BOUND ( 'NONE', #465, .T. ) ;
#7389 = CARTESIAN_POINT ( 'NONE',  ( 5.288083797550143572, 2.082925216591623663, -0.2847119140017492778 ) ) ;
#7390 = AXIS2_PLACEMENT_3D ( 'NONE', #34, #3131, #2592 ) ;
#7391 = CARTESIAN_POINT ( 'NONE',  ( 7.244112548466064894, 3.600000000000000533, -7.654112548466061483 ) ) ;
#7392 = DIRECTION ( 'NONE',  ( 0.000000000000000000, -0.000000000000000000, 1.000000000000000000 ) ) ;
#7393 = ORIENTED_EDGE ( 'NONE', *, *, #3260, .T. ) ;
#7394 = VERTEX_POINT ( 'NONE', #281 ) ;
#7395 = LINE ( 'NONE', #105, #6009 ) ;
#7396 = AXIS2_PLACEMENT_3D ( 'NONE', #5959, #7819, #5320 ) ;
#7397 = EDGE_CURVE ( 'NONE', #1519, #7531, #4068, .T. ) ;
#7398 = EDGE_CURVE ( 'NONE', #6904, #1168, #784, .T. ) ;
#7399 = ORIENTED_EDGE ( 'NONE', *, *, #2161, .F. ) ;
#7400 = CARTESIAN_POINT ( 'NONE',  ( 6.625277519078641042, 1.336300666207608456, -1.792377353984582866 ) ) ;
#7401 = DIRECTION ( 'NONE',  ( 4.485885711162466802E-16, -1.626041754504986620E-30, 1.000000000000000000 ) ) ;
#7402 = CARTESIAN_POINT ( 'NONE',  ( 4.362611502759861537, 1.110317859087765591, -1.990726201872617063 ) ) ;
#7403 = AXIS2_PLACEMENT_3D ( 'NONE', #4356, #718, #2651 ) ;
#7404 = AXIS2_PLACEMENT_3D ( 'NONE', #3823, #7576, #271 ) ;
#7405 = CARTESIAN_POINT ( 'NONE',  ( 7.244112548466059565, 3.149999999999998135, -7.654112548466057042 ) ) ;
#7406 = CARTESIAN_POINT ( 'NONE',  ( 4.639999999999985469, 1.342718980693134556, -1.767033746174726305 ) ) ;
#7407 = VECTOR ( 'NONE', #6772, 1000.000000000000000 ) ;
#7408 = FACE_OUTER_BOUND ( 'NONE', #404, .T. ) ;
#7409 = SHAPE_REPRESENTATION_RELATIONSHIP ( 'NONE' , 'NONE' ,  #1658, #3263 ) ;
#7410 = COLOUR_RGB ( '',0.7921568627450980005, 0.8196078431372548767, 0.9333333333333333481 ) ;
#7411 = CARTESIAN_POINT ( 'NONE',  ( 5.886506805092602157, 1.349999999999978106, -2.957499999999999130 ) ) ;
#7412 = ORIENTED_EDGE ( 'NONE', *, *, #1955, .T. ) ;
#7413 = ORIENTED_EDGE ( 'NONE', *, *, #2781, .T. ) ;
#7414 = CIRCLE ( 'NONE', #1490, 0.1999999999999999833 ) ;
#7415 = DIRECTION ( 'NONE',  ( -0.7247770403244511161, -0.6732639087009821832, 0.1463350643530269002 ) ) ;
#7416 = VECTOR ( 'NONE', #7464, 1000.000000000000000 ) ;
#7417 = CARTESIAN_POINT ( 'NONE',  ( 5.506106797749978909, 1.279999999999978266, -2.257615395000003744 ) ) ;
#7418 = PLANE ( 'NONE',  #6630 ) ;
#7419 = CARTESIAN_POINT ( 'NONE',  ( 6.560000000000003162, 1.004218839693578058, -2.067637974634475739 ) ) ;
#7420 = DIRECTION ( 'NONE',  ( 0.000000000000000000, -2.171692714077831440E-14, -1.000000000000000000 ) ) ;
#7421 = EDGE_CURVE ( 'NONE', #3577, #384, #1043, .T. ) ;
#7422 = CIRCLE ( 'NONE', #720, 0.1999999999999999833 ) ;
#7423 = DIRECTION ( 'NONE',  ( 0.000000000000000000, -1.000000000000000000, 0.000000000000000000 ) ) ;
#7424 = AXIS2_PLACEMENT_3D ( 'NONE', #7188, #5819, #1669 ) ;
#7425 = ORIENTED_EDGE ( 'NONE', *, *, #7645, .F. ) ;
#7426 = DIRECTION ( 'NONE',  ( -1.000000000000000000, -3.624795322936608189E-15, -0.000000000000000000 ) ) ;
#7427 = VERTEX_POINT ( 'NONE', #4637 ) ;
#7428 = EDGE_LOOP ( 'NONE', ( #445, #4185, #6862, #2208 ) ) ;
#7429 = DIRECTION ( 'NONE',  ( -0.000000000000000000, 0.000000000000000000, 1.000000000000000000 ) ) ;
#7430 = DIRECTION ( 'NONE',  ( -0.000000000000000000, 1.000000000000000000, -0.000000000000000000 ) ) ;
#7431 = DIRECTION ( 'NONE',  ( 0.000000000000000000, 0.000000000000000000, 1.000000000000000000 ) ) ;
#7432 = AXIS2_PLACEMENT_3D ( 'NONE', #6271, #7565, #4456 ) ;
#7433 = VECTOR ( 'NONE', #2943, 1000.000000000000000 ) ;
#7434 = EDGE_CURVE ( 'NONE', #7170, #3750, #7362, .T. ) ;
#7435 = LINE ( 'NONE', #274, #5239 ) ;
#7436 = DIRECTION ( 'NONE',  ( -0.7071067811865472397, -3.035766082959420304E-15, 0.7071067811865479058 ) ) ;
#7437 = ORIENTED_EDGE ( 'NONE', *, *, #7205, .F. ) ;
#7438 = ORIENTED_EDGE ( 'NONE', *, *, #7046, .T. ) ;
#7439 = CIRCLE ( 'NONE', #222, 0.02499999999999984873 ) ;
#7440 = CARTESIAN_POINT ( 'NONE',  ( 10.07253967321226007, 1.699999999999998623, -5.108528136194491864 ) ) ;
#7441 = ORIENTED_EDGE ( 'NONE', *, *, #6427, .F. ) ;
#7442 = EDGE_LOOP ( 'NONE', ( #1311, #7891, #4240, #3643 ) ) ;
#7443 = CARTESIAN_POINT ( 'NONE',  ( 6.857767545527249098, 1.147190766523796368, -1.802573245457465889 ) ) ;
#7444 = CARTESIAN_POINT ( 'NONE',  ( -10.40000000000000746, 0.4500000000000149436, 4.665321139608969971E-15 ) ) ;
#7445 = CYLINDRICAL_SURFACE ( 'NONE', #2298, 0.1999999999999999833 ) ;
#7446 = AXIS2_PLACEMENT_3D ( 'NONE', #4217, #7316, #4261 ) ;
#7447 = ADVANCED_FACE ( 'NONE', ( #1006 ), #5780, .F. ) ;
#7448 = DIRECTION ( 'NONE',  ( 0.000000000000000000, 0.000000000000000000, 1.000000000000000000 ) ) ;
#7449 = CARTESIAN_POINT ( 'NONE',  ( -10.65000000000002167, 0.4500000000000383693, 0.1400000000000033717 ) ) ;
#7450 = ORIENTED_EDGE ( 'NONE', *, *, #2904, .T. ) ;
#7451 = CARTESIAN_POINT ( 'NONE',  ( 6.646393202250814092, 1.322592249483218740, -1.852281368216417645 ) ) ;
#7452 = B_SPLINE_CURVE_WITH_KNOTS ( 'NONE', 3,
 ( #5022, #4414, #704, #1992 ),
 .UNSPECIFIED., .F., .F.,
 ( 4, 4 ),
 ( 0.000000000000000000, 1.000000000000000000 ),
 .UNSPECIFIED. ) ;
#7453 = EDGE_CURVE ( 'NONE', #3959, #7043, #4921, .T. ) ;
#7454 = EDGE_CURVE ( 'NONE', #106, #3604, #3076, .T. ) ;
#7455 = CARTESIAN_POINT ( 'NONE',  ( 6.256204919917502494, 3.349999999999999645, 5.709999999999999964 ) ) ;
#7456 = CIRCLE ( 'NONE', #5675, 0.1999999999999999833 ) ;
#7457 = VERTEX_POINT ( 'NONE', #1851 ) ;
#7458 = ORIENTED_EDGE ( 'NONE', *, *, #877, .F. ) ;
#7459 = AXIS2_PLACEMENT_3D ( 'NONE', #4131, #5818, #5853 ) ;
#7460 = CARTESIAN_POINT ( 'NONE',  ( 4.553606797748659396, 1.617645749922436371, -1.907167435586777815 ) ) ;
#7461 = CARTESIAN_POINT ( 'NONE',  ( 6.722093214642758774, 1.323850885985175418, -1.846392071063428508 ) ) ;
#7462 = CARTESIAN_POINT ( 'NONE',  ( 5.693893202250019492, 1.483867824482985931, -0.7648505132420001518 ) ) ;
#7463 = LINE ( 'NONE', #561, #7669 ) ;
#7464 = DIRECTION ( 'NONE',  ( 1.000000000000000000, 1.333139840934738478E-16, -2.895170079404850826E-30 ) ) ;
#7465 = CARTESIAN_POINT ( 'NONE',  ( -10.19999999999999574, 3.349999999999999645, 17.39000000000000767 ) ) ;
#7466 = ORIENTED_EDGE ( 'NONE', *, *, #429, .T. ) ;
#7467 = DIRECTION ( 'NONE',  ( -1.000000000000000000, -0.000000000000000000, -0.000000000000000000 ) ) ;
#7468 = VERTEX_POINT ( 'NONE', #5448 ) ;
#7469 = EDGE_LOOP ( 'NONE', ( #6222, #1994, #2448, #3450 ) ) ;
#7470 = CARTESIAN_POINT ( 'NONE',  ( 5.776063479873311479, 1.605949200222030804, -0.4939635311441891719 ) ) ;
#7471 = CARTESIAN_POINT ( 'NONE',  ( 11.84999999999999787, -4.905572573003466498E-15, 0.2899999999999976485 ) ) ;
#7472 = EDGE_CURVE ( 'NONE', #2734, #4926, #4759, .T. ) ;
#7473 = CARTESIAN_POINT ( 'NONE',  ( 6.625318140277810741, 1.312382832629209073, -1.903654862645663970 ) ) ;
#7474 = VECTOR ( 'NONE', #918, 1000.000000000000000 ) ;
#7475 = AXIS2_PLACEMENT_3D ( 'NONE', #775, #7560, #4492 ) ;
#7476 = CARTESIAN_POINT ( 'NONE',  ( 6.560000000000000497, 1.027813721342089925, -1.929438750280501047 ) ) ;
#7477 = ORIENTED_EDGE ( 'NONE', *, *, #2654, .F. ) ;
#7478 = CARTESIAN_POINT ( 'NONE',  ( -11.84999999999999609, 3.852311496855711229E-14, 2.290000000000004032 ) ) ;
#7479 = ORIENTED_EDGE ( 'NONE', *, *, #2893, .F. ) ;
#7480 =( BOUNDED_SURFACE ( )  B_SPLINE_SURFACE ( 3, 3, ( 
 ( #5471, #3656, #3057, #6727 ),
 ( #1201, #587, #6111, #505 ),
 ( #6766, #2975, #6843, #6194 ),
 ( #1876, #3580, #3133, #1160 ) ),
 .UNSPECIFIED., .F., .F., .T. ) 
 B_SPLINE_SURFACE_WITH_KNOTS ( ( 4, 4 ),
 ( 4, 4 ),
 ( 0.000000000000000000, 1.000000000000000000 ),
 ( 0.000000000000000000, 1.000000000000000000 ),
 .UNSPECIFIED. ) 
 GEOMETRIC_REPRESENTATION_ITEM ( )  RATIONAL_B_SPLINE_SURFACE ( (
 ( 1.000000000000000000, 0.9975898588337610562, 0.9975898588337610562, 1.000000000000000000),
 ( 0.9474215819623617030, 0.9451381622058909748, 0.9451381622058909748, 0.9474215819623617030),
 ( 0.9474215819623617030, 0.9451381622058909748, 0.9451381622058909748, 0.9474215819623617030),
 ( 1.000000000000000000, 0.9975898588337610562, 0.9975898588337610562, 1.000000000000000000) ) ) 
 REPRESENTATION_ITEM ( '' )  SURFACE ( )  );
#7481 = ORIENTED_EDGE ( 'NONE', *, *, #1350, .T. ) ;
#7482 = CARTESIAN_POINT ( 'NONE',  ( 7.200000000000001066, 1.099999999999978328, -2.257615395000003300 ) ) ;
#7483 = CARTESIAN_POINT ( 'NONE',  ( -10.39073772474619695, 3.149999999999987033, -5.143883475253808513 ) ) ;
#7484 = DIRECTION ( 'NONE',  ( 0.000000000000000000, -1.000000000000000000, 0.000000000000000000 ) ) ;
#7485 = CARTESIAN_POINT ( 'NONE',  ( 5.506106797749978909, 1.279999999999978266, -2.257615395000002412 ) ) ;
#7486 = CARTESIAN_POINT ( 'NONE',  ( -10.85000000000002274, 0.2499999999999948097, -0.8099999999999986100 ) ) ;
#7487 = CARTESIAN_POINT ( 'NONE',  ( 7.222201967646229015, 3.349999999999999645, 3.239999999999998437 ) ) ;
#7488 = ORIENTED_EDGE ( 'NONE', *, *, #3146, .T. ) ;
#7489 = FACE_OUTER_BOUND ( 'NONE', #3160, .T. ) ;
#7490 = EDGE_CURVE ( 'NONE', #2220, #7318, #6448, .T. ) ;
#7491 = CARTESIAN_POINT ( 'NONE',  ( -10.19999999999999751, 3.600000000000000533, 17.39000000000000767 ) ) ;
#7492 = VERTEX_POINT ( 'NONE', #4883 ) ;
#7493 = DIRECTION ( 'NONE',  ( 0.7071067811865474617, 0.000000000000000000, -0.7071067811865474617 ) ) ;
#7494 = ADVANCED_FACE ( 'NONE', ( #4317 ), #2418, .F. ) ;
#7495 = EDGE_CURVE ( 'NONE', #3355, #5015, #6741, .T. ) ;
#7496 = CARTESIAN_POINT ( 'NONE',  ( 5.290976623819084068, 1.090909090909068624, -2.957499999999998685 ) ) ;
#7497 = DIRECTION ( 'NONE',  ( -5.421010862427522170E-16, 0.000000000000000000, -1.000000000000000000 ) ) ;
#7498 = DIRECTION ( 'NONE',  ( -0.000000000000000000, 0.4108746525949196204, 0.9116918447891282362 ) ) ;
#7499 = CARTESIAN_POINT ( 'NONE',  ( -7.526955260940681569, 1.699999999999998623, -7.654112548466053489 ) ) ;
#7500 = CARTESIAN_POINT ( 'NONE',  ( 4.351403306932372317, 1.400472001710219239, -1.862921937305796583 ) ) ;
#7501 = ORIENTED_EDGE ( 'NONE', *, *, #3309, .F. ) ;
#7502 = CARTESIAN_POINT ( 'NONE',  ( -10.65000000000001101, 0.4499999999999947375, 4.777468282388032849E-15 ) ) ;
#7503 = VERTEX_POINT ( 'NONE', #1087 ) ;
#7504 = ORIENTED_EDGE ( 'NONE', *, *, #1621, .F. ) ;
#7505 = CARTESIAN_POINT ( 'NONE',  ( 5.693893202250020380, 1.741269157966831127, -0.8149948086755767207 ) ) ;
#7506 = DIRECTION ( 'NONE',  ( 0.000000000000000000, -0.9781578207778204304, 0.2078636034787841314 ) ) ;
#7507 = DIRECTION ( 'NONE',  ( 0.000000000000000000, 1.000000000000000000, 0.000000000000000000 ) ) ;
#7508 = CARTESIAN_POINT ( 'NONE',  ( -10.40000000000001101, 3.860407018927491232E-14, -4.409999999999994813 ) ) ;
#7509 = DIRECTION ( 'NONE',  ( -1.000000000000000000, 0.000000000000000000, -0.000000000000000000 ) ) ;
#7510 = EDGE_CURVE ( 'NONE', #2706, #950, #3974, .T. ) ;
#7511 = ORIENTED_EDGE ( 'NONE', *, *, #6668, .F. ) ;
#7512 = CARTESIAN_POINT ( 'NONE',  ( 5.917500000000001315, 1.027813721342087039, -1.929438750280535020 ) ) ;
#7513 = EDGE_LOOP ( 'NONE', ( #2898, #7629, #1156, #4576 ) ) ;
#7514 = ORIENTED_EDGE ( 'NONE', *, *, #4366, .F. ) ;
#7515 = CARTESIAN_POINT ( 'NONE',  ( -10.40000000000002522, 0.4500000000000262124, 0.2900000000000027556 ) ) ;
#7516 = VECTOR ( 'NONE', #7959, 1000.000000000000000 ) ;
#7517 = CARTESIAN_POINT ( 'NONE',  ( -10.65000000000001101, 0.4500000000000383693, 4.777468282388032849E-15 ) ) ;
#7518 = CARTESIAN_POINT ( 'NONE',  ( 10.07253967321224941, 3.149999999999986144, -4.825685423719866307 ) ) ;
#7519 = CARTESIAN_POINT ( 'NONE',  ( -7.224999999999998757, 3.600000000000000533, 3.215000000000001634 ) ) ;
#7520 = VECTOR ( 'NONE', #4211, 1000.000000000000000 ) ;
#7521 = CARTESIAN_POINT ( 'NONE',  ( -7.224999999999998757, 3.349999999999999645, 3.215000000000001634 ) ) ;
#7522 =( BOUNDED_SURFACE ( )  B_SPLINE_SURFACE ( 3, 3, ( 
 ( #1358, #3853, #5642, #2562 ),
 ( #748, #4946, #2522, #3100 ),
 ( #3214, #2447, #3250, #78 ),
 ( #6199, #5025, #637, #40 ) ),
 .UNSPECIFIED., .F., .F., .T. ) 
 B_SPLINE_SURFACE_WITH_KNOTS ( ( 4, 4 ),
 ( 4, 4 ),
 ( 0.000000000000000000, 1.000000000000000000 ),
 ( 0.000000000000000000, 1.000000000000000000 ),
 .UNSPECIFIED. ) 
 GEOMETRIC_REPRESENTATION_ITEM ( )  RATIONAL_B_SPLINE_SURFACE ( (
 ( 1.000000000000000000, 0.9999982116393303366, 0.9999982116393303366, 1.000000000000000000),
 ( 0.9474215819606119915, 0.9474198876291172189, 0.9474198876291172189, 0.9474215819606119915),
 ( 0.9474215819606119915, 0.9474198876291172189, 0.9474198876291172189, 0.9474215819606119915),
 ( 1.000000000000000000, 0.9999982116393303366, 0.9999982116393303366, 1.000000000000000000) ) ) 
 REPRESENTATION_ITEM ( '' )  SURFACE ( )  );
#7523 = CARTESIAN_POINT ( 'NONE',  ( 5.506106797749978909, 0.9999999999999780176, -3.012501364463420650 ) ) ;
#7524 = CARTESIAN_POINT ( 'NONE',  ( 7.207198355959095970, 3.349950842554243469, 3.232774374183829291 ) ) ;
#7525 = DIRECTION ( 'NONE',  ( 1.000000000000000000, -3.854941057726231589E-15, 0.000000000000000000 ) ) ;
#7526 = AXIS2_PLACEMENT_3D ( 'NONE', #3187, #3147, #5650 ) ;
#7527 = CIRCLE ( 'NONE', #4690, 0.02499999999999984873 ) ;
#7528 = EDGE_CURVE ( 'NONE', #3282, #6153, #6170, .T. ) ;
#7529 = ADVANCED_FACE ( 'NONE', ( #3597 ), #7820, .T. ) ;
#7530 = CARTESIAN_POINT ( 'NONE',  ( -10.24931636850889838, 1.699999999999999512, -5.285304831491125732 ) ) ;
#7531 = VERTEX_POINT ( 'NONE', #560 ) ;
#7532 = DIRECTION ( 'NONE',  ( 0.000000000000000000, -0.4108746525949198980, -0.9116918447891283472 ) ) ;
#7533 = DIRECTION ( 'NONE',  ( -1.000000000000000000, 0.000000000000000000, 8.673617379884013384E-15 ) ) ;
#7534 = DIRECTION ( 'NONE',  ( 1.000000000000000000, -0.000000000000000000, -4.485885711162466802E-16 ) ) ;
#7535 = DIRECTION ( 'NONE',  ( 1.000000000000000000, 1.333139840934742915E-16, 8.733005327930271386E-32 ) ) ;
#7536 = VECTOR ( 'NONE', #403, 1000.000000000000000 ) ;
#7537 = CARTESIAN_POINT ( 'NONE',  ( 6.861523376181841272, 1.131515687736482478, -1.871178059442891062 ) ) ;
#7538 = EDGE_CURVE ( 'NONE', #500, #1962, #1694, .T. ) ;
#7539 = CARTESIAN_POINT ( 'NONE',  ( 4.553606797749980117, 1.323850885985119907, -1.846392071063685192 ) ) ;
#7540 = ORIENTED_EDGE ( 'NONE', *, *, #1124, .F. ) ;
#7541 = AXIS2_PLACEMENT_3D ( 'NONE', #6609, #3465, #2624 ) ;
#7542 = DIRECTION ( 'NONE',  ( -1.994931997373321343E-13, -0.4278750282562467366, 0.9038379059293297768 ) ) ;
#7543 = VECTOR ( 'NONE', #3527, 1000.000000000000000 ) ;
#7544 = ORIENTED_EDGE ( 'NONE', *, *, #640, .F. ) ;
#7545 = ORIENTED_EDGE ( 'NONE', *, *, #5148, .F. ) ;
#7546 = CARTESIAN_POINT ( 'NONE',  ( 4.316963606424655708, 1.142208871125019787, -1.864688895052490247 ) ) ;
#7547 = CARTESIAN_POINT ( 'NONE',  ( 7.200000000000001066, 3.533768883591846599, 2.931844010553806612 ) ) ;
#7548 = CARTESIAN_POINT ( 'NONE',  ( 6.646393202251339893, 1.322592249483182325, -1.852281368216587953 ) ) ;
#7549 = CARTESIAN_POINT ( 'NONE',  ( 5.290976623818671065, 1.501618638213835233, -1.572840339603589044 ) ) ;
#7550 = FACE_OUTER_BOUND ( 'NONE', #1315, .T. ) ;
#7551 = VECTOR ( 'NONE', #6313, 1000.000000000000000 ) ;
#7552 = CIRCLE ( 'NONE', #4205, 0.2999999999999999334 ) ;
#7553 = EDGE_CURVE ( 'NONE', #5593, #6645, #2903, .T. ) ;
#7554 = ADVANCED_FACE ( 'NONE', ( #7298 ), #2457, .F. ) ;
#7555 = DIRECTION ( 'NONE',  ( 0.000000000000000000, 0.9116918447891283472, -0.4108746525949195094 ) ) ;
#7556 = ORIENTED_EDGE ( 'NONE', *, *, #5027, .T. ) ;
#7557 = CARTESIAN_POINT ( 'NONE',  ( 10.65000000000002167, 0.5000000000000383027, -3.306410161513776202 ) ) ;
#7558 = ORIENTED_EDGE ( 'NONE', *, *, #3796, .F. ) ;
#7559 = AXIS2_PLACEMENT_3D ( 'NONE', #4060, #3421, #5875 ) ;
#7560 = DIRECTION ( 'NONE',  ( 1.000000000000000000, -3.624795322936608189E-15, -4.485885711162466802E-16 ) ) ;
#7561 = DIRECTION ( 'NONE',  ( 4.485885711162466802E-16, -1.626041754504986620E-30, 1.000000000000000000 ) ) ;
#7562 = CARTESIAN_POINT ( 'NONE',  ( 10.65000000000001101, 0.4500000000000383693, 0.000000000000000000 ) ) ;
#7563 = AXIS2_PLACEMENT_3D ( 'NONE', #2137, #5166, #3961 ) ;
#7564 = CARTESIAN_POINT ( 'NONE',  ( 10.40000000000000746, 0.3000000000000374589, -3.306410161513776202 ) ) ;
#7565 = DIRECTION ( 'NONE',  ( 1.000000000000000000, 0.000000000000000000, 0.000000000000000000 ) ) ;
#7566 = CARTESIAN_POINT ( 'NONE',  ( 7.205285338195548839, 3.349917740224234830, 3.230625500905929481 ) ) ;
#7567 = CARTESIAN_POINT ( 'NONE',  ( 4.556642489367525251, 1.317762528863087645, -1.875581660888075985 ) ) ;
#7568 = B_SPLINE_CURVE_WITH_KNOTS ( 'NONE', 3,
 ( #6233, #2598, #6812, #7369, #3745, #1326, #707, #1957, #6927, #4988, #4911, #6273, #4460, #3813, #1288, #3777 ),
 .UNSPECIFIED., .F., .F.,
 ( 4, 3, 3, 3, 3, 4 ),
 ( 4.336808689942017736E-19, 8.393439433261895994E-06, 1.678733762360703376E-05, 2.517554989125685640E-05, 3.356621397935243575E-05, 3.906395788008558206E-05 ),
 .UNSPECIFIED. ) ;
#7569 = AXIS2_PLACEMENT_3D ( 'NONE', #5904, #1111, #6031 ) ;
#7570 = CARTESIAN_POINT ( 'NONE',  ( -12.05000000000003268, -3.686287386450715076E-15, -2.810000000000004938 ) ) ;
#7571 = ORIENTED_EDGE ( 'NONE', *, *, #6340, .T. ) ;
#7572 = ADVANCED_FACE ( 'NONE', ( #1780 ), #2294, .F. ) ;
#7573 = ORIENTED_EDGE ( 'NONE', *, *, #70, .T. ) ;
#7574 = FACE_OUTER_BOUND ( 'NONE', #4660, .T. ) ;
#7575 = CARTESIAN_POINT ( 'NONE',  ( 5.599999999999999645, 1.090909090909069068, -2.957499999999998685 ) ) ;
#7576 = DIRECTION ( 'NONE',  ( 8.225028808767795004E-15, 0.000000000000000000, -1.000000000000000000 ) ) ;
#7577 = CARTESIAN_POINT ( 'NONE',  ( 5.290976623819084068, 1.221428918559028576, -1.573319388384059270 ) ) ;
#7578 = DIRECTION ( 'NONE',  ( -4.688441826964423184E-16, -1.000000000000000000, 4.688441826964400504E-16 ) ) ;
#7579 = CARTESIAN_POINT ( 'NONE',  ( -10.85000000000001918, 1.661347830958248573E-14, 0.2899999999999984812 ) ) ;
#7580 = VERTEX_POINT ( 'NONE', #7379 ) ;
#7582 = CARTESIAN_POINT ( 'NONE',  ( 5.423936520126657612, 0.9999999999999784617, -2.146907059139808727 ) ) ;
#7581 = AXIS2_PLACEMENT_3D ( 'NONE', #7632, #699, #3925 ) ;
#7583 = ORIENTED_EDGE ( 'NONE', *, *, #1952, .T. ) ;
#7584 = CARTESIAN_POINT ( 'NONE',  ( 5.506106797749978909, 1.461269157966830878, -0.8149948086755768317 ) ) ;
#7585 = CARTESIAN_POINT ( 'NONE',  ( 8.728703347107816625E-16, 3.693817751705347030E-14, 2.290000000000004032 ) ) ;
#7586 = ADVANCED_FACE ( 'NONE', ( #2534 ), #1448, .F. ) ;
#7587 = CARTESIAN_POINT ( 'NONE',  ( -10.40000000000000568, 0.6000000000000376144, -2.959999999999995968 ) ) ;
#7588 = DIRECTION ( 'NONE',  ( 0.000000000000000000, 1.000000000000000000, -0.000000000000000000 ) ) ;
#7589 = DIRECTION ( 'NONE',  ( 1.000000000000000000, 0.000000000000000000, 0.000000000000000000 ) ) ;
#7590 = ORIENTED_EDGE ( 'NONE', *, *, #5866, .T. ) ;
#7591 = CARTESIAN_POINT ( 'NONE',  ( 4.442497970552606645, 1.197166150019529418, -1.640089666211866914 ) ) ;
#7592 = ORIENTED_EDGE ( 'NONE', *, *, #690, .F. ) ;
#7593 = EDGE_LOOP ( 'NONE', ( #1214, #7054, #5507, #2589 ) ) ;
#7594 = CARTESIAN_POINT ( 'NONE',  ( 6.804356778513234616, 1.180479632662767342, -1.688591197486052575 ) ) ;
#7595 = CARTESIAN_POINT ( 'NONE',  ( 5.693893202250020380, 1.307813721342086621, -1.929438750280535686 ) ) ;
#7596 = EDGE_CURVE ( 'NONE', #761, #3125, #1738, .T. ) ;
#7597 = ADVANCED_FACE ( 'NONE', ( #791 ), #7418, .T. ) ;
#7598 = DIRECTION ( 'NONE',  ( 4.485885711162438206E-16, 0.000000000000000000, 1.000000000000000000 ) ) ;
#7599 = CIRCLE ( 'NONE', #3612, 1.850000000000000089 ) ;
#7600 = AXIS2_PLACEMENT_3D ( 'NONE', #7575, #1601, #996 ) ;
#7601 = CARTESIAN_POINT ( 'NONE',  ( 6.848324462097609810, 1.111903233056633855, -2.039755938765458687 ) ) ;
#7602 = DIRECTION ( 'NONE',  ( -1.000000000000000000, -0.000000000000000000, -0.000000000000000000 ) ) ;
#7603 = ORIENTED_EDGE ( 'NONE', *, *, #5866, .F. ) ;
#7604 = CARTESIAN_POINT ( 'NONE',  ( 10.65000000000002167, 0.4714285714286098883, -3.108461497791619177 ) ) ;
#7605 = CARTESIAN_POINT ( 'NONE',  ( -7.199999999999998401, 3.349374608885954618, 3.215000000000001634 ) ) ;
#7606 = DIRECTION ( 'NONE',  ( 0.000000000000000000, -1.000000000000000000, 0.000000000000000000 ) ) ;
#7607 = EDGE_CURVE ( 'NONE', #5352, #5646, #124, .T. ) ;
#7608 = ORIENTED_EDGE ( 'NONE', *, *, #2983, .F. ) ;
#7609 = EDGE_LOOP ( 'NONE', ( #4566, #2438, #7477, #4783, #903 ) ) ;
#7610 = CARTESIAN_POINT ( 'NONE',  ( 6.256204919917502494, 3.600000000000000533, 5.709999999999999964 ) ) ;
#7611 = CARTESIAN_POINT ( 'NONE',  ( 4.639999999999969482, 1.503738357682629534, -1.571806967231074603 ) ) ;
#7612 = CARTESIAN_POINT ( 'NONE',  ( -9.912920266670369074, 3.349999999999999645, -4.666066017177977976 ) ) ;
#7613 = DIRECTION ( 'NONE',  ( -1.000000000000000000, 1.333139840934745873E-16, 8.733005327930288902E-32 ) ) ;
#7614 = CARTESIAN_POINT ( 'NONE',  ( 10.39073772474620583, 1.499999999999999334, -5.143883475253820947 ) ) ;
#7615 = DIRECTION ( 'NONE',  ( -0.000000000000000000, 0.000000000000000000, 1.000000000000000000 ) ) ;
#7616 = VECTOR ( 'NONE', #1099, 1000.000000000000000 ) ;
#7617 = EDGE_CURVE ( 'NONE', #5074, #1714, #2500, .T. ) ;
#7618 = ORIENTED_EDGE ( 'NONE', *, *, #7790, .F. ) ;
#7619 = LINE ( 'NONE', #4550, #5884 ) ;
#7620 = ORIENTED_EDGE ( 'NONE', *, *, #3978, .F. ) ;
#7621 = PLANE ( 'NONE',  #4378 ) ;
#7622 = CARTESIAN_POINT ( 'NONE',  ( 5.285249604469580476, 1.549522320040761736, -0.8547681021571225113 ) ) ;
#7623 = CARTESIAN_POINT ( 'NONE',  ( 3.950000000000000178, 3.600000000000000533, 3.214999999999998526 ) ) ;
#7624 = CARTESIAN_POINT ( 'NONE',  ( -10.01898628384834922, 3.349999999999999645, -4.409999999999993925 ) ) ;
#7625 = CARTESIAN_POINT ( 'NONE',  ( 5.909023376180916109, 1.544150234765843344, -0.8523470498205696355 ) ) ;
#7626 = EDGE_CURVE ( 'NONE', #7371, #1962, #6574, .T. ) ;
#7627 = ORIENTED_EDGE ( 'NONE', *, *, #1359, .F. ) ;
#7628 = PLANE ( 'NONE',  #7301 ) ;
#7629 = ORIENTED_EDGE ( 'NONE', *, *, #6813, .T. ) ;
#7630 = DIRECTION ( 'NONE',  ( 0.000000000000000000, 0.9116918447891286803, -0.4108746525949191208 ) ) ;
#7631 = CARTESIAN_POINT ( 'NONE',  ( -10.65000000000001990, 0.3000000000000385691, 4.090000000000004299 ) ) ;
#7632 = CARTESIAN_POINT ( 'NONE',  ( -11.84999999999999609, 3.418489628039752404E-14, 2.090000000000003855 ) ) ;
#7633 = EDGE_CURVE ( 'NONE', #7127, #2936, #1299, .T. ) ;
#7634 = CARTESIAN_POINT ( 'NONE',  ( 5.269463606425994762, 1.569493456771291484, -0.8182385944957406565 ) ) ;
#7635 = ADVANCED_FACE ( 'NONE', ( #677 ), #526, .F. ) ;
#7636 = CARTESIAN_POINT ( 'NONE',  ( 5.506106797749978909, 1.452200902661177517, -1.456409822439909130 ) ) ;
#7637 = DIRECTION ( 'NONE',  ( 0.000000000000000000, 1.000000000000000000, 0.000000000000000000 ) ) ;
#7638 = ORIENTED_EDGE ( 'NONE', *, *, #6612, .T. ) ;
#7639 = CARTESIAN_POINT ( 'NONE',  ( 5.776063479873425166, 1.009405227792199433, -2.036598957356166473 ) ) ;
#7640 = DIRECTION ( 'NONE',  ( 1.000000000000000000, 0.000000000000000000, 0.000000000000000000 ) ) ;
#7641 = ORIENTED_EDGE ( 'NONE', *, *, #7434, .T. ) ;
#7642 = CIRCLE ( 'NONE', #1854, 0.2999999999999999889 ) ;
#7643 = ORIENTED_EDGE ( 'NONE', *, *, #159, .T. ) ;
#7644 = CYLINDRICAL_SURFACE ( 'NONE', #5644, 0.1500000000000000222 ) ;
#7645 = EDGE_CURVE ( 'NONE', #1172, #815, #5611, .T. ) ;
#7646 = CARTESIAN_POINT ( 'NONE',  ( 5.909023376180915221, 1.090909090909069068, -3.138521702676456027 ) ) ;
#7647 = DIRECTION ( 'NONE',  ( 0.000000000000000000, 0.000000000000000000, -1.000000000000000000 ) ) ;
#7648 = CARTESIAN_POINT ( 'NONE',  ( 7.200206057343232935, 3.599699499067680719, 3.218695219125289331 ) ) ;
#7649 = CARTESIAN_POINT ( 'NONE',  ( 12.04999999999999893, 0.2500000000000168199, 2.089999999999992752 ) ) ;
#7650 = CIRCLE ( 'NONE', #6886, 1.899999999999999689 ) ;
#7651 = CARTESIAN_POINT ( 'NONE',  ( 5.898195785803211244, 1.611172146377218173, -0.7257575393241940676 ) ) ;
#7652 = ORIENTED_EDGE ( 'NONE', *, *, #3893, .T. ) ;
#7653 = CARTESIAN_POINT ( 'NONE',  ( 4.639999999999969482, 1.633069906740335142, -1.842507845994019400 ) ) ;
#7654 = VERTEX_POINT ( 'NONE', #6318 ) ;
#7655 = DIRECTION ( 'NONE',  ( -1.333139840934643075E-16, -1.000000000000000000, 2.171692714077831124E-14 ) ) ;
#7656 = FACE_OUTER_BOUND ( 'NONE', #1776, .T. ) ;
#7657 = CARTESIAN_POINT ( 'NONE',  ( -7.244112548466061341, 3.149999999999998135, -7.654112548466055266 ) ) ;
#7658 = EDGE_CURVE ( 'NONE', #5396, #5089, #5532, .T. ) ;
#7659 = CARTESIAN_POINT ( 'NONE',  ( 11.84999999999999787, 0.2500000000000341949, 2.089999999999992752 ) ) ;
#7660 = AXIS2_PLACEMENT_3D ( 'NONE', #4368, #5116, #4592 ) ;
#7661 = CARTESIAN_POINT ( 'NONE',  ( 4.471436520124671077, 1.043218157439200544, -1.849335990805542007 ) ) ;
#7662 = ORIENTED_EDGE ( 'NONE', *, *, #1037, .F. ) ;
#7663 = CARTESIAN_POINT ( 'NONE',  ( 5.290566438450689191, 1.093292335654239888, -2.172252323481918435 ) ) ;
#7664 = EDGE_CURVE ( 'NONE', #1974, #7286, #3261, .T. ) ;
#7665 = ORIENTED_EDGE ( 'NONE', *, *, #7080, .T. ) ;
#7666 = CARTESIAN_POINT ( 'NONE',  ( 5.911934377754676895, 1.514535038021464608, -1.547579104314458220 ) ) ;
#7667 = CARTESIAN_POINT ( 'NONE',  ( 5.887194604367355311, 1.353878595024288201, -2.146276001350389429 ) ) ;
#7668 = DIRECTION ( 'NONE',  ( -1.000000000000000000, -0.000000000000000000, -0.000000000000000000 ) ) ;
#7669 = VECTOR ( 'NONE', #1300, 1000.000000000000000 ) ;
#7670 = VECTOR ( 'NONE', #7674, 1000.000000000000000 ) ;
#7671 = PRODUCT_DEFINITION_CONTEXT ( 'detailed design', #5139, 'design' ) ;
#7672 = ADVANCED_FACE ( 'NONE', ( #6243 ), #6283, .T. ) ;
#7673 = ORIENTED_EDGE ( 'NONE', *, *, #7626, .T. ) ;
#7674 = DIRECTION ( 'NONE',  ( 0.000000000000000000, 1.000000000000000000, 0.000000000000000000 ) ) ;
#7675 = VECTOR ( 'NONE', #4050, 1000.000000000000000 ) ;
#7676 = CARTESIAN_POINT ( 'NONE',  ( -7.640254000779582277, 3.349999999999999645, 7.011694334997594424 ) ) ;
#7677 = CIRCLE ( 'NONE', #7559, 0.2000000000000000944 ) ;
#7678 = ORIENTED_EDGE ( 'NONE', *, *, #5995, .F. ) ;
#7679 = CARTESIAN_POINT ( 'NONE',  ( 6.802134668982283472, 1.185360734372211455, -1.678641197031636612 ) ) ;
#7680 = EDGE_LOOP ( 'NONE', ( #6314, #7437, #2405, #5579, #3549, #1330, #1450, #4399, #7275, #3486, #3531, #3117, #3507, #5977, #287, #4732, #4193, #2832 ) ) ;
#7681 = CARTESIAN_POINT ( 'NONE',  ( 5.851753182686094235, 1.059670726457005996, -1.932903544315140332 ) ) ;
#7682 = EDGE_CURVE ( 'NONE', #5512, #1768, #2237, .T. ) ;
#7683 = VECTOR ( 'NONE', #302, 1000.000000000000000 ) ;
#7684 = AXIS2_PLACEMENT_3D ( 'NONE', #7247, #6565, #1648 ) ;
#7685 = DIRECTION ( 'NONE',  ( -1.333139840934643075E-16, -1.000000000000000000, 2.171692714077831124E-14 ) ) ;
#7686 = CARTESIAN_POINT ( 'NONE',  ( 5.290976623818671065, 1.501618638213835233, -1.572840339603589044 ) ) ;
#7687 = ORIENTED_EDGE ( 'NONE', *, *, #7828, .F. ) ;
#7688 = AXIS2_PLACEMENT_3D ( 'NONE', #2347, #6681, #7910 ) ;
#7689 = ORIENTED_EDGE ( 'NONE', *, *, #146, .T. ) ;
#7690 = CARTESIAN_POINT ( 'NONE',  ( 4.554024101810818514, 1.288143060441659049, -2.041413480084227405 ) ) ;
#7691 = EDGE_LOOP ( 'NONE', ( #6336, #5641, #5812, #581 ) ) ;
#7692 = FACE_OUTER_BOUND ( 'NONE', #2149, .T. ) ;
#7693 = CARTESIAN_POINT ( 'NONE',  ( -10.39073772474620050, 3.349999999999999645, -5.143883475253813842 ) ) ;
#7694 = ADVANCED_FACE ( 'NONE', ( #4546 ), #5274, .F. ) ;
#7695 = CARTESIAN_POINT ( 'NONE',  ( -10.85000000000002274, 0.4499999999999955147, -0.8099999999999999423 ) ) ;
#7696 = VECTOR ( 'NONE', #4661, 1000.000000000000000 ) ;
#7697 = CARTESIAN_POINT ( 'NONE',  ( 5.506106797749978909, 1.279999999999978266, -2.957499999999998685 ) ) ;
#7698 = VERTEX_POINT ( 'NONE', #874 ) ;
#7699 = ORIENTED_EDGE ( 'NONE', *, *, #1028, .T. ) ;
#7700 = FACE_OUTER_BOUND ( 'NONE', #4438, .T. ) ;
#7701 = DIRECTION ( 'NONE',  ( -1.000000000000000000, 3.624795322936608189E-15, 0.000000000000000000 ) ) ;
#7702 = DIRECTION ( 'NONE',  ( -1.000000000000000000, -0.000000000000000000, -0.000000000000000000 ) ) ;
#7703 = CYLINDRICAL_SURFACE ( 'NONE', #835, 1.950000000000000178 ) ;
#7704 = DIRECTION ( 'NONE',  ( -1.000000000000000000, -3.624795322936608189E-15, -0.000000000000000000 ) ) ;
#7705 = CARTESIAN_POINT ( 'NONE',  ( 4.338476623815198607, 1.132112415837551067, -1.868369995663929695 ) ) ;
#7706 = ORIENTED_EDGE ( 'NONE', *, *, #6347, .T. ) ;
#7707 = CARTESIAN_POINT ( 'NONE',  ( 4.639999999999981029, 1.223276080241551433, -1.572038693218945848 ) ) ;
#7708 = ORIENTED_EDGE ( 'NONE', *, *, #4092, .F. ) ;
#7709 = EDGE_CURVE ( 'NONE', #6146, #496, #4744, .T. ) ;
#7710 = EDGE_LOOP ( 'NONE', ( #7104, #3017, #1103, #4879 ) ) ;
#7711 = DIRECTION ( 'NONE',  ( 0.000000000000000000, -1.000000000000000000, 0.000000000000000000 ) ) ;
#7712 = DIRECTION ( 'NONE',  ( -1.333139840934743161E-16, -1.000000000000000000, -6.550704629611133859E-16 ) ) ;
#7713 = LINE ( 'NONE', #6585, #3977 ) ;
#7714 = DIRECTION ( 'NONE',  ( -0.7071067811865472397, -3.035766082959420304E-15, 0.7071067811865479058 ) ) ;
#7715 = ORIENTED_EDGE ( 'NONE', *, *, #4149, .T. ) ;
#7716 = DIRECTION ( 'NONE',  ( -1.000000000000000000, 0.000000000000000000, 4.485885711162466802E-16 ) ) ;
#7717 = ORIENTED_EDGE ( 'NONE', *, *, #6633, .T. ) ;
#7718 = CARTESIAN_POINT ( 'NONE',  ( 6.632706337541790731, 1.054291404297858614, -1.800569620267745696 ) ) ;
#7719 = ORIENTED_EDGE ( 'NONE', *, *, #3534, .F. ) ;
#7720 = CARTESIAN_POINT ( 'NONE',  ( 4.553605988057575438, 1.320104609713785626, -1.863987622967199220 ) ) ;
#7721 = VECTOR ( 'NONE', #5343, 1000.000000000000000 ) ;
#7722 = CARTESIAN_POINT ( 'NONE',  ( 4.553606797749980117, 1.323218157439077114, -1.849335990806113550 ) ) ;
#7723 = DIRECTION ( 'NONE',  ( 4.485885711162466802E-16, -0.000000000000000000, 1.000000000000000000 ) ) ;
#7724 = EDGE_CURVE ( 'NONE', #4162, #3749, #7650, .T. ) ;
#7725 = ORIENTED_EDGE ( 'NONE', *, *, #5434, .F. ) ;
#7726 = B_SPLINE_CURVE_WITH_KNOTS ( 'NONE', 3,
 ( #5974, #449, #6419, #5210, #5585, #536, #7906, #1710 ),
 .UNSPECIFIED., .F., .F.,
 ( 4, 2, 2, 4 ),
 ( 0.000000000000000000, 0.2500000000000005551, 0.5000000000000002220, 1.000000000000000000 ),
 .UNSPECIFIED. ) ;
#7727 = ORIENTED_EDGE ( 'NONE', *, *, #2643, .T. ) ;
#7728 = LINE ( 'NONE', #2201, #7696 ) ;
#7729 = VERTEX_POINT ( 'NONE', #7049 ) ;
#7730 = CARTESIAN_POINT ( 'NONE',  ( 5.693893202250020380, 1.725708456097916343, -1.579672218218385327 ) ) ;
#7731 = B_SPLINE_CURVE_WITH_KNOTS ( 'NONE', 3,
 ( #3015, #7881, #2358, #1721 ),
 .UNSPECIFIED., .F., .F.,
 ( 4, 4 ),
 ( 0.000000000000000000, 1.000000000000000000 ),
 .UNSPECIFIED. ) ;
#7732 = DIRECTION ( 'NONE',  ( 0.000000000000000000, 0.9116918447891282362, -0.4108746525949198980 ) ) ;
#7733 = CARTESIAN_POINT ( 'NONE',  ( -4.000000000000000888, 1.099999999999978106, -2.257615395000000191 ) ) ;
#7734 = B_SPLINE_CURVE_WITH_KNOTS ( 'NONE', 3,
 ( #5902, #1551, #7755, #4008, #6461, #4095, #416, #3365, #7152, #6423, #1065, #1025, #5822 ),
 .UNSPECIFIED., .F., .F.,
 ( 4, 2, 2, 1, 2, 2, 4 ),
 ( 0.000000000000000000, 0.2499999999999992228, 0.3749999999999958922, 0.4374999999999915068, 0.4687499999999892863, 0.4999999999999870659, 1.000000000000000000 ),
 .UNSPECIFIED. ) ;
#7735 = ADVANCED_FACE ( 'NONE', ( #5832 ), #272, .T. ) ;
#7736 = ORIENTED_EDGE ( 'NONE', *, *, #3742, .T. ) ;
#7737 = EDGE_CURVE ( 'NONE', #3129, #2856, #1596, .T. ) ;
#7738 = EDGE_LOOP ( 'NONE', ( #5494, #6151, #277, #5165 ) ) ;
#7739 = DIRECTION ( 'NONE',  ( 0.000000000000000000, 0.000000000000000000, 1.000000000000000000 ) ) ;
#7740 = CARTESIAN_POINT ( 'NONE',  ( -10.65000000000002167, 0.3000000000000375144, -0.009999999999996603620 ) ) ;
#7741 = CYLINDRICAL_SURFACE ( 'NONE', #3368, 1.600000000000000089 ) ;
#7742 = DIRECTION ( 'NONE',  ( -0.000000000000000000, -1.000000000000000000, -0.000000000000000000 ) ) ;
#7743 = CARTESIAN_POINT ( 'NONE',  ( 10.40000000000000746, 0.3000000000000376255, 0.000000000000000000 ) ) ;
#7744 = AXIS2_PLACEMENT_3D ( 'NONE', #524, #4281, #6616 ) ;
#7745 = CARTESIAN_POINT ( 'NONE',  ( 4.395746817310530297, 1.075745417751380328, -1.850242949560409578 ) ) ;
#7746 = ORIENTED_EDGE ( 'NONE', *, *, #3609, .T. ) ;
#7747 = CARTESIAN_POINT ( 'NONE',  ( -11.85000000000004405, 0.2499999999999949207, -0.8100000000000038280 ) ) ;
#7748 = VERTEX_POINT ( 'NONE', #7766 ) ;
#7749 = ORIENTED_EDGE ( 'NONE', *, *, #1182, .T. ) ;
#7750 = DIRECTION ( 'NONE',  ( -1.000000000000000000, -0.000000000000000000, 7.124757133476057948E-15 ) ) ;
#7751 = CARTESIAN_POINT ( 'NONE',  ( 10.40000000000000924, 3.860407018927490601E-14, 0.000000000000000000 ) ) ;
#7752 = LINE ( 'NONE', #2144, #5402 ) ;
#7753 = EDGE_LOOP ( 'NONE', ( #2791, #7855, #1858, #6290 ) ) ;
#7754 = CARTESIAN_POINT ( 'NONE',  ( 6.650076414770279776, 1.500151372450778897, -1.580560170669043085 ) ) ;
#7755 = CARTESIAN_POINT ( 'NONE',  ( 5.880688443417103173, 1.185323841852196303, -1.592792493717814395 ) ) ;
#7756 = ORIENTED_EDGE ( 'NONE', *, *, #7080, .F. ) ;
#7757 = DIRECTION ( 'NONE',  ( 3.624795322936608189E-15, 1.000000000000000000, 4.170008355713322337E-17 ) ) ;
#7758 = DIRECTION ( 'NONE',  ( 1.000000000000000000, 0.000000000000000000, 0.000000000000000000 ) ) ;
#7759 = DIRECTION ( 'NONE',  ( -1.000000000000000000, -0.000000000000000000, -0.000000000000000000 ) ) ;
#7760 = VERTEX_POINT ( 'NONE', #4627 ) ;
#7761 = CARTESIAN_POINT ( 'NONE',  ( 5.290976623819083180, 1.535081979460190205, -1.493762063584902267 ) ) ;
#7762 = VERTEX_POINT ( 'NONE', #7089 ) ;
#7763 = EDGE_CURVE ( 'NONE', #4113, #4370, #2368, .T. ) ;
#7764 = CARTESIAN_POINT ( 'NONE',  ( 4.639999999999999680, 1.603534687289454919, -1.979927464852761165 ) ) ;
#7765 = AXIS2_PLACEMENT_3D ( 'NONE', #2232, #4696, #5391 ) ;
#7766 = CARTESIAN_POINT ( 'NONE',  ( 7.244112548466063117, 3.599999999999996536, -7.654112548466058819 ) ) ;
#7767 = EDGE_CURVE ( 'NONE', #1652, #6508, #3919, .T. ) ;
#7768 = CARTESIAN_POINT ( 'NONE',  ( -3.974999999999998312, 3.600000000000000533, 3.239999999999999769 ) ) ;
#7769 = DIRECTION ( 'NONE',  ( 1.000000000000000000, 0.000000000000000000, 0.000000000000000000 ) ) ;
#7770 = CIRCLE ( 'NONE', #2494, 1.899999999999999689 ) ;
#7771 = VERTEX_POINT ( 'NONE', #1562 ) ;
#7772 = VERTEX_POINT ( 'NONE', #1487 ) ;
#7773 = CARTESIAN_POINT ( 'NONE',  ( 6.643375663372601103, 1.317773913919778828, -1.875524800516939150 ) ) ;
#7774 = DIRECTION ( 'NONE',  ( 0.000000000000000000, 0.000000000000000000, 1.000000000000000000 ) ) ;
#7775 = AXIS2_PLACEMENT_3D ( 'NONE', #2492, #197, #1893 ) ;
#7776 = CARTESIAN_POINT ( 'NONE',  ( 6.646393202251342558, 3.229999999999978222, -2.257615395000002856 ) ) ;
#7777 = VECTOR ( 'NONE', #2603, 1000.000000000000114 ) ;
#7778 = EDGE_CURVE ( 'NONE', #6055, #2799, #3419, .T. ) ;
#7779 = CARTESIAN_POINT ( 'NONE',  ( 10.40000000000000746, 0.5000000000000374145, -4.209999999999999076 ) ) ;
#7780 = LINE ( 'NONE', #1137, #2275 ) ;
#7781 = ADVANCED_FACE ( 'NONE', ( #5762 ), #2727, .T. ) ;
#7782 = LINE ( 'NONE', #923, #5737 ) ;
#7783 = ORIENTED_EDGE ( 'NONE', *, *, #5075, .T. ) ;
#7784 = CARTESIAN_POINT ( 'NONE',  ( 5.693893202250020380, 2.014776711403570175, -0.9382572044540525846 ) ) ;
#7785 = VERTEX_POINT ( 'NONE', #5188 ) ;
#7786 = ORIENTED_EDGE ( 'NONE', *, *, #4753, .T. ) ;
#7787 = DIRECTION ( 'NONE',  ( 5.894068546629313335E-45, 1.626041754504986971E-30, 1.000000000000000000 ) ) ;
#7788 = CARTESIAN_POINT ( 'NONE',  ( 4.556624336627152161, 1.049647731659459904, -1.820279045160354325 ) ) ;
#7789 = CARTESIAN_POINT ( 'NONE',  ( -10.19999999999999751, 3.149999999999999911, 4.290000000000002700 ) ) ;
#7790 = EDGE_CURVE ( 'NONE', #3358, #7012, #2691, .T. ) ;
#7791 = EDGE_CURVE ( 'NONE', #1684, #4625, #997, .T. ) ;
#7792 = AXIS2_PLACEMENT_3D ( 'NONE', #2883, #7844, #5393 ) ;
#7793 = CARTESIAN_POINT ( 'NONE',  ( 10.85000000000000497, -4.499439015814843401E-15, -2.810000000000000941 ) ) ;
#7794 = CARTESIAN_POINT ( 'NONE',  ( 4.470909537279227131, 1.101690750588497414, -2.158532570830145492 ) ) ;
#7795 = ORIENTED_EDGE ( 'NONE', *, *, #2195, .F. ) ;
#7796 = CARTESIAN_POINT ( 'NONE',  ( 5.922319365811677727, 1.251595058868162802, -1.523624957488422194 ) ) ;
#7797 = CIRCLE ( 'NONE', #6901, 1.950000000000000178 ) ;
#7798 = AXIS2_PLACEMENT_3D ( 'NONE', #3755, #679, #3148 ) ;
#7799 = VERTEX_POINT ( 'NONE', #2119 ) ;
#7800 = CARTESIAN_POINT ( 'NONE',  ( -10.65000000000001990, 0.4500000000000057288, -2.809999999999995612 ) ) ;
#7801 = CIRCLE ( 'NONE', #4336, 0.1999999999999999833 ) ;
#7802 = VECTOR ( 'NONE', #6586, 1000.000000000000114 ) ;
#7803 = CARTESIAN_POINT ( 'NONE',  ( 5.930536393574005416, 1.099999999999978106, -2.957499999999998241 ) ) ;
#7804 = CARTESIAN_POINT ( 'NONE',  ( 5.824038502943126971, 1.411602238412658528, -1.639953992928179005 ) ) ;
#7805 = ORIENTED_EDGE ( 'NONE', *, *, #7398, .T. ) ;
#7806 = DIRECTION ( 'NONE',  ( 0.000000000000000000, 0.000000000000000000, -1.000000000000000000 ) ) ;
#7807 = ORIENTED_EDGE ( 'NONE', *, *, #4342, .F. ) ;
#7808 = CIRCLE ( 'NONE', #4861, 0.2999999999999999334 ) ;
#7809 = DIRECTION ( 'NONE',  ( -1.511542678439681581E-31, 4.170008355713485040E-17, -1.000000000000000000 ) ) ;
#7810 = VECTOR ( 'NONE', #4160, 1000.000000000000000 ) ;
#7811 = CARTESIAN_POINT ( 'NONE',  ( 5.909433561549368719, 1.222181241904145343, -1.572566094590773567 ) ) ;
#7812 = FACE_OUTER_BOUND ( 'NONE', #4825, .T. ) ;
#7813 = EDGE_CURVE ( 'NONE', #6568, #4178, #2851, .T. ) ;
#7814 = VECTOR ( 'NONE', #2993, 1000.000000000000000 ) ;
#7815 = DIRECTION ( 'NONE',  ( 1.000000000000000000, 0.000000000000000000, 0.000000000000000000 ) ) ;
#7816 = EDGE_LOOP ( 'NONE', ( #1726, #6147, #4096, #366, #3255, #7384, #5589, #5430, #2579, #869 ) ) ;
#7817 = ORIENTED_EDGE ( 'NONE', *, *, #3629, .T. ) ;
#7818 = CARTESIAN_POINT ( 'NONE',  ( 4.336173685646180331, 1.133859220611839858, -1.871676072305641370 ) ) ;
#7819 = DIRECTION ( 'NONE',  ( -1.000000000000000000, -3.624795322936608189E-15, -0.000000000000000000 ) ) ;
#7820 = CYLINDRICAL_SURFACE ( 'NONE', #5567, 0.4500000000000007327 ) ;
#7821 = AXIS2_PLACEMENT_3D ( 'NONE', #340, #5262, #1476 ) ;
#7822 = CARTESIAN_POINT ( 'NONE',  ( 10.65000000000002167, 0.2500000000000383582, 0.2899999999999923195 ) ) ;
#7823 = DIRECTION ( 'NONE',  ( -3.624795322936607400E-15, -1.000000000000000000, 0.000000000000000000 ) ) ;
#7824 = DIRECTION ( 'NONE',  ( 1.000000000000000000, 1.680372728448135551E-16, -7.572981649197462312E-17 ) ) ;
#7825 = ORIENTED_EDGE ( 'NONE', *, *, #7936, .T. ) ;
#7826 = DIRECTION ( 'NONE',  ( 0.000000000000000000, -0.4108746525949196760, -0.9116918447891283472 ) ) ;
#7827 = ORIENTED_EDGE ( 'NONE', *, *, #3866, .F. ) ;
#7828 = EDGE_CURVE ( 'NONE', #4144, #4480, #4190, .T. ) ;
#7829 = ORIENTED_EDGE ( 'NONE', *, *, #5303, .F. ) ;
#7830 = CARTESIAN_POINT ( 'NONE',  ( 5.909023376181059106, 1.523249088641606130, -1.520018124871716836 ) ) ;
#7831 = CYLINDRICAL_SURFACE ( 'NONE', #3657, 0.03000000000000007869 ) ;
#7832 = LINE ( 'NONE', #7227, #1050 ) ;
#7833 = B_SPLINE_CURVE_WITH_KNOTS ( 'NONE', 3,
 ( #1287, #2680, #2635, #6197, #3810, #7406 ),
 .UNSPECIFIED., .F., .F.,
 ( 4, 2, 4 ),
 ( 0.000000000000000000, 0.5000000000000000000, 1.000000000000000000 ),
 .UNSPECIFIED. ) ;
#7834 = DIRECTION ( 'NONE',  ( -0.7071067811865457964, 3.491481338843134144E-15, -0.7071067811865493491 ) ) ;
#7835 = CARTESIAN_POINT ( 'NONE',  ( -10.65000000000001990, 0.3000000000000386247, 4.290000000000003588 ) ) ;
#7836 = VERTEX_POINT ( 'NONE', #4109 ) ;
#7837 = CIRCLE ( 'NONE', #2167, 0.2999999999999999334 ) ;
#7838 = CARTESIAN_POINT ( 'NONE',  ( -7.203727831761932876, 3.599913911387299770, 3.228428439840350439 ) ) ;
#7839 = EDGE_CURVE ( 'NONE', #751, #4880, #1086, .T. ) ;
#7840 = EDGE_CURVE ( 'NONE', #4616, #1890, #2109, .T. ) ;
#7841 = AXIS2_PLACEMENT_3D ( 'NONE', #5782, #255, #1469 ) ;
#7842 = FACE_OUTER_BOUND ( 'NONE', #7513, .T. ) ;
#7843 = PLANE ( 'NONE',  #2356 ) ;
#7844 = DIRECTION ( 'NONE',  ( -1.333139840934643075E-16, -1.000000000000000000, 2.171692714077831124E-14 ) ) ;
#7845 = CARTESIAN_POINT ( 'NONE',  ( -10.65000000000002167, 0.5000000000000374145, -0.3135898384862205179 ) ) ;
#7846 = ORIENTED_EDGE ( 'NONE', *, *, #4025, .T. ) ;
#7847 = ORIENTED_EDGE ( 'NONE', *, *, #112, .T. ) ;
#7848 = CARTESIAN_POINT ( 'NONE',  ( -10.65000000000002345, 0.5000000000000383027, -3.306410161513771762 ) ) ;
#7849 = ORIENTED_EDGE ( 'NONE', *, *, #152, .F. ) ;
#7850 = DIRECTION ( 'NONE',  ( 0.000000000000000000, 0.000000000000000000, -1.000000000000000000 ) ) ;
#7851 = DIRECTION ( 'NONE',  ( 1.000000000000000000, 3.624795322936608189E-15, 0.000000000000000000 ) ) ;
#7852 = CIRCLE ( 'NONE', #5550, 0.1999999999999999833 ) ;
#7853 = PLANE ( 'NONE',  #5615 ) ;
#7854 = CARTESIAN_POINT ( 'NONE',  ( 5.696689671087376006, 1.279999999999978266, -3.122559593183956039 ) ) ;
#7855 = ORIENTED_EDGE ( 'NONE', *, *, #4570, .T. ) ;
#7856 = ORIENTED_EDGE ( 'NONE', *, *, #7017, .F. ) ;
#7857 = DIRECTION ( 'NONE',  ( 0.000000000000000000, 0.000000000000000000, -1.000000000000000000 ) ) ;
#7858 = LINE ( 'NONE', #3470, #6234 ) ;
#7859 = DIRECTION ( 'NONE',  ( 0.000000000000000000, 0.9116918447891286803, -0.4108746525949191208 ) ) ;
#7860 = DIRECTION ( 'NONE',  ( -0.000000000000000000, 0.000000000000000000, 1.000000000000000000 ) ) ;
#7861 = CARTESIAN_POINT ( 'NONE',  ( 5.506106797749978909, 0.9999999999999782396, -3.012501364463420650 ) ) ;
#7862 = CARTESIAN_POINT ( 'NONE',  ( 6.861523376184166523, 1.131515687737839837, -1.871178059442718533 ) ) ;
#7863 = ORIENTED_EDGE ( 'NONE', *, *, #7071, .F. ) ;
#7864 = CARTESIAN_POINT ( 'NONE',  ( 6.849935148705206700, 1.414229331107316634, -1.805302867766469088 ) ) ;
#7865 = EDGE_LOOP ( 'NONE', ( #1820, #908, #7678, #6800 ) ) ;
#7866 = ORIENTED_EDGE ( 'NONE', *, *, #4735, .F. ) ;
#7867 = CARTESIAN_POINT ( 'NONE',  ( 10.65000000000002167, 0.4499999999999947375, -0.8100000000000008304 ) ) ;
#7868 = LINE ( 'NONE', #6540, #3779 ) ;
#7869 = CARTESIAN_POINT ( 'NONE',  ( 5.913547841360735191, 1.827630338083625627, -0.8539154374834194705 ) ) ;
#7870 = VECTOR ( 'NONE', #5369, 1000.000000000000000 ) ;
#7871 = ADVANCED_FACE ( 'NONE', ( #3589 ), #4434, .T. ) ;
#7872 = DIRECTION ( 'NONE',  ( -0.000000000000000000, 0.9116918447891283472, -0.4108746525949196760 ) ) ;
#7873 = VERTEX_POINT ( 'NONE', #1123 ) ;
#7874 = VECTOR ( 'NONE', #436, 1000.000000000000000 ) ;
#7875 = CARTESIAN_POINT ( 'NONE',  ( 5.693893202250020380, 1.279999999999978266, -3.008699914703861999 ) ) ;
#7876 = CARTESIAN_POINT ( 'NONE',  ( -5.359088742721783483, 3.600000000000000089, 7.384867924528304428 ) ) ;
#7877 = EDGE_CURVE ( 'NONE', #5286, #1442, #6484, .T. ) ;
#7878 = CARTESIAN_POINT ( 'NONE',  ( 5.917500000000001315, 0.9999999999999785727, -2.257615395000003300 ) ) ;
#7879 = EDGE_CURVE ( 'NONE', #349, #7957, #3169, .T. ) ;
#7880 = CARTESIAN_POINT ( 'NONE',  ( 4.329640985650613061, 1.159473688313247708, -1.785256341286060033 ) ) ;
#7881 = CARTESIAN_POINT ( 'NONE',  ( 5.917050761044539087, 1.098805950402119924, -2.178801691157785658 ) ) ;
#7882 = ORIENTED_EDGE ( 'NONE', *, *, #1933, .F. ) ;
#7883 = CARTESIAN_POINT ( 'NONE',  ( 3.975000000000000089, 3.600000000000000089, 3.239999999999997993 ) ) ;
#7884 = ORIENTED_EDGE ( 'NONE', *, *, #785, .T. ) ;
#7885 = CARTESIAN_POINT ( 'NONE',  ( 5.910307944779825462, 1.223276080241482378, -1.572038693219054650 ) ) ;
#7886 = LINE ( 'NONE', #1040, #2407 ) ;
#7887 = CARTESIAN_POINT ( 'NONE',  ( 10.40000000000000746, 0.3000000000000376255, 4.089999999999998970 ) ) ;
#7888 = EDGE_LOOP ( 'NONE', ( #4512, #3217, #3641, #773 ) ) ;
#7889 = EDGE_CURVE ( 'NONE', #2856, #6525, #1076, .T. ) ;
#7890 = CIRCLE ( 'NONE', #1847, 0.1999999999999999833 ) ;
#7891 = ORIENTED_EDGE ( 'NONE', *, *, #3739, .F. ) ;
#7892 = CARTESIAN_POINT ( 'NONE',  ( 4.553605988057615406, 1.040104609713733863, -1.863987622967451241 ) ) ;
#7893 = CARTESIAN_POINT ( 'NONE',  ( 6.730276743934456185, 1.223940642862731520, -1.589177579917369076 ) ) ;
#7894 = DIRECTION ( 'NONE',  ( -0.000000000000000000, 1.000000000000000000, 0.000000000000000000 ) ) ;
#7895 = VECTOR ( 'NONE', #87, 1000.000000000000000 ) ;
#7896 = CARTESIAN_POINT ( 'NONE',  ( 5.910822520352443377, 1.503893169487554360, -1.571736054864364185 ) ) ;
#7897 = VERTEX_POINT ( 'NONE', #4875 ) ;
#7898 = LINE ( 'NONE', #6709, #3954 ) ;
#7899 = EDGE_LOOP ( 'NONE', ( #5732, #359, #5158, #5980 ) ) ;
#7900 = DIRECTION ( 'NONE',  ( 0.000000000000000000, 0.000000000000000000, 1.000000000000000000 ) ) ;
#7901 = ORIENTED_EDGE ( 'NONE', *, *, #1649, .F. ) ;
#7902 = CARTESIAN_POINT ( 'NONE',  ( -10.40000000000002345, 0.4500000000000148326, 2.290000000000004032 ) ) ;
#7903 = VECTOR ( 'NONE', #5447, 1000.000000000000000 ) ;
#7904 = DIRECTION ( 'NONE',  ( 1.000000000000000000, 3.624795322936607400E-15, -0.000000000000000000 ) ) ;
#7905 = ADVANCED_FACE ( 'NONE', ( #6649 ), #2981, .T. ) ;
#7906 = CARTESIAN_POINT ( 'NONE',  ( 6.579987299709148196, 1.027813702453017175, -1.929438860917002341 ) ) ;
#7907 = CARTESIAN_POINT ( 'NONE',  ( 4.639999999999977476, 1.323534687289518619, -1.979927464851680474 ) ) ;
#7908 = AXIS2_PLACEMENT_3D ( 'NONE', #5713, #3139, #4348 ) ;
#7909 = VECTOR ( 'NONE', #569, 1000.000000000000000 ) ;
#7910 = DIRECTION ( 'NONE',  ( 0.000000000000000000, 0.000000000000000000, -1.000000000000000000 ) ) ;
#7911 = VERTEX_POINT ( 'NONE', #596 ) ;
#7912 = EDGE_LOOP ( 'NONE', ( #4290, #509, #7212, #39, #553, #4218 ) ) ;
#7913 = EDGE_CURVE ( 'NONE', #950, #7234, #2586, .T. ) ;
#7914 = FACE_OUTER_BOUND ( 'NONE', #2687, .T. ) ;
#7915 = VERTEX_POINT ( 'NONE', #2941 ) ;
#7916 = CARTESIAN_POINT ( 'NONE',  ( 6.560000000000037801, 1.377990277810638764, -1.631344101574274008 ) ) ;
#7917 = ORIENTED_EDGE ( 'NONE', *, *, #141, .T. ) ;
#7918 = CARTESIAN_POINT ( 'NONE',  ( -10.19999999999999929, 3.600000000000000977, -4.409999999999993925 ) ) ;
#7919 = ADVANCED_FACE ( 'NONE', ( #428 ), #1771, .F. ) ;
#7920 = CARTESIAN_POINT ( 'NONE',  ( 4.338476647830995070, 1.150201616525901027, -1.785113092040613747 ) ) ;
#7921 = CIRCLE ( 'NONE', #7541, 0.1499999999999999667 ) ;
#7922 = CARTESIAN_POINT ( 'NONE',  ( -3.983274960328206049, 3.349998014120072476, 3.238590782806765933 ) ) ;
#7923 = AXIS2_PLACEMENT_3D ( 'NONE', #4869, #1764, #4101 ) ;
#7924 = CARTESIAN_POINT ( 'NONE',  ( 4.351151719805967488, 1.160898087115689981, -1.759396344753188846 ) ) ;
#7925 = ADVANCED_FACE ( 'NONE', ( #554 ), #6, .F. ) ;
#7926 = ORIENTED_EDGE ( 'NONE', *, *, #3719, .F. ) ;
#7927 = B_SPLINE_CURVE_WITH_KNOTS ( 'NONE', 3,
 ( #2795, #5896, #4003, #2916 ),
 .UNSPECIFIED., .F., .F.,
 ( 4, 4 ),
 ( 0.000000000000000000, 2.244964918453536280E-06 ),
 .UNSPECIFIED. ) ;
#7928 = CARTESIAN_POINT ( 'NONE',  ( 5.909023376181059994, 1.255081979460324959, -1.493762063584962663 ) ) ;
#7929 = VECTOR ( 'NONE', #6589, 1000.000000000000000 ) ;
#7930 = CARTESIAN_POINT ( 'NONE',  ( 5.312805395632645755, 1.353878595024287979, -2.146276001350389873 ) ) ;
#7931 = CYLINDRICAL_SURFACE ( 'NONE', #7032, 1.950000000000000178 ) ;
#7932 = VERTEX_POINT ( 'NONE', #7246 ) ;
#7933 = VECTOR ( 'NONE', #4372, 1000.000000000000114 ) ;
#7934 = CIRCLE ( 'NONE', #2268, 0.7500000000000006661 ) ;
#7935 = ORIENTED_EDGE ( 'NONE', *, *, #4521, .T. ) ;
#7936 = EDGE_CURVE ( 'NONE', #4616, #7580, #2484, .T. ) ;
#7937 = DIRECTION ( 'NONE',  ( -1.000000000000000000, 0.000000000000000000, -0.000000000000000000 ) ) ;
#7938 = CARTESIAN_POINT ( 'NONE',  ( 5.311843314142470796, 1.360452713446623552, -2.044690632345597336 ) ) ;
#7939 = CARTESIAN_POINT ( 'NONE',  ( 7.200000000000001066, 1.633069906740344246, -1.842507845993992532 ) ) ;
#7940 = DIRECTION ( 'NONE',  ( 1.000000000000000000, -3.624795322936608189E-15, -4.485885711162466802E-16 ) ) ;
#7941 = DIRECTION ( 'NONE',  ( 1.000000000000000000, -3.624795322936608189E-15, -4.485885711162466802E-16 ) ) ;
#7942 = AXIS2_PLACEMENT_3D ( 'NONE', #3034, #1180, #1053 ) ;
#7943 = AXIS2_PLACEMENT_3D ( 'NONE', #7659, #2132, #3276 ) ;
#7944 = CARTESIAN_POINT ( 'NONE',  ( 10.65000000000001634, 0.3000000000000382916, -4.209999999999999076 ) ) ;
#7945 = ORIENTED_EDGE ( 'NONE', *, *, #7059, .T. ) ;
#7946 = DIRECTION ( 'NONE',  ( 0.000000000000000000, -6.550704629611122026E-16, 1.000000000000000000 ) ) ;
#7947 = ORIENTED_EDGE ( 'NONE', *, *, #3734, .F. ) ;
#7948 = LINE ( 'NONE', #6092, #7909 ) ;
#7949 = AXIS2_PLACEMENT_3D ( 'NONE', #3176, #5564, #6159 ) ;
#7950 = ORIENTED_EDGE ( 'NONE', *, *, #5063, .T. ) ;
#7951 = DIRECTION ( 'NONE',  ( 0.000000000000000000, -0.4108746525949196760, -0.9116918447891283472 ) ) ;
#7952 = DIRECTION ( 'NONE',  ( -0.6851022815776803832, -0.000000000000000000, -0.7284468846642538908 ) ) ;
#7953 = CARTESIAN_POINT ( 'NONE',  ( 5.286452158639264987, 1.827630338083626294, -0.8539154374834194705 ) ) ;
#7954 = AXIS2_PLACEMENT_3D ( 'NONE', #1159, #4097, #3451 ) ;
#7955 = EDGE_LOOP ( 'NONE', ( #3047, #4266, #5608, #543, #7399 ) ) ;
#7956 = EDGE_CURVE ( 'NONE', #1499, #6081, #1360, .T. ) ;
#7957 = VERTEX_POINT ( 'NONE', #3710 ) ;
#7958 = CARTESIAN_POINT ( 'NONE',  ( 4.355746965219680078, 1.379920611318830037, -1.940721115095907834 ) ) ;
#7959 = DIRECTION ( 'NONE',  ( -1.000000000000000000, -0.000000000000000000, -6.676168562359811169E-15 ) ) ;
#7960 = NEXT_ASSEMBLY_USAGE_OCCURRENCE ( 'NAUO1', ' ', ' ', #6635, #4121, $ ) ;
ENDSEC;
END-ISO-10303-21;
