ISO-10303-21;
HEADER;
FILE_DESCRIPTION (( 'STEP AP214' ),
    '1' );
FILE_NAME ('452403012014-1.STEP',
    '2021-08-02T11:28:15',
    ( '' ),
    ( '' ),
    'SwSTEP 2.0',
    'SolidWorks 2018',
    '' );
FILE_SCHEMA (( 'AUTOMOTIVE_DESIGN' ));
ENDSEC;

DATA;
#1 = DIRECTION ( 'NONE',  ( 6.573332287317840031E-15, 0.000000000000000000, 1.000000000000000000 ) ) ;
#2 = EDGE_CURVE ( 'NONE', #4348, #13159, #6349, .T. ) ;
#3 = CARTESIAN_POINT ( 'NONE',  ( 1.500000000000000000, -0.8499999999999978684, 3.099999999999995648 ) ) ;
#4 = DIRECTION ( 'NONE',  ( 0.05208774746704859793, 0.000000000000000000, -0.9986425118949268098 ) ) ;
#5 = AXIS2_PLACEMENT_3D ( 'NONE', #7503, #8617, #9621 ) ;
#6 = LINE ( 'NONE', #7234, #9942 ) ;
#7 = AXIS2_PLACEMENT_3D ( 'NONE', #5740, #10877, #4589 ) ;
#8 = FACE_OUTER_BOUND ( 'NONE', #9859, .T. ) ;
#9 = EDGE_LOOP ( 'NONE', ( #9994, #11828, #6869, #12431, #12388, #5950, #6167, #11869, #6579, #291, #13102, #6886, #4142 ) ) ;
#10 = CARTESIAN_POINT ( 'NONE',  ( -2.549999999999998934, 1.028000000000000025, -2.200000000000000178 ) ) ;
#11 = FACE_OUTER_BOUND ( 'NONE', #3519, .T. ) ;
#12 = VECTOR ( 'NONE', #7739, 1000.000000000000000 ) ;
#13 = VERTEX_POINT ( 'NONE', #8374 ) ;
#14 = CARTESIAN_POINT ( 'NONE',  ( 2.552999999999991054, 1.027999999999999581, 0.2999999999999999334 ) ) ;
#15 = MECHANICAL_DESIGN_GEOMETRIC_PRESENTATION_REPRESENTATION (  '', ( #3023 ), #6467 ) ;
#16 = STYLED_ITEM ( 'NONE', ( #5083 ), #739 ) ;
#17 = UNCERTAINTY_MEASURE_WITH_UNIT (LENGTH_MEASURE( 1.000000000000000082E-05 ), #13149, 'distance_accuracy_value', 'NONE');
#18 = UNCERTAINTY_MEASURE_WITH_UNIT (LENGTH_MEASURE( 1.000000000000000082E-05 ), #901, 'distance_accuracy_value', 'NONE');
#19 = DIRECTION ( 'NONE',  ( 0.000000000000000000, -1.000000000000000000, 0.000000000000000000 ) ) ;
#20 = PLANE ( 'NONE',  #11039 ) ;
#21 = EDGE_CURVE ( 'NONE', #900, #4917, #10348, .T. ) ;
#22 = CARTESIAN_POINT ( 'NONE',  ( -2.750000000000000000, -0.04999999999999915623, 2.625000000000001776 ) ) ;
#23 = ORIENTED_EDGE ( 'NONE', *, *, #135, .F. ) ;
#24 = SURFACE_SIDE_STYLE ('',( #6481 ) ) ;
#25 = SURFACE_STYLE_FILL_AREA ( #2987 ) ;
#26 = STYLED_ITEM ( 'NONE', ( #12695 ), #11775 ) ;
#27 = LINE ( 'NONE', #3908, #662 ) ;
#28 = STYLED_ITEM ( 'NONE', ( #12011 ), #5380 ) ;
#29 = VERTEX_POINT ( 'NONE', #1880 ) ;
#30 =( NAMED_UNIT ( * ) PLANE_ANGLE_UNIT ( ) SI_UNIT ( $, .RADIAN. ) );
#31 = CYLINDRICAL_SURFACE ( 'NONE', #11375, 0.2030000000000000693 ) ;
#32 = CARTESIAN_POINT ( 'NONE',  ( 2.350000000000000089, 0.6499999999999998002, -3.574999999999997957 ) ) ;
#33 = ORIENTED_EDGE ( 'NONE', *, *, #11555, .F. ) ;
#34 = EDGE_CURVE ( 'NONE', #883, #7064, #4241, .T. ) ;
#35 = UNCERTAINTY_MEASURE_WITH_UNIT (LENGTH_MEASURE( 1.000000000000000082E-05 ), #3531, 'distance_accuracy_value', 'NONE');
#36 = CARTESIAN_POINT ( 'NONE',  ( 2.752999999999985015, 2.050000000000049116, 2.799999999999999822 ) ) ;
#37 = AXIS2_PLACEMENT_3D ( 'NONE', #4155, #11359, #3176 ) ;
#38 = CARTESIAN_POINT ( 'NONE',  ( 1.500000000000000000, -0.8480000000000001981, 3.774999999999989697 ) ) ;
#39 = ORIENTED_EDGE ( 'NONE', *, *, #8117, .T. ) ;
#40 = DIRECTION ( 'NONE',  ( -0.000000000000000000, 1.000000000000000000, 4.663235150475286828E-17 ) ) ;
#41 = VECTOR ( 'NONE', #11281, 1000.000000000000000 ) ;
#42 = EDGE_LOOP ( 'NONE', ( #10981, #525, #8076, #7312 ) ) ;
#43 = DIRECTION ( 'NONE',  ( 0.000000000000000000, 4.336808689942021187E-16, -1.000000000000000000 ) ) ;
#44 = CARTESIAN_POINT ( 'NONE',  ( 0.7676435197039063185, -1.039999999999999147, 3.124166730570996364 ) ) ;
#45 =( NAMED_UNIT ( * ) PLANE_ANGLE_UNIT ( ) SI_UNIT ( $, .RADIAN. ) );
#46 = PRESENTATION_LAYER_ASSIGNMENT (  '', '', ( #9988 ) ) ;
#47 = CARTESIAN_POINT ( 'NONE',  ( -2.349999999999978328, -0.1499999999999995226, -0.3041451884327325272 ) ) ;
#48 = CARTESIAN_POINT ( 'NONE',  ( -2.750000000000000000, -1.049999999999999378, 3.500000000000006217 ) ) ;
#49 = AXIS2_PLACEMENT_3D ( 'NONE', #4291, #2169, #3279 ) ;
#50 = SURFACE_SIDE_STYLE ('',( #5659 ) ) ;
#51 = FILL_AREA_STYLE ('',( #6208 ) ) ;
#52 = FILL_AREA_STYLE ('',( #5215 ) ) ;
#53 = EDGE_CURVE ( 'NONE', #3782, #8152, #4904, .T. ) ;
#54 = EDGE_LOOP ( 'NONE', ( #5591, #10531, #5806, #12012 ) ) ;
#55 = ORIENTED_EDGE ( 'NONE', *, *, #841, .F. ) ;
#56 = CARTESIAN_POINT ( 'NONE',  ( -2.350000000000000089, 0.6499999999999998002, -3.574999999999997957 ) ) ;
#57 = AXIS2_PLACEMENT_3D ( 'NONE', #10285, #3146, #10324 ) ;
#58 = CARTESIAN_POINT ( 'NONE',  ( 2.499999999999992895, 0.8249999999999999556, -2.200000000000000178 ) ) ;
#59 = SURFACE_STYLE_FILL_AREA ( #11919 ) ;
#60 = ORIENTED_EDGE ( 'NONE', *, *, #11205, .T. ) ;
#61 = ADVANCED_FACE ( 'NONE', ( #12437 ), #11619, .F. ) ;
#62 = CARTESIAN_POINT ( 'NONE',  ( 0.5109984815446022566, -1.039999999999999147, 2.688210421060323707 ) ) ;
#63 = DIRECTION ( 'NONE',  ( -0.000000000000000000, -1.000000000000000000, -0.000000000000000000 ) ) ;
#64 = AXIS2_PLACEMENT_3D ( 'NONE', #6464, #5685, #9525 ) ;
#65 = EDGE_CURVE ( 'NONE', #3537, #8926, #10497, .T. ) ;
#66 = FILL_AREA_STYLE ('',( #6365 ) ) ;
#67 = ORIENTED_EDGE ( 'NONE', *, *, #9004, .T. ) ;
#68 = DIRECTION ( 'NONE',  ( -1.000000000000000000, -6.365179094826524742E-15, 0.000000000000000000 ) ) ;
#69 = COLOUR_RGB ( '',1.000000000000000000, 1.000000000000000000, 1.000000000000000000 ) ;
#70 = SURFACE_STYLE_FILL_AREA ( #11673 ) ;
#71 = VERTEX_POINT ( 'NONE', #8539 ) ;
#72 = DIRECTION ( 'NONE',  ( 0.000000000000000000, -4.565061778886370529E-16, 1.000000000000000000 ) ) ;
#73 = DIRECTION ( 'NONE',  ( 1.000000000000000000, 0.000000000000000000, -1.734723475976807094E-15 ) ) ;
#74 = DIRECTION ( 'NONE',  ( 1.000000000000000000, 0.000000000000000000, 0.000000000000000000 ) ) ;
#75 = DIRECTION ( 'NONE',  ( -1.000000000000000000, -0.000000000000000000, -0.000000000000000000 ) ) ;
#76 = PRESENTATION_LAYER_ASSIGNMENT (  '', '', ( #2162 ) ) ;
#77 = FILL_AREA_STYLE_COLOUR ( '', #9641 ) ;
#78 = CARTESIAN_POINT ( 'NONE',  ( -2.750000000000000000, -0.8499999999999978684, -2.624999999999999112 ) ) ;
#79 = LINE ( 'NONE', #1683, #4747 ) ;
#80 = DIRECTION ( 'NONE',  ( 0.2425356250363329969, 0.9701425001453319874, -0.000000000000000000 ) ) ;
#81 = DIRECTION ( 'NONE',  ( -1.000000000000000000, -0.000000000000000000, 0.000000000000000000 ) ) ;
#82 = LINE ( 'NONE', #4515, #9705 ) ;
#83 = CARTESIAN_POINT ( 'NONE',  ( -0.3000000000000001554, 0.8499999999999993117, 3.850000000000006750 ) ) ;
#84 = CARTESIAN_POINT ( 'NONE',  ( 2.350000000000000089, 0.05000000000000274364, -3.774999999999995914 ) ) ;
#85 = STYLED_ITEM ( 'NONE', ( #3183 ), #2160 ) ;
#86 = ORIENTED_EDGE ( 'NONE', *, *, #9841, .T. ) ;
#87 = EDGE_CURVE ( 'NONE', #11314, #12619, #7649, .T. ) ;
#88 = ORIENTED_EDGE ( 'NONE', *, *, #10253, .F. ) ;
#89 = LINE ( 'NONE', #13095, #12936 ) ;
#90 = PLANE ( 'NONE',  #8921 ) ;
#91 = LINE ( 'NONE', #12927, #2357 ) ;
#92 = COLOUR_RGB ( '',1.000000000000000000, 1.000000000000000000, 1.000000000000000000 ) ;
#93 = DIRECTION ( 'NONE',  ( -0.000000000000000000, -0.000000000000000000, -1.000000000000000000 ) ) ;
#94 = STYLED_ITEM ( 'NONE', ( #7584 ), #11761 ) ;
#95 =( GEOMETRIC_REPRESENTATION_CONTEXT ( 3 ) GLOBAL_UNCERTAINTY_ASSIGNED_CONTEXT ( ( #1434 ) ) GLOBAL_UNIT_ASSIGNED_CONTEXT ( ( #9099, #10084, #6952 ) ) REPRESENTATION_CONTEXT ( 'NONE', 'WORKASPACE' ) );
#96 = ORIENTED_EDGE ( 'NONE', *, *, #5467, .T. ) ;
#97 = CARTESIAN_POINT ( 'NONE',  ( 2.449999999999984190, -0.1499999999999995226, -0.2154700538379285546 ) ) ;
#98 = DIRECTION ( 'NONE',  ( 0.000000000000000000, -1.000000000000000000, 0.000000000000000000 ) ) ;
#99 = EDGE_CURVE ( 'NONE', #11294, #9575, #888, .T. ) ;
#100 =( NAMED_UNIT ( * ) PLANE_ANGLE_UNIT ( ) SI_UNIT ( $, .RADIAN. ) );
#101 = UNCERTAINTY_MEASURE_WITH_UNIT (LENGTH_MEASURE( 1.000000000000000082E-05 ), #2574, 'distance_accuracy_value', 'NONE');
#102 = CARTESIAN_POINT ( 'NONE',  ( 2.750000000000000000, -0.6000000000000094147, -1.650000000000004796 ) ) ;
#103 = LINE ( 'NONE', #7685, #3166 ) ;
#104 = AXIS2_PLACEMENT_3D ( 'NONE', #13239, #5012, #6037 ) ;
#105 = DIRECTION ( 'NONE',  ( -1.000000000000000000, -0.000000000000000000, -0.000000000000000000 ) ) ;
#106 = SURFACE_STYLE_FILL_AREA ( #8101 ) ;
#107 = VERTEX_POINT ( 'NONE', #7650 ) ;
#108 = LINE ( 'NONE', #3073, #9905 ) ;
#109 =( NAMED_UNIT ( * ) PLANE_ANGLE_UNIT ( ) SI_UNIT ( $, .RADIAN. ) );
#110 = MECHANICAL_DESIGN_GEOMETRIC_PRESENTATION_REPRESENTATION (  '', ( #11408 ), #11149 ) ;
#111 = ORIENTED_EDGE ( 'NONE', *, *, #10369, .F. ) ;
#112 =( NAMED_UNIT ( * ) PLANE_ANGLE_UNIT ( ) SI_UNIT ( $, .RADIAN. ) );
#113 = EDGE_CURVE ( 'NONE', #13, #2539, #6016, .T. ) ;
#114 = DIRECTION ( 'NONE',  ( -0.000000000000000000, -1.000000000000000000, -0.000000000000000000 ) ) ;
#115 = FILL_AREA_STYLE ('',( #3228 ) ) ;
#116 = ADVANCED_FACE ( 'NONE', ( #13222 ), #12563, .F. ) ;
#117 = DIRECTION ( 'NONE',  ( -0.000000000000000000, -0.000000000000000000, -1.000000000000000000 ) ) ;
#118 = LINE ( 'NONE', #10785, #772 ) ;
#119 = CARTESIAN_POINT ( 'NONE',  ( -1.500000000000000444, 0.05000000000000181383, 3.825000000000005507 ) ) ;
#120 = VECTOR ( 'NONE', #11158, 1000.000000000000000 ) ;
#121 = DIRECTION ( 'NONE',  ( 0.000000000000000000, 4.565061778886370529E-16, -1.000000000000000000 ) ) ;
#122 = ORIENTED_EDGE ( 'NONE', *, *, #4293, .F. ) ;
#123 = CARTESIAN_POINT ( 'NONE',  ( 2.750000000000000000, -1.049999999999999378, 3.500000000000006217 ) ) ;
#124 =( NAMED_UNIT ( * ) SI_UNIT ( $, .STERADIAN. ) SOLID_ANGLE_UNIT ( ) );
#125 = FACE_OUTER_BOUND ( 'NONE', #5963, .T. ) ;
#126 = SURFACE_SIDE_STYLE ('',( #6373 ) ) ;
#127 = LINE ( 'NONE', #2159, #12017 ) ;
#128 = ORIENTED_EDGE ( 'NONE', *, *, #2092, .F. ) ;
#129 = VECTOR ( 'NONE', #9586, 1000.000000000000000 ) ;
#130 = FACE_OUTER_BOUND ( 'NONE', #13005, .T. ) ;
#131 = ORIENTED_EDGE ( 'NONE', *, *, #13203, .F. ) ;
#132 =( GEOMETRIC_REPRESENTATION_CONTEXT ( 3 ) GLOBAL_UNCERTAINTY_ASSIGNED_CONTEXT ( ( #5059 ) ) GLOBAL_UNIT_ASSIGNED_CONTEXT ( ( #12436, #7338, #2225 ) ) REPRESENTATION_CONTEXT ( 'NONE', 'WORKASPACE' ) );
#133 = DIRECTION ( 'NONE',  ( -0.000000000000000000, -0.000000000000000000, -1.000000000000000000 ) ) ;
#134 = CARTESIAN_POINT ( 'NONE',  ( -2.552999999999999048, 2.050000000000049560, -2.200000000000000178 ) ) ;
#135 = EDGE_CURVE ( 'NONE', #4122, #12638, #8284, .T. ) ;
#136 = CARTESIAN_POINT ( 'NONE',  ( 2.549999999999980727, -0.1499999999999995226, 0.6999999999999979572 ) ) ;
#137 = FILL_AREA_STYLE ('',( #2910 ) ) ;
#138 = ORIENTED_EDGE ( 'NONE', *, *, #9727, .F. ) ;
#139 = DIRECTION ( 'NONE',  ( 0.9853449373980532888, -0.000000000000000000, 0.1705736038900110274 ) ) ;
#140 = VERTEX_POINT ( 'NONE', #9826 ) ;
#141 = LINE ( 'NONE', #10131, #11422 ) ;
#142 = ORIENTED_EDGE ( 'NONE', *, *, #2646, .T. ) ;
#143 = FILL_AREA_STYLE ('',( #7441 ) ) ;
#144 = STYLED_ITEM ( 'NONE', ( #3939 ), #8614 ) ;
#145 = CARTESIAN_POINT ( 'NONE',  ( 1.500000000000000000, -0.8500000000000000888, 3.572999999999989740 ) ) ;
#146 = PRESENTATION_LAYER_ASSIGNMENT (  '', '', ( #3855 ) ) ;
#147 = COLOUR_RGB ( '',0.6941176470588235059, 0.09803921568627450844, 0.09803921568627450844 ) ;
#148 = VERTEX_POINT ( 'NONE', #6737 ) ;
#149 = SURFACE_STYLE_FILL_AREA ( #7417 ) ;
#150 = VERTEX_POINT ( 'NONE', #12789 ) ;
#151 = SURFACE_STYLE_USAGE ( .BOTH. , #2294 ) ;
#152 = DIRECTION ( 'NONE',  ( 0.000000000000000000, 1.000000000000000000, -4.336808689942029569E-16 ) ) ;
#153 = LINE ( 'NONE', #12164, #1811 ) ;
#154 = CARTESIAN_POINT ( 'NONE',  ( 0.000000000000000000, 0.8499999999999997558, -2.478176394252579538E-17 ) ) ;
#155 = SURFACE_STYLE_FILL_AREA ( #8413 ) ;
#156 = CARTESIAN_POINT ( 'NONE',  ( -2.550000000000000266, -0.5499999999999997113, 2.600000000000002309 ) ) ;
#157 = DIRECTION ( 'NONE',  ( -0.000000000000000000, 1.000000000000000000, 0.000000000000000000 ) ) ;
#158 = VERTEX_POINT ( 'NONE', #6645 ) ;
#159 = EDGE_CURVE ( 'NONE', #10560, #3245, #8601, .T. ) ;
#160 = LINE ( 'NONE', #11528, #8856 ) ;
#161 = PLANE ( 'NONE',  #1593 ) ;
#162 = CARTESIAN_POINT ( 'NONE',  ( 0.2500000000000427436, 1.049999999999999822, 0.2500000000000028311 ) ) ;
#163 = EDGE_LOOP ( 'NONE', ( #11063, #4769, #4982, #11276, #11809, #7409, #8866, #186 ) ) ;
#164 = MECHANICAL_DESIGN_GEOMETRIC_PRESENTATION_REPRESENTATION (  '', ( #11462 ), #6127 ) ;
#165 = AXIS2_PLACEMENT_3D ( 'NONE', #12736, #4570, #10674 ) ;
#166 = UNCERTAINTY_MEASURE_WITH_UNIT (LENGTH_MEASURE( 1.000000000000000082E-05 ), #2253, 'distance_accuracy_value', 'NONE');
#167 = UNCERTAINTY_MEASURE_WITH_UNIT (LENGTH_MEASURE( 1.000000000000000082E-05 ), #5147, 'distance_accuracy_value', 'NONE');
#168 = VECTOR ( 'NONE', #6864, 1000.000000000000000 ) ;
#169 = EDGE_CURVE ( 'NONE', #5739, #3721, #9684, .T. ) ;
#170 = CARTESIAN_POINT ( 'NONE',  ( -2.449999999999985523, -0.1499999999999995226, 0.3113248654051866127 ) ) ;
#171 = VERTEX_POINT ( 'NONE', #2583 ) ;
#172 = CARTESIAN_POINT ( 'NONE',  ( -2.752999999999998781, 1.027999999999999581, -0.2999999999999999334 ) ) ;
#173 = DIRECTION ( 'NONE',  ( 1.000000000000000000, 0.000000000000000000, 0.000000000000000000 ) ) ;
#174 = ORIENTED_EDGE ( 'NONE', *, *, #4812, .T. ) ;
#175 = PRESENTATION_STYLE_ASSIGNMENT (( #12118 ) ) ;
#176 = VECTOR ( 'NONE', #6196, 1000.000000000000000 ) ;
#177 = ORIENTED_EDGE ( 'NONE', *, *, #8886, .F. ) ;
#178 = ADVANCED_FACE ( 'NONE', ( #5840 ), #9779, .F. ) ;
#179 = SURFACE_STYLE_FILL_AREA ( #9417 ) ;
#180 = DIRECTION ( 'NONE',  ( 6.365179094826524742E-15, -1.000000000000000000, 0.000000000000000000 ) ) ;
#181 = CARTESIAN_POINT ( 'NONE',  ( 2.350000000000000089, 0.6499999999999998002, -3.574999999999997957 ) ) ;
#182 = ORIENTED_EDGE ( 'NONE', *, *, #7540, .F. ) ;
#183 = DIRECTION ( 'NONE',  ( -0.000000000000000000, 0.000000000000000000, -1.000000000000000000 ) ) ;
#184 = AXIS2_PLACEMENT_3D ( 'NONE', #5064, #4370, #3122 ) ;
#185 = EDGE_CURVE ( 'NONE', #4170, #5582, #1529, .T. ) ;
#186 = ORIENTED_EDGE ( 'NONE', *, *, #12631, .T. ) ;
#187 = ORIENTED_EDGE ( 'NONE', *, *, #8526, .T. ) ;
#188 = DIRECTION ( 'NONE',  ( -1.000000000000000000, -0.000000000000000000, 0.000000000000000000 ) ) ;
#189 = DIRECTION ( 'NONE',  ( -0.000000000000000000, 1.000000000000000000, 1.239088197126289831E-16 ) ) ;
#190 = CARTESIAN_POINT ( 'NONE',  ( 2.549999999999990941, 1.027999999999999581, 0.2999999999999999334 ) ) ;
#191 =( NAMED_UNIT ( * ) PLANE_ANGLE_UNIT ( ) SI_UNIT ( $, .RADIAN. ) );
#192 = DIRECTION ( 'NONE',  ( 1.000000000000000000, 0.000000000000000000, -1.734723475976807094E-15 ) ) ;
#193 = MECHANICAL_DESIGN_GEOMETRIC_PRESENTATION_REPRESENTATION (  '', ( #640 ), #1360 ) ;
#194 = FACE_OUTER_BOUND ( 'NONE', #13185, .T. ) ;
#195 =( NAMED_UNIT ( * ) PLANE_ANGLE_UNIT ( ) SI_UNIT ( $, .RADIAN. ) );
#196 = SURFACE_STYLE_FILL_AREA ( #1736 ) ;
#197 = DIRECTION ( 'NONE',  ( 0.000000000000000000, -0.000000000000000000, 1.000000000000000000 ) ) ;
#198 =( GEOMETRIC_REPRESENTATION_CONTEXT ( 3 ) GLOBAL_UNCERTAINTY_ASSIGNED_CONTEXT ( ( #8416 ) ) GLOBAL_UNIT_ASSIGNED_CONTEXT ( ( #3688, #4764, #8941 ) ) REPRESENTATION_CONTEXT ( 'NONE', 'WORKASPACE' ) );
#199 = ORIENTED_EDGE ( 'NONE', *, *, #1701, .F. ) ;
#200 = ORIENTED_EDGE ( 'NONE', *, *, #9718, .F. ) ;
#201 = CARTESIAN_POINT ( 'NONE',  ( 2.549999999999977618, -0.1499999999999995226, 0.3041451884327346922 ) ) ;
#202 = CARTESIAN_POINT ( 'NONE',  ( -0.8500000000000000888, -0.8499999999999978684, 1.800000000000000044 ) ) ;
#203 = DIRECTION ( 'NONE',  ( 0.5072312248530602696, 0.000000000000000000, 0.8618100048932271218 ) ) ;
#204 = EDGE_CURVE ( 'NONE', #6565, #1258, #10009, .T. ) ;
#205 = PLANE ( 'NONE',  #13237 ) ;
#206 = PLANE ( 'NONE',  #2607 ) ;
#207 = EDGE_LOOP ( 'NONE', ( #5660, #5149, #6613, #7911 ) ) ;
#208 = PRESENTATION_STYLE_ASSIGNMENT (( #4885 ) ) ;
#209 = CARTESIAN_POINT ( 'NONE',  ( -2.399999999999999911, -0.04999999999999915623, 2.625000000000001776 ) ) ;
#210 = ORIENTED_EDGE ( 'NONE', *, *, #6153, .T. ) ;
#211 = SURFACE_SIDE_STYLE ('',( #155 ) ) ;
#212 =( GEOMETRIC_REPRESENTATION_CONTEXT ( 3 ) GLOBAL_UNCERTAINTY_ASSIGNED_CONTEXT ( ( #6933 ) ) GLOBAL_UNIT_ASSIGNED_CONTEXT ( ( #8351, #3132, #2211 ) ) REPRESENTATION_CONTEXT ( 'NONE', 'WORKASPACE' ) );
#213 = PLANE ( 'NONE',  #5359 ) ;
#214 = DIRECTION ( 'NONE',  ( -1.000000000000000000, 0.000000000000000000, 1.734723475976807094E-15 ) ) ;
#215 = CARTESIAN_POINT ( 'NONE',  ( 2.549999999999983835, -0.6000000000000094147, -0.04226497308104011641 ) ) ;
#216 = VERTEX_POINT ( 'NONE', #538 ) ;
#217 =( NAMED_UNIT ( * ) SI_UNIT ( $, .STERADIAN. ) SOLID_ANGLE_UNIT ( ) );
#218 = STYLED_ITEM ( 'NONE', ( #9292 ), #2695 ) ;
#219 = ORIENTED_EDGE ( 'NONE', *, *, #2119, .T. ) ;
#220 = DIRECTION ( 'NONE',  ( -0.000000000000000000, 1.000000000000000000, 7.972074797687534325E-18 ) ) ;
#221 = LINE ( 'NONE', #9809, #6031 ) ;
#222 = ORIENTED_EDGE ( 'NONE', *, *, #5863, .F. ) ;
#223 = EDGE_CURVE ( 'NONE', #5398, #3585, #1696, .T. ) ;
#224 = ORIENTED_EDGE ( 'NONE', *, *, #8952, .T. ) ;
#225 = CARTESIAN_POINT ( 'NONE',  ( 0.6635848415983804927, -1.049999999999999156, 2.947366081294554352 ) ) ;
#226 = COLOUR_RGB ( '',1.000000000000000000, 1.000000000000000000, 1.000000000000000000 ) ;
#227 =( LENGTH_UNIT ( ) NAMED_UNIT ( * ) SI_UNIT ( .MILLI., .METRE. ) );
#228 = FILL_AREA_STYLE ('',( #10566 ) ) ;
#229 = AXIS2_PLACEMENT_3D ( 'NONE', #3881, #6981, #11072 ) ;
#230 = VECTOR ( 'NONE', #8477, 1000.000000000000000 ) ;
#231 = SURFACE_STYLE_FILL_AREA ( #12709 ) ;
#232 = EDGE_CURVE ( 'NONE', #900, #1410, #362, .T. ) ;
#233 = ORIENTED_EDGE ( 'NONE', *, *, #8099, .F. ) ;
#234 = CARTESIAN_POINT ( 'NONE',  ( 2.750000000000000000, -0.6000000000000094147, -1.650000000000004796 ) ) ;
#235 = UNCERTAINTY_MEASURE_WITH_UNIT (LENGTH_MEASURE( 1.000000000000000082E-05 ), #2257, 'distance_accuracy_value', 'NONE');
#236 = SURFACE_STYLE_USAGE ( .BOTH. , #9487 ) ;
#237 = CARTESIAN_POINT ( 'NONE',  ( 2.750000000000000000, 0.000000000000000000, 0.000000000000000000 ) ) ;
#238 = ADVANCED_FACE ( 'NONE', ( #3909 ), #3650, .F. ) ;
#239 = AXIS2_PLACEMENT_3D ( 'NONE', #425, #7645, #1493 ) ;
#240 = PRESENTATION_LAYER_ASSIGNMENT (  '', '', ( #5329 ) ) ;
#241 = CARTESIAN_POINT ( 'NONE',  ( 2.499999999999991562, 1.024999999999999689, 0.2999999999999999334 ) ) ;
#242 = CARTESIAN_POINT ( 'NONE',  ( -2.749999999999999556, -0.6000000000000094147, 1.650000000000000355 ) ) ;
#243 = ORIENTED_EDGE ( 'NONE', *, *, #4315, .F. ) ;
#244 = LINE ( 'NONE', #6792, #10213 ) ;
#245 = LINE ( 'NONE', #602, #6384 ) ;
#246 = CARTESIAN_POINT ( 'NONE',  ( 2.552999999999991054, 1.027999999999999581, 0.2999999999999999334 ) ) ;
#247 = DIRECTION ( 'NONE',  ( 0.000000000000000000, -0.000000000000000000, 1.000000000000000000 ) ) ;
#248 = LINE ( 'NONE', #11372, #10385 ) ;
#249 = ORIENTED_EDGE ( 'NONE', *, *, #5225, .T. ) ;
#250 = AXIS2_PLACEMENT_3D ( 'NONE', #4915, #12439, #6968 ) ;
#251 = MECHANICAL_DESIGN_GEOMETRIC_PRESENTATION_REPRESENTATION (  '', ( #4387 ), #8543 ) ;
#252 = COLOUR_RGB ( '',0.6941176470588235059, 0.09803921568627450844, 0.09803921568627450844 ) ;
#253 = EDGE_CURVE ( 'NONE', #9057, #10160, #8587, .T. ) ;
#254 = ADVANCED_FACE ( 'NONE', ( #9847 ), #4074, .T. ) ;
#255 = PRESENTATION_STYLE_ASSIGNMENT (( #535 ) ) ;
#256 = DIRECTION ( 'NONE',  ( 0.000000000000000000, 0.000000000000000000, -1.000000000000000000 ) ) ;
#257 = AXIS2_PLACEMENT_3D ( 'NONE', #47, #12162, #13220 ) ;
#258 = PRESENTATION_LAYER_ASSIGNMENT (  '', '', ( #11552 ) ) ;
#259 = EDGE_LOOP ( 'NONE', ( #2510, #6726, #399, #392 ) ) ;
#260 = CARTESIAN_POINT ( 'NONE',  ( 0.5000000000000000000, -0.3500000000000003664, -3.824999999999998845 ) ) ;
#261 = EDGE_CURVE ( 'NONE', #9954, #12100, #3596, .T. ) ;
#262 = CARTESIAN_POINT ( 'NONE',  ( -0.8500000000000000888, -0.8499999999999978684, 1.800000000000000044 ) ) ;
#263 = CARTESIAN_POINT ( 'NONE',  ( 1.500000000000000000, -0.8499999999999978684, 3.099999999999995648 ) ) ;
#264 =( NAMED_UNIT ( * ) PLANE_ANGLE_UNIT ( ) SI_UNIT ( $, .RADIAN. ) );
#265 = DIRECTION ( 'NONE',  ( 1.000000000000000000, 0.000000000000000000, -1.734723475976807094E-15 ) ) ;
#266 = PRESENTATION_LAYER_ASSIGNMENT (  '', '', ( #7364 ) ) ;
#267 = LINE ( 'NONE', #1996, #1607 ) ;
#268 = DIRECTION ( 'NONE',  ( -0.5122628712702834708, 0.000000000000000000, -0.8588287086013863814 ) ) ;
#269 = EDGE_LOOP ( 'NONE', ( #9874, #2267, #7664, #11638, #9549, #3695 ) ) ;
#270 = LINE ( 'NONE', #854, #12183 ) ;
#271 = CARTESIAN_POINT ( 'NONE',  ( -2.549999999999975397, -0.1499999999999995226, -0.3041451884327346922 ) ) ;
#272 = COLOUR_RGB ( '',1.000000000000000000, 1.000000000000000000, 1.000000000000000000 ) ;
#273 = PRESENTATION_STYLE_ASSIGNMENT (( #1292 ) ) ;
#274 = VERTEX_POINT ( 'NONE', #3815 ) ;
#275 =( GEOMETRIC_REPRESENTATION_CONTEXT ( 3 ) GLOBAL_UNCERTAINTY_ASSIGNED_CONTEXT ( ( #7608 ) ) GLOBAL_UNIT_ASSIGNED_CONTEXT ( ( #5513, #12785, #4582 ) ) REPRESENTATION_CONTEXT ( 'NONE', 'WORKASPACE' ) );
#276 = DIRECTION ( 'NONE',  ( -6.365179094826525531E-15, 1.000000000000000000, -0.000000000000000000 ) ) ;
#277 = CARTESIAN_POINT ( 'NONE',  ( -2.100000000000000533, -0.6999999999999979572, 1.400000000000004574 ) ) ;
#278 = LINE ( 'NONE', #3680, #1444 ) ;
#279 = CARTESIAN_POINT ( 'NONE',  ( 0.5109984815446022566, -1.049999999999999156, 2.688210421060323707 ) ) ;
#280 = SURFACE_STYLE_USAGE ( .BOTH. , #3353 ) ;
#281 = DIRECTION ( 'NONE',  ( 0.000000000000000000, -2.710505431213763057E-16, 1.000000000000000000 ) ) ;
#282 = SURFACE_SIDE_STYLE ('',( #1804 ) ) ;
#283 =( NAMED_UNIT ( * ) SI_UNIT ( $, .STERADIAN. ) SOLID_ANGLE_UNIT ( ) );
#284 = FACE_OUTER_BOUND ( 'NONE', #4013, .T. ) ;
#285 = DIRECTION ( 'NONE',  ( -0.000000000000000000, -0.000000000000000000, -1.000000000000000000 ) ) ;
#286 = COLOUR_RGB ( '',0.1098039215686274495, 0.1098039215686274495, 0.1098039215686274495 ) ;
#287 = ORIENTED_EDGE ( 'NONE', *, *, #4705, .T. ) ;
#288 = CARTESIAN_POINT ( 'NONE',  ( -2.249999999999983569, -0.1499999999999995226, 0.3113248654051866127 ) ) ;
#289 = MECHANICAL_DESIGN_GEOMETRIC_PRESENTATION_REPRESENTATION (  '', ( #1280 ), #3320 ) ;
#290 = DIRECTION ( 'NONE',  ( 0.000000000000000000, -0.000000000000000000, -1.000000000000000000 ) ) ;
#291 = ORIENTED_EDGE ( 'NONE', *, *, #5482, .F. ) ;
#292 = COLOUR_RGB ( '',1.000000000000000000, 1.000000000000000000, 1.000000000000000000 ) ;
#293 = CARTESIAN_POINT ( 'NONE',  ( 2.749999999999999556, -0.8499999999999976463, -2.799999999999994937 ) ) ;
#295 = ORIENTED_EDGE ( 'NONE', *, *, #8342, .T. ) ;
#294 =( GEOMETRIC_REPRESENTATION_CONTEXT ( 3 ) GLOBAL_UNCERTAINTY_ASSIGNED_CONTEXT ( ( #3417 ) ) GLOBAL_UNIT_ASSIGNED_CONTEXT ( ( #8047, #12149, #1900 ) ) REPRESENTATION_CONTEXT ( 'NONE', 'WORKASPACE' ) );
#296 = PRESENTATION_STYLE_ASSIGNMENT (( #11121 ) ) ;
#297 =( LENGTH_UNIT ( ) NAMED_UNIT ( * ) SI_UNIT ( .MILLI., .METRE. ) );
#298 = ORIENTED_EDGE ( 'NONE', *, *, #6687, .T. ) ;
#299 =( NAMED_UNIT ( * ) PLANE_ANGLE_UNIT ( ) SI_UNIT ( $, .RADIAN. ) );
#300 = DIRECTION ( 'NONE',  ( -1.000000000000000000, -0.000000000000000000, 1.734723475976807094E-15 ) ) ;
#301 = EDGE_CURVE ( 'NONE', #2890, #10434, #12898, .T. ) ;
#302 = ADVANCED_FACE ( 'NONE', ( #8909 ), #2151, .F. ) ;
#303 = FACE_OUTER_BOUND ( 'NONE', #269, .T. ) ;
#304 = FILL_AREA_STYLE ('',( #2409 ) ) ;
#305 = CIRCLE ( 'NONE', #9959, 0.002999999999999964501 ) ;
#306 = FILL_AREA_STYLE_COLOUR ( '', #2824 ) ;
#307 = VECTOR ( 'NONE', #10102, 1000.000000000000000 ) ;
#308 = EDGE_LOOP ( 'NONE', ( #7655, #8833, #3700, #1551 ) ) ;
#309 = SURFACE_SIDE_STYLE ('',( #4875 ) ) ;
#310 = PRESENTATION_LAYER_ASSIGNMENT (  '', '', ( #11521 ) ) ;
#311 = LINE ( 'NONE', #123, #3547 ) ;
#312 = VECTOR ( 'NONE', #1667, 1000.000000000000000 ) ;
#313 = CARTESIAN_POINT ( 'NONE',  ( -0.4070303008530175015, -1.039999999999999147, 2.535624061006541474 ) ) ;
#314 = EDGE_LOOP ( 'NONE', ( #11838, #222, #3948, #9033, #3687, #3093, #1860, #6566 ) ) ;
#315 = PLANE ( 'NONE',  #7616 ) ;
#316 = STYLED_ITEM ( 'NONE', ( #4407 ), #10478 ) ;
#317 =( GEOMETRIC_REPRESENTATION_CONTEXT ( 3 ) GLOBAL_UNCERTAINTY_ASSIGNED_CONTEXT ( ( #12935 ) ) GLOBAL_UNIT_ASSIGNED_CONTEXT ( ( #4231, #100, #5229 ) ) REPRESENTATION_CONTEXT ( 'NONE', 'WORKASPACE' ) );
#318 = ADVANCED_FACE ( 'NONE', ( #6002 ), #677, .F. ) ;
#319 = SURFACE_SIDE_STYLE ('',( #3505 ) ) ;
#320 = CARTESIAN_POINT ( 'NONE',  ( -1.500000000000000000, -0.8499999999999978684, 3.099999999999995648 ) ) ;
#321 = EDGE_LOOP ( 'NONE', ( #8537, #11440, #11437, #820 ) ) ;
#322 = EDGE_LOOP ( 'NONE', ( #10670, #11957, #3522, #3912 ) ) ;
#323 = VECTOR ( 'NONE', #11148, 1000.000000000000000 ) ;
#324 =( NAMED_UNIT ( * ) PLANE_ANGLE_UNIT ( ) SI_UNIT ( $, .RADIAN. ) );
#325 = VECTOR ( 'NONE', #423, 1000.000000000000000 ) ;
#326 = ORIENTED_EDGE ( 'NONE', *, *, #1828, .F. ) ;
#327 = PLANE ( 'NONE',  #11396 ) ;
#328 = CARTESIAN_POINT ( 'NONE',  ( -2.750000000000000000, 0.7999999999999992673, 3.500000000000006217 ) ) ;
#329 = UNCERTAINTY_MEASURE_WITH_UNIT (LENGTH_MEASURE( 1.000000000000000082E-05 ), #1622, 'distance_accuracy_value', 'NONE');
#330 = UNCERTAINTY_MEASURE_WITH_UNIT (LENGTH_MEASURE( 1.000000000000000082E-05 ), #11778, 'distance_accuracy_value', 'NONE');
#331 = DIRECTION ( 'NONE',  ( -0.000000000000000000, -0.000000000000000000, -1.000000000000000000 ) ) ;
#332 = EDGE_CURVE ( 'NONE', #1887, #2308, #13209, .T. ) ;
#333 = ORIENTED_EDGE ( 'NONE', *, *, #21, .T. ) ;
#334 =( NAMED_UNIT ( * ) PLANE_ANGLE_UNIT ( ) SI_UNIT ( $, .RADIAN. ) );
#335 =( GEOMETRIC_REPRESENTATION_CONTEXT ( 3 ) GLOBAL_UNCERTAINTY_ASSIGNED_CONTEXT ( ( #1267 ) ) GLOBAL_UNIT_ASSIGNED_CONTEXT ( ( #1988, #2117, #9130 ) ) REPRESENTATION_CONTEXT ( 'NONE', 'WORKASPACE' ) );
#336 = SURFACE_STYLE_FILL_AREA ( #1474 ) ;
#337 = PRESENTATION_LAYER_ASSIGNMENT (  '', '', ( #9534 ) ) ;
#338 = PRESENTATION_STYLE_ASSIGNMENT (( #12541 ) ) ;
#339 = LINE ( 'NONE', #8897, #7113 ) ;
#340 = ORIENTED_EDGE ( 'NONE', *, *, #169, .F. ) ;
#341 = EDGE_CURVE ( 'NONE', #1053, #7579, #6166, .T. ) ;
#342 = CARTESIAN_POINT ( 'NONE',  ( -2.750000000000014655, -1.049999999999999156, -3.099999999999995648 ) ) ;
#343 = SURFACE_STYLE_USAGE ( .BOTH. , #211 ) ;
#344 = FILL_AREA_STYLE ('',( #6216 ) ) ;
#345 = PRESENTATION_LAYER_ASSIGNMENT (  '', '', ( #5432 ) ) ;
#346 = STYLED_ITEM ( 'NONE', ( #9950 ), #1294 ) ;
#347 = EDGE_CURVE ( 'NONE', #10205, #9016, #4382, .T. ) ;
#348 = DIRECTION ( 'NONE',  ( -1.000000000000000000, -0.000000000000000000, 0.000000000000000000 ) ) ;
#349 = CIRCLE ( 'NONE', #10586, 0.4000000000000016875 ) ;
#350 = VECTOR ( 'NONE', #1347, 1000.000000000000000 ) ;
#351 = DIRECTION ( 'NONE',  ( -0.8122431932980196390, 0.000000000000000000, 0.5833189478673188599 ) ) ;
#352 = DIRECTION ( 'NONE',  ( 0.000000000000000000, 0.000000000000000000, -1.000000000000000000 ) ) ;
#353 = ORIENTED_EDGE ( 'NONE', *, *, #2260, .F. ) ;
#354 = CYLINDRICAL_SURFACE ( 'NONE', #4758, 0.2030000000000000693 ) ;
#355 = EDGE_LOOP ( 'NONE', ( #6703, #3614, #2980, #10576 ) ) ;
#356 = STYLED_ITEM ( 'NONE', ( #4941 ), #12707 ) ;
#357 = EDGE_CURVE ( 'NONE', #13132, #107, #2632, .T. ) ;
#358 = CARTESIAN_POINT ( 'NONE',  ( -1.749999999999999334, 0.8500000000000001998, -2.750000000000000000 ) ) ;
#359 = SURFACE_STYLE_FILL_AREA ( #7164 ) ;
#360 =( LENGTH_UNIT ( ) NAMED_UNIT ( * ) SI_UNIT ( .MILLI., .METRE. ) );
#361 = LINE ( 'NONE', #381, #1856 ) ;
#362 = LINE ( 'NONE', #10783, #12588 ) ;
#363 = ORIENTED_EDGE ( 'NONE', *, *, #11545, .T. ) ;
#364 = CARTESIAN_POINT ( 'NONE',  ( -1.249999999999999112, 0.8499999999999997558, -0.2499999999999966416 ) ) ;
#365 = CARTESIAN_POINT ( 'NONE',  ( 2.549999999999993161, 0.8249999999999992895, 2.799999999999999822 ) ) ;
#366 = DIRECTION ( 'NONE',  ( 0.000000000000000000, -1.000000000000000000, 0.000000000000000000 ) ) ;
#367 = DIRECTION ( 'NONE',  ( 0.000000000000000000, 0.000000000000000000, 1.000000000000000000 ) ) ;
#368 = ADVANCED_FACE ( 'NONE', ( #10482 ), #354, .T. ) ;
#369 = STYLED_ITEM ( 'NONE', ( #2748 ), #7550 ) ;
#370 =( NAMED_UNIT ( * ) PLANE_ANGLE_UNIT ( ) SI_UNIT ( $, .RADIAN. ) );
#371 = FILL_AREA_STYLE ('',( #1322 ) ) ;
#372 = CARTESIAN_POINT ( 'NONE',  ( -2.752999999999999226, 2.050000000000049560, -2.200000000000000178 ) ) ;
#373 = VECTOR ( 'NONE', #792, 999.9999999999998863 ) ;
#374 = ORIENTED_EDGE ( 'NONE', *, *, #7987, .F. ) ;
#375 = PRESENTATION_STYLE_ASSIGNMENT (( #754 ) ) ;
#376 = ORIENTED_EDGE ( 'NONE', *, *, #9624, .F. ) ;
#377 = AXIS2_PLACEMENT_3D ( 'NONE', #5344, #12401, #180 ) ;
#378 = CARTESIAN_POINT ( 'NONE',  ( 2.750000000000000000, -0.04999999999999828887, 0.7750000000000010214 ) ) ;
#379 = PRESENTATION_STYLE_ASSIGNMENT (( #10677 ) ) ;
#380 = EDGE_CURVE ( 'NONE', #4949, #439, #8895, .T. ) ;
#381 = CARTESIAN_POINT ( 'NONE',  ( -0.8500000000000000888, -0.8499999999999978684, 1.800000000000000044 ) ) ;
#382 = EDGE_LOOP ( 'NONE', ( #5466, #5554, #5077, #6453, #2018, #5370, #5464, #4476, #10414, #2468, #6430, #3922 ) ) ;
#383 = SURFACE_STYLE_FILL_AREA ( #13216 ) ;
#384 = ADVANCED_FACE ( 'NONE', ( #2480 ), #1517, .T. ) ;
#385 = DIRECTION ( 'NONE',  ( -0.000000000000000000, -0.000000000000000000, 1.000000000000000000 ) ) ;
#386 = COLOUR_RGB ( '',0.1098039215686274495, 0.1098039215686274495, 0.1098039215686274495 ) ;
#387 = LINE ( 'NONE', #4782, #4093 ) ;
#388 = FILL_AREA_STYLE ('',( #11758 ) ) ;
#389 = AXIS2_PLACEMENT_3D ( 'NONE', #5812, #6887, #2773 ) ;
#390 = VECTOR ( 'NONE', #4614, 1000.000000000000000 ) ;
#391 = SURFACE_SIDE_STYLE ('',( #545 ) ) ;
#392 = ORIENTED_EDGE ( 'NONE', *, *, #808, .F. ) ;
#393 = CYLINDRICAL_SURFACE ( 'NONE', #1803, 0.3999999999999984124 ) ;
#394 =( NAMED_UNIT ( * ) PLANE_ANGLE_UNIT ( ) SI_UNIT ( $, .RADIAN. ) );
#395 = DIRECTION ( 'NONE',  ( 0.2425356250363329691, 0.9701425001453318764, 0.000000000000000000 ) ) ;
#396 = CARTESIAN_POINT ( 'NONE',  ( -0.8499999999999996447, -0.8499999999999978684, -1.800000000000000044 ) ) ;
#397 = VERTEX_POINT ( 'NONE', #2974 ) ;
#398 = LINE ( 'NONE', #7640, #11196 ) ;
#399 = ORIENTED_EDGE ( 'NONE', *, *, #11134, .F. ) ;
#400 =( LENGTH_UNIT ( ) NAMED_UNIT ( * ) SI_UNIT ( .MILLI., .METRE. ) );
#401 = EDGE_CURVE ( 'NONE', #5004, #8712, #5994, .T. ) ;
#402 = PRESENTATION_STYLE_ASSIGNMENT (( #1327 ) ) ;
#403 = EDGE_LOOP ( 'NONE', ( #11185, #1432, #2521, #3058, #8811, #7357, #3971, #7398, #5033, #2133, #3044, #10247 ) ) ;
#404 = CIRCLE ( 'NONE', #10001, 0.002999999999999964501 ) ;
#405 = UNCERTAINTY_MEASURE_WITH_UNIT (LENGTH_MEASURE( 1.000000000000000082E-05 ), #3124, 'distance_accuracy_value', 'NONE');
#406 = VECTOR ( 'NONE', #10251, 1000.000000000000000 ) ;
#407 = DIRECTION ( 'NONE',  ( 0.000000000000000000, 1.000000000000000000, 0.000000000000000000 ) ) ;
#408 = DIRECTION ( 'NONE',  ( -1.000000000000000000, 0.000000000000000000, 1.734723475976807094E-15 ) ) ;
#409 =( LENGTH_UNIT ( ) NAMED_UNIT ( * ) SI_UNIT ( .MILLI., .METRE. ) );
#410 = PLANE ( 'NONE',  #5281 ) ;
#411 = DIRECTION ( 'NONE',  ( -0.000000000000000000, 1.000000000000000000, 3.497426362856467586E-17 ) ) ;
#412 = COLOUR_RGB ( '',0.1098039215686274495, 0.1098039215686274495, 0.1098039215686274495 ) ;
#413 = EDGE_CURVE ( 'NONE', #10894, #6451, #682, .T. ) ;
#414 = LINE ( 'NONE', #11653, #2688 ) ;
#415 =( NAMED_UNIT ( * ) SI_UNIT ( $, .STERADIAN. ) SOLID_ANGLE_UNIT ( ) );
#416 = SURFACE_SIDE_STYLE ('',( #7558 ) ) ;
#417 = PLANE ( 'NONE',  #3907 ) ;
#418 = VECTOR ( 'NONE', #4080, 1000.000000000000000 ) ;
#419 = VERTEX_POINT ( 'NONE', #915 ) ;
#420 = PRESENTATION_LAYER_ASSIGNMENT (  '', '', ( #12881 ) ) ;
#421 = ORIENTED_EDGE ( 'NONE', *, *, #1415, .T. ) ;
#422 = FILL_AREA_STYLE_COLOUR ( '', #2113 ) ;
#423 = DIRECTION ( 'NONE',  ( 9.048703177302543690E-15, 0.000000000000000000, 1.000000000000000000 ) ) ;
#424 = FACE_OUTER_BOUND ( 'NONE', #11464, .T. ) ;
#425 = CARTESIAN_POINT ( 'NONE',  ( -2.349999999999990763, -0.6000000000000094147, 0.8309401076758556881 ) ) ;
#426 = EDGE_CURVE ( 'NONE', #7579, #12105, #9672, .T. ) ;
#427 = UNCERTAINTY_MEASURE_WITH_UNIT (LENGTH_MEASURE( 1.000000000000000082E-05 ), #3314, 'distance_accuracy_value', 'NONE');
#428 = DIRECTION ( 'NONE',  ( -1.000000000000000000, 0.000000000000000000, 0.000000000000000000 ) ) ;
#429 = FILL_AREA_STYLE_COLOUR ( '', #6830 ) ;
#430 = MECHANICAL_DESIGN_GEOMETRIC_PRESENTATION_REPRESENTATION (  '', ( #10256 ), #12142 ) ;
#431 = AXIS2_PLACEMENT_3D ( 'NONE', #11864, #7773, #12884 ) ;
#432 = PLANE ( 'NONE',  #10166 ) ;
#433 = VECTOR ( 'NONE', #4358, 1000.000000000000000 ) ;
#434 = VECTOR ( 'NONE', #2423, 1000.000000000000000 ) ;
#435 = VECTOR ( 'NONE', #2983, 1000.000000000000000 ) ;
#436 = EDGE_CURVE ( 'NONE', #7270, #8926, #9338, .T. ) ;
#437 = LINE ( 'NONE', #2536, #7377 ) ;
#438 = LINE ( 'NONE', #1575, #6071 ) ;
#439 = VERTEX_POINT ( 'NONE', #5041 ) ;
#440 = CARTESIAN_POINT ( 'NONE',  ( -2.749999999999999556, -0.6000000000000094147, 0.8309401076758483606 ) ) ;
#441 = CARTESIAN_POINT ( 'NONE',  ( 2.550000000000000266, -0.1499999999999978018, -2.199999999999996625 ) ) ;
#442 = DIRECTION ( 'NONE',  ( -0.000000000000000000, 1.000000000000000000, 1.239088197126289831E-16 ) ) ;
#443 = PRESENTATION_LAYER_ASSIGNMENT (  '', '', ( #3292 ) ) ;
#444 = STYLED_ITEM ( 'NONE', ( #10696 ), #5703 ) ;
#445 = CIRCLE ( 'NONE', #11341, 0.1999999999999970690 ) ;
#446 = ADVANCED_FACE ( 'NONE', ( #5035 ), #9187, .T. ) ;
#447 = FILL_AREA_STYLE ('',( #1295 ) ) ;
#448 = SURFACE_STYLE_FILL_AREA ( #6330 ) ;
#449 = ORIENTED_EDGE ( 'NONE', *, *, #5874, .T. ) ;
#450 = EDGE_CURVE ( 'NONE', #6641, #5937, #2627, .T. ) ;
#451 = CARTESIAN_POINT ( 'NONE',  ( -0.4179206746780296244, -1.039999999999999147, 2.864768817329522932 ) ) ;
#452 = VECTOR ( 'NONE', #11665, 1000.000000000000000 ) ;
#453 = SURFACE_STYLE_FILL_AREA ( #5280 ) ;
#454 = FACE_OUTER_BOUND ( 'NONE', #8217, .T. ) ;
#455 = VECTOR ( 'NONE', #8456, 1000.000000000000000 ) ;
#456 = PRESENTATION_STYLE_ASSIGNMENT (( #12416 ) ) ;
#457 = ORIENTED_EDGE ( 'NONE', *, *, #12731, .T. ) ;
#458 = DIRECTION ( 'NONE',  ( 0.000000000000000000, -0.000000000000000000, -1.000000000000000000 ) ) ;
#459 = AXIS2_PLACEMENT_3D ( 'NONE', #949, #10177, #12156 ) ;
#460 = MECHANICAL_DESIGN_GEOMETRIC_PRESENTATION_REPRESENTATION (  '', ( #4869 ), #10357 ) ;
#461 = DIRECTION ( 'NONE',  ( -1.000000000000000000, -0.000000000000000000, -0.000000000000000000 ) ) ;
#462 = ORIENTED_EDGE ( 'NONE', *, *, #3445, .F. ) ;
#463 = ADVANCED_FACE ( 'NONE', ( #2949 ), #8238, .F. ) ;
#464 = DIRECTION ( 'NONE',  ( 1.000000000000000000, 0.000000000000000000, 0.000000000000000000 ) ) ;
#465 = SURFACE_STYLE_FILL_AREA ( #8544 ) ;
#466 =( GEOMETRIC_REPRESENTATION_CONTEXT ( 3 ) GLOBAL_UNCERTAINTY_ASSIGNED_CONTEXT ( ( #2647 ) ) GLOBAL_UNIT_ASSIGNED_CONTEXT ( ( #7323, #5175, #12335 ) ) REPRESENTATION_CONTEXT ( 'NONE', 'WORKASPACE' ) );
#467 = DIRECTION ( 'NONE',  ( -1.000000000000000000, 0.000000000000000000, -0.000000000000000000 ) ) ;
#468 =( NAMED_UNIT ( * ) PLANE_ANGLE_UNIT ( ) SI_UNIT ( $, .RADIAN. ) );
#469 = ORIENTED_EDGE ( 'NONE', *, *, #10054, .F. ) ;
#470 = PRESENTATION_STYLE_ASSIGNMENT (( #8428 ) ) ;
#471 = FILL_AREA_STYLE ('',( #3491 ) ) ;
#472 = LINE ( 'NONE', #6139, #9612 ) ;
#473 = VERTEX_POINT ( 'NONE', #13186 ) ;
#474 = CARTESIAN_POINT ( 'NONE',  ( -2.499999999999998668, 0.7999999999999992673, 3.500000000000006217 ) ) ;
#475 = CARTESIAN_POINT ( 'NONE',  ( 2.750000000000000888, -0.8499999999999976463, -3.099999999999995204 ) ) ;
#476 =( NAMED_UNIT ( * ) SI_UNIT ( $, .STERADIAN. ) SOLID_ANGLE_UNIT ( ) );
#477 = CARTESIAN_POINT ( 'NONE',  ( -2.552999999999999048, 2.050000000000049560, 0.2999999999999999334 ) ) ;
#478 = EDGE_CURVE ( 'NONE', #730, #10097, #7115, .T. ) ;
#479 = PLANE ( 'NONE',  #10175 ) ;
#480 = SURFACE_STYLE_USAGE ( .BOTH. , #6627 ) ;
#481 = ORIENTED_EDGE ( 'NONE', *, *, #5705, .F. ) ;
#482 =( LENGTH_UNIT ( ) NAMED_UNIT ( * ) SI_UNIT ( .MILLI., .METRE. ) );
#483 = ORIENTED_EDGE ( 'NONE', *, *, #4174, .F. ) ;
#484 =( GEOMETRIC_REPRESENTATION_CONTEXT ( 3 ) GLOBAL_UNCERTAINTY_ASSIGNED_CONTEXT ( ( #329 ) ) GLOBAL_UNIT_ASSIGNED_CONTEXT ( ( #1622, #3447, #415 ) ) REPRESENTATION_CONTEXT ( 'NONE', 'WORKASPACE' ) );
#485 = DIRECTION ( 'NONE',  ( 1.204669080539449344E-16, 0.000000000000000000, -1.000000000000000000 ) ) ;
#486 = CIRCLE ( 'NONE', #921, 0.2030000000000000693 ) ;
#487 = CARTESIAN_POINT ( 'NONE',  ( -1.249999999999999112, 1.050000000000000044, -2.250000000000000444 ) ) ;
#488 = CARTESIAN_POINT ( 'NONE',  ( -1.749999999999999334, 1.050000000000000044, -2.750000000000000000 ) ) ;
#489 = ORIENTED_EDGE ( 'NONE', *, *, #9384, .T. ) ;
#490 = CARTESIAN_POINT ( 'NONE',  ( 0.3148065801894597837, -1.049999999999999156, 2.864768817329525152 ) ) ;
#491 = SURFACE_STYLE_FILL_AREA ( #4420 ) ;
#492 = CARTESIAN_POINT ( 'NONE',  ( -2.550000000000000266, -0.8499999999999978684, 1.650000000000002576 ) ) ;
#493 = EDGE_CURVE ( 'NONE', #5668, #1116, #4541, .T. ) ;
#494 = LINE ( 'NONE', #2131, #11738 ) ;
#495 = VECTOR ( 'NONE', #2337, 1000.000000000000000 ) ;
#496 = ORIENTED_EDGE ( 'NONE', *, *, #4017, .T. ) ;
#497 = FILL_AREA_STYLE_COLOUR ( '', #5852 ) ;
#498 = FILL_AREA_STYLE ('',( #7848 ) ) ;
#499 = PLANE ( 'NONE',  #8481 ) ;
#500 = SURFACE_STYLE_FILL_AREA ( #12831 ) ;
#501 = CARTESIAN_POINT ( 'NONE',  ( -0.5000000000000000000, -0.3500000000000003664, -3.824999999999998845 ) ) ;
#502 = AXIS2_PLACEMENT_3D ( 'NONE', #11168, #12095, #3835 ) ;
#503 = EDGE_LOOP ( 'NONE', ( #7858, #1771, #3374, #7545 ) ) ;
#504 = ORIENTED_EDGE ( 'NONE', *, *, #7213, .T. ) ;
#505 = VECTOR ( 'NONE', #4997, 1000.000000000000000 ) ;
#506 = ORIENTED_EDGE ( 'NONE', *, *, #4362, .T. ) ;
#507 = MECHANICAL_DESIGN_GEOMETRIC_PRESENTATION_REPRESENTATION (  '', ( #10653 ), #11364 ) ;
#508 = MECHANICAL_DESIGN_GEOMETRIC_PRESENTATION_REPRESENTATION (  '', ( #11773 ), #1221 ) ;
#509 = UNCERTAINTY_MEASURE_WITH_UNIT (LENGTH_MEASURE( 1.000000000000000082E-05 ), #2215, 'distance_accuracy_value', 'NONE');
#510 = FILL_AREA_STYLE_COLOUR ( '', #5126 ) ;
#511 =( NAMED_UNIT ( * ) PLANE_ANGLE_UNIT ( ) SI_UNIT ( $, .RADIAN. ) );
#512 = CARTESIAN_POINT ( 'NONE',  ( -2.552999999999999048, 2.050000000000049560, -0.2999999999999999334 ) ) ;
#513 = ORIENTED_EDGE ( 'NONE', *, *, #4017, .F. ) ;
#514 = ORIENTED_EDGE ( 'NONE', *, *, #9046, .F. ) ;
#515 = DIRECTION ( 'NONE',  ( 0.000000000000000000, 0.000000000000000000, 1.000000000000000000 ) ) ;
#516 =( NAMED_UNIT ( * ) PLANE_ANGLE_UNIT ( ) SI_UNIT ( $, .RADIAN. ) );
#517 = ADVANCED_FACE ( 'NONE', ( #11142 ), #10401, .T. ) ;
#518 = PRESENTATION_STYLE_ASSIGNMENT (( #5618 ) ) ;
#519 = PRESENTATION_LAYER_ASSIGNMENT (  '', '', ( #11783 ) ) ;
#520 = CARTESIAN_POINT ( 'NONE',  ( -2.750000000000014655, -0.8499999999999978684, 3.100000000000001421 ) ) ;
#521 =( GEOMETRIC_REPRESENTATION_CONTEXT ( 3 ) GLOBAL_UNCERTAINTY_ASSIGNED_CONTEXT ( ( #8598 ) ) GLOBAL_UNIT_ASSIGNED_CONTEXT ( ( #9071, #11239, #3996 ) ) REPRESENTATION_CONTEXT ( 'NONE', 'WORKASPACE' ) );
#522 = LINE ( 'NONE', #3053, #2947 ) ;
#523 = DIRECTION ( 'NONE',  ( 0.000000000000000000, 0.000000000000000000, 1.000000000000000000 ) ) ;
#524 = VERTEX_POINT ( 'NONE', #4171 ) ;
#525 = ORIENTED_EDGE ( 'NONE', *, *, #3628, .F. ) ;
#526 = EDGE_CURVE ( 'NONE', #3867, #9800, #3424, .T. ) ;
#527 = CARTESIAN_POINT ( 'NONE',  ( 2.750000000000000000, -0.1499999999999978018, -2.199999999999996625 ) ) ;
#528 =( GEOMETRIC_REPRESENTATION_CONTEXT ( 3 ) GLOBAL_UNCERTAINTY_ASSIGNED_CONTEXT ( ( #9791 ) ) GLOBAL_UNIT_ASSIGNED_CONTEXT ( ( #10622, #10896, #12893 ) ) REPRESENTATION_CONTEXT ( 'NONE', 'WORKASPACE' ) );
#529 = STYLED_ITEM ( 'NONE', ( #7541 ), #4990 ) ;
#530 = PLANE ( 'NONE',  #10452 ) ;
#531 = EDGE_CURVE ( 'NONE', #616, #12761, #9984, .T. ) ;
#532 = ADVANCED_FACE ( 'NONE', ( #9181 ), #161, .F. ) ;
#533 = DIRECTION ( 'NONE',  ( 1.000000000000000000, 0.000000000000000000, 0.000000000000000000 ) ) ;
#534 = ORIENTED_EDGE ( 'NONE', *, *, #787, .T. ) ;
#535 = SURFACE_STYLE_USAGE ( .BOTH. , #11806 ) ;
#536 = VERTEX_POINT ( 'NONE', #1184 ) ;
#537 = FILL_AREA_STYLE_COLOUR ( '', #5013 ) ;
#538 = CARTESIAN_POINT ( 'NONE',  ( -2.549999999999998934, 1.025000000000000133, -2.799999999999999822 ) ) ;
#539 =( LENGTH_UNIT ( ) NAMED_UNIT ( * ) SI_UNIT ( .MILLI., .METRE. ) );
#540 = SURFACE_STYLE_USAGE ( .BOTH. , #5741 ) ;
#541 = VECTOR ( 'NONE', #5548, 1000.000000000000000 ) ;
#542 = LINE ( 'NONE', #12889, #373 ) ;
#543 = ORIENTED_EDGE ( 'NONE', *, *, #8053, .T. ) ;
#544 = SURFACE_STYLE_USAGE ( .BOTH. , #10788 ) ;
#545 = SURFACE_STYLE_FILL_AREA ( #5090 ) ;
#546 = MECHANICAL_DESIGN_GEOMETRIC_PRESENTATION_REPRESENTATION (  '', ( #6323 ), #2464 ) ;
#547 = DIRECTION ( 'NONE',  ( 0.000000000000000000, 0.000000000000000000, -1.000000000000000000 ) ) ;
#548 = VERTEX_POINT ( 'NONE', #201 ) ;
#549 = COLOUR_RGB ( '',1.000000000000000000, 1.000000000000000000, 1.000000000000000000 ) ;
#550 = CARTESIAN_POINT ( 'NONE',  ( 2.549999999999990941, 1.027999999999999581, 0.2999999999999999334 ) ) ;
#551 = DIRECTION ( 'NONE',  ( 0.000000000000000000, -1.000000000000000000, 0.000000000000000000 ) ) ;
#552 = SURFACE_STYLE_FILL_AREA ( #5580 ) ;
#553 = ORIENTED_EDGE ( 'NONE', *, *, #10025, .T. ) ;
#554 = VECTOR ( 'NONE', #8930, 1000.000000000000000 ) ;
#555 = ORIENTED_EDGE ( 'NONE', *, *, #6382, .T. ) ;
#556 = ORIENTED_EDGE ( 'NONE', *, *, #7161, .F. ) ;
#557 = PLANE ( 'NONE',  #10466 ) ;
#558 = CARTESIAN_POINT ( 'NONE',  ( 1.250000000000032196, 0.8499999999999997558, -0.2499999999999957812 ) ) ;
#559 = FILL_AREA_STYLE_COLOUR ( '', #4501 ) ;
#560 = FILL_AREA_STYLE ('',( #1668 ) ) ;
#561 = LINE ( 'NONE', #3706, #3627 ) ;
#562 =( GEOMETRIC_REPRESENTATION_CONTEXT ( 3 ) GLOBAL_UNCERTAINTY_ASSIGNED_CONTEXT ( ( #7280 ) ) GLOBAL_UNIT_ASSIGNED_CONTEXT ( ( #1416, #1371, #4392 ) ) REPRESENTATION_CONTEXT ( 'NONE', 'WORKASPACE' ) );
#563 = CARTESIAN_POINT ( 'NONE',  ( 0.5000000000000000000, -0.3500000000000003664, -3.824999999999998845 ) ) ;
#564 = CARTESIAN_POINT ( 'NONE',  ( -2.550000000000000266, -1.049999999999999378, 1.650000000000002576 ) ) ;
#565 = LINE ( 'NONE', #7383, #3946 ) ;
#566 = EDGE_CURVE ( 'NONE', #11517, #11332, #10462, .T. ) ;
#567 = VERTEX_POINT ( 'NONE', #6206 ) ;
#568 =( NAMED_UNIT ( * ) PLANE_ANGLE_UNIT ( ) SI_UNIT ( $, .RADIAN. ) );
#569 = SURFACE_STYLE_FILL_AREA ( #5435 ) ;
#570 = DIRECTION ( 'NONE',  ( 0.000000000000000000, 0.000000000000000000, -1.000000000000000000 ) ) ;
#571 = ORIENTED_EDGE ( 'NONE', *, *, #11916, .T. ) ;
#572 = LINE ( 'NONE', #5715, #8939 ) ;
#573 = CARTESIAN_POINT ( 'NONE',  ( -0.4179206746780296244, -1.039999999999999147, 2.864768817329522932 ) ) ;
#574 =( GEOMETRIC_REPRESENTATION_CONTEXT ( 3 ) GLOBAL_UNCERTAINTY_ASSIGNED_CONTEXT ( ( #12280 ) ) GLOBAL_UNIT_ASSIGNED_CONTEXT ( ( #13027, #7860, #9887 ) ) REPRESENTATION_CONTEXT ( 'NONE', 'WORKASPACE' ) );
#575 = SURFACE_SIDE_STYLE ('',( #4140 ) ) ;
#576 = PRESENTATION_STYLE_ASSIGNMENT (( #5901 ) ) ;
#577 = ADVANCED_FACE ( 'NONE', ( #5820 ), #2365, .F. ) ;
#578 = VECTOR ( 'NONE', #1788, 1000.000000000000000 ) ;
#579 = EDGE_LOOP ( 'NONE', ( #5575, #7864, #6144, #8639, #10328, #2926 ) ) ;
#580 = ORIENTED_EDGE ( 'NONE', *, *, #6909, .F. ) ;
#581 = VECTOR ( 'NONE', #12346, 1000.000000000000000 ) ;
#582 =( NAMED_UNIT ( * ) PLANE_ANGLE_UNIT ( ) SI_UNIT ( $, .RADIAN. ) );
#583 = UNCERTAINTY_MEASURE_WITH_UNIT (LENGTH_MEASURE( 1.000000000000000082E-05 ), #5880, 'distance_accuracy_value', 'NONE');
#584 = COLOUR_RGB ( '',1.000000000000000000, 1.000000000000000000, 1.000000000000000000 ) ;
#585 = CARTESIAN_POINT ( 'NONE',  ( -2.649999999999985256, -0.6000000000000094147, 0.3113248654051880004 ) ) ;
#586 = UNCERTAINTY_MEASURE_WITH_UNIT (LENGTH_MEASURE( 1.000000000000000082E-05 ), #2493, 'distance_accuracy_value', 'NONE');
#587 = AXIS2_PLACEMENT_3D ( 'NONE', #451, #351, #10506 ) ;
#588 =( NAMED_UNIT ( * ) PLANE_ANGLE_UNIT ( ) SI_UNIT ( $, .RADIAN. ) );
#589 = LINE ( 'NONE', #1089, #10539 ) ;
#590 = CIRCLE ( 'NONE', #12062, 0.2030000000000000693 ) ;
#591 = FILL_AREA_STYLE_COLOUR ( '', #2710 ) ;
#592 = VERTEX_POINT ( 'NONE', #2313 ) ;
#593 = VECTOR ( 'NONE', #4881, 1000.000000000000000 ) ;
#594 = LINE ( 'NONE', #1480, #3336 ) ;
#595 = ADVANCED_FACE ( 'NONE', ( #11454 ), #8082, .F. ) ;
#596 = CARTESIAN_POINT ( 'NONE',  ( -2.549999999999998934, 1.027999999999999581, -0.2999999999999999334 ) ) ;
#597 = EDGE_CURVE ( 'NONE', #951, #12065, #6309, .T. ) ;
#598 = UNCERTAINTY_MEASURE_WITH_UNIT (LENGTH_MEASURE( 1.000000000000000082E-05 ), #7788, 'distance_accuracy_value', 'NONE');
#599 = CARTESIAN_POINT ( 'NONE',  ( -2.350000000000000089, 0.05000000000000273670, 3.574999999999997957 ) ) ;
#600 = LINE ( 'NONE', #5030, #11221 ) ;
#601 = CARTESIAN_POINT ( 'NONE',  ( -2.749999999999999556, -0.1499999999999995226, 2.199999999999995737 ) ) ;
#602 = CARTESIAN_POINT ( 'NONE',  ( 0.3650520561889786242, -1.049999999999999156, 2.947366081294554352 ) ) ;
#603 = AXIS2_PLACEMENT_3D ( 'NONE', #13036, #9763, #12900 ) ;
#604 = FACE_OUTER_BOUND ( 'NONE', #7180, .T. ) ;
#605 = ORIENTED_EDGE ( 'NONE', *, *, #1654, .F. ) ;
#606 = FACE_OUTER_BOUND ( 'NONE', #8042, .T. ) ;
#607 = LINE ( 'NONE', #5799, #11229 ) ;
#608 = LINE ( 'NONE', #2248, #11231 ) ;
#610 = EDGE_CURVE ( 'NONE', #1709, #12683, #1990, .T. ) ;
#609 = LINE ( 'NONE', #10500, #11235 ) ;
#611 = VECTOR ( 'NONE', #2427, 1000.000000000000000 ) ;
#612 = ORIENTED_EDGE ( 'NONE', *, *, #12320, .F. ) ;
#613 = SURFACE_STYLE_USAGE ( .BOTH. , #4424 ) ;
#614 = PRESENTATION_LAYER_ASSIGNMENT (  '', '', ( #7790 ) ) ;
#615 =( GEOMETRIC_REPRESENTATION_CONTEXT ( 3 ) GLOBAL_UNCERTAINTY_ASSIGNED_CONTEXT ( ( #6368 ) ) GLOBAL_UNIT_ASSIGNED_CONTEXT ( ( #8480, #6496, #9489 ) ) REPRESENTATION_CONTEXT ( 'NONE', 'WORKASPACE' ) );
#616 = VERTEX_POINT ( 'NONE', #3430 ) ;
#617 =( NAMED_UNIT ( * ) PLANE_ANGLE_UNIT ( ) SI_UNIT ( $, .RADIAN. ) );
#618 = EDGE_CURVE ( 'NONE', #11286, #2547, #11303, .T. ) ;
#619 = LINE ( 'NONE', #8312, #972 ) ;
#620 = FILL_AREA_STYLE_COLOUR ( '', #7071 ) ;
#621 = VECTOR ( 'NONE', #385, 1000.000000000000000 ) ;
#622 = LINE ( 'NONE', #8711, #8192 ) ;
#623 = COLOUR_RGB ( '',1.000000000000000000, 1.000000000000000000, 1.000000000000000000 ) ;
#624 = LINE ( 'NONE', #2375, #7721 ) ;
#625 = DIRECTION ( 'NONE',  ( 0.000000000000000000, -0.000000000000000000, -1.000000000000000000 ) ) ;
#626 = VERTEX_POINT ( 'NONE', #4494 ) ;
#627 = FILL_AREA_STYLE ('',( #10680 ) ) ;
#628 = STYLED_ITEM ( 'NONE', ( #11421 ), #12111 ) ;
#629 = LINE ( 'NONE', #10188, #6277 ) ;
#630 = EDGE_CURVE ( 'NONE', #10510, #397, #5327, .T. ) ;
#631 = DIRECTION ( 'NONE',  ( 1.000000000000000000, 0.000000000000000000, 7.885106708985465615E-17 ) ) ;
#632 = SURFACE_SIDE_STYLE ('',( #12047 ) ) ;
#633 = EDGE_LOOP ( 'NONE', ( #7799, #11324, #8565, #12713 ) ) ;
#634 = DIRECTION ( 'NONE',  ( -0.000000000000000000, -0.000000000000000000, 1.000000000000000000 ) ) ;
#635 = COLOUR_RGB ( '',1.000000000000000000, 1.000000000000000000, 1.000000000000000000 ) ;
#636 = ORIENTED_EDGE ( 'NONE', *, *, #5623, .T. ) ;
#637 = LINE ( 'NONE', #1627, #6580 ) ;
#638 = EDGE_LOOP ( 'NONE', ( #1313, #7784, #2077, #8675 ) ) ;
#639 =( NAMED_UNIT ( * ) PLANE_ANGLE_UNIT ( ) SI_UNIT ( $, .RADIAN. ) );
#640 = STYLED_ITEM ( 'NONE', ( #8310 ), #7291 ) ;
#641 = CARTESIAN_POINT ( 'NONE',  ( -1.500000000000000000, 0.05000000000000274364, 8.774999999999996803 ) ) ;
#642 = VECTOR ( 'NONE', #10098, 1000.000000000000000 ) ;
#643 = FACE_OUTER_BOUND ( 'NONE', #2035, .T. ) ;
#644 =( GEOMETRIC_REPRESENTATION_CONTEXT ( 3 ) GLOBAL_UNCERTAINTY_ASSIGNED_CONTEXT ( ( #6581 ) ) GLOBAL_UNIT_ASSIGNED_CONTEXT ( ( #10483, #6501, #9622 ) ) REPRESENTATION_CONTEXT ( 'NONE', 'WORKASPACE' ) );
#645 = DIRECTION ( 'NONE',  ( -1.000000000000000000, -0.000000000000000000, -0.000000000000000000 ) ) ;
#646 = DIRECTION ( 'NONE',  ( -0.000000000000000000, 4.336808689942021187E-16, -1.000000000000000000 ) ) ;
#647 = ORIENTED_EDGE ( 'NONE', *, *, #12896, .F. ) ;
#648 = CARTESIAN_POINT ( 'NONE',  ( 2.750000000000000000, -0.6000000000000094147, -0.8309401076758524685 ) ) ;
#649 = COLOUR_RGB ( '',0.1098039215686274495, 0.1098039215686274495, 0.1098039215686274495 ) ;
#650 = CIRCLE ( 'NONE', #64, 0.4000000000000005218 ) ;
#651 = CARTESIAN_POINT ( 'NONE',  ( -1.249999999999999112, 0.8500000000000001998, -2.750000000000000000 ) ) ;
#652 = EDGE_LOOP ( 'NONE', ( #13191, #8696, #4091, #9237, #10565, #4314, #12321, #9790, #1838, #4545, #8871, #9757 ) ) ;
#653 = PLANE ( 'NONE',  #9058 ) ;
#654 = ADVANCED_FACE ( 'NONE', ( #8713 ), #5517, .F. ) ;
#655 = EDGE_CURVE ( 'NONE', #7053, #7388, #3143, .T. ) ;
#656 = PLANE ( 'NONE',  #10779 ) ;
#657 = PLANE ( 'NONE',  #10949 ) ;
#658 = VECTOR ( 'NONE', #5976, 1000.000000000000000 ) ;
#659 = ORIENTED_EDGE ( 'NONE', *, *, #6145, .T. ) ;
#660 = CARTESIAN_POINT ( 'NONE',  ( -0.3000000000000001554, 0.8499999999999993117, 3.850000000000006750 ) ) ;
#661 = PRESENTATION_LAYER_ASSIGNMENT (  '', '', ( #2739 ) ) ;
#662 = VECTOR ( 'NONE', #133, 1000.000000000000000 ) ;
#663 = EDGE_LOOP ( 'NONE', ( #7032, #850, #8426, #6125 ) ) ;
#664 = FILL_AREA_STYLE ('',( #712 ) ) ;
#665 = UNCERTAINTY_MEASURE_WITH_UNIT (LENGTH_MEASURE( 1.000000000000000082E-05 ), #11656, 'distance_accuracy_value', 'NONE');
#666 = EDGE_LOOP ( 'NONE', ( #10829, #10301, #6212, #5378 ) ) ;
#667 = DIRECTION ( 'NONE',  ( 0.000000000000000000, -0.000000000000000000, 1.000000000000000000 ) ) ;
#668 = ADVANCED_FACE ( 'NONE', ( #6371 ), #6538, .F. ) ;
#669 = DIRECTION ( 'NONE',  ( 1.000000000000000000, 0.000000000000000000, -1.734723475976807094E-15 ) ) ;
#670 =( NAMED_UNIT ( * ) SI_UNIT ( $, .STERADIAN. ) SOLID_ANGLE_UNIT ( ) );
#671 = STYLED_ITEM ( 'NONE', ( #4123 ), #3368 ) ;
#672 = DIRECTION ( 'NONE',  ( -0.000000000000000000, 0.000000000000000000, 1.000000000000000000 ) ) ;
#673 = CARTESIAN_POINT ( 'NONE',  ( 0.2098559705573156131, -1.039999999999999147, 3.124166730570993700 ) ) ;
#674 = DIRECTION ( 'NONE',  ( -1.000000000000000000, 0.000000000000000000, 0.000000000000000000 ) ) ;
#675 = EDGE_CURVE ( 'NONE', #12103, #8012, #11817, .T. ) ;
#676 = ORIENTED_EDGE ( 'NONE', *, *, #5005, .T. ) ;
#677 = PLANE ( 'NONE',  #2693 ) ;
#678 = VECTOR ( 'NONE', #3900, 1000.000000000000000 ) ;
#679 = CARTESIAN_POINT ( 'NONE',  ( 2.750000000000000000, -0.04999999999999826111, -2.624999999999998668 ) ) ;
#680 = CARTESIAN_POINT ( 'NONE',  ( -0.4963996375201484290, -1.039999999999999147, 2.755490688068241933 ) ) ;
#681 = ORIENTED_EDGE ( 'NONE', *, *, #9176, .T. ) ;
#682 = LINE ( 'NONE', #10144, #3264 ) ;
#683 = UNCERTAINTY_MEASURE_WITH_UNIT (LENGTH_MEASURE( 1.000000000000000082E-05 ), #2966, 'distance_accuracy_value', 'NONE');
#684 =( LENGTH_UNIT ( ) NAMED_UNIT ( * ) SI_UNIT ( .MILLI., .METRE. ) );
#685 = PRESENTATION_LAYER_ASSIGNMENT (  '', '', ( #13298 ) ) ;
#686 = EDGE_CURVE ( 'NONE', #10843, #4511, #8772, .T. ) ;
#687 = DIRECTION ( 'NONE',  ( -0.000000000000000000, -1.000000000000000000, -0.000000000000000000 ) ) ;
#688 = EDGE_CURVE ( 'NONE', #548, #1820, #3945, .T. ) ;
#689 = CARTESIAN_POINT ( 'NONE',  ( -2.349999999999990763, -0.1499999999999995226, 0.8309401076758556881 ) ) ;
#690 = MECHANICAL_DESIGN_GEOMETRIC_PRESENTATION_REPRESENTATION (  '', ( #12224 ), #3874 ) ;
#691 = LINE ( 'NONE', #1028, #11152 ) ;
#692 = STYLED_ITEM ( 'NONE', ( #6851 ), #3814 ) ;
#693 = ORIENTED_EDGE ( 'NONE', *, *, #1466, .T. ) ;
#694 = ORIENTED_EDGE ( 'NONE', *, *, #4770, .T. ) ;
#695 = DIRECTION ( 'NONE',  ( 0.000000000000000000, 1.000000000000000000, -0.000000000000000000 ) ) ;
#696 =( NAMED_UNIT ( * ) PLANE_ANGLE_UNIT ( ) SI_UNIT ( $, .RADIAN. ) );
#697 =( LENGTH_UNIT ( ) NAMED_UNIT ( * ) SI_UNIT ( .MILLI., .METRE. ) );
#698 = CARTESIAN_POINT ( 'NONE',  ( -2.750000000000014655, -0.8499999999999976463, -3.099999999999995648 ) ) ;
#699 = AXIS2_PLACEMENT_3D ( 'NONE', #4593, #9602, #8599 ) ;
#700 = FILL_AREA_STYLE ('',( #559 ) ) ;
#701 = MECHANICAL_DESIGN_GEOMETRIC_PRESENTATION_REPRESENTATION (  '', ( #16 ), #6219 ) ;
#702 = CARTESIAN_POINT ( 'NONE',  ( 1.500000000000000000, 0.05000000000000273670, 3.774999999999995914 ) ) ;
#703 = VECTOR ( 'NONE', #12987, 1000.000000000000000 ) ;
#704 = ORIENTED_EDGE ( 'NONE', *, *, #5888, .T. ) ;
#705 = VECTOR ( 'NONE', #9210, 1000.000000000000000 ) ;
#706 = EDGE_CURVE ( 'NONE', #3782, #1669, #10518, .T. ) ;
#707 = VECTOR ( 'NONE', #4679, 1000.000000000000000 ) ;
#708 = ORIENTED_EDGE ( 'NONE', *, *, #11592, .T. ) ;
#709 = PLANE ( 'NONE',  #1459 ) ;
#710 = MECHANICAL_DESIGN_GEOMETRIC_PRESENTATION_REPRESENTATION (  '', ( #26 ), #528 ) ;
#711 = PRESENTATION_LAYER_ASSIGNMENT (  '', '', ( #10780 ) ) ;
#712 = FILL_AREA_STYLE_COLOUR ( '', #3503 ) ;
#713 = EDGE_CURVE ( 'NONE', #9673, #8207, #12926, .T. ) ;
#714 = LINE ( 'NONE', #10623, #10344 ) ;
#715 = DIRECTION ( 'NONE',  ( 1.000000000000000000, 0.000000000000000000, -0.000000000000000000 ) ) ;
#716 =( NAMED_UNIT ( * ) PLANE_ANGLE_UNIT ( ) SI_UNIT ( $, .RADIAN. ) );
#717 = FACE_OUTER_BOUND ( 'NONE', #2247, .T. ) ;
#718 = ORIENTED_EDGE ( 'NONE', *, *, #7620, .F. ) ;
#719 = DIRECTION ( 'NONE',  ( -0.000000000000000000, -0.000000000000000000, -1.000000000000000000 ) ) ;
#720 = SURFACE_STYLE_FILL_AREA ( #3675 ) ;
#721 = CARTESIAN_POINT ( 'NONE',  ( 2.752999999999985015, 2.050000000000049116, 2.200000000000000178 ) ) ;
#722 =( NAMED_UNIT ( * ) SI_UNIT ( $, .STERADIAN. ) SOLID_ANGLE_UNIT ( ) );
#723 = ORIENTED_EDGE ( 'NONE', *, *, #4218, .F. ) ;
#724 = LINE ( 'NONE', #12487, #11340 ) ;
#725 = ADVANCED_FACE ( 'NONE', ( #8296 ), #6515, .T. ) ;
#726 = CARTESIAN_POINT ( 'NONE',  ( 2.100000000000000089, -0.6999999999999979572, 1.400000000000004574 ) ) ;
#727 = FILL_AREA_STYLE_COLOUR ( '', #1918 ) ;
#728 = CARTESIAN_POINT ( 'NONE',  ( -0.6925805273749674473, -1.049999999999999156, 3.124166730570991035 ) ) ;
#729 = AXIS2_PLACEMENT_3D ( 'NONE', #4606, #10618, #4465 ) ;
#730 = VERTEX_POINT ( 'NONE', #2633 ) ;
#731 = COLOUR_RGB ( '',1.000000000000000000, 1.000000000000000000, 1.000000000000000000 ) ;
#732 = CARTESIAN_POINT ( 'NONE',  ( 1.500000000000000000, -0.8499999999999978684, -3.500000000000000000 ) ) ;
#733 =( GEOMETRIC_REPRESENTATION_CONTEXT ( 3 ) GLOBAL_UNCERTAINTY_ASSIGNED_CONTEXT ( ( #2727 ) ) GLOBAL_UNIT_ASSIGNED_CONTEXT ( ( #9309, #7504, #8535 ) ) REPRESENTATION_CONTEXT ( 'NONE', 'WORKASPACE' ) );
#734 = LINE ( 'NONE', #11661, #390 ) ;
#735 = ORIENTED_EDGE ( 'NONE', *, *, #1494, .T. ) ;
#736 = LINE ( 'NONE', #6522, #5091 ) ;
#737 = DIRECTION ( 'NONE',  ( -0.9986425118949268098, 0.000000000000000000, -0.05208774746704859099 ) ) ;
#738 = EDGE_CURVE ( 'NONE', #5056, #10689, #387, .T. ) ;
#739 = ADVANCED_FACE ( 'NONE', ( #8609 ), #1705, .F. ) ;
#740 =( LENGTH_UNIT ( ) NAMED_UNIT ( * ) SI_UNIT ( .MILLI., .METRE. ) );
#741 = ORIENTED_EDGE ( 'NONE', *, *, #10241, .F. ) ;
#742 = SURFACE_STYLE_FILL_AREA ( #11870 ) ;
#743 = ORIENTED_EDGE ( 'NONE', *, *, #7426, .F. ) ;
#744 =( LENGTH_UNIT ( ) NAMED_UNIT ( * ) SI_UNIT ( .MILLI., .METRE. ) );
#745 = FILL_AREA_STYLE ('',( #7026 ) ) ;
#746 =( LENGTH_UNIT ( ) NAMED_UNIT ( * ) SI_UNIT ( .MILLI., .METRE. ) );
#747 = SURFACE_SIDE_STYLE ('',( #1315 ) ) ;
#748 = MECHANICAL_DESIGN_GEOMETRIC_PRESENTATION_REPRESENTATION (  '', ( #5635 ), #12697 ) ;
#749 = ORIENTED_EDGE ( 'NONE', *, *, #5951, .F. ) ;
#750 = DIRECTION ( 'NONE',  ( 0.000000000000000000, -1.000000000000000000, 0.000000000000000000 ) ) ;
#751 = FILL_AREA_STYLE_COLOUR ( '', #2008 ) ;
#752 = STYLED_ITEM ( 'NONE', ( #10913 ), #2814 ) ;
#753 = LINE ( 'NONE', #234, #7350 ) ;
#754 = SURFACE_STYLE_USAGE ( .BOTH. , #3630 ) ;
#755 = CARTESIAN_POINT ( 'NONE',  ( -2.499999999999998668, 1.024999999999999467, 2.799999999999999822 ) ) ;
#756 = EDGE_CURVE ( 'NONE', #2001, #1136, #2992, .T. ) ;
#757 = VECTOR ( 'NONE', #8923, 1000.000000000000000 ) ;
#758 = CARTESIAN_POINT ( 'NONE',  ( -1.500000000000000000, 0.05000000000000274364, -3.774999999999995914 ) ) ;
#759 = EDGE_LOOP ( 'NONE', ( #6165, #2286, #8120, #4033 ) ) ;
#760 = COLOUR_RGB ( '',1.000000000000000000, 1.000000000000000000, 1.000000000000000000 ) ;
#761 = SURFACE_SIDE_STYLE ('',( #5136 ) ) ;
#762 = UNCERTAINTY_MEASURE_WITH_UNIT (LENGTH_MEASURE( 1.000000000000000082E-05 ), #10891, 'distance_accuracy_value', 'NONE');
#763 = FILL_AREA_STYLE_COLOUR ( '', #1237 ) ;
#764 = DIRECTION ( 'NONE',  ( 1.000000000000000000, -0.000000000000000000, -0.000000000000000000 ) ) ;
#765 = UNCERTAINTY_MEASURE_WITH_UNIT (LENGTH_MEASURE( 1.000000000000000082E-05 ), #5299, 'distance_accuracy_value', 'NONE');
#766 =( LENGTH_UNIT ( ) NAMED_UNIT ( * ) SI_UNIT ( .MILLI., .METRE. ) );
#767 = CARTESIAN_POINT ( 'NONE',  ( -1.500000000000000444, -0.8499999999999976463, -3.099999999999995648 ) ) ;
#768 = STYLED_ITEM ( 'NONE', ( #9679 ), #9466 ) ;
#769 = CARTESIAN_POINT ( 'NONE',  ( 0.7676435197039063185, -1.039999999999999147, 3.124166730570996364 ) ) ;
#770 =( LENGTH_UNIT ( ) NAMED_UNIT ( * ) SI_UNIT ( .MILLI., .METRE. ) );
#771 = DIRECTION ( 'NONE',  ( -1.000000000000000000, -0.000000000000000000, -0.000000000000000000 ) ) ;
#772 = VECTOR ( 'NONE', #2585, 1000.000000000000000 ) ;
#773 = STYLED_ITEM ( 'NONE', ( #9243 ), #10356 ) ;
#774 = MECHANICAL_DESIGN_GEOMETRIC_PRESENTATION_REPRESENTATION (  '', ( #7491 ), #8177 ) ;
#775 = PRESENTATION_STYLE_ASSIGNMENT (( #9568 ) ) ;
#776 = LINE ( 'NONE', #7800, #3020 ) ;
#777 = EDGE_LOOP ( 'NONE', ( #718, #6582, #5372, #6008, #924, #8393 ) ) ;
#778 = DIRECTION ( 'NONE',  ( -0.000000000000000000, -0.000000000000000000, -1.000000000000000000 ) ) ;
#779 = SURFACE_SIDE_STYLE ('',( #6675 ) ) ;
#780 = PRESENTATION_STYLE_ASSIGNMENT (( #6907 ) ) ;
#781 =( NAMED_UNIT ( * ) SI_UNIT ( $, .STERADIAN. ) SOLID_ANGLE_UNIT ( ) );
#782 = COLOUR_RGB ( '',0.1098039215686274495, 0.1098039215686274495, 0.1098039215686274495 ) ;
#783 = ORIENTED_EDGE ( 'NONE', *, *, #6807, .F. ) ;
#784 = PRESENTATION_LAYER_ASSIGNMENT (  '', '', ( #85 ) ) ;
#785 = LINE ( 'NONE', #9470, #958 ) ;
#786 = SURFACE_STYLE_FILL_AREA ( #9567 ) ;
#787 = EDGE_CURVE ( 'NONE', #10843, #7996, #8453, .T. ) ;
#788 = VECTOR ( 'NONE', #9755, 1000.000000000000000 ) ;
#789 = CARTESIAN_POINT ( 'NONE',  ( 2.500000000000000444, 0.7999999999999992673, 3.500000000000006661 ) ) ;
#790 = COLOUR_RGB ( '',0.1098039215686274495, 0.1098039215686274495, 0.1098039215686274495 ) ;
#791 = VERTEX_POINT ( 'NONE', #8781 ) ;
#792 = DIRECTION ( 'NONE',  ( -0.2425356250363329969, -0.9701425001453319874, 0.000000000000000000 ) ) ;
#793 = FILL_AREA_STYLE_COLOUR ( '', #9731 ) ;
#794 = AXIS2_PLACEMENT_3D ( 'NONE', #11964, #10760, #11830 ) ;
#795 = AXIS2_PLACEMENT_3D ( 'NONE', #8167, #4154, #8350 ) ;
#796 = CARTESIAN_POINT ( 'NONE',  ( 0.3650520561889786242, -1.049999999999999156, 2.947366081294554352 ) ) ;
#797 = PLANE ( 'NONE',  #11621 ) ;
#798 = VECTOR ( 'NONE', #7751, 1000.000000000000000 ) ;
#799 = EDGE_LOOP ( 'NONE', ( #7624, #10982, #481, #5087 ) ) ;
#800 = EDGE_CURVE ( 'NONE', #13093, #11735, #3079, .T. ) ;
#801 = EDGE_LOOP ( 'NONE', ( #8585, #4958, #1145, #12730 ) ) ;
#802 = FACE_OUTER_BOUND ( 'NONE', #2301, .T. ) ;
#803 = ORIENTED_EDGE ( 'NONE', *, *, #11433, .T. ) ;
#804 = DIRECTION ( 'NONE',  ( 0.000000000000000000, 0.000000000000000000, 1.000000000000000000 ) ) ;
#805 = STYLED_ITEM ( 'NONE', ( #3970 ), #7003 ) ;
#806 = PRESENTATION_LAYER_ASSIGNMENT (  '', '', ( #1952 ) ) ;
#807 = CARTESIAN_POINT ( 'NONE',  ( -2.749999999999999556, -0.6000000000000094147, 0.8309401076758483606 ) ) ;
#808 = EDGE_CURVE ( 'NONE', #9997, #4610, #5178, .T. ) ;
#809 =( NAMED_UNIT ( * ) PLANE_ANGLE_UNIT ( ) SI_UNIT ( $, .RADIAN. ) );
#810 = VECTOR ( 'NONE', #4, 1000.000000000000114 ) ;
#811 = SURFACE_SIDE_STYLE ('',( #5066 ) ) ;
#812 = DIRECTION ( 'NONE',  ( 0.000000000000000000, 0.000000000000000000, 1.000000000000000000 ) ) ;
#813 = CARTESIAN_POINT ( 'NONE',  ( -2.549999999999998490, 1.027999999999999359, 2.799999999999999822 ) ) ;
#814 = LINE ( 'NONE', #2850, #8057 ) ;
#815 = ORIENTED_EDGE ( 'NONE', *, *, #6876, .T. ) ;
#816 =( NAMED_UNIT ( * ) SI_UNIT ( $, .STERADIAN. ) SOLID_ANGLE_UNIT ( ) );
#817 = FILL_AREA_STYLE ('',( #11147 ) ) ;
#818 = SURFACE_STYLE_USAGE ( .BOTH. , #4861 ) ;
#819 = PRESENTATION_LAYER_ASSIGNMENT (  '', '', ( #1785 ) ) ;
#820 = ORIENTED_EDGE ( 'NONE', *, *, #9411, .T. ) ;
#821 = EDGE_CURVE ( 'NONE', #4542, #9574, #11289, .T. ) ;
#822 = DIRECTION ( 'NONE',  ( -0.000000000000000000, -0.000000000000000000, -1.000000000000000000 ) ) ;
#823 = CARTESIAN_POINT ( 'NONE',  ( -1.500000000000000444, -1.050000000000000044, -3.500000000000000000 ) ) ;
#824 = FACE_OUTER_BOUND ( 'NONE', #54, .T. ) ;
#825 = CARTESIAN_POINT ( 'NONE',  ( 0.009314526572365856155, -1.039999999999999147, 3.124166730570993700 ) ) ;
#826 = VERTEX_POINT ( 'NONE', #10114 ) ;
#827 = CARTESIAN_POINT ( 'NONE',  ( 1.250000000000084599, 1.049999999999999600, 2.250000000000007105 ) ) ;
#828 = VERTEX_POINT ( 'NONE', #3876 ) ;
#829 = SURFACE_STYLE_FILL_AREA ( #8487 ) ;
#830 = PRESENTATION_STYLE_ASSIGNMENT (( #6377 ) ) ;
#831 = ORIENTED_EDGE ( 'NONE', *, *, #9425, .F. ) ;
#832 = PRESENTATION_LAYER_ASSIGNMENT (  '', '', ( #1280 ) ) ;
#833 = DIRECTION ( 'NONE',  ( 0.000000000000000000, 1.668003342285397221E-16, -1.000000000000000000 ) ) ;
#834 = PRESENTATION_STYLE_ASSIGNMENT (( #6914 ) ) ;
#835 = CARTESIAN_POINT ( 'NONE',  ( 2.552999999999983949, 2.050000000000049560, 0.2999999999999999334 ) ) ;
#836 = DIRECTION ( 'NONE',  ( -1.000000000000000000, -0.000000000000000000, -0.000000000000000000 ) ) ;
#837 = STYLED_ITEM ( 'NONE', ( #3618 ), #6059 ) ;
#838 = ORIENTED_EDGE ( 'NONE', *, *, #5051, .F. ) ;
#839 = CARTESIAN_POINT ( 'NONE',  ( -1.500000000000000000, -0.8480000000000001981, -3.572999999999995957 ) ) ;
#840 = PLANE ( 'NONE',  #1873 ) ;
#841 = EDGE_CURVE ( 'NONE', #8265, #3938, #12861, .T. ) ;
#842 = CARTESIAN_POINT ( 'NONE',  ( 2.550000000000000266, -1.049999999999999156, -2.799999999999994937 ) ) ;
#843 = VECTOR ( 'NONE', #13264, 1000.000000000000000 ) ;
#844 = SURFACE_STYLE_FILL_AREA ( #7097 ) ;
#845 = DIRECTION ( 'NONE',  ( 1.000000000000000000, 0.000000000000000000, -6.573332287317804532E-15 ) ) ;
#846 = UNCERTAINTY_MEASURE_WITH_UNIT (LENGTH_MEASURE( 1.000000000000000082E-05 ), #2453, 'distance_accuracy_value', 'NONE');
#847 = ORIENTED_EDGE ( 'NONE', *, *, #6223, .F. ) ;
#848 = VECTOR ( 'NONE', #3283, 1000.000000000000000 ) ;
#849 = FILL_AREA_STYLE_COLOUR ( '', #9625 ) ;
#850 = ORIENTED_EDGE ( 'NONE', *, *, #566, .T. ) ;
#851 = DIRECTION ( 'NONE',  ( 0.000000000000000000, 0.000000000000000000, 1.000000000000000000 ) ) ;
#852 = PLANE ( 'NONE',  #7910 ) ;
#853 =( GEOMETRIC_REPRESENTATION_CONTEXT ( 3 ) GLOBAL_UNCERTAINTY_ASSIGNED_CONTEXT ( ( #13252 ) ) GLOBAL_UNIT_ASSIGNED_CONTEXT ( ( #13003, #1775, #2880 ) ) REPRESENTATION_CONTEXT ( 'NONE', 'WORKASPACE' ) );
#854 = CARTESIAN_POINT ( 'NONE',  ( 2.449999999999983746, -0.6000000000000094147, -0.3113248654051902209 ) ) ;
#855 = DIRECTION ( 'NONE',  ( 0.000000000000000000, -1.000000000000000000, 0.000000000000000000 ) ) ;
#856 = FACE_OUTER_BOUND ( 'NONE', #6651, .T. ) ;
#857 = ORIENTED_EDGE ( 'NONE', *, *, #4305, .T. ) ;
#858 = SURFACE_SIDE_STYLE ('',( #2896 ) ) ;
#859 = CARTESIAN_POINT ( 'NONE',  ( 2.350000000000000089, 0.05000000000000274364, -3.774999999999995914 ) ) ;
#860 = ORIENTED_EDGE ( 'NONE', *, *, #11803, .T. ) ;
#861 = PRESENTATION_LAYER_ASSIGNMENT (  '', '', ( #6861 ) ) ;
#862 = DIRECTION ( 'NONE',  ( 0.000000000000000000, 0.000000000000000000, 1.000000000000000000 ) ) ;
#863 = UNCERTAINTY_MEASURE_WITH_UNIT (LENGTH_MEASURE( 1.000000000000000082E-05 ), #12550, 'distance_accuracy_value', 'NONE');
#864 = DIRECTION ( 'NONE',  ( -6.573332287317840031E-15, 0.000000000000000000, -1.000000000000000000 ) ) ;
#865 = CARTESIAN_POINT ( 'NONE',  ( 2.350000000000000089, 0.05000000000000273670, 3.574999999999997957 ) ) ;
#866 = CARTESIAN_POINT ( 'NONE',  ( 1.250000000000032196, 0.8499999999999999778, -2.249999999999999556 ) ) ;
#867 = CARTESIAN_POINT ( 'NONE',  ( -2.552999999999998604, 1.027999999999999359, 2.799999999999999822 ) ) ;
#868 = DIRECTION ( 'NONE',  ( -1.000000000000000000, -0.000000000000000000, -0.000000000000000000 ) ) ;
#869 = COLOUR_RGB ( '',1.000000000000000000, 1.000000000000000000, 1.000000000000000000 ) ;
#870 = FACE_OUTER_BOUND ( 'NONE', #6137, .T. ) ;
#871 = DIRECTION ( 'NONE',  ( -1.000000000000000000, 0.000000000000000000, 0.000000000000000000 ) ) ;
#872 = EDGE_LOOP ( 'NONE', ( #10898, #2611, #11709, #7675 ) ) ;
#873 = EDGE_CURVE ( 'NONE', #7386, #12065, #2290, .T. ) ;
#874 = EDGE_LOOP ( 'NONE', ( #2922, #8678, #12808, #219 ) ) ;
#875 = CARTESIAN_POINT ( 'NONE',  ( 0.2999999999999999334, 1.049999999999999378, 3.500000000000006217 ) ) ;
#876 =( NAMED_UNIT ( * ) PLANE_ANGLE_UNIT ( ) SI_UNIT ( $, .RADIAN. ) );
#877 = PRESENTATION_LAYER_ASSIGNMENT (  '', '', ( #1583 ) ) ;
#878 = PRESENTATION_LAYER_ASSIGNMENT (  '', '', ( #12807 ) ) ;
#879 = SURFACE_STYLE_FILL_AREA ( #371 ) ;
#880 = ADVANCED_FACE ( 'NONE', ( #4350 ), #10062, .F. ) ;
#881 = CARTESIAN_POINT ( 'NONE',  ( 2.752999999999985015, 2.050000000000049116, 2.799999999999999822 ) ) ;
#882 = PRESENTATION_STYLE_ASSIGNMENT (( #3708 ) ) ;
#883 = VERTEX_POINT ( 'NONE', #9882 ) ;
#884 = SURFACE_STYLE_USAGE ( .BOTH. , #981 ) ;
#885 = EDGE_CURVE ( 'NONE', #13093, #12933, #2134, .T. ) ;
#886 =( NAMED_UNIT ( * ) SI_UNIT ( $, .STERADIAN. ) SOLID_ANGLE_UNIT ( ) );
#887 = COLOUR_RGB ( '',1.000000000000000000, 1.000000000000000000, 1.000000000000000000 ) ;
#888 = LINE ( 'NONE', #9626, #5358 ) ;
#889 = ORIENTED_EDGE ( 'NONE', *, *, #11391, .F. ) ;
#890 =( NAMED_UNIT ( * ) PLANE_ANGLE_UNIT ( ) SI_UNIT ( $, .RADIAN. ) );
#891 = DIRECTION ( 'NONE',  ( 0.000000000000000000, -1.000000000000000000, 0.000000000000000000 ) ) ;
#892 = STYLED_ITEM ( 'NONE', ( #4630 ), #6758 ) ;
#893 =( LENGTH_UNIT ( ) NAMED_UNIT ( * ) SI_UNIT ( .MILLI., .METRE. ) );
#894 = PRESENTATION_LAYER_ASSIGNMENT (  '', '', ( #4132 ) ) ;
#895 = PLANE ( 'NONE',  #5421 ) ;
#896 = ORIENTED_EDGE ( 'NONE', *, *, #223, .F. ) ;
#897 = FACE_OUTER_BOUND ( 'NONE', #12466, .T. ) ;
#898 = AXIS2_PLACEMENT_3D ( 'NONE', #6821, #6920, #1831 ) ;
#899 = FACE_OUTER_BOUND ( 'NONE', #11855, .T. ) ;
#900 = VERTEX_POINT ( 'NONE', #8114 ) ;
#901 =( LENGTH_UNIT ( ) NAMED_UNIT ( * ) SI_UNIT ( .MILLI., .METRE. ) );
#902 = CARTESIAN_POINT ( 'NONE',  ( 0.009314526572365856155, -1.039999999999999147, 3.124166730570993700 ) ) ;
#903 = PRESENTATION_STYLE_ASSIGNMENT (( #1899 ) ) ;
#904 = ORIENTED_EDGE ( 'NONE', *, *, #10763, .F. ) ;
#905 = SURFACE_STYLE_USAGE ( .BOTH. , #7995 ) ;
#906 =( LENGTH_UNIT ( ) NAMED_UNIT ( * ) SI_UNIT ( .MILLI., .METRE. ) );
#907 = DIRECTION ( 'NONE',  ( -1.000000000000000000, -0.000000000000000000, -0.000000000000000000 ) ) ;
#908 = EDGE_CURVE ( 'NONE', #10249, #10194, #11901, .T. ) ;
#909 = CARTESIAN_POINT ( 'NONE',  ( 2.499999999999991562, 1.025000000000000133, -2.200000000000000178 ) ) ;
#910 = DIRECTION ( 'NONE',  ( -0.5512217136918299287, 0.000000000000000000, -0.8343588091190996536 ) ) ;
#911 = DIRECTION ( 'NONE',  ( 0.000000000000000000, -1.668003342285397467E-16, 1.000000000000000000 ) ) ;
#912 = CARTESIAN_POINT ( 'NONE',  ( 2.549999999999990941, 1.024999999999999689, 0.2999999999999999334 ) ) ;
#913 = ORIENTED_EDGE ( 'NONE', *, *, #11635, .F. ) ;
#914 = CARTESIAN_POINT ( 'NONE',  ( -2.749999999999999556, -0.04999999999999763661, -0.7749999999999980238 ) ) ;
#915 = CARTESIAN_POINT ( 'NONE',  ( -2.400000000000000355, 0.3000000000000023204, -3.099999999999995648 ) ) ;
#916 = ORIENTED_EDGE ( 'NONE', *, *, #1886, .T. ) ;
#917 = DIRECTION ( 'NONE',  ( 0.000000000000000000, 0.000000000000000000, 1.000000000000000000 ) ) ;
#918 = PRESENTATION_STYLE_ASSIGNMENT (( #7528 ) ) ;
#919 =( NAMED_UNIT ( * ) SI_UNIT ( $, .STERADIAN. ) SOLID_ANGLE_UNIT ( ) );
#920 =( GEOMETRIC_REPRESENTATION_CONTEXT ( 3 ) GLOBAL_UNCERTAINTY_ASSIGNED_CONTEXT ( ( #12846 ) ) GLOBAL_UNIT_ASSIGNED_CONTEXT ( ( #9975, #7991, #12698 ) ) REPRESENTATION_CONTEXT ( 'NONE', 'WORKASPACE' ) );
#921 = AXIS2_PLACEMENT_3D ( 'NONE', #12256, #8097, #13263 ) ;
#922 = ORIENTED_EDGE ( 'NONE', *, *, #12570, .F. ) ;
#923 = COLOUR_RGB ( '',0.1098039215686274495, 0.1098039215686274495, 0.1098039215686274495 ) ;
#924 = ORIENTED_EDGE ( 'NONE', *, *, #7643, .T. ) ;
#925 =( NAMED_UNIT ( * ) PLANE_ANGLE_UNIT ( ) SI_UNIT ( $, .RADIAN. ) );
#926 = EDGE_CURVE ( 'NONE', #13011, #5886, #13017, .T. ) ;
#927 = ORIENTED_EDGE ( 'NONE', *, *, #9353, .F. ) ;
#928 = LINE ( 'NONE', #7295, #10388 ) ;
#929 = CARTESIAN_POINT ( 'NONE',  ( 2.349999999999985434, -0.1499999999999995226, -0.8309401076758556881 ) ) ;
#930 = DIRECTION ( 'NONE',  ( -1.000000000000000000, 0.000000000000000000, -0.000000000000000000 ) ) ;
#931 =( LENGTH_UNIT ( ) NAMED_UNIT ( * ) SI_UNIT ( .MILLI., .METRE. ) );
#932 = VECTOR ( 'NONE', #10268, 1000.000000000000000 ) ;
#933 = CARTESIAN_POINT ( 'NONE',  ( 1.500000000000000000, -1.050000000000000044, 3.099999999999995648 ) ) ;
#934 = STYLED_ITEM ( 'NONE', ( #1589 ), #8290 ) ;
#935 = SURFACE_STYLE_FILL_AREA ( #8573 ) ;
#936 =( NAMED_UNIT ( * ) SI_UNIT ( $, .STERADIAN. ) SOLID_ANGLE_UNIT ( ) );
#937 = CARTESIAN_POINT ( 'NONE',  ( 2.549999999999980727, -0.1499999999999995226, 0.6999999999999979572 ) ) ;
#938 = ORIENTED_EDGE ( 'NONE', *, *, #2075, .T. ) ;
#939 = SURFACE_STYLE_FILL_AREA ( #2142 ) ;
#940 = VECTOR ( 'NONE', #5795, 1000.000000000000000 ) ;
#941 = UNCERTAINTY_MEASURE_WITH_UNIT (LENGTH_MEASURE( 1.000000000000000082E-05 ), #11897, 'distance_accuracy_value', 'NONE');
#942 = LINE ( 'NONE', #7681, #11533 ) ;
#943 = ORIENTED_EDGE ( 'NONE', *, *, #2829, .F. ) ;
#944 = AXIS2_PLACEMENT_3D ( 'NONE', #5295, #81, #8320 ) ;
#945 = DIRECTION ( 'NONE',  ( 4.243452729884350584E-16, -1.000000000000000000, 0.000000000000000000 ) ) ;
#946 = EDGE_CURVE ( 'NONE', #2900, #1663, #7912, .T. ) ;
#947 = CARTESIAN_POINT ( 'NONE',  ( -1.749999999999999112, 0.8499999999999997558, 0.2500000000000037748 ) ) ;
#948 = PRESENTATION_STYLE_ASSIGNMENT (( #952 ) ) ;
#949 = CARTESIAN_POINT ( 'NONE',  ( 2.750000000000000000, -0.8499999999999978684, 3.100000000000001421 ) ) ;
#950 = COLOUR_RGB ( '',0.1098039215686274495, 0.1098039215686274495, 0.1098039215686274495 ) ;
#951 = VERTEX_POINT ( 'NONE', #13198 ) ;
#952 = SURFACE_STYLE_USAGE ( .BOTH. , #13086 ) ;
#953 = DIRECTION ( 'NONE',  ( 0.000000000000000000, -1.000000000000000000, 0.000000000000000000 ) ) ;
#954 = FILL_AREA_STYLE ('',( #6192 ) ) ;
#955 = ADVANCED_FACE ( 'NONE', ( #12553 ), #12090, .F. ) ;
#956 = SURFACE_STYLE_FILL_AREA ( #11220 ) ;
#957 = SURFACE_STYLE_USAGE ( .BOTH. , #12207 ) ;
#958 = VECTOR ( 'NONE', #9421, 1000.000000000000000 ) ;
#959 = VERTEX_POINT ( 'NONE', #12350 ) ;
#960 =( LENGTH_UNIT ( ) NAMED_UNIT ( * ) SI_UNIT ( .MILLI., .METRE. ) );
#961 = SURFACE_STYLE_USAGE ( .BOTH. , #8003 ) ;
#962 = EDGE_LOOP ( 'NONE', ( #5338, #5037, #9432, #2255 ) ) ;
#963 = AXIS2_PLACEMENT_3D ( 'NONE', #10023, #3924, #7984 ) ;
#964 = EDGE_CURVE ( 'NONE', #8152, #6026, #1982, .T. ) ;
#965 = LINE ( 'NONE', #1677, #8501 ) ;
#966 = DIRECTION ( 'NONE',  ( 1.000000000000000000, 0.000000000000000000, 0.000000000000000000 ) ) ;
#967 = SURFACE_SIDE_STYLE ('',( #9005 ) ) ;
#968 = AXIS2_PLACEMENT_3D ( 'NONE', #3625, #10710, #6756 ) ;
#969 = AXIS2_PLACEMENT_3D ( 'NONE', #8861, #11934, #6823 ) ;
#970 = VECTOR ( 'NONE', #13004, 1000.000000000000000 ) ;
#971 = ORIENTED_EDGE ( 'NONE', *, *, #11867, .T. ) ;
#972 = VECTOR ( 'NONE', #9306, 1000.000000000000000 ) ;
#973 = VECTOR ( 'NONE', #461, 1000.000000000000000 ) ;
#974 = VERTEX_POINT ( 'NONE', #1154 ) ;
#975 =( NAMED_UNIT ( * ) PLANE_ANGLE_UNIT ( ) SI_UNIT ( $, .RADIAN. ) );
#976 = CARTESIAN_POINT ( 'NONE',  ( 1.250000000000084599, 1.049999999999999600, 2.250000000000007105 ) ) ;
#977 = SHAPE_DEFINITION_REPRESENTATION ( #4708, #2404 ) ;
#978 = STYLED_ITEM ( 'NONE', ( #3261 ), #9590 ) ;
#979 =( GEOMETRIC_REPRESENTATION_CONTEXT ( 3 ) GLOBAL_UNCERTAINTY_ASSIGNED_CONTEXT ( ( #1035 ) ) GLOBAL_UNIT_ASSIGNED_CONTEXT ( ( #4166, #6064, #10320 ) ) REPRESENTATION_CONTEXT ( 'NONE', 'WORKASPACE' ) );
#980 = FACE_OUTER_BOUND ( 'NONE', #11178, .T. ) ;
#981 = SURFACE_SIDE_STYLE ('',( #7361 ) ) ;
#982 = VERTEX_POINT ( 'NONE', #2187 ) ;
#983 = EDGE_CURVE ( 'NONE', #12209, #4274, #9811, .T. ) ;
#984 =( LENGTH_UNIT ( ) NAMED_UNIT ( * ) SI_UNIT ( .MILLI., .METRE. ) );
#985 = ORIENTED_EDGE ( 'NONE', *, *, #5388, .F. ) ;
#986 = CARTESIAN_POINT ( 'NONE',  ( -2.350000000000000089, 0.05000000000000274364, 3.774999999999995914 ) ) ;
#987 = STYLED_ITEM ( 'NONE', ( #8870 ), #11646 ) ;
#988 =( GEOMETRIC_REPRESENTATION_CONTEXT ( 3 ) GLOBAL_UNCERTAINTY_ASSIGNED_CONTEXT ( ( #4054 ) ) GLOBAL_UNIT_ASSIGNED_CONTEXT ( ( #1354, #7451, #1392 ) ) REPRESENTATION_CONTEXT ( 'NONE', 'WORKASPACE' ) );
#989 = PLANE ( 'NONE',  #9115 ) ;
#990 = LINE ( 'NONE', #4250, #10287 ) ;
#991 = EDGE_CURVE ( 'NONE', #5065, #13044, #9637, .T. ) ;
#992 = CARTESIAN_POINT ( 'NONE',  ( -2.749999999999999556, -0.8499999999999978684, 1.650000000000002132 ) ) ;
#993 = VECTOR ( 'NONE', #11418, 1000.000000000000000 ) ;
#994 = MECHANICAL_DESIGN_GEOMETRIC_PRESENTATION_REPRESENTATION (  '', ( #7627 ), #5978 ) ;
#995 = DIRECTION ( 'NONE',  ( -1.000000000000000000, -0.000000000000000000, -0.000000000000000000 ) ) ;
#996 = ORIENTED_EDGE ( 'NONE', *, *, #13156, .F. ) ;
#997 = DIRECTION ( 'NONE',  ( -0.000000000000000000, 1.000000000000000000, 1.239088197126289831E-16 ) ) ;
#998 = CARTESIAN_POINT ( 'NONE',  ( 2.552999999999984393, 2.050000000000049116, 2.200000000000000178 ) ) ;
#999 = DIRECTION ( 'NONE',  ( -1.000000000000000000, 0.000000000000000000, 1.734723475976807094E-15 ) ) ;
#1000 = DIRECTION ( 'NONE',  ( -1.000000000000000000, 0.000000000000000000, 0.000000000000000000 ) ) ;
#1001 = CYLINDRICAL_SURFACE ( 'NONE', #2554, 0.1999999999999957645 ) ;
#1002 = DIRECTION ( 'NONE',  ( 0.000000000000000000, 0.000000000000000000, -1.000000000000000000 ) ) ;
#1003 = DIRECTION ( 'NONE',  ( 0.000000000000000000, 0.000000000000000000, 1.000000000000000000 ) ) ;
#1004 = CARTESIAN_POINT ( 'NONE',  ( 1.750000000000084599, 1.049999999999999378, 2.750000000000006217 ) ) ;
#1005 = STYLED_ITEM ( 'NONE', ( #7241 ), #13178 ) ;
#1006 = ORIENTED_EDGE ( 'NONE', *, *, #5137, .T. ) ;
#1007 = SURFACE_SIDE_STYLE ('',( #4903 ) ) ;
#1008 = FACE_OUTER_BOUND ( 'NONE', #8688, .T. ) ;
#1009 = DIRECTION ( 'NONE',  ( 1.000000000000000000, 0.000000000000000000, -1.734723475976807094E-15 ) ) ;
#1010 = ORIENTED_EDGE ( 'NONE', *, *, #4218, .T. ) ;
#1011 = SURFACE_STYLE_FILL_AREA ( #6915 ) ;
#1012 = VECTOR ( 'NONE', #2385, 1000.000000000000000 ) ;
#1013 = CARTESIAN_POINT ( 'NONE',  ( -0.2326411701485553984, -1.039999999999999147, 2.864768817329522932 ) ) ;
#1014 = DIRECTION ( 'NONE',  ( 0.000000000000000000, 0.000000000000000000, 1.000000000000000000 ) ) ;
#1015 = ORIENTED_EDGE ( 'NONE', *, *, #253, .F. ) ;
#1016 = DIRECTION ( 'NONE',  ( 1.000000000000000000, -0.000000000000000000, 0.000000000000000000 ) ) ;
#1017 = ORIENTED_EDGE ( 'NONE', *, *, #8470, .T. ) ;
#1018 = SURFACE_SIDE_STYLE ('',( #2224 ) ) ;
#1019 = FACE_BOUND ( 'NONE', #9629, .T. ) ;
#1020 = UNCERTAINTY_MEASURE_WITH_UNIT (LENGTH_MEASURE( 1.000000000000000082E-05 ), #6329, 'distance_accuracy_value', 'NONE');
#1021 = ORIENTED_EDGE ( 'NONE', *, *, #5939, .T. ) ;
#1023 = ADVANCED_FACE ( 'NONE', ( #1008 ), #4180, .F. ) ;
#1022 = UNCERTAINTY_MEASURE_WITH_UNIT (LENGTH_MEASURE( 1.000000000000000082E-05 ), #931, 'distance_accuracy_value', 'NONE');
#1024 = COLOUR_RGB ( '',1.000000000000000000, 1.000000000000000000, 1.000000000000000000 ) ;
#1025 = DIRECTION ( 'NONE',  ( 0.000000000000000000, 0.000000000000000000, 1.000000000000000000 ) ) ;
#1026 = CARTESIAN_POINT ( 'NONE',  ( 0.2999999999999998224, 0.8499999999999993117, 3.850000000000006750 ) ) ;
#1027 = PRESENTATION_LAYER_ASSIGNMENT (  '', '', ( #9015 ) ) ;
#1028 = CARTESIAN_POINT ( 'NONE',  ( -2.749999999999999556, -0.1499999999999995226, 2.199999999999995737 ) ) ;
#1029 = EDGE_CURVE ( 'NONE', #3337, #9218, #6926, .T. ) ;
#1030 =( NAMED_UNIT ( * ) PLANE_ANGLE_UNIT ( ) SI_UNIT ( $, .RADIAN. ) );
#1031 = DIRECTION ( 'NONE',  ( 0.000000000000000000, -1.000000000000000000, 0.000000000000000000 ) ) ;
#1032 = VECTOR ( 'NONE', #7538, 1000.000000000000114 ) ;
#1033 = VECTOR ( 'NONE', #7922, 1000.000000000000000 ) ;
#1034 = ORIENTED_EDGE ( 'NONE', *, *, #7275, .T. ) ;
#1035 = UNCERTAINTY_MEASURE_WITH_UNIT (LENGTH_MEASURE( 1.000000000000000082E-05 ), #4166, 'distance_accuracy_value', 'NONE');
#1036 =( LENGTH_UNIT ( ) NAMED_UNIT ( * ) SI_UNIT ( .MILLI., .METRE. ) );
#1037 = PRESENTATION_LAYER_ASSIGNMENT (  '', '', ( #10919 ) ) ;
#1038 =( LENGTH_UNIT ( ) NAMED_UNIT ( * ) SI_UNIT ( .MILLI., .METRE. ) );
#1039 = FILL_AREA_STYLE_COLOUR ( '', #5453 ) ;
#1040 = CARTESIAN_POINT ( 'NONE',  ( 2.100000000000000089, 0.3000000000000023204, -2.899999999999995470 ) ) ;
#1041 = SURFACE_STYLE_FILL_AREA ( #6846 ) ;
#1042 = FILL_AREA_STYLE ('',( #8090 ) ) ;
#1043 = DIRECTION ( 'NONE',  ( -1.008560160451632221E-16, 0.000000000000000000, 1.000000000000000000 ) ) ;
#1044 = CARTESIAN_POINT ( 'NONE',  ( -2.752999999999998337, 1.027999999999999359, 2.799999999999999822 ) ) ;
#1045 = AXIS2_PLACEMENT_3D ( 'NONE', #12211, #11234, #2887 ) ;
#1046 = VERTEX_POINT ( 'NONE', #8380 ) ;
#1047 = CARTESIAN_POINT ( 'NONE',  ( -0.7500000000000000000, 0.6499999999999998002, -3.824999999999998845 ) ) ;
#1048 = VECTOR ( 'NONE', #105, 1000.000000000000000 ) ;
#1049 = SURFACE_STYLE_USAGE ( .BOTH. , #7376 ) ;
#1050 = VECTOR ( 'NONE', #2847, 1000.000000000000000 ) ;
#1051 = DIRECTION ( 'NONE',  ( 8.673617379884032317E-15, -1.000000000000000000, -0.000000000000000000 ) ) ;
#1052 = DIRECTION ( 'NONE',  ( 1.000000000000000000, 0.000000000000000000, -1.734723475976807094E-15 ) ) ;
#1053 = VERTEX_POINT ( 'NONE', #11434 ) ;
#1054 = CARTESIAN_POINT ( 'NONE',  ( 2.549999999999992717, 0.8249999999999996225, 0.2999999999999999334 ) ) ;
#1055 = DIRECTION ( 'NONE',  ( 1.000000000000000000, 0.000000000000000000, 0.000000000000000000 ) ) ;
#1056 = SURFACE_SIDE_STYLE ('',( #4927 ) ) ;
#1057 = VECTOR ( 'NONE', #5291, 1000.000000000000000 ) ;
#1058 = VERTEX_POINT ( 'NONE', #97 ) ;
#1059 = EDGE_CURVE ( 'NONE', #4367, #4170, #10612, .T. ) ;
#1060 = DIRECTION ( 'NONE',  ( 1.000000000000000000, -0.000000000000000000, -0.000000000000000000 ) ) ;
#1061 = VERTEX_POINT ( 'NONE', #1066 ) ;
#1062 = VECTOR ( 'NONE', #8452, 1000.000000000000000 ) ;
#1063 = DIRECTION ( 'NONE',  ( 6.789524367814960934E-15, -1.000000000000000000, -0.000000000000000000 ) ) ;
#1064 = MECHANICAL_DESIGN_GEOMETRIC_PRESENTATION_REPRESENTATION (  '', ( #9803 ), #1760 ) ;
#1065 = PRESENTATION_LAYER_ASSIGNMENT (  '', '', ( #4298 ) ) ;
#1066 = CARTESIAN_POINT ( 'NONE',  ( -2.750000000000000000, -1.049999999999999378, 3.100000000000001421 ) ) ;
#1067 = DIRECTION ( 'NONE',  ( 0.000000000000000000, -1.000000000000000000, 0.000000000000000000 ) ) ;
#1068 = ORIENTED_EDGE ( 'NONE', *, *, #436, .T. ) ;
#1069 = EDGE_CURVE ( 'NONE', #1805, #8733, #4185, .T. ) ;
#1070 = VECTOR ( 'NONE', #8095, 1000.000000000000000 ) ;
#1071 = PRESENTATION_STYLE_ASSIGNMENT (( #8266 ) ) ;
#1072 = COLOUR_RGB ( '',0.7921568627450980005, 0.8196078431372548767, 0.9333333333333333481 ) ;
#1073 = VECTOR ( 'NONE', #12850, 1000.000000000000000 ) ;
#1074 = FILL_AREA_STYLE ('',( #12316 ) ) ;
#1075 = ORIENTED_EDGE ( 'NONE', *, *, #11703, .T. ) ;
#1076 = MECHANICAL_DESIGN_GEOMETRIC_PRESENTATION_REPRESENTATION (  '', ( #12575 ), #8889 ) ;
#1077 = CARTESIAN_POINT ( 'NONE',  ( -2.750000000000000000, 0.05000000000000181383, 3.825000000000005507 ) ) ;
#1078 = STYLED_ITEM ( 'NONE', ( #11590 ), #1023 ) ;
#1079 = DIRECTION ( 'NONE',  ( -6.365179094826525531E-15, 1.000000000000000000, -0.000000000000000000 ) ) ;
#1080 = EDGE_CURVE ( 'NONE', #10968, #3337, #1815, .T. ) ;
#1081 = ORIENTED_EDGE ( 'NONE', *, *, #2786, .F. ) ;
#1082 = VECTOR ( 'NONE', #10945, 1000.000000000000000 ) ;
#1083 = LINE ( 'NONE', #10776, #7175 ) ;
#1084 = CARTESIAN_POINT ( 'NONE',  ( -0.5000000000000000000, -0.3500000000000003664, -3.824999999999998845 ) ) ;
#1085 =( LENGTH_UNIT ( ) NAMED_UNIT ( * ) SI_UNIT ( .MILLI., .METRE. ) );
#1086 = VECTOR ( 'NONE', #7463, 1000.000000000000114 ) ;
#1087 = ORIENTED_EDGE ( 'NONE', *, *, #11399, .F. ) ;
#1088 = LINE ( 'NONE', #4352, #6845 ) ;
#1089 = CARTESIAN_POINT ( 'NONE',  ( -2.750000000000000000, -0.8499999999999978684, 2.800000000000001599 ) ) ;
#1090 = EDGE_CURVE ( 'NONE', #9476, #10194, #11736, .T. ) ;
#1091 = CARTESIAN_POINT ( 'NONE',  ( -0.2499999999999835132, 0.8500000000000001998, -2.749999999999999112 ) ) ;
#1092 = ADVANCED_FACE ( 'NONE', ( #2763 ), #7253, .F. ) ;
#1093 = CARTESIAN_POINT ( 'NONE',  ( -1.249999999999999112, 0.8499999999999995337, 2.250000000000006217 ) ) ;
#1094 =( NAMED_UNIT ( * ) SI_UNIT ( $, .STERADIAN. ) SOLID_ANGLE_UNIT ( ) );
#1095 = DIRECTION ( 'NONE',  ( 0.000000000000000000, 1.000000000000000000, 1.239088197126289831E-16 ) ) ;
#1096 = CARTESIAN_POINT ( 'NONE',  ( -1.500000000000000000, -0.8499999999999978684, 3.099999999999995648 ) ) ;
#1097 = SURFACE_SIDE_STYLE ('',( #11108 ) ) ;
#1098 = VECTOR ( 'NONE', #6663, 1000.000000000000000 ) ;
#1099 = SURFACE_SIDE_STYLE ('',( #10632 ) ) ;
#1100 = LINE ( 'NONE', #7937, #757 ) ;
#1101 =( LENGTH_UNIT ( ) NAMED_UNIT ( * ) SI_UNIT ( .MILLI., .METRE. ) );
#1102 = DIRECTION ( 'NONE',  ( 7.523163845262646182E-31, 1.000000000000000000, 4.336808689942021187E-16 ) ) ;
#1103 = ORIENTED_EDGE ( 'NONE', *, *, #3934, .T. ) ;
#1104 = FACE_OUTER_BOUND ( 'NONE', #9867, .T. ) ;
#1105 = PLANE ( 'NONE',  #4968 ) ;
#1106 = MECHANICAL_DESIGN_GEOMETRIC_PRESENTATION_REPRESENTATION (  '', ( #9762 ), #3588 ) ;
#1107 = DIRECTION ( 'NONE',  ( -1.000000000000000000, 0.000000000000000000, 1.734723475976807094E-15 ) ) ;
#1108 = EDGE_CURVE ( 'NONE', #6230, #9997, #9159, .T. ) ;
#1109 = VECTOR ( 'NONE', #5245, 1000.000000000000000 ) ;
#1110 = VECTOR ( 'NONE', #11179, 1000.000000000000000 ) ;
#1111 = SURFACE_STYLE_USAGE ( .BOTH. , #11389 ) ;
#1112 =( NAMED_UNIT ( * ) SI_UNIT ( $, .STERADIAN. ) SOLID_ANGLE_UNIT ( ) );
#1113 = FACE_OUTER_BOUND ( 'NONE', #5289, .T. ) ;
#1114 = UNCERTAINTY_MEASURE_WITH_UNIT (LENGTH_MEASURE( 1.000000000000000082E-05 ), #11073, 'distance_accuracy_value', 'NONE');
#1115 = LINE ( 'NONE', #320, #611 ) ;
#1116 = VERTEX_POINT ( 'NONE', #3273 ) ;
#1117 = AXIS2_PLACEMENT_3D ( 'NONE', #11925, #5788, #2788 ) ;
#1118 = DIRECTION ( 'NONE',  ( 0.8618100048932271218, 0.000000000000000000, -0.5072312248530602696 ) ) ;
#1119 = PRESENTATION_STYLE_ASSIGNMENT (( #280 ) ) ;
#1120 = ORIENTED_EDGE ( 'NONE', *, *, #5183, .T. ) ;
#1121 = ORIENTED_EDGE ( 'NONE', *, *, #12630, .F. ) ;
#1122 = VERTEX_POINT ( 'NONE', #10442 ) ;
#1123 = STYLED_ITEM ( 'NONE', ( #6854 ), #3294 ) ;
#1124 = LINE ( 'NONE', #9171, #5587 ) ;
#1125 = FACE_OUTER_BOUND ( 'NONE', #874, .T. ) ;
#1126 = ORIENTED_EDGE ( 'NONE', *, *, #5888, .F. ) ;
#1127 =( NAMED_UNIT ( * ) PLANE_ANGLE_UNIT ( ) SI_UNIT ( $, .RADIAN. ) );
#1128 = EDGE_CURVE ( 'NONE', #7925, #7222, #11888, .T. ) ;
#1129 = SURFACE_STYLE_USAGE ( .BOTH. , #2155 ) ;
#1130 = SURFACE_STYLE_FILL_AREA ( #1232 ) ;
#1131 = CARTESIAN_POINT ( 'NONE',  ( -2.750000000000000000, -1.049999999999999378, 3.500000000000006217 ) ) ;
#1132 = CARTESIAN_POINT ( 'NONE',  ( -2.550000000000000266, -0.5499999999999997113, 2.199999999999998845 ) ) ;
#1133 = EDGE_LOOP ( 'NONE', ( #3705, #3779, #2616, #896 ) ) ;
#1134 = PRESENTATION_STYLE_ASSIGNMENT (( #2161 ) ) ;
#1135 = SURFACE_SIDE_STYLE ('',( #12225 ) ) ;
#1136 = VERTEX_POINT ( 'NONE', #2434 ) ;
#1137 = EDGE_CURVE ( 'NONE', #7341, #9862, #160, .T. ) ;
#1138 = ORIENTED_EDGE ( 'NONE', *, *, #12050, .T. ) ;
#1139 = FILL_AREA_STYLE ('',( #7283 ) ) ;
#1140 = DIRECTION ( 'NONE',  ( 0.000000000000000000, -4.565061778886370529E-16, 1.000000000000000000 ) ) ;
#1141 = CARTESIAN_POINT ( 'NONE',  ( -2.750000000000000000, 0.8000000000000001554, -3.500000000000000000 ) ) ;
#1142 = PRESENTATION_LAYER_ASSIGNMENT (  '', '', ( #3190 ) ) ;
#1143 = VECTOR ( 'NONE', #2088, 1000.000000000000000 ) ;
#1144 = MECHANICAL_DESIGN_GEOMETRIC_PRESENTATION_REPRESENTATION (  '', ( #10151 ), #5754 ) ;
#1145 = ORIENTED_EDGE ( 'NONE', *, *, #99, .T. ) ;
#1146 = EDGE_CURVE ( 'NONE', #1447, #12220, #5794, .T. ) ;
#1147 = CARTESIAN_POINT ( 'NONE',  ( -2.749999999999999556, -0.8499999999999987566, -0.7749999999999983569 ) ) ;
#1148 = PRESENTATION_STYLE_ASSIGNMENT (( #9403 ) ) ;
#1149 = DIRECTION ( 'NONE',  ( -1.734723475976807094E-15, 1.239088197126289831E-16, -1.000000000000000000 ) ) ;
#1150 = EDGE_LOOP ( 'NONE', ( #10942, #6078, #11748, #8588, #6399, #177, #9461, #2902 ) ) ;
#1151 = CARTESIAN_POINT ( 'NONE',  ( 1.250000000000084599, 0.8499999999999995337, 2.250000000000007105 ) ) ;
#1152 =( GEOMETRIC_REPRESENTATION_CONTEXT ( 3 ) GLOBAL_UNCERTAINTY_ASSIGNED_CONTEXT ( ( #10231 ) ) GLOBAL_UNIT_ASSIGNED_CONTEXT ( ( #8055, #716, #10090 ) ) REPRESENTATION_CONTEXT ( 'NONE', 'WORKASPACE' ) );
#1153 = ADVANCED_FACE ( 'NONE', ( #10777 ), #327, .F. ) ;
#1154 = CARTESIAN_POINT ( 'NONE',  ( -2.249999999999985789, -0.1499999999999995226, 0.2154700538379264452 ) ) ;
#1155 =( NAMED_UNIT ( * ) SI_UNIT ( $, .STERADIAN. ) SOLID_ANGLE_UNIT ( ) );
#1156 = SURFACE_SIDE_STYLE ('',( #5921 ) ) ;
#1157 = ORIENTED_EDGE ( 'NONE', *, *, #9819, .T. ) ;
#1158 = PLANE ( 'NONE',  #6450 ) ;
#1159 = VECTOR ( 'NONE', #5311, 1000.000000000000000 ) ;
#1160 = AXIS2_PLACEMENT_3D ( 'NONE', #8840, #1716, #3624 ) ;
#1161 = VECTOR ( 'NONE', #12083, 1000.000000000000000 ) ;
#1162 = AXIS2_PLACEMENT_3D ( 'NONE', #7588, #5537, #9754 ) ;
#1163 = PRESENTATION_STYLE_ASSIGNMENT (( #11492 ) ) ;
#1164 = DIRECTION ( 'NONE',  ( 1.000000000000000000, 0.000000000000000000, -0.000000000000000000 ) ) ;
#1165 = ORIENTED_EDGE ( 'NONE', *, *, #2965, .F. ) ;
#1166 = EDGE_CURVE ( 'NONE', #2125, #10631, #12544, .T. ) ;
#1167 = LINE ( 'NONE', #1826, #11747 ) ;
#1168 = ADVANCED_FACE ( 'NONE', ( #10447 ), #12593, .F. ) ;
#1169 = DIRECTION ( 'NONE',  ( -0.000000000000000000, -0.000000000000000000, -1.000000000000000000 ) ) ;
#1170 = STYLED_ITEM ( 'NONE', ( #2261 ), #1611 ) ;
#1171 = CARTESIAN_POINT ( 'NONE',  ( -2.750000000000000000, -0.04999999999999915623, 2.625000000000001776 ) ) ;
#1172 = ORIENTED_EDGE ( 'NONE', *, *, #3468, .T. ) ;
#1173 = VECTOR ( 'NONE', #2590, 1000.000000000000000 ) ;
#1174 = FACE_OUTER_BOUND ( 'NONE', #1960, .T. ) ;
#1175 = CARTESIAN_POINT ( 'NONE',  ( -2.550000000000000266, -0.1499999999999995226, 2.199999999999995737 ) ) ;
#1176 = SURFACE_STYLE_FILL_AREA ( #5038 ) ;
#1177 = ORIENTED_EDGE ( 'NONE', *, *, #3187, .T. ) ;
#1178 = PRESENTATION_LAYER_ASSIGNMENT (  '', '', ( #4869 ) ) ;
#1179 =( LENGTH_UNIT ( ) NAMED_UNIT ( * ) SI_UNIT ( .MILLI., .METRE. ) );
#1180 = FILL_AREA_STYLE_COLOUR ( '', #9374 ) ;
#1181 = CARTESIAN_POINT ( 'NONE',  ( -2.752999999999998781, 2.050000000000049116, 2.200000000000000178 ) ) ;
#1182 = MECHANICAL_DESIGN_GEOMETRIC_PRESENTATION_REPRESENTATION (  '', ( #6248 ), #3739 ) ;
#1183 = ORIENTED_EDGE ( 'NONE', *, *, #493, .T. ) ;
#1184 = CARTESIAN_POINT ( 'NONE',  ( 0.2999999999999998224, 0.6499999999999993561, 3.850000000000006750 ) ) ;
#1185 = VERTEX_POINT ( 'NONE', #2380 ) ;
#1186 = CARTESIAN_POINT ( 'NONE',  ( -1.500000000000000000, -0.8480000000000001981, 3.572999999999989740 ) ) ;
#1187 = COLOUR_RGB ( '',0.1098039215686274495, 0.1098039215686274495, 0.1098039215686274495 ) ;
#1188 = EDGE_CURVE ( 'NONE', #3238, #4817, #2752, .T. ) ;
#1189 = SURFACE_STYLE_FILL_AREA ( #4994 ) ;
#1190 = UNCERTAINTY_MEASURE_WITH_UNIT (LENGTH_MEASURE( 1.000000000000000082E-05 ), #5121, 'distance_accuracy_value', 'NONE');
#1191 = ORIENTED_EDGE ( 'NONE', *, *, #5588, .T. ) ;
#1192 = PLANE ( 'NONE',  #5797 ) ;
#1193 = UNCERTAINTY_MEASURE_WITH_UNIT (LENGTH_MEASURE( 1.000000000000000082E-05 ), #770, 'distance_accuracy_value', 'NONE');
#1194 = ORIENTED_EDGE ( 'NONE', *, *, #11169, .F. ) ;
#1195 = CARTESIAN_POINT ( 'NONE',  ( 0.4514923337687044569, -1.039999999999999147, 2.586871583535974572 ) ) ;
#1196 = CARTESIAN_POINT ( 'NONE',  ( 2.249999999999982236, -0.6000000000000094147, -0.3113248654051922193 ) ) ;
#1197 = CARTESIAN_POINT ( 'NONE',  ( 2.349999999999980993, -0.6000000000000094147, 0.3041451884327325272 ) ) ;
#1198 = ORIENTED_EDGE ( 'NONE', *, *, #4819, .F. ) ;
#1199 =( NAMED_UNIT ( * ) PLANE_ANGLE_UNIT ( ) SI_UNIT ( $, .RADIAN. ) );
#1200 = PLANE ( 'NONE',  #377 ) ;
#1201 = SURFACE_STYLE_FILL_AREA ( #11562 ) ;
#1202 = DIRECTION ( 'NONE',  ( 0.000000000000000000, 0.000000000000000000, -1.000000000000000000 ) ) ;
#1203 = ORIENTED_EDGE ( 'NONE', *, *, #5682, .T. ) ;
#1204 = MECHANICAL_DESIGN_GEOMETRIC_PRESENTATION_REPRESENTATION (  '', ( #12013 ), #2575 ) ;
#1205 = SURFACE_STYLE_USAGE ( .BOTH. , #309 ) ;
#1206 = ORIENTED_EDGE ( 'NONE', *, *, #6484, .F. ) ;
#1207 = EDGE_CURVE ( 'NONE', #9119, #13210, #13007, .T. ) ;
#1208 = SURFACE_STYLE_USAGE ( .BOTH. , #11398 ) ;
#1209 = EDGE_LOOP ( 'NONE', ( #10283, #10883, #1879, #1281 ) ) ;
#1210 =( NAMED_UNIT ( * ) SI_UNIT ( $, .STERADIAN. ) SOLID_ANGLE_UNIT ( ) );
#1211 = MECHANICAL_DESIGN_GEOMETRIC_PRESENTATION_REPRESENTATION (  '', ( #11521 ), #12878 ) ;
#1212 = EDGE_LOOP ( 'NONE', ( #1206, #4502, #10992, #8995, #11406, #4332, #7087, #2324 ) ) ;
#1213 = CARTESIAN_POINT ( 'NONE',  ( 2.349999999999985434, -0.1499999999999995226, -0.8309401076758556881 ) ) ;
#1214 = LINE ( 'NONE', #5305, #5223 ) ;
#1215 = CARTESIAN_POINT ( 'NONE',  ( -2.750000000000014655, -1.049999999999999156, -3.099999999999995648 ) ) ;
#1216 = DIRECTION ( 'NONE',  ( -1.000000000000000000, -0.000000000000000000, -0.000000000000000000 ) ) ;
#1217 = PLANE ( 'NONE',  #10682 ) ;
#1218 = ADVANCED_FACE ( 'NONE', ( #6294 ), #1802, .F. ) ;
#1219 = CARTESIAN_POINT ( 'NONE',  ( 2.750000000000000000, -0.8499999999999977573, 0.7750000000000007994 ) ) ;
#1220 = AXIS2_PLACEMENT_3D ( 'NONE', #8940, #1729, #10965 ) ;
#1221 =( GEOMETRIC_REPRESENTATION_CONTEXT ( 3 ) GLOBAL_UNCERTAINTY_ASSIGNED_CONTEXT ( ( #12349 ) ) GLOBAL_UNIT_ASSIGNED_CONTEXT ( ( #6507, #334, #7560 ) ) REPRESENTATION_CONTEXT ( 'NONE', 'WORKASPACE' ) );
#1222 = DIRECTION ( 'NONE',  ( 0.000000000000000000, -1.000000000000000000, 0.000000000000000000 ) ) ;
#1223 = EDGE_LOOP ( 'NONE', ( #8444, #12602, #10718, #2374 ) ) ;
#1224 = LINE ( 'NONE', #2126, #4573 ) ;
#1225 = FILL_AREA_STYLE ('',( #9401 ) ) ;
#1226 = CARTESIAN_POINT ( 'NONE',  ( 2.549999999999977618, -0.1499999999999995226, 0.3041451884327346922 ) ) ;
#1227 =( LENGTH_UNIT ( ) NAMED_UNIT ( * ) SI_UNIT ( .MILLI., .METRE. ) );
#1228 = ORIENTED_EDGE ( 'NONE', *, *, #11274, .T. ) ;
#1229 = CARTESIAN_POINT ( 'NONE',  ( -1.749999999999999112, 1.049999999999999600, 2.250000000000007105 ) ) ;
#1230 = ORIENTED_EDGE ( 'NONE', *, *, #6790, .F. ) ;
#1231 = DIRECTION ( 'NONE',  ( 0.000000000000000000, 0.000000000000000000, 1.000000000000000000 ) ) ;
#1232 = FILL_AREA_STYLE ('',( #9451 ) ) ;
#1233 = MECHANICAL_DESIGN_GEOMETRIC_PRESENTATION_REPRESENTATION (  '', ( #11783 ), #4130 ) ;
#1234 = MECHANICAL_DESIGN_GEOMETRIC_PRESENTATION_REPRESENTATION (  '', ( #85 ), #1492 ) ;
#1235 = VERTEX_POINT ( 'NONE', #10261 ) ;
#1236 = ORIENTED_EDGE ( 'NONE', *, *, #11197, .T. ) ;
#1237 = COLOUR_RGB ( '',1.000000000000000000, 1.000000000000000000, 1.000000000000000000 ) ;
#1238 = EDGE_CURVE ( 'NONE', #10854, #10867, #3546, .T. ) ;
#1239 = VERTEX_POINT ( 'NONE', #9213 ) ;
#1240 = CIRCLE ( 'NONE', #8863, 0.2030000000000000693 ) ;
#1241 = ADVANCED_FACE ( 'NONE', ( #6281 ), #10136, .T. ) ;
#1242 = SURFACE_STYLE_USAGE ( .BOTH. , #12392 ) ;
#1243 = FACE_OUTER_BOUND ( 'NONE', #8848, .T. ) ;
#1244 = CARTESIAN_POINT ( 'NONE',  ( 1.500000000000000000, 0.6499999999999998002, 3.575000000000002398 ) ) ;
#1245 = SURFACE_STYLE_USAGE ( .BOTH. , #9503 ) ;
#1246 = AXIS2_PLACEMENT_3D ( 'NONE', #8435, #5364, #8360 ) ;
#1247 = PRESENTATION_LAYER_ASSIGNMENT (  '', '', ( #529 ) ) ;
#1248 = ORIENTED_EDGE ( 'NONE', *, *, #12908, .T. ) ;
#1249 =( NAMED_UNIT ( * ) PLANE_ANGLE_UNIT ( ) SI_UNIT ( $, .RADIAN. ) );
#1250 = EDGE_CURVE ( 'NONE', #1328, #5411, #10764, .T. ) ;
#1251 = DIRECTION ( 'NONE',  ( 1.826024711554534899E-16, -4.565061778886337249E-17, 1.000000000000000000 ) ) ;
#1252 = FILL_AREA_STYLE_COLOUR ( '', #4365 ) ;
#1253 = PRESENTATION_STYLE_ASSIGNMENT (( #2764 ) ) ;
#1254 =( GEOMETRIC_REPRESENTATION_CONTEXT ( 3 ) GLOBAL_UNCERTAINTY_ASSIGNED_CONTEXT ( ( #167 ) ) GLOBAL_UNIT_ASSIGNED_CONTEXT ( ( #5147, #1199, #3074 ) ) REPRESENTATION_CONTEXT ( 'NONE', 'WORKASPACE' ) );
#1255 =( NAMED_UNIT ( * ) PLANE_ANGLE_UNIT ( ) SI_UNIT ( $, .RADIAN. ) );
#1256 = EDGE_CURVE ( 'NONE', #12906, #5398, #7406, .T. ) ;
#1257 = VECTOR ( 'NONE', #5835, 1000.000000000000000 ) ;
#1258 = VERTEX_POINT ( 'NONE', #5036 ) ;
#1259 = VERTEX_POINT ( 'NONE', #4943 ) ;
#1260 = VECTOR ( 'NONE', #9249, 1000.000000000000000 ) ;
#1261 = DIRECTION ( 'NONE',  ( 0.000000000000000000, 0.000000000000000000, 1.000000000000000000 ) ) ;
#1262 = PRESENTATION_LAYER_ASSIGNMENT (  '', '', ( #13010 ) ) ;
#1263 = CARTESIAN_POINT ( 'NONE',  ( -1.500000000000000000, 0.05000000000000274364, 3.500000000000006661 ) ) ;
#1264 = LINE ( 'NONE', #4838, #8801 ) ;
#1265 = ORIENTED_EDGE ( 'NONE', *, *, #10834, .T. ) ;
#1266 = FILL_AREA_STYLE_COLOUR ( '', #2534 ) ;
#1267 = UNCERTAINTY_MEASURE_WITH_UNIT (LENGTH_MEASURE( 1.000000000000000082E-05 ), #1988, 'distance_accuracy_value', 'NONE');
#1268 = CARTESIAN_POINT ( 'NONE',  ( 1.500000000000000000, 0.6499999999999998002, -3.574999999999997957 ) ) ;
#1269 = SURFACE_SIDE_STYLE ('',( #2240 ) ) ;
#1270 = COLOUR_RGB ( '',1.000000000000000000, 1.000000000000000000, 1.000000000000000000 ) ;
#1271 = VERTEX_POINT ( 'NONE', #11183 ) ;
#1272 = CARTESIAN_POINT ( 'NONE',  ( 0.009314526572365856155, -1.049999999999999156, 3.124166730570993700 ) ) ;
#1273 = CARTESIAN_POINT ( 'NONE',  ( 1.250000000000084599, 0.8499999999999993117, 2.750000000000006661 ) ) ;
#1274 = LINE ( 'NONE', #7710, #6246 ) ;
#1275 = ORIENTED_EDGE ( 'NONE', *, *, #3783, .F. ) ;
#1276 = APPLICATION_CONTEXT ( 'automotive_design' ) ;
#1277 = FILL_AREA_STYLE_COLOUR ( '', #7592 ) ;
#1278 = CARTESIAN_POINT ( 'NONE',  ( -2.549999999999975397, -0.1499999999999995226, -0.6999999999999979572 ) ) ;
#1279 = FILL_AREA_STYLE_COLOUR ( '', #12030 ) ;
#1280 = STYLED_ITEM ( 'NONE', ( #4145 ), #7938 ) ;
#1281 = ORIENTED_EDGE ( 'NONE', *, *, #6205, .F. ) ;
#1282 =( LENGTH_UNIT ( ) NAMED_UNIT ( * ) SI_UNIT ( .MILLI., .METRE. ) );
#1283 = FACE_OUTER_BOUND ( 'NONE', #10593, .T. ) ;
#1284 = LINE ( 'NONE', #3266, #1932 ) ;
#1285 = LINE ( 'NONE', #641, #2085 ) ;
#1286 = LINE ( 'NONE', #5514, #455 ) ;
#1287 = UNCERTAINTY_MEASURE_WITH_UNIT (LENGTH_MEASURE( 1.000000000000000082E-05 ), #12580, 'distance_accuracy_value', 'NONE');
#1288 = LINE ( 'NONE', #7408, #4794 ) ;
#1289 = ORIENTED_EDGE ( 'NONE', *, *, #4705, .F. ) ;
#1290 = PRESENTATION_LAYER_ASSIGNMENT (  '', '', ( #5639 ) ) ;
#1291 = CARTESIAN_POINT ( 'NONE',  ( 2.350000000000000089, 0.05000000000000274364, -3.774999999999995914 ) ) ;
#1292 = SURFACE_STYLE_USAGE ( .BOTH. , #11670 ) ;
#1293 = EDGE_CURVE ( 'NONE', #4023, #12100, #12366, .T. ) ;
#1294 = ADVANCED_FACE ( 'NONE', ( #9785 ), #6742, .F. ) ;
#1295 = FILL_AREA_STYLE_COLOUR ( '', #8566 ) ;
#1296 = VECTOR ( 'NONE', #3763, 1000.000000000000000 ) ;
#1297 = PLANE ( 'NONE',  #5899 ) ;
#1298 = ORIENTED_EDGE ( 'NONE', *, *, #10865, .T. ) ;
#1299 = PLANE ( 'NONE',  #3529 ) ;
#1300 = VECTOR ( 'NONE', #9660, 1000.000000000000000 ) ;
#1301 = FACE_OUTER_BOUND ( 'NONE', #4723, .T. ) ;
#1302 = FILL_AREA_STYLE_COLOUR ( '', #8182 ) ;
#1303 = ORIENTED_EDGE ( 'NONE', *, *, #1943, .T. ) ;
#1304 = DIRECTION ( 'NONE',  ( 0.000000000000000000, -0.000000000000000000, -1.000000000000000000 ) ) ;
#1305 = MECHANICAL_DESIGN_GEOMETRIC_PRESENTATION_REPRESENTATION (  '', ( #2569 ), #574 ) ;
#1306 =( NAMED_UNIT ( * ) SI_UNIT ( $, .STERADIAN. ) SOLID_ANGLE_UNIT ( ) );
#1307 = PRESENTATION_STYLE_ASSIGNMENT (( #9577 ) ) ;
#1308 = MECHANICAL_DESIGN_GEOMETRIC_PRESENTATION_REPRESENTATION (  '', ( #12892 ), #9514 ) ;
#1309 =( GEOMETRIC_REPRESENTATION_CONTEXT ( 3 ) GLOBAL_UNCERTAINTY_ASSIGNED_CONTEXT ( ( #3810 ) ) GLOBAL_UNIT_ASSIGNED_CONTEXT ( ( #7576, #10601, #7667 ) ) REPRESENTATION_CONTEXT ( 'NONE', 'WORKASPACE' ) );
#1310 = VECTOR ( 'NONE', #1602, 1000.000000000000000 ) ;
#1311 = VERTEX_POINT ( 'NONE', #2883 ) ;
#1312 = VECTOR ( 'NONE', #11143, 1000.000000000000000 ) ;
#1313 = ORIENTED_EDGE ( 'NONE', *, *, #11197, .F. ) ;
#1314 = CARTESIAN_POINT ( 'NONE',  ( 2.752999999999984571, 2.050000000000049560, -2.200000000000000178 ) ) ;
#1315 = SURFACE_STYLE_FILL_AREA ( #6618 ) ;
#1316 = VERTEX_POINT ( 'NONE', #6956 ) ;
#1317 = FILL_AREA_STYLE ('',( #11610 ) ) ;
#1318 = DIRECTION ( 'NONE',  ( 0.000000000000000000, 1.000000000000000000, 0.000000000000000000 ) ) ;
#1319 = DIRECTION ( 'NONE',  ( -0.000000000000000000, 1.000000000000000000, 1.239088197126289831E-16 ) ) ;
#1320 = SURFACE_SIDE_STYLE ('',( #491 ) ) ;
#1321 = DIRECTION ( 'NONE',  ( 0.000000000000000000, 0.000000000000000000, -1.000000000000000000 ) ) ;
#1322 = FILL_AREA_STYLE_COLOUR ( '', #8744 ) ;
#1323 =( NAMED_UNIT ( * ) SI_UNIT ( $, .STERADIAN. ) SOLID_ANGLE_UNIT ( ) );
#1324 = ORIENTED_EDGE ( 'NONE', *, *, #6089, .T. ) ;
#1325 = EDGE_CURVE ( 'NONE', #7222, #7486, #12212, .T. ) ;
#1326 = VECTOR ( 'NONE', #11189, 1000.000000000000000 ) ;
#1327 = SURFACE_STYLE_USAGE ( .BOTH. , #6340 ) ;
#1328 = VERTEX_POINT ( 'NONE', #1958 ) ;
#1329 =( GEOMETRIC_REPRESENTATION_CONTEXT ( 3 ) GLOBAL_UNCERTAINTY_ASSIGNED_CONTEXT ( ( #12348 ) ) GLOBAL_UNIT_ASSIGNED_CONTEXT ( ( #8181, #6894, #4189 ) ) REPRESENTATION_CONTEXT ( 'NONE', 'WORKASPACE' ) );
#1330 = PRESENTATION_LAYER_ASSIGNMENT (  '', '', ( #9804 ) ) ;
#1331 = EDGE_CURVE ( 'NONE', #2466, #8031, #7582, .T. ) ;
#1332 = CARTESIAN_POINT ( 'NONE',  ( 2.549999999999999822, -0.8499999999999990896, -2.600000000000008971 ) ) ;
#1333 = ORIENTED_EDGE ( 'NONE', *, *, #7844, .F. ) ;
#1334 = FILL_AREA_STYLE_COLOUR ( '', #1971 ) ;
#1335 = DIRECTION ( 'NONE',  ( 0.5073310971434472627, 0.000000000000000000, 0.8617512157642865933 ) ) ;
#1336 = DIRECTION ( 'NONE',  ( -0.000000000000000000, -1.000000000000000000, -0.000000000000000000 ) ) ;
#1337 = ORIENTED_EDGE ( 'NONE', *, *, #9940, .F. ) ;
#1338 =( GEOMETRIC_REPRESENTATION_CONTEXT ( 3 ) GLOBAL_UNCERTAINTY_ASSIGNED_CONTEXT ( ( #5353 ) ) GLOBAL_UNIT_ASSIGNED_CONTEXT ( ( #8154, #2017, #3029 ) ) REPRESENTATION_CONTEXT ( 'NONE', 'WORKASPACE' ) );
#1339 = ORIENTED_EDGE ( 'NONE', *, *, #2952, .F. ) ;
#1340 = CARTESIAN_POINT ( 'NONE',  ( -1.500000000000000000, -0.8480000000000001981, 3.572999999999989740 ) ) ;
#1341 = STYLED_ITEM ( 'NONE', ( #1542 ), #116 ) ;
#1342 = DIRECTION ( 'NONE',  ( 1.000000000000000000, 0.000000000000000000, 0.000000000000000000 ) ) ;
#1343 = DIRECTION ( 'NONE',  ( 1.000000000000000000, 0.000000000000000000, 0.000000000000000000 ) ) ;
#1344 = CARTESIAN_POINT ( 'NONE',  ( -0.2999999999999999334, 0.05000000000000273670, -3.500000000000000000 ) ) ;
#1345 =( GEOMETRIC_REPRESENTATION_CONTEXT ( 3 ) GLOBAL_UNCERTAINTY_ASSIGNED_CONTEXT ( ( #2093 ) ) GLOBAL_UNIT_ASSIGNED_CONTEXT ( ( #7446, #7214, #2996 ) ) REPRESENTATION_CONTEXT ( 'NONE', 'WORKASPACE' ) );
#1346 = ORIENTED_EDGE ( 'NONE', *, *, #185, .T. ) ;
#1347 = DIRECTION ( 'NONE',  ( 0.000000000000000000, 0.000000000000000000, -1.000000000000000000 ) ) ;
#1348 = FACE_OUTER_BOUND ( 'NONE', #5798, .T. ) ;
#1349 = PRESENTATION_STYLE_ASSIGNMENT (( #3208 ) ) ;
#1350 = EDGE_CURVE ( 'NONE', #11796, #10035, #4328, .T. ) ;
#1351 = ORIENTED_EDGE ( 'NONE', *, *, #2484, .F. ) ;
#1352 = DIRECTION ( 'NONE',  ( 0.000000000000000000, -1.000000000000000000, 0.000000000000000000 ) ) ;
#1353 = FILL_AREA_STYLE_COLOUR ( '', #11701 ) ;
#1354 =( LENGTH_UNIT ( ) NAMED_UNIT ( * ) SI_UNIT ( .MILLI., .METRE. ) );
#1355 =( LENGTH_UNIT ( ) NAMED_UNIT ( * ) SI_UNIT ( .MILLI., .METRE. ) );
#1356 =( LENGTH_UNIT ( ) NAMED_UNIT ( * ) SI_UNIT ( .MILLI., .METRE. ) );
#1357 = PLANE ( 'NONE',  #7262 ) ;
#1358 = ADVANCED_FACE ( 'NONE', ( #6590 ), #13131, .F. ) ;
#1359 = SURFACE_STYLE_USAGE ( .BOTH. , #1320 ) ;
#1360 =( GEOMETRIC_REPRESENTATION_CONTEXT ( 3 ) GLOBAL_UNCERTAINTY_ASSIGNED_CONTEXT ( ( #6682 ) ) GLOBAL_UNIT_ASSIGNED_CONTEXT ( ( #3740, #10936, #6927 ) ) REPRESENTATION_CONTEXT ( 'NONE', 'WORKASPACE' ) );
#1361 = CARTESIAN_POINT ( 'NONE',  ( 0.009314526572365856155, -1.039999999999999147, 3.124166730570993700 ) ) ;
#1362 =( NAMED_UNIT ( * ) PLANE_ANGLE_UNIT ( ) SI_UNIT ( $, .RADIAN. ) );
#1363 = UNCERTAINTY_MEASURE_WITH_UNIT (LENGTH_MEASURE( 1.000000000000000082E-05 ), #4415, 'distance_accuracy_value', 'NONE');
#1364 = UNCERTAINTY_MEASURE_WITH_UNIT (LENGTH_MEASURE( 1.000000000000000082E-05 ), #5667, 'distance_accuracy_value', 'NONE');
#1365 = PLANE ( 'NONE',  #5151 ) ;
#1366 = ORIENTED_EDGE ( 'NONE', *, *, #2511, .T. ) ;
#1367 = EDGE_CURVE ( 'NONE', #2231, #9938, #2734, .T. ) ;
#1368 = PLANE ( 'NONE',  #5422 ) ;
#1369 = LINE ( 'NONE', #933, #10007 ) ;
#1370 = VERTEX_POINT ( 'NONE', #3230 ) ;
#1371 =( NAMED_UNIT ( * ) PLANE_ANGLE_UNIT ( ) SI_UNIT ( $, .RADIAN. ) );
#1372 = ORIENTED_EDGE ( 'NONE', *, *, #10171, .T. ) ;
#1373 = DIRECTION ( 'NONE',  ( 1.734723475976807094E-15, -1.239088197126289831E-16, 1.000000000000000000 ) ) ;
#1374 = PRESENTATION_LAYER_ASSIGNMENT (  '', '', ( #11923 ) ) ;
#1375 = SURFACE_SIDE_STYLE ('',( #2859 ) ) ;
#1376 =( NAMED_UNIT ( * ) PLANE_ANGLE_UNIT ( ) SI_UNIT ( $, .RADIAN. ) );
#1377 = CARTESIAN_POINT ( 'NONE',  ( 1.500000000000000000, -0.8480000000000001981, -3.774999999999995914 ) ) ;
#1378 = FILL_AREA_STYLE ('',( #306 ) ) ;
#1379 = VECTOR ( 'NONE', #6199, 1000.000000000000000 ) ;
#1380 = LINE ( 'NONE', #558, #3605 ) ;
#1381 = PRESENTATION_LAYER_ASSIGNMENT (  '', '', ( #671 ) ) ;
#1382 = ORIENTED_EDGE ( 'NONE', *, *, #7935, .F. ) ;
#1383 = ORIENTED_EDGE ( 'NONE', *, *, #13067, .T. ) ;
#1384 = EDGE_CURVE ( 'NONE', #3145, #1719, #9609, .T. ) ;
#1385 = EDGE_LOOP ( 'NONE', ( #9019, #11664, #5048, #200, #10050, #5803, #5069, #5748, #8606, #5790, #6284, #11166, #11271, #9443, #3719, #6414, #12035, #10020, #2196, #1516, #3861, #5188, #7816, #6337 ) ) ;
#1386 = CARTESIAN_POINT ( 'NONE',  ( -2.750000000000000000, -1.050000000000000044, -3.099999999999995648 ) ) ;
#1387 = CARTESIAN_POINT ( 'NONE',  ( 2.349999999999980993, -0.6000000000000094147, 0.3041451884327325272 ) ) ;
#1388 = ORIENTED_EDGE ( 'NONE', *, *, #7014, .F. ) ;
#1389 = CARTESIAN_POINT ( 'NONE',  ( -2.100000000000000089, -0.6999999999999977351, -2.899999999999995470 ) ) ;
#1390 =( GEOMETRIC_REPRESENTATION_CONTEXT ( 3 ) GLOBAL_UNCERTAINTY_ASSIGNED_CONTEXT ( ( #11312 ) ) GLOBAL_UNIT_ASSIGNED_CONTEXT ( ( #12450, #12543, #9510 ) ) REPRESENTATION_CONTEXT ( 'NONE', 'WORKASPACE' ) );
#1391 =( NAMED_UNIT ( * ) PLANE_ANGLE_UNIT ( ) SI_UNIT ( $, .RADIAN. ) );
#1392 =( NAMED_UNIT ( * ) SI_UNIT ( $, .STERADIAN. ) SOLID_ANGLE_UNIT ( ) );
#1393 = EDGE_CURVE ( 'NONE', #5879, #5708, #1457, .T. ) ;
#1394 = FACE_OUTER_BOUND ( 'NONE', #1835, .T. ) ;
#1395 = EDGE_CURVE ( 'NONE', #3830, #1464, #12828, .T. ) ;
#1396 = VERTEX_POINT ( 'NONE', #4247 ) ;
#1397 = DIRECTION ( 'NONE',  ( 1.000000000000000000, 1.490156958597580821E-31, -3.195543245220436592E-15 ) ) ;
#1398 = COLOUR_RGB ( '',1.000000000000000000, 1.000000000000000000, 1.000000000000000000 ) ;
#1399 = SURFACE_STYLE_USAGE ( .BOTH. , #3540 ) ;
#1400 = DIRECTION ( 'NONE',  ( -0.000000000000000000, 1.000000000000000000, 4.663235150475286828E-17 ) ) ;
#1401 = SURFACE_STYLE_USAGE ( .BOTH. , #7551 ) ;
#1402 =( GEOMETRIC_REPRESENTATION_CONTEXT ( 3 ) GLOBAL_UNCERTAINTY_ASSIGNED_CONTEXT ( ( #9369 ) ) GLOBAL_UNIT_ASSIGNED_CONTEXT ( ( #2732, #2818, #9982 ) ) REPRESENTATION_CONTEXT ( 'NONE', 'WORKASPACE' ) );
#1403 = PRESENTATION_LAYER_ASSIGNMENT (  '', '', ( #8779 ) ) ;
#1404 = SURFACE_STYLE_USAGE ( .BOTH. , #7554 ) ;
#1405 = ORIENTED_EDGE ( 'NONE', *, *, #8773, .F. ) ;
#1406 = VECTOR ( 'NONE', #719, 1000.000000000000000 ) ;
#1407 = SURFACE_STYLE_FILL_AREA ( #1847 ) ;
#1408 = SURFACE_STYLE_USAGE ( .BOTH. , #10766 ) ;
#1409 = VECTOR ( 'NONE', #7194, 1000.000000000000000 ) ;
#1410 = VERTEX_POINT ( 'NONE', #11322 ) ;
#1411 = ORIENTED_EDGE ( 'NONE', *, *, #232, .F. ) ;
#1412 = STYLED_ITEM ( 'NONE', ( #2934 ), #9735 ) ;
#1413 =( NAMED_UNIT ( * ) SI_UNIT ( $, .STERADIAN. ) SOLID_ANGLE_UNIT ( ) );
#1414 = PRESENTATION_STYLE_ASSIGNMENT (( #4313 ) ) ;
#1415 = EDGE_CURVE ( 'NONE', #10604, #1258, #2899, .T. ) ;
#1416 =( LENGTH_UNIT ( ) NAMED_UNIT ( * ) SI_UNIT ( .MILLI., .METRE. ) );
#1417 = DIRECTION ( 'NONE',  ( 0.000000000000000000, 0.000000000000000000, 1.000000000000000000 ) ) ;
#1418 = PLANE ( 'NONE',  #12483 ) ;
#1419 = PRESENTATION_LAYER_ASSIGNMENT (  '', '', ( #26 ) ) ;
#1420 = MECHANICAL_DESIGN_GEOMETRIC_PRESENTATION_REPRESENTATION (  '', ( #3646 ), #1862 ) ;
#1421 = LINE ( 'NONE', #1758, #2377 ) ;
#1422 = ADVANCED_FACE ( 'NONE', ( #5601 ), #8673, .F. ) ;
#1423 = CARTESIAN_POINT ( 'NONE',  ( 1.500000000000000000, -0.8480000000000001981, 3.572999999999989740 ) ) ;
#1424 = VERTEX_POINT ( 'NONE', #1044 ) ;
#1425 = EDGE_CURVE ( 'NONE', #9079, #6660, #5777, .T. ) ;
#1426 =( LENGTH_UNIT ( ) NAMED_UNIT ( * ) SI_UNIT ( .MILLI., .METRE. ) );
#1427 = PLANE ( 'NONE',  #6419 ) ;
#1428 = DIRECTION ( 'NONE',  ( 0.000000000000000000, -1.000000000000000000, 0.000000000000000000 ) ) ;
#1429 = MECHANICAL_DESIGN_GEOMETRIC_PRESENTATION_REPRESENTATION (  '', ( #2545 ), #7177 ) ;
#1430 = VECTOR ( 'NONE', #9992, 1000.000000000000000 ) ;
#1431 = FACE_OUTER_BOUND ( 'NONE', #1617, .T. ) ;
#1432 = ORIENTED_EDGE ( 'NONE', *, *, #7803, .F. ) ;
#1433 = UNCERTAINTY_MEASURE_WITH_UNIT (LENGTH_MEASURE( 1.000000000000000082E-05 ), #7392, 'distance_accuracy_value', 'NONE');
#1434 = UNCERTAINTY_MEASURE_WITH_UNIT (LENGTH_MEASURE( 1.000000000000000082E-05 ), #9099, 'distance_accuracy_value', 'NONE');
#1435 = SURFACE_STYLE_FILL_AREA ( #664 ) ;
#1436 = AXIS2_PLACEMENT_3D ( 'NONE', #11961, #6888, #8786 ) ;
#1437 = CARTESIAN_POINT ( 'NONE',  ( 2.552999999999983949, 2.050000000000049560, -0.2999999999999999334 ) ) ;
#1438 = ORIENTED_EDGE ( 'NONE', *, *, #4187, .F. ) ;
#1439 = ADVANCED_FACE ( 'NONE', ( #4484 ), #5287, .F. ) ;
#1440 = DIRECTION ( 'NONE',  ( 8.673617379884032317E-15, -1.000000000000000000, -0.000000000000000000 ) ) ;
#1441 = PRESENTATION_LAYER_ASSIGNMENT (  '', '', ( #10797 ) ) ;
#1442 = DIRECTION ( 'NONE',  ( 0.000000000000000000, 0.000000000000000000, 1.000000000000000000 ) ) ;
#1443 = DIRECTION ( 'NONE',  ( -0.000000000000000000, -0.000000000000000000, -1.000000000000000000 ) ) ;
#1444 = VECTOR ( 'NONE', #11180, 1000.000000000000000 ) ;
#1445 = DIRECTION ( 'NONE',  ( -7.228014483236695816E-17, -7.228014483236695816E-17, 1.000000000000000000 ) ) ;
#1446 = EDGE_CURVE ( 'NONE', #11155, #10437, #10424, .T. ) ;
#1447 = VERTEX_POINT ( 'NONE', #12422 ) ;
#1448 = PLANE ( 'NONE',  #8551 ) ;
#1449 = CARTESIAN_POINT ( 'NONE',  ( 2.550000000000000266, -1.049999999999999156, -1.649999999999994804 ) ) ;
#1450 = FACE_OUTER_BOUND ( 'NONE', #962, .T. ) ;
#1451 = UNCERTAINTY_MEASURE_WITH_UNIT (LENGTH_MEASURE( 1.000000000000000082E-05 ), #4983, 'distance_accuracy_value', 'NONE');
#1452 = VECTOR ( 'NONE', #3223, 1000.000000000000000 ) ;
#1453 = ORIENTED_EDGE ( 'NONE', *, *, #6484, .T. ) ;
#1454 = CARTESIAN_POINT ( 'NONE',  ( 1.500000000000000000, -0.8500000000000000888, -3.099999999999995648 ) ) ;
#1455 = FILL_AREA_STYLE_COLOUR ( '', #7884 ) ;
#1456 = ORIENTED_EDGE ( 'NONE', *, *, #1844, .T. ) ;
#1457 = LINE ( 'NONE', #3136, #12038 ) ;
#1458 = CARTESIAN_POINT ( 'NONE',  ( 2.750000000000000000, -1.050000000000000044, -3.500000000000000000 ) ) ;
#1460 = ORIENTED_EDGE ( 'NONE', *, *, #7723, .T. ) ;
#1459 = AXIS2_PLACEMENT_3D ( 'NONE', #36, #68, #3045 ) ;
#1461 = COLOUR_RGB ( '',0.1098039215686274495, 0.1098039215686274495, 0.1098039215686274495 ) ;
#1462 = FACE_OUTER_BOUND ( 'NONE', #308, .T. ) ;
#1463 = CARTESIAN_POINT ( 'NONE',  ( -2.549999999999998934, 1.027999999999999581, 0.2999999999999999334 ) ) ;
#1464 = VERTEX_POINT ( 'NONE', #4206 ) ;
#1465 = CARTESIAN_POINT ( 'NONE',  ( 1.500000000000000000, -0.8500000000000000888, 3.099999999999989431 ) ) ;
#1466 = EDGE_CURVE ( 'NONE', #1053, #13210, #13145, .T. ) ;
#1467 =( LENGTH_UNIT ( ) NAMED_UNIT ( * ) SI_UNIT ( .MILLI., .METRE. ) );
#1468 = DIRECTION ( 'NONE',  ( 0.000000000000000000, 0.000000000000000000, 1.000000000000000000 ) ) ;
#1469 = CIRCLE ( 'NONE', #1619, 0.1999999999999999833 ) ;
#1470 = COLOUR_RGB ( '',1.000000000000000000, 1.000000000000000000, 1.000000000000000000 ) ;
#1471 =( NAMED_UNIT ( * ) PLANE_ANGLE_UNIT ( ) SI_UNIT ( $, .RADIAN. ) );
#1472 = LINE ( 'NONE', #3772, #10603 ) ;
#1473 = ORIENTED_EDGE ( 'NONE', *, *, #9090, .T. ) ;
#1474 = FILL_AREA_STYLE ('',( #11678 ) ) ;
#1475 = AXIS2_PLACEMENT_3D ( 'NONE', #12276, #2023, #10164 ) ;
#1476 = COLOUR_RGB ( '',0.1098039215686274495, 0.1098039215686274495, 0.1098039215686274495 ) ;
#1477 = ORIENTED_EDGE ( 'NONE', *, *, #7245, .T. ) ;
#1478 = PRESENTATION_LAYER_ASSIGNMENT (  '', '', ( #12966 ) ) ;
#1479 = CARTESIAN_POINT ( 'NONE',  ( 2.649999999999982592, -0.1499999999999995226, -0.2154700538379264729 ) ) ;
#1480 = CARTESIAN_POINT ( 'NONE',  ( -0.2130186765629382140, -1.039999999999999147, 2.751416432946642399 ) ) ;
#1481 = ORIENTED_EDGE ( 'NONE', *, *, #5417, .T. ) ;
#1482 = ORIENTED_EDGE ( 'NONE', *, *, #6638, .F. ) ;
#1483 = DIRECTION ( 'NONE',  ( 0.000000000000000000, 1.000000000000000000, 0.000000000000000000 ) ) ;
#1484 = LINE ( 'NONE', #12560, #495 ) ;
#1485 =( NAMED_UNIT ( * ) SI_UNIT ( $, .STERADIAN. ) SOLID_ANGLE_UNIT ( ) );
#1486 = ORIENTED_EDGE ( 'NONE', *, *, #1609, .F. ) ;
#1487 = CARTESIAN_POINT ( 'NONE',  ( 2.350000000000000089, 0.6499999999999998002, 3.575000000000002398 ) ) ;
#1488 =( NAMED_UNIT ( * ) SI_UNIT ( $, .STERADIAN. ) SOLID_ANGLE_UNIT ( ) );
#1489 = ADVANCED_FACE ( 'NONE', ( #3369 ), #840, .F. ) ;
#1490 = CARTESIAN_POINT ( 'NONE',  ( 2.349999999999985434, -0.1499999999999995226, -0.8309401076758556881 ) ) ;
#1491 = CARTESIAN_POINT ( 'NONE',  ( 1.250000000000084599, 0.8499999999999993117, 2.750000000000006661 ) ) ;
#1492 =( GEOMETRIC_REPRESENTATION_CONTEXT ( 3 ) GLOBAL_UNCERTAINTY_ASSIGNED_CONTEXT ( ( #1193 ) ) GLOBAL_UNIT_ASSIGNED_CONTEXT ( ( #770, #12072, #2753 ) ) REPRESENTATION_CONTEXT ( 'NONE', 'WORKASPACE' ) );
#1493 = DIRECTION ( 'NONE',  ( 0.000000000000000000, 0.000000000000000000, -1.000000000000000000 ) ) ;
#1494 = EDGE_CURVE ( 'NONE', #2547, #6270, #5758, .T. ) ;
#1495 = DIRECTION ( 'NONE',  ( 0.000000000000000000, 4.663235150475286828E-17, -1.000000000000000000 ) ) ;
#1496 = ORIENTED_EDGE ( 'NONE', *, *, #6555, .F. ) ;
#1497 = CYLINDRICAL_SURFACE ( 'NONE', #2852, 0.2000000000000003164 ) ;
#1498 = CARTESIAN_POINT ( 'NONE',  ( 2.750000000000000000, -1.050000000000000044, -3.099999999999995648 ) ) ;
#1499 = VECTOR ( 'NONE', #11366, 1000.000000000000000 ) ;
#1500 = VERTEX_POINT ( 'NONE', #11074 ) ;
#1501 = VECTOR ( 'NONE', #12540, 1000.000000000000000 ) ;
#1502 =( NAMED_UNIT ( * ) SI_UNIT ( $, .STERADIAN. ) SOLID_ANGLE_UNIT ( ) );
#1503 = EDGE_CURVE ( 'NONE', #5004, #5072, #1632, .T. ) ;
#1504 = ADVANCED_FACE ( 'NONE', ( #284 ), #5857, .F. ) ;
#1505 = CARTESIAN_POINT ( 'NONE',  ( 1.250000000000032196, 0.8499999999999997558, 0.2500000000000037748 ) ) ;
#1506 = CARTESIAN_POINT ( 'NONE',  ( 2.499999999999999556, 1.050000000000000044, -3.500000000000000000 ) ) ;
#1507 = SURFACE_STYLE_USAGE ( .BOTH. , #7661 ) ;
#1508 = CARTESIAN_POINT ( 'NONE',  ( 1.250000000000032196, 0.8500000000000001998, -2.749999999999999112 ) ) ;
#1509 = PRESENTATION_LAYER_ASSIGNMENT (  '', '', ( #805 ) ) ;
#1510 = AXIS2_PLACEMENT_3D ( 'NONE', #5544, #2821, #12724 ) ;
#1511 = EDGE_CURVE ( 'NONE', #592, #6640, #10910, .T. ) ;
#1512 =( NAMED_UNIT ( * ) PLANE_ANGLE_UNIT ( ) SI_UNIT ( $, .RADIAN. ) );
#1513 = DIRECTION ( 'NONE',  ( 0.5050286047680498935, 0.000000000000000000, 0.8631026059316683208 ) ) ;
#1514 = FACE_BOUND ( 'NONE', #2197, .T. ) ;
#1515 = DIRECTION ( 'NONE',  ( -1.000000000000000000, 0.000000000000000000, 0.000000000000000000 ) ) ;
#1516 = ORIENTED_EDGE ( 'NONE', *, *, #1720, .F. ) ;
#1517 = CYLINDRICAL_SURFACE ( 'NONE', #8289, 0.2030000000000000693 ) ;
#1518 = CLOSED_SHELL ( 'NONE', ( #1422, #5310, #739, #5493, #7003, #178, #1686, #9802, #5576, #10542 ) ) ;
#1519 = PLANE ( 'NONE',  #3710 ) ;
#1520 = AXIS2_PLACEMENT_3D ( 'NONE', #7979, #7021, #9040 ) ;
#1521 = CARTESIAN_POINT ( 'NONE',  ( -0.2499999999999572842, 1.049999999999999822, 0.2500000000000037748 ) ) ;
#1522 = EDGE_CURVE ( 'NONE', #6602, #5065, #12219, .T. ) ;
#1523 = SURFACE_STYLE_FILL_AREA ( #560 ) ;
#1524 = SURFACE_SIDE_STYLE ('',( #4806 ) ) ;
#1525 = VECTOR ( 'NONE', #9168, 1000.000000000000000 ) ;
#1526 = COLOUR_RGB ( '',1.000000000000000000, 1.000000000000000000, 1.000000000000000000 ) ;
#1527 = UNCERTAINTY_MEASURE_WITH_UNIT (LENGTH_MEASURE( 1.000000000000000082E-05 ), #5184, 'distance_accuracy_value', 'NONE');
#1528 = DIRECTION ( 'NONE',  ( -1.734723475976807094E-15, 1.239088197126289831E-16, -1.000000000000000000 ) ) ;
#1529 = CIRCLE ( 'NONE', #7611, 0.1999999999999977074 ) ;
#1530 = CARTESIAN_POINT ( 'NONE',  ( -2.549999999999983835, -0.1499999999999995226, 0.04226497308104060213 ) ) ;
#1531 = EDGE_LOOP ( 'NONE', ( #2280, #10363, #2143, #3626 ) ) ;
#1532 = CARTESIAN_POINT ( 'NONE',  ( -2.499999999999998668, 1.024999999999999467, 2.200000000000000178 ) ) ;
#1533 =( NAMED_UNIT ( * ) PLANE_ANGLE_UNIT ( ) SI_UNIT ( $, .RADIAN. ) );
#1534 = VERTEX_POINT ( 'NONE', #1532 ) ;
#1535 = CARTESIAN_POINT ( 'NONE',  ( 2.449999999999983746, -0.6000000000000094147, -0.3113248654051902209 ) ) ;
#1536 =( NAMED_UNIT ( * ) PLANE_ANGLE_UNIT ( ) SI_UNIT ( $, .RADIAN. ) );
#1537 = DIRECTION ( 'NONE',  ( 1.000000000000000000, 0.000000000000000000, -0.000000000000000000 ) ) ;
#1538 = STYLED_ITEM ( 'NONE', ( #780 ), #8021 ) ;
#1539 = DIRECTION ( 'NONE',  ( 0.000000000000000000, 0.000000000000000000, -1.000000000000000000 ) ) ;
#1540 =( NAMED_UNIT ( * ) PLANE_ANGLE_UNIT ( ) SI_UNIT ( $, .RADIAN. ) );
#1541 = VERTEX_POINT ( 'NONE', #12002 ) ;
#1542 = PRESENTATION_STYLE_ASSIGNMENT (( #1543 ) ) ;
#1543 = SURFACE_STYLE_USAGE ( .BOTH. , #9719 ) ;
#1544 = ORIENTED_EDGE ( 'NONE', *, *, #11349, .T. ) ;
#1545 = AXIS2_PLACEMENT_3D ( 'NONE', #12266, #9244, #2942 ) ;
#1546 = CARTESIAN_POINT ( 'NONE',  ( -2.349999999999978328, -0.6000000000000094147, -0.3041451884327325272 ) ) ;
#1547 = EDGE_CURVE ( 'NONE', #13, #7395, #9770, .T. ) ;
#1548 = CARTESIAN_POINT ( 'NONE',  ( -1.500000000000000000, -0.8500000000000000888, 3.572999999999989740 ) ) ;
#1549 = LINE ( 'NONE', #909, #7477 ) ;
#1550 = PRESENTATION_STYLE_ASSIGNMENT (( #10645 ) ) ;
#1551 = ORIENTED_EDGE ( 'NONE', *, *, #1901, .T. ) ;
#1552 = SURFACE_STYLE_USAGE ( .BOTH. , #9649 ) ;
#1553 = SURFACE_STYLE_USAGE ( .BOTH. , #2535 ) ;
#1554 = CARTESIAN_POINT ( 'NONE',  ( 2.350000000000000089, 0.05000000000000274364, 3.774999999999995914 ) ) ;
#1555 = ORIENTED_EDGE ( 'NONE', *, *, #113, .F. ) ;
#1556 = SURFACE_STYLE_FILL_AREA ( #7247 ) ;
#1557 = ADVANCED_FACE ( 'NONE', ( #8190 ), #410, .F. ) ;
#1558 = CARTESIAN_POINT ( 'NONE',  ( 1.250000000000032196, 0.8500000000000001998, -2.749999999999999112 ) ) ;
#1559 = ORIENTED_EDGE ( 'NONE', *, *, #2230, .F. ) ;
#1560 =( NAMED_UNIT ( * ) PLANE_ANGLE_UNIT ( ) SI_UNIT ( $, .RADIAN. ) );
#1561 =( NAMED_UNIT ( * ) SI_UNIT ( $, .STERADIAN. ) SOLID_ANGLE_UNIT ( ) );
#1562 = MECHANICAL_DESIGN_GEOMETRIC_PRESENTATION_REPRESENTATION (  '', ( #752 ), #3606 ) ;
#1563 = VERTEX_POINT ( 'NONE', #2509 ) ;
#1564 = PRESENTATION_STYLE_ASSIGNMENT (( #8894 ) ) ;
#1565 = ORIENTED_EDGE ( 'NONE', *, *, #12305, .F. ) ;
#1566 = VECTOR ( 'NONE', #7797, 1000.000000000000114 ) ;
#1567 = FILL_AREA_STYLE ('',( #8561 ) ) ;
#1568 = PRESENTATION_STYLE_ASSIGNMENT (( #2813 ) ) ;
#1569 = LINE ( 'NONE', #288, #5553 ) ;
#1570 = ORIENTED_EDGE ( 'NONE', *, *, #1701, .T. ) ;
#1571 = CARTESIAN_POINT ( 'NONE',  ( -1.500000000000000000, 0.6499999999999998002, 3.575000000000002398 ) ) ;
#1572 = ADVANCED_FACE ( 'NONE', ( #6746 ), #12372, .F. ) ;
#1573 =( NAMED_UNIT ( * ) SI_UNIT ( $, .STERADIAN. ) SOLID_ANGLE_UNIT ( ) );
#1574 = CARTESIAN_POINT ( 'NONE',  ( 2.349999999999980993, -0.1499999999999995226, 0.3041451884327325272 ) ) ;
#1575 = CARTESIAN_POINT ( 'NONE',  ( -0.2326411701485553984, -1.049999999999999156, 2.864768817329522932 ) ) ;
#1576 = EDGE_CURVE ( 'NONE', #8440, #9273, #619, .T. ) ;
#1577 = VECTOR ( 'NONE', #13105, 1000.000000000000000 ) ;
#1578 = DIRECTION ( 'NONE',  ( -0.000000000000000000, -0.000000000000000000, 1.000000000000000000 ) ) ;
#1579 = CARTESIAN_POINT ( 'NONE',  ( -1.249999999999999112, 1.049999999999999600, 2.250000000000006217 ) ) ;
#1580 = CARTESIAN_POINT ( 'NONE',  ( 7.899322037525782563E-31, 0.8500000000000006439, 4.305831485013867017E-16 ) ) ;
#1581 = VECTOR ( 'NONE', #1833, 1000.000000000000000 ) ;
#1582 = ORIENTED_EDGE ( 'NONE', *, *, #3615, .T. ) ;
#1583 = STYLED_ITEM ( 'NONE', ( #11153 ), #11321 ) ;
#1584 = MECHANICAL_DESIGN_GEOMETRIC_PRESENTATION_REPRESENTATION (  '', ( #12807 ), #1674 ) ;
#1585 = ORIENTED_EDGE ( 'NONE', *, *, #10112, .F. ) ;
#1586 =( LENGTH_UNIT ( ) NAMED_UNIT ( * ) SI_UNIT ( .MILLI., .METRE. ) );
#1587 = FILL_AREA_STYLE_COLOUR ( '', #4069 ) ;
#1588 = EDGE_CURVE ( 'NONE', #10035, #5627, #11247, .T. ) ;
#1589 = PRESENTATION_STYLE_ASSIGNMENT (( #2078 ) ) ;
#1590 = DIRECTION ( 'NONE',  ( 6.789524367814960934E-15, -1.000000000000000000, -0.000000000000000000 ) ) ;
#1591 = VECTOR ( 'NONE', #1319, 1000.000000000000000 ) ;
#1592 = VERTEX_POINT ( 'NONE', #4986 ) ;
#1593 = AXIS2_PLACEMENT_3D ( 'NONE', #6295, #9406, #3188 ) ;
#1594 = FACE_OUTER_BOUND ( 'NONE', #5131, .T. ) ;
#1595 = ORIENTED_EDGE ( 'NONE', *, *, #12097, .F. ) ;
#1596 = PRESENTATION_STYLE_ASSIGNMENT (( #7066 ) ) ;
#1597 = DIRECTION ( 'NONE',  ( 4.243452729884350584E-16, -1.000000000000000000, 0.000000000000000000 ) ) ;
#1598 = MECHANICAL_DESIGN_GEOMETRIC_PRESENTATION_REPRESENTATION (  '', ( #8892 ), #9133 ) ;
#1599 = VECTOR ( 'NONE', #11931, 1000.000000000000000 ) ;
#1600 = VECTOR ( 'NONE', #12092, 1000.000000000000000 ) ;
#1601 = VERTEX_POINT ( 'NONE', #3003 ) ;
#1602 = DIRECTION ( 'NONE',  ( 8.673617379884032317E-15, -1.000000000000000000, -0.000000000000000000 ) ) ;
#1603 = DIRECTION ( 'NONE',  ( -4.336808689942026413E-15, -4.663235150475286828E-17, 1.000000000000000000 ) ) ;
#1604 = CARTESIAN_POINT ( 'NONE',  ( -2.449999999999985523, -0.1499999999999995226, 0.2154700538379286379 ) ) ;
#1605 = PRESENTATION_LAYER_ASSIGNMENT (  '', '', ( #10511 ) ) ;
#1606 =( GEOMETRIC_REPRESENTATION_CONTEXT ( 3 ) GLOBAL_UNCERTAINTY_ASSIGNED_CONTEXT ( ( #2505 ) ) GLOBAL_UNIT_ASSIGNED_CONTEXT ( ( #2019, #12271, #2951 ) ) REPRESENTATION_CONTEXT ( 'NONE', 'WORKASPACE' ) );
#1607 = VECTOR ( 'NONE', #8051, 1000.000000000000000 ) ;
#1608 = ORIENTED_EDGE ( 'NONE', *, *, #13076, .F. ) ;
#1609 = EDGE_CURVE ( 'NONE', #791, #6230, #4317, .T. ) ;
#1610 = UNCERTAINTY_MEASURE_WITH_UNIT (LENGTH_MEASURE( 1.000000000000000082E-05 ), #5662, 'distance_accuracy_value', 'NONE');
#1611 = MANIFOLD_SOLID_BREP ( 'LPattern1[2]', #1518 ) ;
#1612 = FACE_OUTER_BOUND ( 'NONE', #579, .T. ) ;
#1613 = EDGE_LOOP ( 'NONE', ( #55, #11448, #8766, #2642 ) ) ;
#1614 = SURFACE_SIDE_STYLE ('',( #13194 ) ) ;
#1615 = PRODUCT ( '452403012014-1', '452403012014-1', '', ( #5500 ) ) ;
#1616 = PRESENTATION_LAYER_ASSIGNMENT (  '', '', ( #13020 ) ) ;
#1617 = EDGE_LOOP ( 'NONE', ( #7288, #2043, #1087, #3282 ) ) ;
#1618 = CARTESIAN_POINT ( 'NONE',  ( 1.500000000000000000, 0.05000000000000181383, 3.825000000000005507 ) ) ;
#1619 = AXIS2_PLACEMENT_3D ( 'NONE', #9230, #3101, #8402 ) ;
#1620 = VECTOR ( 'NONE', #2153, 1000.000000000000114 ) ;
#1621 = ORIENTED_EDGE ( 'NONE', *, *, #9411, .F. ) ;
#1622 =( LENGTH_UNIT ( ) NAMED_UNIT ( * ) SI_UNIT ( .MILLI., .METRE. ) );
#1623 = CARTESIAN_POINT ( 'NONE',  ( -2.750000000000000000, -1.049999999999999378, 2.800000000000001599 ) ) ;
#1624 = CARTESIAN_POINT ( 'NONE',  ( -0.3000000000000001554, 0.8499999999999993117, 3.850000000000006750 ) ) ;
#1625 = ADVANCED_FACE ( 'NONE', ( #3212 ), #9140, .F. ) ;
#1626 = EDGE_CURVE ( 'NONE', #3537, #2108, #141, .T. ) ;
#1627 = CARTESIAN_POINT ( 'NONE',  ( -0.2499999999999835132, 0.8499999999999993117, 2.750000000000006661 ) ) ;
#1628 = DIRECTION ( 'NONE',  ( 0.000000000000000000, -0.000000000000000000, 1.000000000000000000 ) ) ;
#1629 = ORIENTED_EDGE ( 'NONE', *, *, #5114, .F. ) ;
#1630 = ORIENTED_EDGE ( 'NONE', *, *, #10127, .T. ) ;
#1631 = DIRECTION ( 'NONE',  ( -0.000000000000000000, 0.000000000000000000, 1.000000000000000000 ) ) ;
#1632 = LINE ( 'NONE', #4971, #11556 ) ;
#1633 = ORIENTED_EDGE ( 'NONE', *, *, #2147, .T. ) ;
#1634 =( NAMED_UNIT ( * ) PLANE_ANGLE_UNIT ( ) SI_UNIT ( $, .RADIAN. ) );
#1635 = STYLED_ITEM ( 'NONE', ( #8951 ), #8354 ) ;
#1636 = CARTESIAN_POINT ( 'NONE',  ( -0.4876785292598742605, -1.039999999999999147, 2.413550568363380666 ) ) ;
#1637 = CARTESIAN_POINT ( 'NONE',  ( -2.749999999999978240, -0.1499999999999995226, -0.3041451884327324717 ) ) ;
#1638 = VECTOR ( 'NONE', #3246, 1000.000000000000000 ) ;
#1639 = ADVANCED_FACE ( 'NONE', ( #11262 ), #6754, .F. ) ;
#1640 =( NAMED_UNIT ( * ) PLANE_ANGLE_UNIT ( ) SI_UNIT ( $, .RADIAN. ) );
#1641 = PRESENTATION_LAYER_ASSIGNMENT (  '', '', ( #12944 ) ) ;
#1642 = ORIENTED_EDGE ( 'NONE', *, *, #2561, .T. ) ;
#1643 = VECTOR ( 'NONE', #12493, 1000.000000000000000 ) ;
#1644 =( LENGTH_UNIT ( ) NAMED_UNIT ( * ) SI_UNIT ( .MILLI., .METRE. ) );
#1645 = DIRECTION ( 'NONE',  ( -0.000000000000000000, -1.000000000000000000, -4.663235150475286828E-17 ) ) ;
#1646 = EDGE_CURVE ( 'NONE', #4010, #11020, #10934, .T. ) ;
#1647 = ORIENTED_EDGE ( 'NONE', *, *, #5519, .F. ) ;
#1648 = FILL_AREA_STYLE_COLOUR ( '', #12273 ) ;
#1649 = SURFACE_STYLE_USAGE ( .BOTH. , #10924 ) ;
#1650 =( NAMED_UNIT ( * ) PLANE_ANGLE_UNIT ( ) SI_UNIT ( $, .RADIAN. ) );
#1651 = LINE ( 'NONE', #7614, #2609 ) ;
#1652 = PLANE ( 'NONE',  #7863 ) ;
#1653 = VERTEX_POINT ( 'NONE', #10895 ) ;
#1654 = EDGE_CURVE ( 'NONE', #150, #6456, #637, .T. ) ;
#1655 = VECTOR ( 'NONE', #6221, 1000.000000000000000 ) ;
#1656 = EDGE_LOOP ( 'NONE', ( #12201, #9642, #8039, #7757 ) ) ;
#1657 = COLOUR_RGB ( '',1.000000000000000000, 1.000000000000000000, 1.000000000000000000 ) ;
#1658 = ORIENTED_EDGE ( 'NONE', *, *, #6301, .F. ) ;
#1659 = SURFACE_SIDE_STYLE ('',( #7544 ) ) ;
#1660 = PRESENTATION_LAYER_ASSIGNMENT (  '', '', ( #2335 ) ) ;
#1661 =( GEOMETRIC_REPRESENTATION_CONTEXT ( 3 ) GLOBAL_UNCERTAINTY_ASSIGNED_CONTEXT ( ( #8584 ) ) GLOBAL_UNIT_ASSIGNED_CONTEXT ( ( #1688, #582, #12874 ) ) REPRESENTATION_CONTEXT ( 'NONE', 'WORKASPACE' ) );
#1662 = CARTESIAN_POINT ( 'NONE',  ( 2.750000000000000000, 0.05000000000000273670, -3.500000000000000000 ) ) ;
#1663 = VERTEX_POINT ( 'NONE', #9758 ) ;
#1664 = FILL_AREA_STYLE ('',( #4784 ) ) ;
#1665 = DIRECTION ( 'NONE',  ( -0.000000000000000000, 1.000000000000000000, 1.239088197126289831E-16 ) ) ;
#1666 = PRESENTATION_LAYER_ASSIGNMENT (  '', '', ( #12892 ) ) ;
#1667 = DIRECTION ( 'NONE',  ( 0.000000000000000000, -1.000000000000000000, 0.000000000000000000 ) ) ;
#1668 = FILL_AREA_STYLE_COLOUR ( '', #869 ) ;
#1669 = VERTEX_POINT ( 'NONE', #6626 ) ;
#1670 = EDGE_CURVE ( 'NONE', #10689, #3366, #12994, .T. ) ;
#1671 = PLANE ( 'NONE',  #603 ) ;
#1672 =( NAMED_UNIT ( * ) PLANE_ANGLE_UNIT ( ) SI_UNIT ( $, .RADIAN. ) );
#1673 =( GEOMETRIC_REPRESENTATION_CONTEXT ( 3 ) GLOBAL_UNCERTAINTY_ASSIGNED_CONTEXT ( ( #12591 ) ) GLOBAL_UNIT_ASSIGNED_CONTEXT ( ( #3312, #11491, #6289 ) ) REPRESENTATION_CONTEXT ( 'NONE', 'WORKASPACE' ) );
#1674 =( GEOMETRIC_REPRESENTATION_CONTEXT ( 3 ) GLOBAL_UNCERTAINTY_ASSIGNED_CONTEXT ( ( #10810 ) ) GLOBAL_UNIT_ASSIGNED_CONTEXT ( ( #7654, #5595, #3591 ) ) REPRESENTATION_CONTEXT ( 'NONE', 'WORKASPACE' ) );
#1675 = UNCERTAINTY_MEASURE_WITH_UNIT (LENGTH_MEASURE( 1.000000000000000082E-05 ), #3232, 'distance_accuracy_value', 'NONE');
#1676 = LINE ( 'NONE', #10990, #2630 ) ;
#1677 = CARTESIAN_POINT ( 'NONE',  ( 2.752999999999985015, 2.050000000000049116, 2.799999999999999822 ) ) ;
#1678 = LINE ( 'NONE', #6228, #5497 ) ;
#1679 = EDGE_CURVE ( 'NONE', #29, #7462, #5153, .T. ) ;
#1680 = PLANE ( 'NONE',  #3201 ) ;
#1681 = VECTOR ( 'NONE', #1786, 1000.000000000000000 ) ;
#1682 = ORIENTED_EDGE ( 'NONE', *, *, #9307, .T. ) ;
#1683 = CARTESIAN_POINT ( 'NONE',  ( 1.750000000000032196, 0.8500000000000001998, -2.750000000000000000 ) ) ;
#1684 = DIRECTION ( 'NONE',  ( -0.000000000000000000, -0.000000000000000000, -1.000000000000000000 ) ) ;
#1685 = MECHANICAL_DESIGN_GEOMETRIC_PRESENTATION_REPRESENTATION (  '', ( #7364 ), #2372 ) ;
#1686 = ADVANCED_FACE ( 'NONE', ( #13303 ), #479, .F. ) ;
#1687 =( NAMED_UNIT ( * ) SI_UNIT ( $, .STERADIAN. ) SOLID_ANGLE_UNIT ( ) );
#1688 =( LENGTH_UNIT ( ) NAMED_UNIT ( * ) SI_UNIT ( .MILLI., .METRE. ) );
#1689 = CARTESIAN_POINT ( 'NONE',  ( 1.250000000000084599, 0.8499999999999995337, 2.250000000000007105 ) ) ;
#1690 = VECTOR ( 'NONE', #9206, 1000.000000000000000 ) ;
#1691 = ORIENTED_EDGE ( 'NONE', *, *, #3002, .T. ) ;
#1692 = COLOUR_RGB ( '',0.1098039215686274495, 0.1098039215686274495, 0.1098039215686274495 ) ;
#1693 = UNCERTAINTY_MEASURE_WITH_UNIT (LENGTH_MEASURE( 1.000000000000000082E-05 ), #4801, 'distance_accuracy_value', 'NONE');
#1694 = FILL_AREA_STYLE ('',( #12877 ) ) ;
#1695 = PRESENTATION_STYLE_ASSIGNMENT (( #8185 ) ) ;
#1696 = LINE ( 'NONE', #6564, #9349 ) ;
#1697 = PRESENTATION_LAYER_ASSIGNMENT (  '', '', ( #1005 ) ) ;
#1698 = ORIENTED_EDGE ( 'NONE', *, *, #3878, .F. ) ;
#1699 = SURFACE_STYLE_USAGE ( .BOTH. , #8911 ) ;
#1700 = SURFACE_STYLE_USAGE ( .BOTH. , #1659 ) ;
#1701 = EDGE_CURVE ( 'NONE', #524, #1136, #4808, .T. ) ;
#1702 = VECTOR ( 'NONE', #7232, 1000.000000000000000 ) ;
#1703 = ADVANCED_FACE ( 'NONE', ( #11404 ), #5673, .F. ) ;
#1704 = SURFACE_SIDE_STYLE ('',( #12329 ) ) ;
#1705 = PLANE ( 'NONE',  #431 ) ;
#1706 = VECTOR ( 'NONE', #366, 1000.000000000000000 ) ;
#1707 = VERTEX_POINT ( 'NONE', #7736 ) ;
#1708 =( NAMED_UNIT ( * ) SI_UNIT ( $, .STERADIAN. ) SOLID_ANGLE_UNIT ( ) );
#1709 = VERTEX_POINT ( 'NONE', #3539 ) ;
#1710 = VERTEX_POINT ( 'NONE', #8698 ) ;
#1711 = CARTESIAN_POINT ( 'NONE',  ( -2.750000000000000000, 0.7999999999999997113, -3.500000000000000000 ) ) ;
#1712 = COLOUR_RGB ( '',0.1098039215686274495, 0.1098039215686274495, 0.1098039215686274495 ) ;
#1713 = SURFACE_STYLE_USAGE ( .BOTH. , #1757 ) ;
#1714 = FILL_AREA_STYLE_COLOUR ( '', #8475 ) ;
#1715 = AXIS2_PLACEMENT_3D ( 'NONE', #11842, #667, #9818 ) ;
#1716 = DIRECTION ( 'NONE',  ( 0.000000000000000000, -1.000000000000000000, 0.000000000000000000 ) ) ;
#1717 = EDGE_LOOP ( 'NONE', ( #4482, #11144, #6930, #9198 ) ) ;
#1718 = VECTOR ( 'NONE', #3478, 1000.000000000000000 ) ;
#1719 = VERTEX_POINT ( 'NONE', #1579 ) ;
#1720 = EDGE_CURVE ( 'NONE', #1259, #6380, #12200, .T. ) ;
#1721 = ORIENTED_EDGE ( 'NONE', *, *, #13271, .F. ) ;
#1722 = VECTOR ( 'NONE', #12620, 1000.000000000000000 ) ;
#1723 = FILL_AREA_STYLE_COLOUR ( '', #6250 ) ;
#1724 =( NAMED_UNIT ( * ) SI_UNIT ( $, .STERADIAN. ) SOLID_ANGLE_UNIT ( ) );
#1725 = CARTESIAN_POINT ( 'NONE',  ( 2.499999999999992895, 0.8249999999999999556, -2.799999999999999822 ) ) ;
#1726 = DIRECTION ( 'NONE',  ( 1.000000000000000000, 0.000000000000000000, 0.000000000000000000 ) ) ;
#1727 = ORIENTED_EDGE ( 'NONE', *, *, #1588, .F. ) ;
#1728 = PRESENTATION_STYLE_ASSIGNMENT (( #11999 ) ) ;
#1729 = DIRECTION ( 'NONE',  ( 1.000000000000000000, 0.000000000000000000, -0.000000000000000000 ) ) ;
#1730 = VECTOR ( 'NONE', #5830, 1000.000000000000000 ) ;
#1731 = MECHANICAL_DESIGN_GEOMETRIC_PRESENTATION_REPRESENTATION (  '', ( #10919 ), #3766 ) ;
#1732 =( NAMED_UNIT ( * ) SI_UNIT ( $, .STERADIAN. ) SOLID_ANGLE_UNIT ( ) );
#1733 = SURFACE_STYLE_USAGE ( .BOTH. , #391 ) ;
#1734 = COLOUR_RGB ( '',1.000000000000000000, 1.000000000000000000, 1.000000000000000000 ) ;
#1735 = ORIENTED_EDGE ( 'NONE', *, *, #1901, .F. ) ;
#1736 = FILL_AREA_STYLE ('',( #4813 ) ) ;
#1737 = ORIENTED_EDGE ( 'NONE', *, *, #261, .T. ) ;
#1738 = VECTOR ( 'NONE', #7430, 1000.000000000000000 ) ;
#1739 = DIRECTION ( 'NONE',  ( -0.000000000000000000, -0.000000000000000000, -1.000000000000000000 ) ) ;
#1740 = VECTOR ( 'NONE', #9330, 1000.000000000000000 ) ;
#1741 = DIRECTION ( 'NONE',  ( 0.9988841454092217687, -0.000000000000000000, 0.04722778896040856489 ) ) ;
#1742 =( GEOMETRIC_REPRESENTATION_CONTEXT ( 3 ) GLOBAL_UNCERTAINTY_ASSIGNED_CONTEXT ( ( #4366 ) ) GLOBAL_UNIT_ASSIGNED_CONTEXT ( ( #2971, #10138, #12255 ) ) REPRESENTATION_CONTEXT ( 'NONE', 'WORKASPACE' ) );
#1743 = STYLED_ITEM ( 'NONE', ( #7444 ), #3429 ) ;
#1744 = DIRECTION ( 'NONE',  ( -1.000000000000000000, 0.000000000000000000, -0.000000000000000000 ) ) ;
#1745 = COLOUR_RGB ( '',0.1098039215686274495, 0.1098039215686274495, 0.1098039215686274495 ) ;
#1746 = VERTEX_POINT ( 'NONE', #2514 ) ;
#1747 = DIRECTION ( 'NONE',  ( 0.000000000000000000, 0.000000000000000000, -1.000000000000000000 ) ) ;
#1748 = VERTEX_POINT ( 'NONE', #6622 ) ;
#1749 = CIRCLE ( 'NONE', #4359, 0.2030000000000000693 ) ;
#1750 = COLOUR_RGB ( '',1.000000000000000000, 1.000000000000000000, 1.000000000000000000 ) ;
#1751 = VECTOR ( 'NONE', #7639, 1000.000000000000000 ) ;
#1752 = DIRECTION ( 'NONE',  ( 6.789524367814960934E-15, -1.000000000000000000, -0.000000000000000000 ) ) ;
#1753 = EDGE_CURVE ( 'NONE', #10194, #7506, #3195, .T. ) ;
#1754 = PLANE ( 'NONE',  #6369 ) ;
#1755 = DIRECTION ( 'NONE',  ( -0.000000000000000000, 6.776263578034472970E-17, -1.000000000000000000 ) ) ;
#1756 = COLOUR_RGB ( '',0.1098039215686274495, 0.1098039215686274495, 0.1098039215686274495 ) ;
#1757 = SURFACE_SIDE_STYLE ('',( #10507 ) ) ;
#1758 = CARTESIAN_POINT ( 'NONE',  ( 0.7499999999999993339, -2.199999999999997957, -1.499999999999996003 ) ) ;
#1759 = ADVANCED_FACE ( 'NONE', ( #9599 ), #1192, .F. ) ;
#1760 =( GEOMETRIC_REPRESENTATION_CONTEXT ( 3 ) GLOBAL_UNCERTAINTY_ASSIGNED_CONTEXT ( ( #405 ) ) GLOBAL_UNIT_ASSIGNED_CONTEXT ( ( #3124, #11351, #10209 ) ) REPRESENTATION_CONTEXT ( 'NONE', 'WORKASPACE' ) );
#1761 = EDGE_LOOP ( 'NONE', ( #10349, #12728, #11893, #1544 ) ) ;
#1762 =( NAMED_UNIT ( * ) PLANE_ANGLE_UNIT ( ) SI_UNIT ( $, .RADIAN. ) );
#1763 = EDGE_CURVE ( 'NONE', #4195, #5739, #11868, .T. ) ;
#1764 = ORIENTED_EDGE ( 'NONE', *, *, #11514, .T. ) ;
#1765 = FILL_AREA_STYLE_COLOUR ( '', #2049 ) ;
#1766 =( NAMED_UNIT ( * ) SI_UNIT ( $, .STERADIAN. ) SOLID_ANGLE_UNIT ( ) );
#1767 =( GEOMETRIC_REPRESENTATION_CONTEXT ( 3 ) GLOBAL_UNCERTAINTY_ASSIGNED_CONTEXT ( ( #7873 ) ) GLOBAL_UNIT_ASSIGNED_CONTEXT ( ( #12326, #3135, #2079 ) ) REPRESENTATION_CONTEXT ( 'NONE', 'WORKASPACE' ) );
#1768 = MECHANICAL_DESIGN_GEOMETRIC_PRESENTATION_REPRESENTATION (  '', ( #3303 ), #8636 ) ;
#1769 = EDGE_CURVE ( 'NONE', #2568, #11133, #6258, .T. ) ;
#1770 = COLOUR_RGB ( '',0.6941176470588235059, 0.09803921568627450844, 0.09803921568627450844 ) ;
#1771 = ORIENTED_EDGE ( 'NONE', *, *, #1384, .F. ) ;
#1772 =( NAMED_UNIT ( * ) SI_UNIT ( $, .STERADIAN. ) SOLID_ANGLE_UNIT ( ) );
#1773 = UNCERTAINTY_MEASURE_WITH_UNIT (LENGTH_MEASURE( 1.000000000000000082E-05 ), #1356, 'distance_accuracy_value', 'NONE');
#1774 = ADVANCED_FACE ( 'NONE', ( #1949 ), #6600, .F. ) ;
#1775 =( NAMED_UNIT ( * ) PLANE_ANGLE_UNIT ( ) SI_UNIT ( $, .RADIAN. ) );
#1776 = CARTESIAN_POINT ( 'NONE',  ( 1.750000000000084599, 0.8499999999999995337, 2.250000000000006217 ) ) ;
#1777 = UNCERTAINTY_MEASURE_WITH_UNIT (LENGTH_MEASURE( 1.000000000000000082E-05 ), #10272, 'distance_accuracy_value', 'NONE');
#1778 = PRESENTATION_STYLE_ASSIGNMENT (( #4182 ) ) ;
#1779 = CARTESIAN_POINT ( 'NONE',  ( 1.500000000000000000, -0.8500000000000000888, 3.099999999999989431 ) ) ;
#1780 = FACE_OUTER_BOUND ( 'NONE', #7042, .T. ) ;
#1781 = DIRECTION ( 'NONE',  ( -0.000000000000000000, -1.000000000000000000, -0.000000000000000000 ) ) ;
#1782 = VECTOR ( 'NONE', #9263, 1000.000000000000000 ) ;
#1783 = ORIENTED_EDGE ( 'NONE', *, *, #9163, .F. ) ;
#1784 = DIRECTION ( 'NONE',  ( -0.000000000000000000, -0.000000000000000000, -1.000000000000000000 ) ) ;
#1785 = STYLED_ITEM ( 'NONE', ( #7358 ), #12634 ) ;
#1786 = DIRECTION ( 'NONE',  ( -0.000000000000000000, -0.000000000000000000, 1.000000000000000000 ) ) ;
#1787 = EDGE_CURVE ( 'NONE', #1046, #3466, #5278, .T. ) ;
#1788 = DIRECTION ( 'NONE',  ( 0.000000000000000000, -1.668003342285397467E-16, 1.000000000000000000 ) ) ;
#1789 = PLANE ( 'NONE',  #3147 ) ;
#1790 = LINE ( 'NONE', #7883, #5447 ) ;
#1791 = ORIENTED_EDGE ( 'NONE', *, *, #1166, .T. ) ;
#1792 = VERTEX_POINT ( 'NONE', #5190 ) ;
#1793 = PRESENTATION_STYLE_ASSIGNMENT (( #8124 ) ) ;
#1794 = ORIENTED_EDGE ( 'NONE', *, *, #5427, .F. ) ;
#1795 = CARTESIAN_POINT ( 'NONE',  ( 2.750000000000000000, -1.049999999999999378, 3.500000000000006217 ) ) ;
#1796 = AXIS2_PLACEMENT_3D ( 'NONE', #12122, #10005, #5984 ) ;
#1797 = SURFACE_SIDE_STYLE ('',( #8648 ) ) ;
#1798 = LINE ( 'NONE', #4996, #9298 ) ;
#1799 =( NAMED_UNIT ( * ) SI_UNIT ( $, .STERADIAN. ) SOLID_ANGLE_UNIT ( ) );
#1800 = PLANE ( 'NONE',  #10599 ) ;
#1801 = ORIENTED_EDGE ( 'NONE', *, *, #10064, .T. ) ;
#1802 = CYLINDRICAL_SURFACE ( 'NONE', #6141, 0.2000000000000005107 ) ;
#1803 = AXIS2_PLACEMENT_3D ( 'NONE', #6174, #1067, #4443 ) ;
#1804 = SURFACE_STYLE_FILL_AREA ( #3541 ) ;
#1805 = VERTEX_POINT ( 'NONE', #10693 ) ;
#1806 = SURFACE_STYLE_USAGE ( .BOTH. , #12000 ) ;
#1807 =( NAMED_UNIT ( * ) SI_UNIT ( $, .STERADIAN. ) SOLID_ANGLE_UNIT ( ) );
#1808 = EDGE_CURVE ( 'NONE', #11286, #7845, #10916, .T. ) ;
#1809 = CARTESIAN_POINT ( 'NONE',  ( 2.499999999999992895, 0.8249999999999996225, -0.2999999999999999334 ) ) ;
#1810 = DIRECTION ( 'NONE',  ( -1.000000000000000000, 2.733707792609970654E-33, -7.228014483236695816E-17 ) ) ;
#1811 = VECTOR ( 'NONE', #12117, 1000.000000000000114 ) ;
#1812 = EDGE_LOOP ( 'NONE', ( #3315, #10521, #534, #2938 ) ) ;
#1813 = SURFACE_SIDE_STYLE ('',( #8429 ) ) ;
#1814 = CARTESIAN_POINT ( 'NONE',  ( -2.550000000000000266, -1.049999999999996714, 2.600000000000002309 ) ) ;
#1815 = LINE ( 'NONE', #7346, #1159 ) ;
#1816 = PRESENTATION_LAYER_ASSIGNMENT (  '', '', ( #4021 ) ) ;
#1817 = LINE ( 'NONE', #7060, #3080 ) ;
#1818 = ORIENTED_EDGE ( 'NONE', *, *, #12347, .T. ) ;
#1819 = DIRECTION ( 'NONE',  ( 0.000000000000000000, 0.000000000000000000, 1.000000000000000000 ) ) ;
#1820 = VERTEX_POINT ( 'NONE', #12384 ) ;
#1821 =( NAMED_UNIT ( * ) SI_UNIT ( $, .STERADIAN. ) SOLID_ANGLE_UNIT ( ) );
#1822 = SURFACE_STYLE_USAGE ( .BOTH. , #6910 ) ;
#1823 = VECTOR ( 'NONE', #1417, 1000.000000000000000 ) ;
#1824 = CARTESIAN_POINT ( 'NONE',  ( -2.549999999999998490, 0.8249999999999992895, 2.799999999999999822 ) ) ;
#1825 = CARTESIAN_POINT ( 'NONE',  ( 1.500000000000000000, 0.6499999999999998002, 3.775000000000000355 ) ) ;
#1826 = CARTESIAN_POINT ( 'NONE',  ( -0.5000000000000000000, -0.3500000000000003664, 3.774999999999995914 ) ) ;
#1827 =( NAMED_UNIT ( * ) PLANE_ANGLE_UNIT ( ) SI_UNIT ( $, .RADIAN. ) );
#1828 = EDGE_CURVE ( 'NONE', #7506, #4175, #8027, .T. ) ;
#1829 = ORIENTED_EDGE ( 'NONE', *, *, #9141, .T. ) ;
#1830 = ADVANCED_FACE ( 'NONE', ( #7207 ), #206, .F. ) ;
#1831 = DIRECTION ( 'NONE',  ( 0.000000000000000000, 0.000000000000000000, -1.000000000000000000 ) ) ;
#1832 = VECTOR ( 'NONE', #10443, 999.9999999999998863 ) ;
#1833 = DIRECTION ( 'NONE',  ( 1.000000000000000000, 0.000000000000000000, 0.000000000000000000 ) ) ;
#1834 = SURFACE_STYLE_USAGE ( .BOTH. , #3905 ) ;
#1835 = EDGE_LOOP ( 'NONE', ( #7825, #12241, #11728, #5841 ) ) ;
#1836 = DIRECTION ( 'NONE',  ( -6.789524367814960934E-15, 1.000000000000000000, 0.000000000000000000 ) ) ;
#1837 = EDGE_CURVE ( 'NONE', #9884, #4619, #1286, .T. ) ;
#1838 = ORIENTED_EDGE ( 'NONE', *, *, #8117, .F. ) ;
#1839 = MECHANICAL_DESIGN_GEOMETRIC_PRESENTATION_REPRESENTATION (  '', ( #8700 ), #3623 ) ;
#1840 = VECTOR ( 'NONE', #8302, 1000.000000000000000 ) ;
#1841 = VERTEX_POINT ( 'NONE', #6477 ) ;
#1842 = VERTEX_POINT ( 'NONE', #2312 ) ;
#1843 = PLANE ( 'NONE',  #3893 ) ;
#1844 = EDGE_CURVE ( 'NONE', #12601, #10249, #2086, .T. ) ;
#1845 = SURFACE_SIDE_STYLE ('',( #6231 ) ) ;
#1846 = DIRECTION ( 'NONE',  ( 0.000000000000000000, -1.000000000000000000, 0.000000000000000000 ) ) ;
#1847 = FILL_AREA_STYLE ('',( #793 ) ) ;
#1848 = SURFACE_STYLE_USAGE ( .BOTH. , #747 ) ;
#1849 = AXIS2_PLACEMENT_3D ( 'NONE', #2127, #10316, #999 ) ;
#1850 = DIRECTION ( 'NONE',  ( -1.000000000000000000, 0.000000000000000000, 0.000000000000000000 ) ) ;
#1851 = UNCERTAINTY_MEASURE_WITH_UNIT (LENGTH_MEASURE( 1.000000000000000082E-05 ), #4339, 'distance_accuracy_value', 'NONE');
#1852 = ORIENTED_EDGE ( 'NONE', *, *, #2407, .T. ) ;
#1853 = VECTOR ( 'NONE', #10986, 1000.000000000000000 ) ;
#1854 = LINE ( 'NONE', #32, #7632 ) ;
#1855 = EDGE_CURVE ( 'NONE', #10280, #4195, #609, .T. ) ;
#1856 = VECTOR ( 'NONE', #485, 1000.000000000000000 ) ;
#1857 = ORIENTED_EDGE ( 'NONE', *, *, #9861, .T. ) ;
#1858 = CARTESIAN_POINT ( 'NONE',  ( -2.752999999999998781, 2.050000000000049116, 2.799999999999999822 ) ) ;
#1859 = FILL_AREA_STYLE ('',( #9939 ) ) ;
#1860 = ORIENTED_EDGE ( 'NONE', *, *, #6549, .F. ) ;
#1861 = AXIS2_PLACEMENT_3D ( 'NONE', #4973, #5905, #1850 ) ;
#1862 =( GEOMETRIC_REPRESENTATION_CONTEXT ( 3 ) GLOBAL_UNCERTAINTY_ASSIGNED_CONTEXT ( ( #6042 ) ) GLOBAL_UNIT_ASSIGNED_CONTEXT ( ( #5849, #11019, #11911 ) ) REPRESENTATION_CONTEXT ( 'NONE', 'WORKASPACE' ) );
#1863 = DIRECTION ( 'NONE',  ( 1.000000000000000000, 0.000000000000000000, -0.000000000000000000 ) ) ;
#1864 = EDGE_CURVE ( 'NONE', #9119, #1746, #10564, .T. ) ;
#1865 = DIRECTION ( 'NONE',  ( -0.000000000000000000, -0.000000000000000000, -1.000000000000000000 ) ) ;
#1866 = PLANE ( 'NONE',  #5019 ) ;
#1867 = CARTESIAN_POINT ( 'NONE',  ( -2.449999999999985523, -0.6000000000000094147, 0.3113248654051866127 ) ) ;
#1868 = ORIENTED_EDGE ( 'NONE', *, *, #8205, .F. ) ;
#1869 =( LENGTH_UNIT ( ) NAMED_UNIT ( * ) SI_UNIT ( .MILLI., .METRE. ) );
#1870 = UNCERTAINTY_MEASURE_WITH_UNIT (LENGTH_MEASURE( 1.000000000000000082E-05 ), #13037, 'distance_accuracy_value', 'NONE');
#1871 = SURFACE_SIDE_STYLE ('',( #11280 ) ) ;
#1872 = CARTESIAN_POINT ( 'NONE',  ( -1.500000000000000000, 0.05000000000000273670, -3.572999999999995957 ) ) ;
#1873 = AXIS2_PLACEMENT_3D ( 'NONE', #12096, #2917, #11119 ) ;
#1874 =( LENGTH_UNIT ( ) NAMED_UNIT ( * ) SI_UNIT ( .MILLI., .METRE. ) );
#1875 = VERTEX_POINT ( 'NONE', #3473 ) ;
#1876 = VECTOR ( 'NONE', #13176, 1000.000000000000000 ) ;
#1877 = FILL_AREA_STYLE_COLOUR ( '', #5179 ) ;
#1878 = STYLED_ITEM ( 'NONE', ( #3398 ), #12974 ) ;
#1879 = ORIENTED_EDGE ( 'NONE', *, *, #8558, .F. ) ;
#1880 = CARTESIAN_POINT ( 'NONE',  ( 0.7500000000000000000, 0.6499999999999998002, -3.774999999999995914 ) ) ;
#1881 = CARTESIAN_POINT ( 'NONE',  ( 2.549999999999990941, 1.027999999999999581, 0.2999999999999999334 ) ) ;
#1882 = VECTOR ( 'NONE', #6761, 1000.000000000000000 ) ;
#1883 = ORIENTED_EDGE ( 'NONE', *, *, #686, .T. ) ;
#1884 = VECTOR ( 'NONE', #8068, 1000.000000000000114 ) ;
#1885 = CARTESIAN_POINT ( 'NONE',  ( 2.750000000000000000, 0.05000000000000186240, 3.500000000000006661 ) ) ;
#1886 = EDGE_CURVE ( 'NONE', #4736, #826, #4304, .T. ) ;
#1887 = VERTEX_POINT ( 'NONE', #9589 ) ;
#1888 = VERTEX_POINT ( 'NONE', #12574 ) ;
#1889 = FILL_AREA_STYLE_COLOUR ( '', #3659 ) ;
#1890 = FACE_OUTER_BOUND ( 'NONE', #9081, .T. ) ;
#1891 =( LENGTH_UNIT ( ) NAMED_UNIT ( * ) SI_UNIT ( .MILLI., .METRE. ) );
#1892 = CARTESIAN_POINT ( 'NONE',  ( -2.449999999999985523, -0.1499999999999995226, 0.3113248654051866127 ) ) ;
#1893 =( LENGTH_UNIT ( ) NAMED_UNIT ( * ) SI_UNIT ( .MILLI., .METRE. ) );
#1894 = AXIS2_PLACEMENT_3D ( 'NONE', #10801, #6710, #11822 ) ;
#1895 = EDGE_LOOP ( 'NONE', ( #13170, #6718, #7609, #4608 ) ) ;
#1896 = DIRECTION ( 'NONE',  ( -7.228014483236695816E-17, 0.000000000000000000, 1.000000000000000000 ) ) ;
#1897 =( GEOMETRIC_REPRESENTATION_CONTEXT ( 3 ) GLOBAL_UNCERTAINTY_ASSIGNED_CONTEXT ( ( #9559 ) ) GLOBAL_UNIT_ASSIGNED_CONTEXT ( ( #11922, #2388, #6502 ) ) REPRESENTATION_CONTEXT ( 'NONE', 'WORKASPACE' ) );
#1898 = PRESENTATION_STYLE_ASSIGNMENT (( #11781 ) ) ;
#1899 = SURFACE_STYLE_USAGE ( .BOTH. , #6991 ) ;
#1900 =( NAMED_UNIT ( * ) SI_UNIT ( $, .STERADIAN. ) SOLID_ANGLE_UNIT ( ) );
#1901 = EDGE_CURVE ( 'NONE', #5879, #3250, #8824, .T. ) ;
#1902 = CARTESIAN_POINT ( 'NONE',  ( 2.399999999999999911, -0.04999999999999828887, 0.7750000000000010214 ) ) ;
#1903 = SURFACE_STYLE_FILL_AREA ( #2136 ) ;
#1904 = ORIENTED_EDGE ( 'NONE', *, *, #11005, .F. ) ;
#1905 = FACE_OUTER_BOUND ( 'NONE', #5652, .T. ) ;
#1906 = FILL_AREA_STYLE ('',( #11086 ) ) ;
#1907 = FACE_OUTER_BOUND ( 'NONE', #4732, .T. ) ;
#1908 = PLANE ( 'NONE',  #2653 ) ;
#1909 = ADVANCED_FACE ( 'NONE', ( #5426 ), #4533, .T. ) ;
#1910 = FILL_AREA_STYLE_COLOUR ( '', #3583 ) ;
#1911 = CARTESIAN_POINT ( 'NONE',  ( -1.500000000000000000, -0.8480000000000001981, -3.572999999999995957 ) ) ;
#1912 = STYLED_ITEM ( 'NONE', ( #7827 ), #8893 ) ;
#1913 = SURFACE_STYLE_USAGE ( .BOTH. , #8942 ) ;
#1914 = FILL_AREA_STYLE_COLOUR ( '', #1024 ) ;
#1915 = ORIENTED_EDGE ( 'NONE', *, *, #2010, .F. ) ;
#1916 = CARTESIAN_POINT ( 'NONE',  ( -2.449999999999987743, -0.6000000000000094147, 0.6577350269189665699 ) ) ;
#1917 =( NAMED_UNIT ( * ) SI_UNIT ( $, .STERADIAN. ) SOLID_ANGLE_UNIT ( ) );
#1918 = COLOUR_RGB ( '',1.000000000000000000, 1.000000000000000000, 1.000000000000000000 ) ;
#1919 = AXIS2_PLACEMENT_3D ( 'NONE', #11003, #4807, #2697 ) ;
#1920 = AXIS2_PLACEMENT_3D ( 'NONE', #1186, #5420, #4385 ) ;
#1921 = ORIENTED_EDGE ( 'NONE', *, *, #8765, .T. ) ;
#1922 = COLOUR_RGB ( '',1.000000000000000000, 1.000000000000000000, 1.000000000000000000 ) ;
#1923 = LINE ( 'NONE', #1465, #5265 ) ;
#1924 = FACE_OUTER_BOUND ( 'NONE', #6520, .T. ) ;
#1925 = ORIENTED_EDGE ( 'NONE', *, *, #3496, .T. ) ;
#1926 = CARTESIAN_POINT ( 'NONE',  ( 0.000000000000000000, -0.8499999999999978684, 3.500000000000006661 ) ) ;
#1927 = FILL_AREA_STYLE_COLOUR ( '', #10076 ) ;
#1928 = ORIENTED_EDGE ( 'NONE', *, *, #1609, .T. ) ;
#1929 = PRESENTATION_LAYER_ASSIGNMENT (  '', '', ( #7156 ) ) ;
#1930 = VECTOR ( 'NONE', #5479, 1000.000000000000000 ) ;
#1931 = VERTEX_POINT ( 'NONE', #7573 ) ;
#1932 = VECTOR ( 'NONE', #1169, 1000.000000000000000 ) ;
#1933 = CARTESIAN_POINT ( 'NONE',  ( 2.499999999999992895, 0.8249999999999996225, -0.2999999999999999334 ) ) ;
#1934 = EDGE_CURVE ( 'NONE', #148, #3137, #11858, .T. ) ;
#1935 = SURFACE_SIDE_STYLE ('',( #8246 ) ) ;
#1936 = LINE ( 'NONE', #1263, #9919 ) ;
#1937 = VERTEX_POINT ( 'NONE', #4353 ) ;
#1938 = DIRECTION ( 'NONE',  ( 0.000000000000000000, 1.000000000000000000, 2.710505431213763057E-16 ) ) ;
#1939 =( GEOMETRIC_REPRESENTATION_CONTEXT ( 3 ) GLOBAL_UNCERTAINTY_ASSIGNED_CONTEXT ( ( #8582 ) ) GLOBAL_UNIT_ASSIGNED_CONTEXT ( ( #10951, #11874, #10806 ) ) REPRESENTATION_CONTEXT ( 'NONE', 'WORKASPACE' ) );
#1940 = MECHANICAL_DESIGN_GEOMETRIC_PRESENTATION_REPRESENTATION (  '', ( #12240 ), #2614 ) ;
#1941 = COLOUR_RGB ( '',0.1098039215686274495, 0.1098039215686274495, 0.1098039215686274495 ) ;
#1942 = EDGE_LOOP ( 'NONE', ( #12286, #11353, #7833, #12353 ) ) ;
#1943 = EDGE_CURVE ( 'NONE', #5047, #616, #2245, .T. ) ;
#1944 = UNCERTAINTY_MEASURE_WITH_UNIT (LENGTH_MEASURE( 1.000000000000000082E-05 ), #6131, 'distance_accuracy_value', 'NONE');
#1945 = ORIENTED_EDGE ( 'NONE', *, *, #8741, .T. ) ;
#1946 = LINE ( 'NONE', #3171, #5605 ) ;
#1947 = LINE ( 'NONE', #271, #3536 ) ;
#1948 =( NAMED_UNIT ( * ) SI_UNIT ( $, .STERADIAN. ) SOLID_ANGLE_UNIT ( ) );
#1949 = FACE_OUTER_BOUND ( 'NONE', #10545, .T. ) ;
#1950 = EDGE_LOOP ( 'NONE', ( #693, #6595, #10907, #1228, #12438 ) ) ;
#1951 = CARTESIAN_POINT ( 'NONE',  ( 1.500000000000000000, -0.3500000000000002554, -3.574999999999997957 ) ) ;
#1952 = STYLED_ITEM ( 'NONE', ( #11105 ), #1092 ) ;
#1953 = EDGE_CURVE ( 'NONE', #7036, #11015, #5746, .T. ) ;
#1954 = CARTESIAN_POINT ( 'NONE',  ( 2.750000000000000000, -0.8499999999999978684, -2.624999999999999112 ) ) ;
#1955 = CARTESIAN_POINT ( 'NONE',  ( 2.750000000000000000, 0.05000000000000273670, -3.500000000000000000 ) ) ;
#1956 = DIRECTION ( 'NONE',  ( -0.000000000000000000, -0.000000000000000000, 1.000000000000000000 ) ) ;
#1957 = CARTESIAN_POINT ( 'NONE',  ( -0.8499999999999996447, -0.8499999999999978684, -1.800000000000000044 ) ) ;
#1958 = CARTESIAN_POINT ( 'NONE',  ( 1.750000000000084599, 0.8499999999999995337, 2.250000000000006217 ) ) ;
#1959 = COLOUR_RGB ( '',1.000000000000000000, 1.000000000000000000, 1.000000000000000000 ) ;
#1960 = EDGE_LOOP ( 'NONE', ( #1460, #3433, #8421, #12270 ) ) ;
#1961 = CARTESIAN_POINT ( 'NONE',  ( -1.749999999999999112, 1.050000000000000044, -2.249999999999999556 ) ) ;
#1962 = CARTESIAN_POINT ( 'NONE',  ( 1.750000000000032196, 0.8499999999999997558, 0.2500000000000029421 ) ) ;
#1963 = DIRECTION ( 'NONE',  ( 0.000000000000000000, 0.2833461410174016315, -0.9590177080589006309 ) ) ;
#1964 = MECHANICAL_DESIGN_GEOMETRIC_PRESENTATION_REPRESENTATION (  '', ( #10436 ), #13184 ) ;
#1965 = ORIENTED_EDGE ( 'NONE', *, *, #3723, .F. ) ;
#1966 = VECTOR ( 'NONE', #11083, 1000.000000000000000 ) ;
#1967 = VECTOR ( 'NONE', #2640, 1000.000000000000114 ) ;
#1968 = ORIENTED_EDGE ( 'NONE', *, *, #12015, .T. ) ;
#1969 =( NAMED_UNIT ( * ) PLANE_ANGLE_UNIT ( ) SI_UNIT ( $, .RADIAN. ) );
#1970 =( NAMED_UNIT ( * ) PLANE_ANGLE_UNIT ( ) SI_UNIT ( $, .RADIAN. ) );
#1971 = COLOUR_RGB ( '',0.1098039215686274495, 0.1098039215686274495, 0.1098039215686274495 ) ;
#1972 = ORIENTED_EDGE ( 'NONE', *, *, #5735, .T. ) ;
#1973 = FILL_AREA_STYLE_COLOUR ( '', #226 ) ;
#1974 = LINE ( 'NONE', #242, #993 ) ;
#1975 = ORIENTED_EDGE ( 'NONE', *, *, #10343, .F. ) ;
#1976 = PRESENTATION_LAYER_ASSIGNMENT (  '', '', ( #4957 ) ) ;
#1977 = ADVANCED_FACE ( 'NONE', ( #130 ), #1418, .F. ) ;
#1978 = PLANE ( 'NONE',  #8300 ) ;
#1979 = MECHANICAL_DESIGN_GEOMETRIC_PRESENTATION_REPRESENTATION (  '', ( #11587 ), #132 ) ;
#1980 = ORIENTED_EDGE ( 'NONE', *, *, #10369, .T. ) ;
#1981 = CARTESIAN_POINT ( 'NONE',  ( 2.750000000000000000, -0.8499999999999990896, -2.600000000000010303 ) ) ;
#1982 = LINE ( 'NONE', #6081, #7102 ) ;
#1983 = VECTOR ( 'NONE', #12175, 1000.000000000000000 ) ;
#1984 = EDGE_CURVE ( 'NONE', #2563, #11459, #1923, .T. ) ;
#1985 = PLANE ( 'NONE',  #9823 ) ;
#1986 = VECTOR ( 'NONE', #1784, 1000.000000000000000 ) ;
#1987 = PRESENTATION_STYLE_ASSIGNMENT (( #6105 ) ) ;
#1988 =( LENGTH_UNIT ( ) NAMED_UNIT ( * ) SI_UNIT ( .MILLI., .METRE. ) );
#1989 = ORIENTED_EDGE ( 'NONE', *, *, #4734, .T. ) ;
#1990 = LINE ( 'NONE', #12662, #1501 ) ;
#1991 = DIRECTION ( 'NONE',  ( 0.000000000000000000, 0.000000000000000000, -1.000000000000000000 ) ) ;
#1992 = FILL_AREA_STYLE_COLOUR ( '', #6408 ) ;
#1993 = CLOSED_SHELL ( 'NONE', ( #9084, #4645, #3161, #10839, #368, #2769, #5902, #2041, #2814, #1241 ) ) ;
#1994 = CIRCLE ( 'NONE', #4841, 0.1999999999999999833 ) ;
#1995 = VECTOR ( 'NONE', #6133, 1000.000000000000000 ) ;
#1996 = CARTESIAN_POINT ( 'NONE',  ( -0.1541181613051111621, -1.039999999999999147, 2.413550568363382443 ) ) ;
#1997 = ORIENTED_EDGE ( 'NONE', *, *, #10412, .F. ) ;
#1998 = DIRECTION ( 'NONE',  ( -0.000000000000000000, -1.000000000000000000, -6.948158114726864825E-15 ) ) ;
#1999 = CARTESIAN_POINT ( 'NONE',  ( -0.2499999999999572842, 0.8499999999999997558, -0.2499999999999957812 ) ) ;
#2000 = DIRECTION ( 'NONE',  ( 0.000000000000000000, 0.000000000000000000, -1.000000000000000000 ) ) ;
#2001 = VERTEX_POINT ( 'NONE', #10870 ) ;
#2002 =( GEOMETRIC_REPRESENTATION_CONTEXT ( 3 ) GLOBAL_UNCERTAINTY_ASSIGNED_CONTEXT ( ( #10389 ) ) GLOBAL_UNIT_ASSIGNED_CONTEXT ( ( #11164, #7118, #8156 ) ) REPRESENTATION_CONTEXT ( 'NONE', 'WORKASPACE' ) );
#2003 = CARTESIAN_POINT ( 'NONE',  ( -1.249999999999999112, 0.8499999999999999778, -2.250000000000000444 ) ) ;
#2004 = FILL_AREA_STYLE_COLOUR ( '', #10360 ) ;
#2005 = DIRECTION ( 'NONE',  ( -0.000000000000000000, 1.000000000000000000, 4.663235150475286828E-17 ) ) ;
#2006 = CARTESIAN_POINT ( 'NONE',  ( -2.549999999999998934, 0.8249999999999999556, -2.799999999999999822 ) ) ;
#2007 = ORIENTED_EDGE ( 'NONE', *, *, #426, .T. ) ;
#2008 = COLOUR_RGB ( '',1.000000000000000000, 1.000000000000000000, 1.000000000000000000 ) ;
#2009 = ORIENTED_EDGE ( 'NONE', *, *, #12079, .T. ) ;
#2010 = EDGE_CURVE ( 'NONE', #2148, #7717, #12497, .T. ) ;
#2011 = ORIENTED_EDGE ( 'NONE', *, *, #4524, .T. ) ;
#2012 = CARTESIAN_POINT ( 'NONE',  ( -0.5000000000000000000, -0.3500000000000003664, 3.574999999999998845 ) ) ;
#2013 = AXIS2_PLACEMENT_3D ( 'NONE', #2930, #7004, #672 ) ;
#2014 = AXIS2_PLACEMENT_3D ( 'NONE', #8492, #9497, #13265 ) ;
#2015 = UNCERTAINTY_MEASURE_WITH_UNIT (LENGTH_MEASURE( 1.000000000000000082E-05 ), #1891, 'distance_accuracy_value', 'NONE');
#2016 = UNCERTAINTY_MEASURE_WITH_UNIT (LENGTH_MEASURE( 1.000000000000000082E-05 ), #10365, 'distance_accuracy_value', 'NONE');
#2017 =( NAMED_UNIT ( * ) PLANE_ANGLE_UNIT ( ) SI_UNIT ( $, .RADIAN. ) );
#2018 = ORIENTED_EDGE ( 'NONE', *, *, #3013, .F. ) ;
#2019 =( LENGTH_UNIT ( ) NAMED_UNIT ( * ) SI_UNIT ( .MILLI., .METRE. ) );
#2020 = SURFACE_STYLE_FILL_AREA ( #13205 ) ;
#2021 = EDGE_CURVE ( 'NONE', #419, #5622, #5729, .T. ) ;
#2022 = ORIENTED_EDGE ( 'NONE', *, *, #232, .T. ) ;
#2023 = DIRECTION ( 'NONE',  ( 0.000000000000000000, 0.000000000000000000, -1.000000000000000000 ) ) ;
#2024 = PRESENTATION_LAYER_ASSIGNMENT (  '', '', ( #10070 ) ) ;
#2025 = CARTESIAN_POINT ( 'NONE',  ( 2.750000000000000000, -0.8499999999999976463, -1.649999999999994804 ) ) ;
#2026 = MECHANICAL_DESIGN_GEOMETRIC_PRESENTATION_REPRESENTATION (  '', ( #1952 ), #7712 ) ;
#2027 = SURFACE_SIDE_STYLE ('',( #10008 ) ) ;
#2028 = SURFACE_STYLE_FILL_AREA ( #10180 ) ;
#2029 = AXIS2_PLACEMENT_3D ( 'NONE', #5518, #9865, #11008 ) ;
#2030 = ORIENTED_EDGE ( 'NONE', *, *, #347, .T. ) ;
#2031 = UNCERTAINTY_MEASURE_WITH_UNIT (LENGTH_MEASURE( 1.000000000000000082E-05 ), #744, 'distance_accuracy_value', 'NONE');
#2032 = CARTESIAN_POINT ( 'NONE',  ( 2.449999999999984190, -0.1499999999999995226, -0.6577350269189666809 ) ) ;
#2033 = ORIENTED_EDGE ( 'NONE', *, *, #5561, .T. ) ;
#2034 = PRESENTATION_LAYER_ASSIGNMENT (  '', '', ( #2282 ) ) ;
#2035 = EDGE_LOOP ( 'NONE', ( #11984, #1194, #11001, #12334 ) ) ;
#2036 = DIRECTION ( 'NONE',  ( -0.000000000000000000, -1.000000000000000000, -0.000000000000000000 ) ) ;
#2037 = SURFACE_STYLE_FILL_AREA ( #4956 ) ;
#2038 = SURFACE_SIDE_STYLE ('',( #4651 ) ) ;
#2039 = EDGE_CURVE ( 'NONE', #13044, #12756, #9110, .T. ) ;
#2040 = CARTESIAN_POINT ( 'NONE',  ( -2.749999999999977796, -0.6000000000000094147, -0.6999999999999979572 ) ) ;
#2041 = ADVANCED_FACE ( 'NONE', ( #10724 ), #2581, .F. ) ;
#2042 = CARTESIAN_POINT ( 'NONE',  ( -1.500000000000000444, -1.049999999999999378, 3.100000000000001421 ) ) ;
#2043 = ORIENTED_EDGE ( 'NONE', *, *, #7028, .F. ) ;
#2044 = LINE ( 'NONE', #10890, #3775 ) ;
#2045 = CARTESIAN_POINT ( 'NONE',  ( -0.3000000000000001554, 0.8499999999999993117, -3.850000000000000089 ) ) ;
#2046 = DIRECTION ( 'NONE',  ( -0.000000000000000000, 4.336808689942021187E-16, -1.000000000000000000 ) ) ;
#2047 = DIRECTION ( 'NONE',  ( -0.000000000000000000, 1.000000000000000000, 1.239088197126289831E-16 ) ) ;
#2048 = CARTESIAN_POINT ( 'NONE',  ( 2.750000000000000000, 1.050000000000000044, -3.500000000000000000 ) ) ;
#2050 = ORIENTED_EDGE ( 'NONE', *, *, #738, .T. ) ;
#2049 = COLOUR_RGB ( '',1.000000000000000000, 1.000000000000000000, 1.000000000000000000 ) ;
#2051 =( NAMED_UNIT ( * ) SI_UNIT ( $, .STERADIAN. ) SOLID_ANGLE_UNIT ( ) );
#2052 = SURFACE_STYLE_FILL_AREA ( #304 ) ;
#2053 = FILL_AREA_STYLE ('',( #7285 ) ) ;
#2054 = PRESENTATION_LAYER_ASSIGNMENT (  '', '', ( #4516 ) ) ;
#2055 = ORIENTED_EDGE ( 'NONE', *, *, #2287, .F. ) ;
#2056 = COLOUR_RGB ( '',0.1098039215686274495, 0.1098039215686274495, 0.1098039215686274495 ) ;
#2057 = SURFACE_STYLE_FILL_AREA ( #9587 ) ;
#2058 = DIRECTION ( 'NONE',  ( 1.000000000000000000, 0.000000000000000000, 0.000000000000000000 ) ) ;
#2059 = VECTOR ( 'NONE', #8867, 1000.000000000000000 ) ;
#2060 = ORIENTED_EDGE ( 'NONE', *, *, #10668, .F. ) ;
#2061 = CARTESIAN_POINT ( 'NONE',  ( -1.500000000000000000, 0.05000000000000273670, 3.574999999999997957 ) ) ;
#2062 = EDGE_CURVE ( 'NONE', #7103, #7395, #1274, .T. ) ;
#2063 = ORIENTED_EDGE ( 'NONE', *, *, #983, .T. ) ;
#2064 = DIRECTION ( 'NONE',  ( 0.000000000000000000, -4.663235150475287444E-17, 1.000000000000000000 ) ) ;
#2065 =( LENGTH_UNIT ( ) NAMED_UNIT ( * ) SI_UNIT ( .MILLI., .METRE. ) );
#2066 = STYLED_ITEM ( 'NONE', ( #948 ), #8153 ) ;
#2067 = PRESENTATION_STYLE_ASSIGNMENT (( #8739 ) ) ;
#2068 =( NAMED_UNIT ( * ) SI_UNIT ( $, .STERADIAN. ) SOLID_ANGLE_UNIT ( ) );
#2069 = PRESENTATION_STYLE_ASSIGNMENT (( #1649 ) ) ;
#2070 = CLOSED_SHELL ( 'NONE', ( #10686, #4419, #9478, #318, #61, #10356, #577, #4089, #8567, #1759, #5362, #8834, #7771, #5846, #11962, #3368, #2967, #12441, #6774, #10091, #2573, #8290, #9735, #10435, #8960, #12313, #9542, #8879, #5434, #3828, #3640, #12974, #5189, #4282, #9590, #3750, #6459, #7412, #4780, #1439, #11321, #7821, #5053, #9607, #4693, #7686, #11976, #2160, #8153, #595, #8309, #7758, #12254, #9144, #2631, #12375, #4506, #3026, #12771, #8893, #13029, #12707, #8944, #2506, #3703, #4576, #3429, #254, #9466, #5833, #11509, #7291, #7633, #7203, #7890, #11468, #1909, #7956, #302, #10158, #7277, #5246, #1218, #8756, #11387, #725, #12182, #446, #9864, #10893, #6059, #6599, #8628, #7363, #11576, #4226, #1557, #5649, #12515, #6587, #9399, #12391, #2494, #7550, #3621, #10758, #3509, #11761, #13178, #6398, #7938, #11182, #10634, #3229, #3573, #12910, #3440, #5710, #6194, #12111, #1639, #116, #11646 ) ) ;
#2071 = LINE ( 'NONE', #6972, #435 ) ;
#2072 = DIRECTION ( 'NONE',  ( 0.000000000000000000, 0.000000000000000000, -1.000000000000000000 ) ) ;
#2073 = AXIS2_PLACEMENT_3D ( 'NONE', #12934, #6885, #4924 ) ;
#2074 = CARTESIAN_POINT ( 'NONE',  ( -0.2651764705882354578, -1.289294117647059146, -3.774999999999995914 ) ) ;
#2075 = EDGE_CURVE ( 'NONE', #4050, #730, #437, .T. ) ;
#2076 = SURFACE_SIDE_STYLE ('',( #5590 ) ) ;
#2077 = ORIENTED_EDGE ( 'NONE', *, *, #1238, .F. ) ;
#2078 = SURFACE_STYLE_USAGE ( .BOTH. , #8226 ) ;
#2079 =( NAMED_UNIT ( * ) SI_UNIT ( $, .STERADIAN. ) SOLID_ANGLE_UNIT ( ) );
#2080 = VECTOR ( 'NONE', #8890, 1000.000000000000000 ) ;
#2081 = SURFACE_SIDE_STYLE ('',( #10930 ) ) ;
#2082 = PRESENTATION_STYLE_ASSIGNMENT (( #9780 ) ) ;
#2083 = ORIENTED_EDGE ( 'NONE', *, *, #7014, .T. ) ;
#2084 = CARTESIAN_POINT ( 'NONE',  ( -1.249999999999999334, 1.049999999999999378, 2.750000000000006217 ) ) ;
#2085 = VECTOR ( 'NONE', #547, 1000.000000000000000 ) ;
#2086 = LINE ( 'NONE', #12618, #6413 ) ;
#2087 = EDGE_LOOP ( 'NONE', ( #11077, #10460, #8236, #7181 ) ) ;
#2088 = DIRECTION ( 'NONE',  ( 6.994852725712935172E-17, 7.972074797687534325E-18, -1.000000000000000000 ) ) ;
#2089 = SURFACE_SIDE_STYLE ('',( #2455 ) ) ;
#2090 = EDGE_CURVE ( 'NONE', #1592, #9784, #11843, .T. ) ;
#2091 = DIRECTION ( 'NONE',  ( 0.000000000000000000, -1.000000000000000000, 0.000000000000000000 ) ) ;
#2092 = EDGE_CURVE ( 'NONE', #8988, #6766, #4287, .T. ) ;
#2093 = UNCERTAINTY_MEASURE_WITH_UNIT (LENGTH_MEASURE( 1.000000000000000082E-05 ), #7446, 'distance_accuracy_value', 'NONE');
#2094 = DIRECTION ( 'NONE',  ( 0.000000000000000000, 0.000000000000000000, -1.000000000000000000 ) ) ;
#2095 = AXIS2_PLACEMENT_3D ( 'NONE', #5637, #5771, #9843 ) ;
#2096 = MECHANICAL_DESIGN_GEOMETRIC_PRESENTATION_REPRESENTATION (  '', ( #9442 ), #6211 ) ;
#2097 = ORIENTED_EDGE ( 'NONE', *, *, #9469, .T. ) ;
#2098 = LINE ( 'NONE', #4347, #621 ) ;
#2099 = SURFACE_STYLE_FILL_AREA ( #6280 ) ;
#2100 = ORIENTED_EDGE ( 'NONE', *, *, #7402, .F. ) ;
#2101 = CARTESIAN_POINT ( 'NONE',  ( 2.350000000000000089, 0.6499999999999998002, 3.775000000000000355 ) ) ;
#2102 = PLANE ( 'NONE',  #4499 ) ;
#2103 =( GEOMETRIC_REPRESENTATION_CONTEXT ( 3 ) GLOBAL_UNCERTAINTY_ASSIGNED_CONTEXT ( ( #4124 ) ) GLOBAL_UNIT_ASSIGNED_CONTEXT ( ( #2714, #7927, #9962 ) ) REPRESENTATION_CONTEXT ( 'NONE', 'WORKASPACE' ) );
#2104 = AXIS2_PLACEMENT_3D ( 'NONE', #5981, #7012, #12166 ) ;
#2105 = ADVANCED_FACE ( 'NONE', ( #12173 ), #3644, .F. ) ;
#2106 = DIRECTION ( 'NONE',  ( -7.523163845262646182E-31, -1.000000000000000000, -4.336808689942021187E-16 ) ) ;
#2107 = LINE ( 'NONE', #5651, #12351 ) ;
#2108 = VERTEX_POINT ( 'NONE', #10822 ) ;
#2109 = EDGE_CURVE ( 'NONE', #8611, #9696, #8337, .T. ) ;
#2110 = CARTESIAN_POINT ( 'NONE',  ( 1.500000000000000000, -0.8500000000000011990, -3.572999999999995957 ) ) ;
#2111 = UNCERTAINTY_MEASURE_WITH_UNIT (LENGTH_MEASURE( 1.000000000000000082E-05 ), #6069, 'distance_accuracy_value', 'NONE');
#2112 = LINE ( 'NONE', #2817, #6732 ) ;
#2113 = COLOUR_RGB ( '',1.000000000000000000, 1.000000000000000000, 1.000000000000000000 ) ;
#2114 = VERTEX_POINT ( 'NONE', #1604 ) ;
#2115 = SURFACE_STYLE_USAGE ( .BOTH. , #10203 ) ;
#2116 = DIRECTION ( 'NONE',  ( 1.000000000000000000, 0.000000000000000000, 0.000000000000000000 ) ) ;
#2117 =( NAMED_UNIT ( * ) PLANE_ANGLE_UNIT ( ) SI_UNIT ( $, .RADIAN. ) );
#2118 = VECTOR ( 'NONE', #12296, 1000.000000000000000 ) ;
#2119 = EDGE_CURVE ( 'NONE', #4170, #6173, #3976, .T. ) ;
#2120 = ORIENTED_EDGE ( 'NONE', *, *, #2331, .T. ) ;
#2121 = CARTESIAN_POINT ( 'NONE',  ( 2.499999999999992006, 1.024999999999999467, 2.200000000000000178 ) ) ;
#2122 = SURFACE_STYLE_FILL_AREA ( #13047 ) ;
#2123 =( GEOMETRIC_REPRESENTATION_CONTEXT ( 3 ) GLOBAL_UNCERTAINTY_ASSIGNED_CONTEXT ( ( #330 ) ) GLOBAL_UNIT_ASSIGNED_CONTEXT ( ( #11778, #468, #3574 ) ) REPRESENTATION_CONTEXT ( 'NONE', 'WORKASPACE' ) );
#2124 = FILL_AREA_STYLE ('',( #10218 ) ) ;
#2125 = VERTEX_POINT ( 'NONE', #5734 ) ;
#2126 = CARTESIAN_POINT ( 'NONE',  ( -1.500000000000000000, -0.8480000000000001981, 3.774999999999989697 ) ) ;
#2127 = CARTESIAN_POINT ( 'NONE',  ( -1.749999999999999112, 0.8499999999999995337, 2.250000000000007105 ) ) ;
#2128 =( NAMED_UNIT ( * ) PLANE_ANGLE_UNIT ( ) SI_UNIT ( $, .RADIAN. ) );
#2129 = MECHANICAL_DESIGN_GEOMETRIC_PRESENTATION_REPRESENTATION (  '', ( #8635 ), #12745 ) ;
#2130 = CARTESIAN_POINT ( 'NONE',  ( 2.499999999999992895, 0.8249999999999999556, -2.799999999999999822 ) ) ;
#2131 = CARTESIAN_POINT ( 'NONE',  ( -2.750000000000014655, -1.049999999999999378, 3.100000000000001421 ) ) ;
#2132 = AXIS2_PLACEMENT_3D ( 'NONE', #11004, #4860, #7965 ) ;
#2133 = ORIENTED_EDGE ( 'NONE', *, *, #11022, .F. ) ;
#2134 = LINE ( 'NONE', #881, #7591 ) ;
#2135 = LINE ( 'NONE', #7235, #4675 ) ;
#2136 = FILL_AREA_STYLE ('',( #7145 ) ) ;
#2137 = ORIENTED_EDGE ( 'NONE', *, *, #2965, .T. ) ;
#2138 = EDGE_CURVE ( 'NONE', #8377, #1259, #5574, .T. ) ;
#2139 = ORIENTED_EDGE ( 'NONE', *, *, #2075, .F. ) ;
#2140 = CARTESIAN_POINT ( 'NONE',  ( 1.750000000000032196, 0.8499999999999997558, 0.2500000000000029421 ) ) ;
#2141 = PRESENTATION_LAYER_ASSIGNMENT (  '', '', ( #11583 ) ) ;
#2142 = FILL_AREA_STYLE ('',( #3825 ) ) ;
#2143 = ORIENTED_EDGE ( 'NONE', *, *, #1293, .T. ) ;
#2144 = DIRECTION ( 'NONE',  ( 0.000000000000000000, -3.497426362856467586E-17, 1.000000000000000000 ) ) ;
#2145 = PRESENTATION_LAYER_ASSIGNMENT (  '', '', ( #752 ) ) ;
#2146 = CARTESIAN_POINT ( 'NONE',  ( 2.550000000000000266, -0.8499999999999976463, -2.799999999999994937 ) ) ;
#2147 = EDGE_CURVE ( 'NONE', #439, #9837, #776, .T. ) ;
#2148 = VERTEX_POINT ( 'NONE', #2845 ) ;
#2149 = SURFACE_STYLE_USAGE ( .BOTH. , #7265 ) ;
#2150 = ORIENTED_EDGE ( 'NONE', *, *, #3515, .F. ) ;
#2151 = CYLINDRICAL_SURFACE ( 'NONE', #898, 0.1999999999999982903 ) ;
#2152 = ORIENTED_EDGE ( 'NONE', *, *, #8924, .T. ) ;
#2153 = DIRECTION ( 'NONE',  ( 0.2425356250363329691, -0.9701425001453318764, 0.000000000000000000 ) ) ;
#2154 = PRESENTATION_LAYER_ASSIGNMENT (  '', '', ( #768 ) ) ;
#2155 = SURFACE_SIDE_STYLE ('',( #13111 ) ) ;
#2156 = CIRCLE ( 'NONE', #239, 0.4000000000000048517 ) ;
#2157 = ORIENTED_EDGE ( 'NONE', *, *, #8545, .T. ) ;
#2158 = CARTESIAN_POINT ( 'NONE',  ( 1.500000000000000000, -0.8499999999999978684, -3.099999999999995648 ) ) ;
#2159 = CARTESIAN_POINT ( 'NONE',  ( 2.549999999999992717, 0.8249999999999999556, -2.200000000000000178 ) ) ;
#2160 = ADVANCED_FACE ( 'NONE', ( #11217 ), #5832, .F. ) ;
#2161 = SURFACE_STYLE_USAGE ( .BOTH. , #2081 ) ;
#2162 = STYLED_ITEM ( 'NONE', ( #2598 ), #9932 ) ;
#2163 = AXIS2_PLACEMENT_3D ( 'NONE', #9290, #12499, #11510 ) ;
#2164 = PLANE ( 'NONE',  #6723 ) ;
#2165 = VECTOR ( 'NONE', #6143, 999.9999999999998863 ) ;
#2166 = CARTESIAN_POINT ( 'NONE',  ( 0.2999999999999999334, 0.05000000000000273670, -3.500000000000000000 ) ) ;
#2167 = VECTOR ( 'NONE', #4429, 1000.000000000000000 ) ;
#2168 = PRESENTATION_STYLE_ASSIGNMENT (( #12960 ) ) ;
#2169 = DIRECTION ( 'NONE',  ( -0.000000000000000000, -0.000000000000000000, -1.000000000000000000 ) ) ;
#2170 = FILL_AREA_STYLE ('',( #1277 ) ) ;
#2171 = VERTEX_POINT ( 'NONE', #5929 ) ;
#2172 = DIRECTION ( 'NONE',  ( 0.000000000000000000, -0.9590177080589005199, -0.2833461410174015205 ) ) ;
#2173 = DIRECTION ( 'NONE',  ( 0.000000000000000000, -4.336808689942021187E-16, 1.000000000000000000 ) ) ;
#2174 = STYLED_ITEM ( 'NONE', ( #9160 ), #2433 ) ;
#2175 = UNCERTAINTY_MEASURE_WITH_UNIT (LENGTH_MEASURE( 1.000000000000000082E-05 ), #13089, 'distance_accuracy_value', 'NONE');
#2176 = LINE ( 'NONE', #6378, #10016 ) ;
#2177 = UNCERTAINTY_MEASURE_WITH_UNIT (LENGTH_MEASURE( 1.000000000000000082E-05 ), #12703, 'distance_accuracy_value', 'NONE');
#2178 = ORIENTED_EDGE ( 'NONE', *, *, #9691, .T. ) ;
#2179 = EDGE_CURVE ( 'NONE', #11294, #6853, #8513, .T. ) ;
#2180 = DIRECTION ( 'NONE',  ( -0.000000000000000000, -4.464361886705018606E-16, 1.000000000000000000 ) ) ;
#2181 = ORIENTED_EDGE ( 'NONE', *, *, #3207, .T. ) ;
#2182 = ORIENTED_EDGE ( 'NONE', *, *, #1207, .F. ) ;
#2183 = SURFACE_SIDE_STYLE ('',( #2291 ) ) ;
#2184 =( NAMED_UNIT ( * ) SI_UNIT ( $, .STERADIAN. ) SOLID_ANGLE_UNIT ( ) );
#2185 =( GEOMETRIC_REPRESENTATION_CONTEXT ( 3 ) GLOBAL_UNCERTAINTY_ASSIGNED_CONTEXT ( ( #13164 ) ) GLOBAL_UNIT_ASSIGNED_CONTEXT ( ( #7416, #4209, #2256 ) ) REPRESENTATION_CONTEXT ( 'NONE', 'WORKASPACE' ) );
#2186 = AXIS2_PLACEMENT_3D ( 'NONE', #10176, #4022, #7954 ) ;
#2187 = CARTESIAN_POINT ( 'NONE',  ( 0.8499999999999998668, -1.049999999999999156, 1.800000000000000044 ) ) ;
#2188 = CARTESIAN_POINT ( 'NONE',  ( 2.449999999999984190, -0.1499999999999995226, -0.2154700538379285546 ) ) ;
#2189 = ORIENTED_EDGE ( 'NONE', *, *, #11062, .T. ) ;
#2190 = COLOUR_RGB ( '',1.000000000000000000, 1.000000000000000000, 1.000000000000000000 ) ;
#2191 = EDGE_CURVE ( 'NONE', #11716, #5681, #10678, .T. ) ;
#2192 = SURFACE_SIDE_STYLE ('',( #13195 ) ) ;
#2193 = COLOUR_RGB ( '',1.000000000000000000, 1.000000000000000000, 1.000000000000000000 ) ;
#2194 = CIRCLE ( 'NONE', #2591, 0.4000000000000019096 ) ;
#2195 = SURFACE_STYLE_FILL_AREA ( #1378 ) ;
#2196 = ORIENTED_EDGE ( 'NONE', *, *, #11642, .F. ) ;
#2197 = EDGE_LOOP ( 'NONE', ( #4635, #1126, #11414, #8093 ) ) ;
#2198 = PRESENTATION_LAYER_ASSIGNMENT (  '', '', ( #6653 ) ) ;
#2199 = AXIS2_PLACEMENT_3D ( 'NONE', #9145, #10182, #9024 ) ;
#2200 = CIRCLE ( 'NONE', #10454, 0.2030000000000000693 ) ;
#2201 = EDGE_CURVE ( 'NONE', #9784, #6270, #5645, .T. ) ;
#2202 = ORIENTED_EDGE ( 'NONE', *, *, #2685, .T. ) ;
#2203 = PRESENTATION_STYLE_ASSIGNMENT (( #10661 ) ) ;
#2204 = ORIENTED_EDGE ( 'NONE', *, *, #8396, .F. ) ;
#2205 = VECTOR ( 'NONE', #12783, 1000.000000000000000 ) ;
#2206 = CARTESIAN_POINT ( 'NONE',  ( 2.499999999999992006, 1.024999999999999467, 2.799999999999999822 ) ) ;
#2207 = MECHANICAL_DESIGN_GEOMETRIC_PRESENTATION_REPRESENTATION (  '', ( #1785 ), #8901 ) ;
#2208 = CARTESIAN_POINT ( 'NONE',  ( -2.449999999999985523, -0.1499999999999995226, 0.3113248654051866127 ) ) ;
#2209 = VECTOR ( 'NONE', #12338, 1000.000000000000000 ) ;
#2210 = ORIENTED_EDGE ( 'NONE', *, *, #6382, .F. ) ;
#2211 =( NAMED_UNIT ( * ) SI_UNIT ( $, .STERADIAN. ) SOLID_ANGLE_UNIT ( ) );
#2212 = EDGE_CURVE ( 'NONE', #4817, #9526, #5020, .T. ) ;
#2213 = SURFACE_STYLE_FILL_AREA ( #5263 ) ;
#2214 = FILL_AREA_STYLE ('',( #7369 ) ) ;
#2215 =( LENGTH_UNIT ( ) NAMED_UNIT ( * ) SI_UNIT ( .MILLI., .METRE. ) );
#2216 = DIRECTION ( 'NONE',  ( 0.000000000000000000, 0.9590177080589005199, 0.2833461410174015760 ) ) ;
#2217 = CARTESIAN_POINT ( 'NONE',  ( -2.449999999999985523, -0.6000000000000094147, 0.3113248654051866127 ) ) ;
#2218 = SURFACE_STYLE_USAGE ( .BOTH. , #6020 ) ;
#2219 = LINE ( 'NONE', #7027, #7511 ) ;
#2220 = DIRECTION ( 'NONE',  ( 0.5512217136918299287, 0.000000000000000000, 0.8343588091190996536 ) ) ;
#2221 = DIRECTION ( 'NONE',  ( -0.000000000000000000, 1.000000000000000000, -0.000000000000000000 ) ) ;
#2222 =( GEOMETRIC_REPRESENTATION_CONTEXT ( 3 ) GLOBAL_UNCERTAINTY_ASSIGNED_CONTEXT ( ( #7930 ) ) GLOBAL_UNIT_ASSIGNED_CONTEXT ( ( #3005, #809, #12108 ) ) REPRESENTATION_CONTEXT ( 'NONE', 'WORKASPACE' ) );
#2223 = EDGE_LOOP ( 'NONE', ( #8301, #13121, #11109, #5143 ) ) ;
#2224 = SURFACE_STYLE_FILL_AREA ( #11342 ) ;
#2225 =( NAMED_UNIT ( * ) SI_UNIT ( $, .STERADIAN. ) SOLID_ANGLE_UNIT ( ) );
#2226 = PRESENTATION_LAYER_ASSIGNMENT (  '', '', ( #13202 ) ) ;
#2227 = PRESENTATION_STYLE_ASSIGNMENT (( #2250 ) ) ;
#2228 = CARTESIAN_POINT ( 'NONE',  ( 0.7499999999999992228, -2.199999999999997957, 4.036762042207656601E-15 ) ) ;
#2229 = CARTESIAN_POINT ( 'NONE',  ( -1.749999999999999112, 1.049999999999999822, -0.2499999999999957812 ) ) ;
#2230 = EDGE_CURVE ( 'NONE', #8483, #12076, #8239, .T. ) ;
#2231 = VERTEX_POINT ( 'NONE', #11095 ) ;
#2232 = ADVANCED_FACE ( 'NONE', ( #6454 ), #31, .T. ) ;
#2233 = CARTESIAN_POINT ( 'NONE',  ( -0.2499999999999572842, 1.049999999999999822, -0.2499999999999957812 ) ) ;
#2234 = DIRECTION ( 'NONE',  ( 0.8617512157642867043, 0.000000000000000000, -0.5073310971434472627 ) ) ;
#2235 = CARTESIAN_POINT ( 'NONE',  ( 0.2500000000000167089, 1.049999999999999378, 2.750000000000006217 ) ) ;
#2236 = LINE ( 'NONE', #4509, #8165 ) ;
#2237 = ORIENTED_EDGE ( 'NONE', *, *, #8943, .T. ) ;
#2238 = FILL_AREA_STYLE_COLOUR ( '', #13207 ) ;
#2239 = DIRECTION ( 'NONE',  ( -6.994852725712935172E-17, -3.497426362856467586E-17, 1.000000000000000000 ) ) ;
#2240 = SURFACE_STYLE_FILL_AREA ( #8478 ) ;
#2241 = ORIENTED_EDGE ( 'NONE', *, *, #4588, .F. ) ;
#2242 = VERTEX_POINT ( 'NONE', #6865 ) ;
#2243 =( GEOMETRIC_REPRESENTATION_CONTEXT ( 3 ) GLOBAL_UNCERTAINTY_ASSIGNED_CONTEXT ( ( #4384 ) ) GLOBAL_UNIT_ASSIGNED_CONTEXT ( ( #5238, #109, #1210 ) ) REPRESENTATION_CONTEXT ( 'NONE', 'WORKASPACE' ) );
#2244 = PRESENTATION_STYLE_ASSIGNMENT (( #3741 ) ) ;
#2245 = LINE ( 'NONE', #5475, #5589 ) ;
#2246 = SURFACE_STYLE_FILL_AREA ( #2124 ) ;
#2247 = EDGE_LOOP ( 'NONE', ( #10042, #3651, #6307, #6236, #9606, #5766, #3534, #10011, #3707, #13212, #4907, #6943, #5471, #7485, #723, #10172 ) ) ;
#2248 = CARTESIAN_POINT ( 'NONE',  ( 0.6635848415983804927, -1.039999999999999147, 2.947366081294554352 ) ) ;
#2249 = DIRECTION ( 'NONE',  ( 0.000000000000000000, 0.000000000000000000, -1.000000000000000000 ) ) ;
#2250 = SURFACE_STYLE_USAGE ( .BOTH. , #12556 ) ;
#2251 = FACE_OUTER_BOUND ( 'NONE', #1812, .T. ) ;
#2252 = UNCERTAINTY_MEASURE_WITH_UNIT (LENGTH_MEASURE( 1.000000000000000082E-05 ), #11657, 'distance_accuracy_value', 'NONE');
#2253 =( LENGTH_UNIT ( ) NAMED_UNIT ( * ) SI_UNIT ( .MILLI., .METRE. ) );
#2254 = LINE ( 'NONE', #11089, #7394 ) ;
#2255 = ORIENTED_EDGE ( 'NONE', *, *, #3759, .T. ) ;
#2256 =( NAMED_UNIT ( * ) SI_UNIT ( $, .STERADIAN. ) SOLID_ANGLE_UNIT ( ) );
#2257 =( LENGTH_UNIT ( ) NAMED_UNIT ( * ) SI_UNIT ( .MILLI., .METRE. ) );
#2258 = DIRECTION ( 'NONE',  ( 0.000000000000000000, -0.000000000000000000, 1.000000000000000000 ) ) ;
#2259 = EDGE_LOOP ( 'NONE', ( #11751, #1121, #6734, #11713 ) ) ;
#2260 = EDGE_CURVE ( 'NONE', #1841, #7341, #6140, .T. ) ;
#2261 = PRESENTATION_STYLE_ASSIGNMENT (( #7040 ) ) ;
#2262 = EDGE_LOOP ( 'NONE', ( #3198, #5756, #12664, #7079 ) ) ;
#2263 = FILL_AREA_STYLE_COLOUR ( '', #5486 ) ;
#2264 = CARTESIAN_POINT ( 'NONE',  ( 2.750000000000000000, -0.5499999999999997113, -2.600000000000006750 ) ) ;
#2265 = MECHANICAL_DESIGN_GEOMETRIC_PRESENTATION_REPRESENTATION (  '', ( #1583 ), #1329 ) ;
#2266 = STYLED_ITEM ( 'NONE', ( #7497 ), #4419 ) ;
#2267 = ORIENTED_EDGE ( 'NONE', *, *, #2541, .T. ) ;
#2268 = EDGE_CURVE ( 'NONE', #3714, #12843, #12555, .T. ) ;
#2269 = VECTOR ( 'NONE', #911, 1000.000000000000000 ) ;
#2270 = CARTESIAN_POINT ( 'NONE',  ( -2.752999999999998781, 1.028000000000000025, -2.200000000000000178 ) ) ;
#2271 = ORIENTED_EDGE ( 'NONE', *, *, #9307, .F. ) ;
#2272 = CARTESIAN_POINT ( 'NONE',  ( 2.499999999999992006, 1.024999999999999467, 2.200000000000000178 ) ) ;
#2273 = ORIENTED_EDGE ( 'NONE', *, *, #11947, .F. ) ;
#2274 = FILL_AREA_STYLE_COLOUR ( '', #7023 ) ;
#2275 =( GEOMETRIC_REPRESENTATION_CONTEXT ( 3 ) GLOBAL_UNCERTAINTY_ASSIGNED_CONTEXT ( ( #11861 ) ) GLOBAL_UNIT_ASSIGNED_CONTEXT ( ( #4578, #2745, #3595 ) ) REPRESENTATION_CONTEXT ( 'NONE', 'WORKASPACE' ) );
#2276 = STYLED_ITEM ( 'NONE', ( #7610 ), #654 ) ;
#2277 = CIRCLE ( 'NONE', #49, 0.002999999999999964501 ) ;
#2278 = MECHANICAL_DESIGN_GEOMETRIC_PRESENTATION_REPRESENTATION (  '', ( #3889 ), #7348 ) ;
#2279 = DIRECTION ( 'NONE',  ( 0.1705736038900110274, 0.000000000000000000, -0.9853449373980532888 ) ) ;
#2280 = ORIENTED_EDGE ( 'NONE', *, *, #12382, .T. ) ;
#2281 = DIRECTION ( 'NONE',  ( 0.000000000000000000, 0.000000000000000000, -1.000000000000000000 ) ) ;
#2282 = STYLED_ITEM ( 'NONE', ( #2724 ), #12254 ) ;
#2283 = STYLED_ITEM ( 'NONE', ( #4125 ), #5649 ) ;
#2284 = FACE_OUTER_BOUND ( 'NONE', #9662, .T. ) ;
#2285 = FACE_OUTER_BOUND ( 'NONE', #314, .T. ) ;
#2286 = ORIENTED_EDGE ( 'NONE', *, *, #5340, .T. ) ;
#2287 = EDGE_CURVE ( 'NONE', #4648, #1116, #3405, .T. ) ;
#2288 = SURFACE_STYLE_USAGE ( .BOTH. , #8524 ) ;
#2289 = VERTEX_POINT ( 'NONE', #9953 ) ;
#2290 = LINE ( 'NONE', #11160, #7429 ) ;
#2291 = SURFACE_STYLE_FILL_AREA ( #5260 ) ;
#2292 = DIRECTION ( 'NONE',  ( 0.000000000000000000, -1.000000000000000000, 0.000000000000000000 ) ) ;
#2293 = ORIENTED_EDGE ( 'NONE', *, *, #9603, .F. ) ;
#2294 = SURFACE_SIDE_STYLE ('',( #11345 ) ) ;
#2295 =( NAMED_UNIT ( * ) SI_UNIT ( $, .STERADIAN. ) SOLID_ANGLE_UNIT ( ) );
#2296 = ADVANCED_FACE ( 'NONE', ( #10614 ), #4906, .T. ) ;
#2297 = AXIS2_PLACEMENT_3D ( 'NONE', #11946, #9965, #3870 ) ;
#2298 = FILL_AREA_STYLE_COLOUR ( '', #6455 ) ;
#2299 = SURFACE_SIDE_STYLE ('',( #149 ) ) ;
#2300 = STYLED_ITEM ( 'NONE', ( #10308 ), #12910 ) ;
#2301 = EDGE_LOOP ( 'NONE', ( #3497, #6176, #9117, #12865 ) ) ;
#2302 = SURFACE_STYLE_USAGE ( .BOTH. , #4213 ) ;
#2303 = EDGE_CURVE ( 'NONE', #10010, #8207, #11905, .T. ) ;
#2304 = LINE ( 'NONE', #4966, #8564 ) ;
#2305 = DIRECTION ( 'NONE',  ( 0.000000000000000000, -1.000000000000000000, 0.000000000000000000 ) ) ;
#2306 = ORIENTED_EDGE ( 'NONE', *, *, #9624, .T. ) ;
#2307 = PRESENTATION_STYLE_ASSIGNMENT (( #9153 ) ) ;
#2308 = VERTEX_POINT ( 'NONE', #6018 ) ;
#2309 = DIRECTION ( 'NONE',  ( 1.000000000000000000, 0.000000000000000000, -1.734723475976807094E-15 ) ) ;
#2310 = PRESENTATION_LAYER_ASSIGNMENT (  '', '', ( #12862 ) ) ;
#2311 =( LENGTH_UNIT ( ) NAMED_UNIT ( * ) SI_UNIT ( .MILLI., .METRE. ) );
#2312 = CARTESIAN_POINT ( 'NONE',  ( -2.449999999999984635, -0.6000000000000094147, -0.1309401076758484883 ) ) ;
#2313 = CARTESIAN_POINT ( 'NONE',  ( -0.7500000000000000000, 0.6499999999999998002, -3.774999999999995914 ) ) ;
#2314 = COLOUR_RGB ( '',1.000000000000000000, 1.000000000000000000, 1.000000000000000000 ) ;
#2315 =( NAMED_UNIT ( * ) SI_UNIT ( $, .STERADIAN. ) SOLID_ANGLE_UNIT ( ) );
#2316 = VECTOR ( 'NONE', #8388, 1000.000000000000000 ) ;
#2317 = DIRECTION ( 'NONE',  ( 0.000000000000000000, -1.000000000000000000, 0.000000000000000000 ) ) ;
#2318 = ORIENTED_EDGE ( 'NONE', *, *, #12779, .F. ) ;
#2319 =( GEOMETRIC_REPRESENTATION_CONTEXT ( 3 ) GLOBAL_UNCERTAINTY_ASSIGNED_CONTEXT ( ( #427 ) ) GLOBAL_UNIT_ASSIGNED_CONTEXT ( ( #3314, #10484, #7460 ) ) REPRESENTATION_CONTEXT ( 'NONE', 'WORKASPACE' ) );
#2320 =( NAMED_UNIT ( * ) SI_UNIT ( $, .STERADIAN. ) SOLID_ANGLE_UNIT ( ) );
#2321 = ORIENTED_EDGE ( 'NONE', *, *, #65, .T. ) ;
#2322 = EDGE_CURVE ( 'NONE', #10149, #4949, #4038, .T. ) ;
#2323 = DIRECTION ( 'NONE',  ( 0.000000000000000000, -1.000000000000000000, 0.000000000000000000 ) ) ;
#2324 = ORIENTED_EDGE ( 'NONE', *, *, #436, .F. ) ;
#2325 = DIRECTION ( 'NONE',  ( 1.826024711554534899E-16, 0.000000000000000000, 1.000000000000000000 ) ) ;
#2326 = PRESENTATION_LAYER_ASSIGNMENT (  '', '', ( #3010 ) ) ;
#2327 = VECTOR ( 'NONE', #6391, 1000.000000000000000 ) ;
#2328 = PRESENTATION_STYLE_ASSIGNMENT (( #13053 ) ) ;
#2329 = ORIENTED_EDGE ( 'NONE', *, *, #597, .F. ) ;
#2330 = DIRECTION ( 'NONE',  ( 0.000000000000000000, -1.000000000000000000, 0.000000000000000000 ) ) ;
#2331 = EDGE_CURVE ( 'NONE', #9031, #6150, #4354, .T. ) ;
#2332 = CARTESIAN_POINT ( 'NONE',  ( -2.499999999999999112, 0.8249999999999999556, -2.799999999999999822 ) ) ;
#2333 =( NAMED_UNIT ( * ) PLANE_ANGLE_UNIT ( ) SI_UNIT ( $, .RADIAN. ) );
#2334 =( NAMED_UNIT ( * ) SI_UNIT ( $, .STERADIAN. ) SOLID_ANGLE_UNIT ( ) );
#2335 = STYLED_ITEM ( 'NONE', ( #12737 ), #10839 ) ;
#2336 = MECHANICAL_DESIGN_GEOMETRIC_PRESENTATION_REPRESENTATION (  '', ( #11018 ), #3452 ) ;
#2337 = DIRECTION ( 'NONE',  ( -1.000000000000000000, -0.000000000000000000, -0.000000000000000000 ) ) ;
#2338 = ORIENTED_EDGE ( 'NONE', *, *, #6185, .F. ) ;
#2339 = FILL_AREA_STYLE_COLOUR ( '', #8113 ) ;
#2340 = UNCERTAINTY_MEASURE_WITH_UNIT (LENGTH_MEASURE( 1.000000000000000082E-05 ), #6540, 'distance_accuracy_value', 'NONE');
#2341 = LINE ( 'NONE', #7321, #1379 ) ;
#2342 = UNCERTAINTY_MEASURE_WITH_UNIT (LENGTH_MEASURE( 1.000000000000000082E-05 ), #8902, 'distance_accuracy_value', 'NONE');
#2343 = SURFACE_STYLE_USAGE ( .BOTH. , #6292 ) ;
#2344 = COLOUR_RGB ( '',1.000000000000000000, 1.000000000000000000, 1.000000000000000000 ) ;
#2345 = ORIENTED_EDGE ( 'NONE', *, *, #3553, .F. ) ;
#2346 = ORIENTED_EDGE ( 'NONE', *, *, #3934, .F. ) ;
#2347 = ORIENTED_EDGE ( 'NONE', *, *, #2021, .T. ) ;
#2348 = LINE ( 'NONE', #13233, #1884 ) ;
#2349 = AXIS2_PLACEMENT_3D ( 'NONE', #11561, #11600, #1304 ) ;
#2350 = AXIS2_PLACEMENT_3D ( 'NONE', #2972, #11285, #1052 ) ;
#2351 =( NAMED_UNIT ( * ) SI_UNIT ( $, .STERADIAN. ) SOLID_ANGLE_UNIT ( ) );
#2352 = EDGE_LOOP ( 'NONE', ( #1405, #9372, #5718, #2738, #8115, #5233, #7975, #11516 ) ) ;
#2353 = EDGE_CURVE ( 'NONE', #12973, #13257, #11752, .T. ) ;
#2354 = LINE ( 'NONE', #6062, #13077 ) ;
#2355 = FILL_AREA_STYLE ('',( #11628 ) ) ;
#2356 = VECTOR ( 'NONE', #10354, 1000.000000000000000 ) ;
#2357 = VECTOR ( 'NONE', #687, 1000.000000000000000 ) ;
#2358 = VECTOR ( 'NONE', #8732, 1000.000000000000000 ) ;
#2360 = ORIENTED_EDGE ( 'NONE', *, *, #11703, .F. ) ;
#2359 = VECTOR ( 'NONE', #4749, 1000.000000000000227 ) ;
#2361 = MECHANICAL_DESIGN_GEOMETRIC_PRESENTATION_REPRESENTATION (  '', ( #7696 ), #3034 ) ;
#2362 = PRESENTATION_LAYER_ASSIGNMENT (  '', '', ( #11800 ) ) ;
#2363 = ORIENTED_EDGE ( 'NONE', *, *, #12816, .F. ) ;
#2364 = ADVANCED_FACE ( 'NONE', ( #8080 ), #12257, .F. ) ;
#2365 = PLANE ( 'NONE',  #8459 ) ;
#2366 =( LENGTH_UNIT ( ) NAMED_UNIT ( * ) SI_UNIT ( .MILLI., .METRE. ) );
#2367 = EDGE_CURVE ( 'NONE', #8819, #1061, #3557, .T. ) ;
#2368 = SURFACE_STYLE_USAGE ( .BOTH. , #8681 ) ;
#2369 = CARTESIAN_POINT ( 'NONE',  ( 2.350000000000000089, 0.000000000000000000, 0.000000000000000000 ) ) ;
#2370 = ORIENTED_EDGE ( 'NONE', *, *, #4068, .T. ) ;
#2371 =( LENGTH_UNIT ( ) NAMED_UNIT ( * ) SI_UNIT ( .MILLI., .METRE. ) );
#2372 =( GEOMETRIC_REPRESENTATION_CONTEXT ( 3 ) GLOBAL_UNCERTAINTY_ASSIGNED_CONTEXT ( ( #6934 ) ) GLOBAL_UNIT_ASSIGNED_CONTEXT ( ( #11501, #4301, #9359 ) ) REPRESENTATION_CONTEXT ( 'NONE', 'WORKASPACE' ) );
#2373 = ORIENTED_EDGE ( 'NONE', *, *, #12999, .T. ) ;
#2374 = ORIENTED_EDGE ( 'NONE', *, *, #2382, .F. ) ;
#2375 = CARTESIAN_POINT ( 'NONE',  ( 2.350000000000000089, 0.05000000000000273670, -3.574999999999997957 ) ) ;
#2376 = MECHANICAL_DESIGN_GEOMETRIC_PRESENTATION_REPRESENTATION (  '', ( #1005 ), #466 ) ;
#2377 = VECTOR ( 'NONE', #9840, 1000.000000000000000 ) ;
#2378 =( NAMED_UNIT ( * ) SI_UNIT ( $, .STERADIAN. ) SOLID_ANGLE_UNIT ( ) );
#2379 = CARTESIAN_POINT ( 'NONE',  ( 2.550000000000000266, -1.049999999999999156, -1.649999999999994804 ) ) ;
#2380 = CARTESIAN_POINT ( 'NONE',  ( -0.2499999999999835132, 1.050000000000000044, -2.249999999999999556 ) ) ;
#2381 = LINE ( 'NONE', #10733, #12950 ) ;
#2382 = EDGE_CURVE ( 'NONE', #1719, #730, #12386, .T. ) ;
#2383 = ORIENTED_EDGE ( 'NONE', *, *, #10943, .T. ) ;
#2384 = FACE_OUTER_BOUND ( 'NONE', #1895, .T. ) ;
#2385 = DIRECTION ( 'NONE',  ( 0.000000000000000000, 0.000000000000000000, 1.000000000000000000 ) ) ;
#2386 = DIRECTION ( 'NONE',  ( 1.826024711554534899E-16, -4.565061778886337249E-17, 1.000000000000000000 ) ) ;
#2387 = FILL_AREA_STYLE_COLOUR ( '', #12837 ) ;
#2388 =( NAMED_UNIT ( * ) PLANE_ANGLE_UNIT ( ) SI_UNIT ( $, .RADIAN. ) );
#2389 = DIRECTION ( 'NONE',  ( -0.000000000000000000, -0.000000000000000000, -1.000000000000000000 ) ) ;
#2390 = CARTESIAN_POINT ( 'NONE',  ( -0.3000000000000001554, 0.6499999999999993561, -4.832455532033675283 ) ) ;
#2391 =( GEOMETRIC_REPRESENTATION_CONTEXT ( 3 ) GLOBAL_UNCERTAINTY_ASSIGNED_CONTEXT ( ( #2111 ) ) GLOBAL_UNIT_ASSIGNED_CONTEXT ( ( #6069, #13227, #8147 ) ) REPRESENTATION_CONTEXT ( 'NONE', 'WORKASPACE' ) );
#2392 = EDGE_LOOP ( 'NONE', ( #9386, #3287, #8876, #9685, #971, #1921, #1629, #4585, #8108, #8938, #10794, #7834 ) ) ;
#2393 = CARTESIAN_POINT ( 'NONE',  ( -0.3000000000000001554, 0.6499999999999993561, -4.832455532033675283 ) ) ;
#2394 = VECTOR ( 'NONE', #6997, 1000.000000000000000 ) ;
#2395 = SURFACE_STYLE_FILL_AREA ( #11676 ) ;
#2396 = EDGE_LOOP ( 'NONE', ( #10954, #6672, #8365, #12131 ) ) ;
#2397 = COLOUR_RGB ( '',0.6941176470588235059, 0.09803921568627450844, 0.09803921568627450844 ) ;
#2398 = VECTOR ( 'NONE', #6783, 1000.000000000000000 ) ;
#2399 = FACE_OUTER_BOUND ( 'NONE', #12119, .T. ) ;
#2400 = ORIENTED_EDGE ( 'NONE', *, *, #10753, .F. ) ;
#2401 = DIRECTION ( 'NONE',  ( -3.195543245220436197E-15, 4.565061778886337249E-17, -1.000000000000000000 ) ) ;
#2402 = PRESENTATION_LAYER_ASSIGNMENT (  '', '', ( #12013 ) ) ;
#2403 = PLANE ( 'NONE',  #8604 ) ;
#2404 = ADVANCED_BREP_SHAPE_REPRESENTATION ( '452403012014-1', ( #6758, #9715, #9881, #4540, #8345, #1611, #8173, #7534, #12529, #7557 ), #733 ) ;
#2405 = DIRECTION ( 'NONE',  ( -0.000000000000000000, 1.000000000000000000, -0.000000000000000000 ) ) ;
#2406 = SURFACE_SIDE_STYLE ('',( #12652 ) ) ;
#2407 = EDGE_CURVE ( 'NONE', #10960, #4225, #2135, .T. ) ;
#2408 = CARTESIAN_POINT ( 'NONE',  ( 1.500000000000000000, -0.8480000000000001981, 3.572999999999989740 ) ) ;
#2409 = FILL_AREA_STYLE_COLOUR ( '', #1398 ) ;
#2410 = ORIENTED_EDGE ( 'NONE', *, *, #2703, .T. ) ;
#2411 = SURFACE_STYLE_FILL_AREA ( #2355 ) ;
#2412 = VECTOR ( 'NONE', #5506, 1000.000000000000000 ) ;
#2413 = PRESENTATION_STYLE_ASSIGNMENT (( #10697 ) ) ;
#2414 = VECTOR ( 'NONE', #2036, 1000.000000000000000 ) ;
#2415 = VERTEX_POINT ( 'NONE', #1004 ) ;
#2416 = CYLINDRICAL_SURFACE ( 'NONE', #9756, 0.3999999999999999667 ) ;
#2417 = UNCERTAINTY_MEASURE_WITH_UNIT (LENGTH_MEASURE( 1.000000000000000082E-05 ), #6834, 'distance_accuracy_value', 'NONE');
#2418 = UNCERTAINTY_MEASURE_WITH_UNIT (LENGTH_MEASURE( 1.000000000000000082E-05 ), #8184, 'distance_accuracy_value', 'NONE');
#2419 = CARTESIAN_POINT ( 'NONE',  ( 0.2600353775548658875, -1.039999999999999147, 3.124166730570996364 ) ) ;
#2420 =( GEOMETRIC_REPRESENTATION_CONTEXT ( 3 ) GLOBAL_UNCERTAINTY_ASSIGNED_CONTEXT ( ( #2985 ) ) GLOBAL_UNIT_ASSIGNED_CONTEXT ( ( #297, #12656, #12536 ) ) REPRESENTATION_CONTEXT ( 'NONE', 'WORKASPACE' ) );
#2421 = STYLED_ITEM ( 'NONE', ( #11053 ), #3640 ) ;
#2422 = VERTEX_POINT ( 'NONE', #6158 ) ;
#2423 = DIRECTION ( 'NONE',  ( 0.000000000000000000, 0.000000000000000000, -1.000000000000000000 ) ) ;
#2424 =( NAMED_UNIT ( * ) SI_UNIT ( $, .STERADIAN. ) SOLID_ANGLE_UNIT ( ) );
#2425 = ORIENTED_EDGE ( 'NONE', *, *, #630, .F. ) ;
#2426 = COLOUR_RGB ( '',0.1098039215686274495, 0.1098039215686274495, 0.1098039215686274495 ) ;
#2427 = DIRECTION ( 'NONE',  ( -0.000000000000000000, -1.000000000000000000, -0.000000000000000000 ) ) ;
#2428 = LINE ( 'NONE', #4842, #12041 ) ;
#2429 = ORIENTED_EDGE ( 'NONE', *, *, #2685, .F. ) ;
#2430 = DIRECTION ( 'NONE',  ( -0.000000000000000000, -0.000000000000000000, -1.000000000000000000 ) ) ;
#2431 = DIRECTION ( 'NONE',  ( 0.5050286047680498935, 0.000000000000000000, 0.8631026059316683208 ) ) ;
#2432 =( LENGTH_UNIT ( ) NAMED_UNIT ( * ) SI_UNIT ( .MILLI., .METRE. ) );
#2433 = ADVANCED_FACE ( 'NONE', ( #2284 ), #5040, .F. ) ;
#2434 = CARTESIAN_POINT ( 'NONE',  ( 1.500000000000000000, 0.05000000000000273670, -3.500000000000000000 ) ) ;
#2435 = VECTOR ( 'NONE', #1051, 1000.000000000000000 ) ;
#2436 = DIRECTION ( 'NONE',  ( -8.673617379884032317E-15, 1.000000000000000000, 0.000000000000000000 ) ) ;
#2437 = VECTOR ( 'NONE', #4349, 1000.000000000000000 ) ;
#2438 = SURFACE_STYLE_USAGE ( .BOTH. , #6422 ) ;
#2439 = APPLICATION_CONTEXT ( 'automotive_design' ) ;
#2440 = ORIENTED_EDGE ( 'NONE', *, *, #2322, .F. ) ;
#2441 = EDGE_CURVE ( 'NONE', #6086, #567, #494, .T. ) ;
#2442 = UNCERTAINTY_MEASURE_WITH_UNIT (LENGTH_MEASURE( 1.000000000000000082E-05 ), #4276, 'distance_accuracy_value', 'NONE');
#2443 = VECTOR ( 'NONE', #5678, 1000.000000000000000 ) ;
#2444 = ORIENTED_EDGE ( 'NONE', *, *, #9765, .T. ) ;
#2445 = STYLED_ITEM ( 'NONE', ( #10830 ), #10980 ) ;
#2446 = DIRECTION ( 'NONE',  ( -0.000000000000000000, 1.000000000000000000, 0.000000000000000000 ) ) ;
#2447 = EDGE_CURVE ( 'NONE', #1239, #1500, #5629, .T. ) ;
#2448 = ADVANCED_FACE ( 'NONE', ( #4512 ), #11579, .F. ) ;
#2449 = PLANE ( 'NONE',  #6396 ) ;
#2450 = ORIENTED_EDGE ( 'NONE', *, *, #13107, .F. ) ;
#2451 = DIRECTION ( 'NONE',  ( 1.000000000000000000, 0.000000000000000000, -1.734723475976807094E-15 ) ) ;
#2452 = PRESENTATION_STYLE_ASSIGNMENT (( #7116 ) ) ;
#2453 =( LENGTH_UNIT ( ) NAMED_UNIT ( * ) SI_UNIT ( .MILLI., .METRE. ) );
#2454 =( GEOMETRIC_REPRESENTATION_CONTEXT ( 3 ) GLOBAL_UNCERTAINTY_ASSIGNED_CONTEXT ( ( #509 ) ) GLOBAL_UNIT_ASSIGNED_CONTEXT ( ( #2215, #4335, #5409 ) ) REPRESENTATION_CONTEXT ( 'NONE', 'WORKASPACE' ) );
#2455 = SURFACE_STYLE_FILL_AREA ( #3056 ) ;
#2456 = AXIS2_PLACEMENT_3D ( 'NONE', #9267, #12327, #8175 ) ;
#2457 = SURFACE_STYLE_FILL_AREA ( #3277 ) ;
#2458 = VERTEX_POINT ( 'NONE', #11369 ) ;
#2459 = EDGE_CURVE ( 'NONE', #3137, #8431, #9640, .T. ) ;
#2460 = CARTESIAN_POINT ( 'NONE',  ( -2.499999999999999112, 1.024999999999999689, 0.2999999999999999334 ) ) ;
#2461 = CARTESIAN_POINT ( 'NONE',  ( 0.5000000000000000000, -0.3500000000000003664, 3.774999999999995914 ) ) ;
#2462 = DIRECTION ( 'NONE',  ( 0.000000000000000000, 0.000000000000000000, 1.000000000000000000 ) ) ;
#2463 = CARTESIAN_POINT ( 'NONE',  ( 7.899322037525782563E-31, 0.8500000000000006439, 4.305831485013867017E-16 ) ) ;
#2464 =( GEOMETRIC_REPRESENTATION_CONTEXT ( 3 ) GLOBAL_UNCERTAINTY_ASSIGNED_CONTEXT ( ( #17 ) ) GLOBAL_UNIT_ASSIGNED_CONTEXT ( ( #13149, #876, #3959 ) ) REPRESENTATION_CONTEXT ( 'NONE', 'WORKASPACE' ) );
#2465 = FILL_AREA_STYLE ('',( #10805 ) ) ;
#2466 = VERTEX_POINT ( 'NONE', #2217 ) ;
#2467 = CIRCLE ( 'NONE', #10472, 0.2030000000000000693 ) ;
#2468 = ORIENTED_EDGE ( 'NONE', *, *, #10311, .F. ) ;
#2469 = EDGE_CURVE ( 'NONE', #10439, #13083, #1974, .T. ) ;
#2470 = ORIENTED_EDGE ( 'NONE', *, *, #5225, .F. ) ;
#2471 =( LENGTH_UNIT ( ) NAMED_UNIT ( * ) SI_UNIT ( .MILLI., .METRE. ) );
#2472 = FILL_AREA_STYLE_COLOUR ( '', #11970 ) ;
#2473 = DIRECTION ( 'NONE',  ( 1.000000000000000000, 0.000000000000000000, 0.000000000000000000 ) ) ;
#2474 = CARTESIAN_POINT ( 'NONE',  ( 2.400000000000000355, 0.3000000000000023204, -3.099999999999995648 ) ) ;
#2475 = CARTESIAN_POINT ( 'NONE',  ( 2.749999999999980460, -0.6000000000000094147, 0.3041451884327325272 ) ) ;
#2476 = STYLED_ITEM ( 'NONE', ( #8218 ), #7686 ) ;
#2477 = DIRECTION ( 'NONE',  ( 1.734723475976807094E-15, -1.239088197126289831E-16, 1.000000000000000000 ) ) ;
#2478 = CARTESIAN_POINT ( 'NONE',  ( 0.3650520561889786242, -1.039999999999999147, 2.947366081294554352 ) ) ;
#2479 = ORIENTED_EDGE ( 'NONE', *, *, #11895, .T. ) ;
#2480 = FACE_OUTER_BOUND ( 'NONE', #6970, .T. ) ;
#2481 = ORIENTED_EDGE ( 'NONE', *, *, #1250, .F. ) ;
#2482 = STYLED_ITEM ( 'NONE', ( #7170 ), #5902 ) ;
#2483 = CARTESIAN_POINT ( 'NONE',  ( -1.500000000000000000, -0.8480000000000001981, -3.574999999999997957 ) ) ;
#2484 = EDGE_CURVE ( 'NONE', #8712, #4383, #8070, .T. ) ;
#2485 =( NAMED_UNIT ( * ) PLANE_ANGLE_UNIT ( ) SI_UNIT ( $, .RADIAN. ) );
#2486 = ORIENTED_EDGE ( 'NONE', *, *, #7692, .F. ) ;
#2487 = SURFACE_STYLE_FILL_AREA ( #4837 ) ;
#2488 =( NAMED_UNIT ( * ) PLANE_ANGLE_UNIT ( ) SI_UNIT ( $, .RADIAN. ) );
#2489 = COLOUR_RGB ( '',1.000000000000000000, 1.000000000000000000, 1.000000000000000000 ) ;
#2490 = ORIENTED_EDGE ( 'NONE', *, *, #8470, .F. ) ;
#2491 = AXIS2_PLACEMENT_3D ( 'NONE', #11139, #5826, #13129 ) ;
#2492 = DIRECTION ( 'NONE',  ( -1.000000000000000000, -0.000000000000000000, -0.000000000000000000 ) ) ;
#2493 =( LENGTH_UNIT ( ) NAMED_UNIT ( * ) SI_UNIT ( .MILLI., .METRE. ) );
#2494 = ADVANCED_FACE ( 'NONE', ( #11581 ), #12380, .F. ) ;
#2495 = DIRECTION ( 'NONE',  ( 1.000000000000000000, 0.000000000000000000, -0.000000000000000000 ) ) ;
#2496 = DIRECTION ( 'NONE',  ( 0.000000000000000000, -6.948158114726864825E-15, 1.000000000000000000 ) ) ;
#2497 = FILL_AREA_STYLE_COLOUR ( '', #12137 ) ;
#2498 = PRESENTATION_LAYER_ASSIGNMENT (  '', '', ( #1123 ) ) ;
#2499 = VERTEX_POINT ( 'NONE', #6423 ) ;
#2500 =( NAMED_UNIT ( * ) SI_UNIT ( $, .STERADIAN. ) SOLID_ANGLE_UNIT ( ) );
#2501 = EDGE_CURVE ( 'NONE', #10219, #6493, #8221, .T. ) ;
#2502 = EDGE_LOOP ( 'NONE', ( #11444, #9775, #3572, #5780 ) ) ;
#2503 = LINE ( 'NONE', #5341, #3923 ) ;
#2504 = CARTESIAN_POINT ( 'NONE',  ( -1.749999999999999112, 0.8499999999999997558, 0.2500000000000037748 ) ) ;
#2505 = UNCERTAINTY_MEASURE_WITH_UNIT (LENGTH_MEASURE( 1.000000000000000082E-05 ), #2019, 'distance_accuracy_value', 'NONE');
#2506 = ADVANCED_FACE ( 'NONE', ( #5621 ), #9445, .F. ) ;
#2507 = DIRECTION ( 'NONE',  ( 0.000000000000000000, -1.000000000000000000, 0.000000000000000000 ) ) ;
#2508 = FILL_AREA_STYLE ('',( #2599 ) ) ;
#2509 = CARTESIAN_POINT ( 'NONE',  ( 0.2098559705573156131, -1.049999999999999156, 3.124166730570993700 ) ) ;
#2510 = ORIENTED_EDGE ( 'NONE', *, *, #7540, .T. ) ;
#2511 = EDGE_CURVE ( 'NONE', #3817, #5177, #311, .T. ) ;
#2512 = ORIENTED_EDGE ( 'NONE', *, *, #1384, .T. ) ;
#2513 = FILL_AREA_STYLE ('',( #12566 ) ) ;
#2514 = CARTESIAN_POINT ( 'NONE',  ( 2.550000000000000266, -0.8499999999999976463, -2.600000000000010303 ) ) ;
#2515 = LINE ( 'NONE', #11251, #7488 ) ;
#2516 =( NAMED_UNIT ( * ) PLANE_ANGLE_UNIT ( ) SI_UNIT ( $, .RADIAN. ) );
#2517 = DIRECTION ( 'NONE',  ( 0.000000000000000000, 1.000000000000000000, 0.000000000000000000 ) ) ;
#2518 = PRESENTATION_LAYER_ASSIGNMENT (  '', '', ( #8277 ) ) ;
#2519 = CARTESIAN_POINT ( 'NONE',  ( -2.249999999999984013, -0.1499999999999995226, 0.2154700538379264729 ) ) ;
#2520 = DIRECTION ( 'NONE',  ( 1.204669080539449344E-16, 0.000000000000000000, -1.000000000000000000 ) ) ;
#2521 = ORIENTED_EDGE ( 'NONE', *, *, #7111, .F. ) ;
#2522 = ORIENTED_EDGE ( 'NONE', *, *, #5427, .T. ) ;
#2523 = EDGE_CURVE ( 'NONE', #1541, #1707, #11429, .T. ) ;
#2524 = DIRECTION ( 'NONE',  ( 0.000000000000000000, -1.000000000000000000, 0.000000000000000000 ) ) ;
#2525 = LINE ( 'NONE', #5373, #1086 ) ;
#2526 = EDGE_LOOP ( 'NONE', ( #1183, #2055, #10931, #5941 ) ) ;
#2527 = AXIS2_PLACEMENT_3D ( 'NONE', #237, #3179, #10355 ) ;
#2528 = STYLED_ITEM ( 'NONE', ( #11125 ), #532 ) ;
#2529 = CARTESIAN_POINT ( 'NONE',  ( -2.499999999999999112, 1.025000000000000133, -2.799999999999999822 ) ) ;
#2530 = VECTOR ( 'NONE', #5191, 1000.000000000000000 ) ;
#2531 =( NAMED_UNIT ( * ) PLANE_ANGLE_UNIT ( ) SI_UNIT ( $, .RADIAN. ) );
#2532 = EDGE_CURVE ( 'NONE', #12825, #10947, #7248, .T. ) ;
#2533 = CARTESIAN_POINT ( 'NONE',  ( 1.500000000000000000, 0.6499999999999998002, 3.775000000000000355 ) ) ;
#2534 = COLOUR_RGB ( '',0.7921568627450980005, 0.8196078431372548767, 0.9333333333333333481 ) ;
#2535 = SURFACE_SIDE_STYLE ('',( #500 ) ) ;
#2536 = CARTESIAN_POINT ( 'NONE',  ( -1.749999999999999112, 0.8499999999999995337, 2.250000000000007105 ) ) ;
#2537 = PRESENTATION_LAYER_ASSIGNMENT (  '', '', ( #444 ) ) ;
#2538 = DIRECTION ( 'NONE',  ( -0.000000000000000000, 1.000000000000000000, 1.239088197126289831E-16 ) ) ;
#2539 = VERTEX_POINT ( 'NONE', #4292 ) ;
#2540 = COLOUR_RGB ( '',0.6941176470588235059, 0.09803921568627450844, 0.09803921568627450844 ) ;
#2541 = EDGE_CURVE ( 'NONE', #9079, #8819, #3222, .T. ) ;
#2542 = FILL_AREA_STYLE ('',( #4536 ) ) ;
#2543 = FILL_AREA_STYLE ('',( #4447 ) ) ;
#2544 = VERTEX_POINT ( 'NONE', #3631 ) ;
#2545 = STYLED_ITEM ( 'NONE', ( #2720 ), #1557 ) ;
#2546 = COLOUR_RGB ( '',0.1098039215686274495, 0.1098039215686274495, 0.1098039215686274495 ) ;
#2547 = VERTEX_POINT ( 'NONE', #9764 ) ;
#2548 = ORIENTED_EDGE ( 'NONE', *, *, #4757, .T. ) ;
#2549 = MECHANICAL_DESIGN_GEOMETRIC_PRESENTATION_REPRESENTATION (  '', ( #6995 ), #7952 ) ;
#2550 = SURFACE_STYLE_USAGE ( .BOTH. , #1524 ) ;
#2551 = PRESENTATION_STYLE_ASSIGNMENT (( #9690 ) ) ;
#2552 = ORIENTED_EDGE ( 'NONE', *, *, #10311, .T. ) ;
#2553 = CARTESIAN_POINT ( 'NONE',  ( 2.499999999999993339, 0.8249999999999992895, 2.200000000000000178 ) ) ;
#2554 = AXIS2_PLACEMENT_3D ( 'NONE', #10140, #13223, #5080 ) ;
#2555 =( NAMED_UNIT ( * ) PLANE_ANGLE_UNIT ( ) SI_UNIT ( $, .RADIAN. ) );
#2556 = FILL_AREA_STYLE ('',( #10752 ) ) ;
#2557 = CARTESIAN_POINT ( 'NONE',  ( -1.749999999999999112, 0.8499999999999997558, 0.2500000000000037748 ) ) ;
#2558 = DIRECTION ( 'NONE',  ( 0.000000000000000000, 0.000000000000000000, 1.000000000000000000 ) ) ;
#2559 = FILL_AREA_STYLE_COLOUR ( '', #7366 ) ;
#2560 = ADVANCED_FACE ( 'NONE', ( #11 ), #10858, .F. ) ;
#2561 = EDGE_CURVE ( 'NONE', #11374, #1601, #5955, .T. ) ;
#2562 = PRESENTATION_STYLE_ASSIGNMENT (( #9265 ) ) ;
#2563 = VERTEX_POINT ( 'NONE', #2645 ) ;
#2564 = SURFACE_SIDE_STYLE ('',( #10781 ) ) ;
#2565 = VECTOR ( 'NONE', #4670, 1000.000000000000000 ) ;
#2566 = LINE ( 'NONE', #6449, #7720 ) ;
#2567 = LINE ( 'NONE', #12242, #7219 ) ;
#2568 = VERTEX_POINT ( 'NONE', #660 ) ;
#2569 = STYLED_ITEM ( 'NONE', ( #1728 ), #8556 ) ;
#2570 = SURFACE_SIDE_STYLE ('',( #11943 ) ) ;
#2571 = ORIENTED_EDGE ( 'NONE', *, *, #12630, .T. ) ;
#2572 = DIRECTION ( 'NONE',  ( 0.000000000000000000, -1.000000000000000000, 0.000000000000000000 ) ) ;
#2573 = ADVANCED_FACE ( 'NONE', ( #4500 ), #3758, .F. ) ;
#2574 =( LENGTH_UNIT ( ) NAMED_UNIT ( * ) SI_UNIT ( .MILLI., .METRE. ) );
#2575 =( GEOMETRIC_REPRESENTATION_CONTEXT ( 3 ) GLOBAL_UNCERTAINTY_ASSIGNED_CONTEXT ( ( #1451 ) ) GLOBAL_UNIT_ASSIGNED_CONTEXT ( ( #4983, #3797, #3847 ) ) REPRESENTATION_CONTEXT ( 'NONE', 'WORKASPACE' ) );
#2576 = LINE ( 'NONE', #7088, #9772 ) ;
#2577 = CIRCLE ( 'NONE', #1861, 0.2030000000000000693 ) ;
#2578 = DIRECTION ( 'NONE',  ( 1.000000000000000000, 0.000000000000000000, 4.336808689942026413E-15 ) ) ;
#2579 = ORIENTED_EDGE ( 'NONE', *, *, #9872, .F. ) ;
#2580 = PLANE ( 'NONE',  #9658 ) ;
#2581 = PLANE ( 'NONE',  #3962 ) ;
#2582 = EDGE_CURVE ( 'NONE', #12601, #9476, #6123, .T. ) ;
#2583 = CARTESIAN_POINT ( 'NONE',  ( -0.4070303008530175015, -1.049999999999999156, 2.535624061006541474 ) ) ;
#2584 = VECTOR ( 'NONE', #11335, 1000.000000000000000 ) ;
#2585 = DIRECTION ( 'NONE',  ( 0.000000000000000000, 0.000000000000000000, -1.000000000000000000 ) ) ;
#2586 = UNCERTAINTY_MEASURE_WITH_UNIT (LENGTH_MEASURE( 1.000000000000000082E-05 ), #2371, 'distance_accuracy_value', 'NONE');
#2587 = DIRECTION ( 'NONE',  ( 0.000000000000000000, -1.000000000000000000, 0.000000000000000000 ) ) ;
#2588 = UNCERTAINTY_MEASURE_WITH_UNIT (LENGTH_MEASURE( 1.000000000000000082E-05 ), #12068, 'distance_accuracy_value', 'NONE');
#2589 = ORIENTED_EDGE ( 'NONE', *, *, #10943, .F. ) ;
#2590 = DIRECTION ( 'NONE',  ( -1.000000000000000000, -0.000000000000000000, -0.000000000000000000 ) ) ;
#2591 = AXIS2_PLACEMENT_3D ( 'NONE', #11691, #10617, #3579 ) ;
#2592 = FACE_OUTER_BOUND ( 'NONE', #8061, .T. ) ;
#2593 = ORIENTED_EDGE ( 'NONE', *, *, #9240, .F. ) ;
#2594 = CARTESIAN_POINT ( 'NONE',  ( -0.7500000000000008882, -0.6999999999999978462, 4.093493551233061710E-15 ) ) ;
#2595 =( GEOMETRIC_REPRESENTATION_CONTEXT ( 3 ) GLOBAL_UNCERTAINTY_ASSIGNED_CONTEXT ( ( #11540 ) ) GLOBAL_UNIT_ASSIGNED_CONTEXT ( ( #12070, #6958, #816 ) ) REPRESENTATION_CONTEXT ( 'NONE', 'WORKASPACE' ) );
#2596 = VECTOR ( 'NONE', #11238, 1000.000000000000000 ) ;
#2597 = STYLED_ITEM ( 'NONE', ( #13244 ), #4282 ) ;
#2598 = PRESENTATION_STYLE_ASSIGNMENT (( #5472 ) ) ;
#2599 = FILL_AREA_STYLE_COLOUR ( '', #6828 ) ;
#2600 = EDGE_LOOP ( 'NONE', ( #10428, #4086, #12751, #2210 ) ) ;
#2601 = VECTOR ( 'NONE', #10527, 1000.000000000000000 ) ;
#2602 =( LENGTH_UNIT ( ) NAMED_UNIT ( * ) SI_UNIT ( .MILLI., .METRE. ) );
#2603 = ORIENTED_EDGE ( 'NONE', *, *, #8627, .T. ) ;
#2604 = DIRECTION ( 'NONE',  ( 0.000000000000000000, -1.000000000000000000, 0.000000000000000000 ) ) ;
#2605 = CARTESIAN_POINT ( 'NONE',  ( -2.749999999999977796, -0.6000000000000094147, -0.6999999999999979572 ) ) ;
#2606 = CARTESIAN_POINT ( 'NONE',  ( -2.549999999999998934, 1.025000000000000133, -2.200000000000000178 ) ) ;
#2607 = AXIS2_PLACEMENT_3D ( 'NONE', #4508, #4460, #12905 ) ;
#2608 = FILL_AREA_STYLE ('',( #1587 ) ) ;
#2609 = VECTOR ( 'NONE', #2492, 1000.000000000000000 ) ;
#2610 = EDGE_CURVE ( 'NONE', #1820, #4542, #650, .T. ) ;
#2611 = ORIENTED_EDGE ( 'NONE', *, *, #3002, .F. ) ;
#2612 = DIRECTION ( 'NONE',  ( 0.000000000000000000, -1.000000000000000000, 0.000000000000000000 ) ) ;
#2613 = VECTOR ( 'NONE', #778, 1000.000000000000000 ) ;
#2614 =( GEOMETRIC_REPRESENTATION_CONTEXT ( 3 ) GLOBAL_UNCERTAINTY_ASSIGNED_CONTEXT ( ( #11938 ) ) GLOBAL_UNIT_ASSIGNED_CONTEXT ( ( #8979, #9990, #3849 ) ) REPRESENTATION_CONTEXT ( 'NONE', 'WORKASPACE' ) );
#2615 = DIRECTION ( 'NONE',  ( 0.000000000000000000, 0.000000000000000000, -1.000000000000000000 ) ) ;
#2616 = ORIENTED_EDGE ( 'NONE', *, *, #3915, .F. ) ;
#2617 = VECTOR ( 'NONE', #3333, 1000.000000000000000 ) ;
#2618 = SURFACE_STYLE_USAGE ( .BOTH. , #10815 ) ;
#2619 = EDGE_CURVE ( 'NONE', #7964, #5681, #11275, .T. ) ;
#2620 = CARTESIAN_POINT ( 'NONE',  ( 1.500000000000000000, -0.8480000000000001981, 3.774999999999989697 ) ) ;
#2621 = DIRECTION ( 'NONE',  ( 0.000000000000000000, -0.000000000000000000, 1.000000000000000000 ) ) ;
#2622 = PRESENTATION_LAYER_ASSIGNMENT (  '', '', ( #3123 ) ) ;
#2623 = VECTOR ( 'NONE', #12673, 1000.000000000000000 ) ;
#2624 = DIRECTION ( 'NONE',  ( 1.734723475976807094E-15, -1.239088197126289831E-16, 1.000000000000000000 ) ) ;
#2625 = SURFACE_STYLE_USAGE ( .BOTH. , #632 ) ;
#2626 = ORIENTED_EDGE ( 'NONE', *, *, #8575, .T. ) ;
#2627 = CIRCLE ( 'NONE', #2104, 0.2019999999999999296 ) ;
#2628 = VERTEX_POINT ( 'NONE', #4750 ) ;
#2629 = AXIS2_PLACEMENT_3D ( 'NONE', #3657, #737, #7929 ) ;
#2630 = VECTOR ( 'NONE', #5860, 1000.000000000000000 ) ;
#2631 = ADVANCED_FACE ( 'NONE', ( #10118 ), #1365, .F. ) ;
#2632 = LINE ( 'NONE', #4864, #4062 ) ;
#2633 = CARTESIAN_POINT ( 'NONE',  ( -1.749999999999999112, 1.049999999999999600, 2.250000000000007105 ) ) ;
#2634 = ORIENTED_EDGE ( 'NONE', *, *, #1511, .F. ) ;
#2635 = DIRECTION ( 'NONE',  ( -0.000000000000000000, 0.000000000000000000, -1.000000000000000000 ) ) ;
#2636 = ORIENTED_EDGE ( 'NONE', *, *, #10514, .T. ) ;
#2637 =( NAMED_UNIT ( * ) PLANE_ANGLE_UNIT ( ) SI_UNIT ( $, .RADIAN. ) );
#2638 = FILL_AREA_STYLE_COLOUR ( '', #7647 ) ;
#2639 = MECHANICAL_DESIGN_GEOMETRIC_PRESENTATION_REPRESENTATION (  '', ( #12941 ), #7200 ) ;
#2640 = DIRECTION ( 'NONE',  ( 0.1414463593365221095, 0.000000000000000000, -0.9899459214676544772 ) ) ;
#2641 = CARTESIAN_POINT ( 'NONE',  ( -0.4876785292598742605, -1.039999999999999147, 2.413550568363380666 ) ) ;
#2642 = ORIENTED_EDGE ( 'NONE', *, *, #3297, .F. ) ;
#2643 = SURFACE_STYLE_FILL_AREA ( #7693 ) ;
#2644 = PRESENTATION_LAYER_ASSIGNMENT (  '', '', ( #2482 ) ) ;
#2645 = CARTESIAN_POINT ( 'NONE',  ( 1.499999999999997780, -1.049999999999999378, 3.100000000000002309 ) ) ;
#2646 = EDGE_CURVE ( 'NONE', #12619, #2628, #12217, .T. ) ;
#2647 = UNCERTAINTY_MEASURE_WITH_UNIT (LENGTH_MEASURE( 1.000000000000000082E-05 ), #7323, 'distance_accuracy_value', 'NONE');
#2648 = VERTEX_POINT ( 'NONE', #4704 ) ;
#2649 =( LENGTH_UNIT ( ) NAMED_UNIT ( * ) SI_UNIT ( .MILLI., .METRE. ) );
#2650 = PRESENTATION_STYLE_ASSIGNMENT (( #3134 ) ) ;
#2651 = EDGE_LOOP ( 'NONE', ( #12049, #5268, #88, #6740 ) ) ;
#2652 = PLANE ( 'NONE',  #7678 ) ;
#2653 = AXIS2_PLACEMENT_3D ( 'NONE', #2744, #715, #7918 ) ;
#2654 = FACE_OUTER_BOUND ( 'NONE', #633, .T. ) ;
#2655 = VERTEX_POINT ( 'NONE', #9987 ) ;
#2656 = SURFACE_SIDE_STYLE ('',( #4505 ) ) ;
#2657 = SURFACE_SIDE_STYLE ('',( #7702 ) ) ;
#2658 = ORIENTED_EDGE ( 'NONE', *, *, #6951, .T. ) ;
#2659 = CARTESIAN_POINT ( 'NONE',  ( 0.6143083776277784569, -1.039999999999999147, 2.864768817329525152 ) ) ;
#2660 = DIRECTION ( 'NONE',  ( -1.000000000000000000, 0.000000000000000000, 0.000000000000000000 ) ) ;
#2661 = AXIS2_PLACEMENT_3D ( 'NONE', #9254, #2064, #9123 ) ;
#2662 = EDGE_LOOP ( 'NONE', ( #2981, #11780, #6825, #11138 ) ) ;
#2663 = UNCERTAINTY_MEASURE_WITH_UNIT (LENGTH_MEASURE( 1.000000000000000082E-05 ), #7109, 'distance_accuracy_value', 'NONE');
#2664 = DIRECTION ( 'NONE',  ( 0.000000000000000000, 0.9590177080589005199, 0.2833461410174015760 ) ) ;
#2665 = CYLINDRICAL_SURFACE ( 'NONE', #10525, 0.1999999999999977074 ) ;
#2667 = ORIENTED_EDGE ( 'NONE', *, *, #1576, .F. ) ;
#2666 = LINE ( 'NONE', #12733, #10364 ) ;
#2668 = VERTEX_POINT ( 'NONE', #10994 ) ;
#2669 =( LENGTH_UNIT ( ) NAMED_UNIT ( * ) SI_UNIT ( .MILLI., .METRE. ) );
#2670 = CARTESIAN_POINT ( 'NONE',  ( -1.500000000000000000, -0.8480000000000001981, -3.774999999999995914 ) ) ;
#2671 = CARTESIAN_POINT ( 'NONE',  ( -2.349999999999978328, -0.1499999999999995226, -0.3041451884327325272 ) ) ;
#2672 =( NAMED_UNIT ( * ) PLANE_ANGLE_UNIT ( ) SI_UNIT ( $, .RADIAN. ) );
#2673 = ORIENTED_EDGE ( 'NONE', *, *, #10784, .F. ) ;
#2674 = VECTOR ( 'NONE', #7683, 1000.000000000000000 ) ;
#2675 = EDGE_CURVE ( 'NONE', #9248, #7659, #9459, .T. ) ;
#2676 = DIRECTION ( 'NONE',  ( -0.000000000000000000, 1.000000000000000000, 7.228014483236731463E-15 ) ) ;
#2677 = CARTESIAN_POINT ( 'NONE',  ( 2.752999999999991232, 1.028000000000000025, -2.200000000000000178 ) ) ;
#2678 = ADVANCED_FACE ( 'NONE', ( #4168 ), #6950, .F. ) ;
#2679 = VERTEX_POINT ( 'NONE', #5869 ) ;
#2680 = PRESENTATION_LAYER_ASSIGNMENT (  '', '', ( #7515 ) ) ;
#2681 = VERTEX_POINT ( 'NONE', #902 ) ;
#2682 = SURFACE_STYLE_USAGE ( .BOTH. , #4657 ) ;
#2683 = COLOUR_RGB ( '',0.1098039215686274495, 0.1098039215686274495, 0.1098039215686274495 ) ;
#2684 = CARTESIAN_POINT ( 'NONE',  ( 2.549999999999993161, 0.8249999999999992895, 2.799999999999999822 ) ) ;
#2685 = EDGE_CURVE ( 'NONE', #11374, #1534, #11878, .T. ) ;
#2686 = VECTOR ( 'NONE', #997, 1000.000000000000000 ) ;
#2687 = CARTESIAN_POINT ( 'NONE',  ( -2.499999999999998668, 1.024999999999999467, 2.799999999999999822 ) ) ;
#2688 = VECTOR ( 'NONE', #9616, 1000.000000000000000 ) ;
#2689 = PRESENTATION_LAYER_ASSIGNMENT (  '', '', ( #3303 ) ) ;
#2690 = CARTESIAN_POINT ( 'NONE',  ( -1.749999999999999112, 0.8499999999999997558, 0.2500000000000037748 ) ) ;
#2691 = ORIENTED_EDGE ( 'NONE', *, *, #1415, .F. ) ;
#2692 = PLANE ( 'NONE',  #1715 ) ;
#2693 = AXIS2_PLACEMENT_3D ( 'NONE', #9032, #7970, #3862 ) ;
#2694 = PRESENTATION_STYLE_ASSIGNMENT (( #9883 ) ) ;
#2695 = ADVANCED_FACE ( 'NONE', ( #11420 ), #2827, .F. ) ;
#2696 = CARTESIAN_POINT ( 'NONE',  ( 2.549999999999993161, 0.8249999999999992895, 2.799999999999999822 ) ) ;
#2697 = DIRECTION ( 'NONE',  ( 0.000000000000000000, -0.000000000000000000, -1.000000000000000000 ) ) ;
#2698 =( NAMED_UNIT ( * ) SI_UNIT ( $, .STERADIAN. ) SOLID_ANGLE_UNIT ( ) );
#2699 = FILL_AREA_STYLE_COLOUR ( '', #8011 ) ;
#2700 = AXIS2_PLACEMENT_3D ( 'NONE', #1387, #7724, #6575 ) ;
#2701 =( NAMED_UNIT ( * ) SI_UNIT ( $, .STERADIAN. ) SOLID_ANGLE_UNIT ( ) );
#2702 = ORIENTED_EDGE ( 'NONE', *, *, #8273, .T. ) ;
#2703 = EDGE_CURVE ( 'NONE', #8717, #1842, #3696, .T. ) ;
#2704 = DIRECTION ( 'NONE',  ( 1.000000000000000000, 0.000000000000000000, -1.734723475976807094E-15 ) ) ;
#2705 = CARTESIAN_POINT ( 'NONE',  ( -1.749999999999999112, 0.8499999999999999778, -2.249999999999999556 ) ) ;
#2706 = LINE ( 'NONE', #5783, #3988 ) ;
#2707 = SURFACE_STYLE_FILL_AREA ( #12748 ) ;
#2708 = ORIENTED_EDGE ( 'NONE', *, *, #6407, .T. ) ;
#2709 = LINE ( 'NONE', #11819, #7543 ) ;
#2710 = COLOUR_RGB ( '',0.6941176470588235059, 0.09803921568627450844, 0.09803921568627450844 ) ;
#2711 = SURFACE_STYLE_FILL_AREA ( #10552 ) ;
#2712 = LINE ( 'NONE', #1314, #9124 ) ;
#2713 = ORIENTED_EDGE ( 'NONE', *, *, #3359, .F. ) ;
#2714 =( LENGTH_UNIT ( ) NAMED_UNIT ( * ) SI_UNIT ( .MILLI., .METRE. ) );
#2715 =( LENGTH_UNIT ( ) NAMED_UNIT ( * ) SI_UNIT ( .MILLI., .METRE. ) );
#2716 = AXIS2_PLACEMENT_3D ( 'NONE', #396, #352, #9647 ) ;
#2717 =( NAMED_UNIT ( * ) SI_UNIT ( $, .STERADIAN. ) SOLID_ANGLE_UNIT ( ) );
#2718 = VERTEX_POINT ( 'NONE', #7951 ) ;
#2719 = CARTESIAN_POINT ( 'NONE',  ( -2.549999999999999378, -0.8499999999999990896, 2.600000000000002309 ) ) ;
#2720 = PRESENTATION_STYLE_ASSIGNMENT (( #9013 ) ) ;
#2721 = LINE ( 'NONE', #8625, #5936 ) ;
#2722 = DIRECTION ( 'NONE',  ( 0.000000000000000000, -1.000000000000000000, 0.000000000000000000 ) ) ;
#2723 = COLOUR_RGB ( '',1.000000000000000000, 1.000000000000000000, 1.000000000000000000 ) ;
#2724 = PRESENTATION_STYLE_ASSIGNMENT (( #9656 ) ) ;
#2725 = DIRECTION ( 'NONE',  ( -1.000000000000000000, 0.000000000000000000, 0.000000000000000000 ) ) ;
#2726 = EDGE_LOOP ( 'NONE', ( #2178, #6788, #12230, #12287 ) ) ;
#2727 = UNCERTAINTY_MEASURE_WITH_UNIT (LENGTH_MEASURE( 1.000000000000000082E-05 ), #9309, 'distance_accuracy_value', 'NONE');
#2728 = DIRECTION ( 'NONE',  ( 4.915049848600955117E-14, -0.000000000000000000, -1.000000000000000000 ) ) ;
#2729 = EDGE_CURVE ( 'NONE', #7466, #8611, #3843, .T. ) ;
#2730 =( NAMED_UNIT ( * ) PLANE_ANGLE_UNIT ( ) SI_UNIT ( $, .RADIAN. ) );
#2731 = LINE ( 'NONE', #728, #810 ) ;
#2732 =( LENGTH_UNIT ( ) NAMED_UNIT ( * ) SI_UNIT ( .MILLI., .METRE. ) );
#2733 = ORIENTED_EDGE ( 'NONE', *, *, #1069, .T. ) ;
#2734 = LINE ( 'NONE', #12290, #7233 ) ;
#2735 = VECTOR ( 'NONE', #11129, 1000.000000000000000 ) ;
#2736 = LINE ( 'NONE', #6755, #11879 ) ;
#2737 = CARTESIAN_POINT ( 'NONE',  ( 1.750000000000032196, 0.8500000000000001998, -2.750000000000000000 ) ) ;
#2738 = ORIENTED_EDGE ( 'NONE', *, *, #2941, .F. ) ;
#2739 = STYLED_ITEM ( 'NONE', ( #9914 ), #8173 ) ;
#2740 =( NAMED_UNIT ( * ) PLANE_ANGLE_UNIT ( ) SI_UNIT ( $, .RADIAN. ) );
#2741 = DIRECTION ( 'NONE',  ( -6.365179094826525531E-15, 1.000000000000000000, -0.000000000000000000 ) ) ;
#2742 = VECTOR ( 'NONE', #2451, 1000.000000000000000 ) ;
#2743 = UNCERTAINTY_MEASURE_WITH_UNIT (LENGTH_MEASURE( 1.000000000000000082E-05 ), #400, 'distance_accuracy_value', 'NONE');
#2744 = CARTESIAN_POINT ( 'NONE',  ( 0.2999999999999998224, 0.8499999999999993117, -4.832455532033675283 ) ) ;
#2745 =( NAMED_UNIT ( * ) PLANE_ANGLE_UNIT ( ) SI_UNIT ( $, .RADIAN. ) );
#2746 = UNCERTAINTY_MEASURE_WITH_UNIT (LENGTH_MEASURE( 1.000000000000000082E-05 ), #1467, 'distance_accuracy_value', 'NONE');
#2747 = AXIS2_PLACEMENT_3D ( 'NONE', #7332, #1016, #1321 ) ;
#2748 = PRESENTATION_STYLE_ASSIGNMENT (( #2625 ) ) ;
#2749 = EDGE_LOOP ( 'NONE', ( #11315, #2667, #2060, #4307 ) ) ;
#2750 = DIRECTION ( 'NONE',  ( 0.000000000000000000, 0.000000000000000000, 1.000000000000000000 ) ) ;
#2751 = CARTESIAN_POINT ( 'NONE',  ( 0.2500000000000164868, 1.049999999999999600, 2.250000000000006217 ) ) ;
#2752 = LINE ( 'NONE', #4466, #4672 ) ;
#2753 =( NAMED_UNIT ( * ) SI_UNIT ( $, .STERADIAN. ) SOLID_ANGLE_UNIT ( ) );
#2754 = EDGE_CURVE ( 'NONE', #71, #12756, #12535, .T. ) ;
#2755 = ORIENTED_EDGE ( 'NONE', *, *, #12623, .T. ) ;
#2756 = ADVANCED_FACE ( 'NONE', ( #10281 ), #852, .F. ) ;
#2757 = FILL_AREA_STYLE ('',( #10049 ) ) ;
#2758 = SURFACE_SIDE_STYLE ('',( #106 ) ) ;
#2759 = DIRECTION ( 'NONE',  ( -0.000000000000000000, 0.000000000000000000, -1.000000000000000000 ) ) ;
#2760 = VECTOR ( 'NONE', #9070, 1000.000000000000000 ) ;
#2761 = FILL_AREA_STYLE_COLOUR ( '', #8394 ) ;
#2762 = EDGE_CURVE ( 'NONE', #2148, #2231, #1946, .T. ) ;
#2763 = FACE_OUTER_BOUND ( 'NONE', #13127, .T. ) ;
#2764 = SURFACE_STYLE_USAGE ( .BOTH. , #4872 ) ;
#2765 = EDGE_CURVE ( 'NONE', #4131, #6843, #2901, .T. ) ;
#2766 = COLOUR_RGB ( '',1.000000000000000000, 1.000000000000000000, 1.000000000000000000 ) ;
#2767 = ORIENTED_EDGE ( 'NONE', *, *, #11994, .T. ) ;
#2768 = FILL_AREA_STYLE ('',( #3701 ) ) ;
#2769 = ADVANCED_FACE ( 'NONE', ( #4318 ), #709, .F. ) ;
#2770 = PLANE ( 'NONE',  #12151 ) ;
#2771 = CARTESIAN_POINT ( 'NONE',  ( 1.250000000000032196, 1.050000000000000044, -2.749999999999999112 ) ) ;
#2772 = VERTEX_POINT ( 'NONE', #4102 ) ;
#2773 = DIRECTION ( 'NONE',  ( 0.000000000000000000, 0.000000000000000000, 1.000000000000000000 ) ) ;
#2774 =( NAMED_UNIT ( * ) PLANE_ANGLE_UNIT ( ) SI_UNIT ( $, .RADIAN. ) );
#2775 = FILL_AREA_STYLE ('',( #4786 ) ) ;
#2776 = DIRECTION ( 'NONE',  ( -0.000000000000000000, -0.000000000000000000, 1.000000000000000000 ) ) ;
#2777 = AXIS2_PLACEMENT_3D ( 'NONE', #3489, #3532, #467 ) ;
#2778 = DIRECTION ( 'NONE',  ( -1.000000000000000000, 0.000000000000000000, 0.000000000000000000 ) ) ;
#2779 = EDGE_LOOP ( 'NONE', ( #2050, #3151, #7379, #5714 ) ) ;
#2780 = EDGE_CURVE ( 'NONE', #4836, #3245, #11079, .T. ) ;
#2781 = SURFACE_SIDE_STYLE ('',( #8132 ) ) ;
#2782 = STYLED_ITEM ( 'NONE', ( #5007 ), #11846 ) ;
#2783 = MECHANICAL_DESIGN_GEOMETRIC_PRESENTATION_REPRESENTATION (  '', ( #2283 ), #4850 ) ;
#2784 = CARTESIAN_POINT ( 'NONE',  ( 1.500000000000000000, -0.8499999999999978684, 3.099999999999995648 ) ) ;
#2785 = FILL_AREA_STYLE_COLOUR ( '', #10731 ) ;
#2786 = EDGE_CURVE ( 'NONE', #6047, #9337, #8511, .T. ) ;
#2787 = ORIENTED_EDGE ( 'NONE', *, *, #9324, .T. ) ;
#2788 = DIRECTION ( 'NONE',  ( 0.000000000000000000, -0.000000000000000000, 1.000000000000000000 ) ) ;
#2789 = CARTESIAN_POINT ( 'NONE',  ( -2.549999999999998934, 1.028000000000000025, -2.799999999999999822 ) ) ;
#2790 = ORIENTED_EDGE ( 'NONE', *, *, #9895, .F. ) ;
#2791 = FILL_AREA_STYLE_COLOUR ( '', #9834 ) ;
#2792 = CARTESIAN_POINT ( 'NONE',  ( 2.750000000000000000, 1.049999999999999378, 3.500000000000006217 ) ) ;
#2793 =( NAMED_UNIT ( * ) PLANE_ANGLE_UNIT ( ) SI_UNIT ( $, .RADIAN. ) );
#2794 = CARTESIAN_POINT ( 'NONE',  ( -2.549999999999998934, 1.027999999999999581, 0.2999999999999999334 ) ) ;
#2795 = PRESENTATION_LAYER_ASSIGNMENT (  '', '', ( #9913 ) ) ;
#2796 = SURFACE_SIDE_STYLE ('',( #196 ) ) ;
#2797 =( NAMED_UNIT ( * ) PLANE_ANGLE_UNIT ( ) SI_UNIT ( $, .RADIAN. ) );
#2798 = VECTOR ( 'NONE', #6671, 1000.000000000000000 ) ;
#2799 = ORIENTED_EDGE ( 'NONE', *, *, #8383, .F. ) ;
#2800 = LINE ( 'NONE', #6091, #2165 ) ;
#2801 = CARTESIAN_POINT ( 'NONE',  ( -0.5138308425403714796, -1.049999999999999156, 3.124166730570991035 ) ) ;
#2802 = ORIENTED_EDGE ( 'NONE', *, *, #1934, .F. ) ;
#2803 = DIRECTION ( 'NONE',  ( -0.000000000000000000, 0.000000000000000000, 1.000000000000000000 ) ) ;
#2804 = FILL_AREA_STYLE ('',( #5009 ) ) ;
#2805 = EDGE_CURVE ( 'NONE', #7196, #9337, #8043, .T. ) ;
#2806 = DIRECTION ( 'NONE',  ( 0.000000000000000000, 0.000000000000000000, -1.000000000000000000 ) ) ;
#2807 = VERTEX_POINT ( 'NONE', #10215 ) ;
#2808 = CARTESIAN_POINT ( 'NONE',  ( 0.000000000000000000, -0.8499999999999978684, 0.000000000000000000 ) ) ;
#2809 = VECTOR ( 'NONE', #10234, 1000.000000000000000 ) ;
#2810 = COLOUR_RGB ( '',0.6941176470588235059, 0.09803921568627450844, 0.09803921568627450844 ) ;
#2811 = COLOUR_RGB ( '',0.1098039215686274495, 0.1098039215686274495, 0.1098039215686274495 ) ;
#2812 = CARTESIAN_POINT ( 'NONE',  ( 2.752999999999984571, 2.050000000000049560, -2.200000000000000178 ) ) ;
#2813 = SURFACE_STYLE_USAGE ( .BOTH. , #11575 ) ;
#2814 = ADVANCED_FACE ( 'NONE', ( #5762 ), #10347, .F. ) ;
#2815 = CARTESIAN_POINT ( 'NONE',  ( -0.2064888568680664227, -1.039999999999999147, 2.413550568363381554 ) ) ;
#2816 = PRESENTATION_LAYER_ASSIGNMENT (  '', '', ( #9851 ) ) ;
#2817 = CARTESIAN_POINT ( 'NONE',  ( -1.749999999999999112, 0.8499999999999995337, 2.250000000000007105 ) ) ;
#2818 =( NAMED_UNIT ( * ) PLANE_ANGLE_UNIT ( ) SI_UNIT ( $, .RADIAN. ) );
#2819 = UNCERTAINTY_MEASURE_WITH_UNIT (LENGTH_MEASURE( 1.000000000000000082E-05 ), #2311, 'distance_accuracy_value', 'NONE');
#2820 = ORIENTED_EDGE ( 'NONE', *, *, #3689, .F. ) ;
#2821 = DIRECTION ( 'NONE',  ( -1.000000000000000000, -0.000000000000000000, 0.000000000000000000 ) ) ;
#2822 = FACE_BOUND ( 'NONE', #4880, .T. ) ;
#2823 = LINE ( 'NONE', #1487, #4579 ) ;
#2824 = COLOUR_RGB ( '',1.000000000000000000, 1.000000000000000000, 1.000000000000000000 ) ;
#2825 = MECHANICAL_DESIGN_GEOMETRIC_PRESENTATION_REPRESENTATION (  '', ( #10819 ), #5557 ) ;
#2826 = CARTESIAN_POINT ( 'NONE',  ( -1.249999999999999112, 0.8499999999999997558, 0.2500000000000029421 ) ) ;
#2827 = PLANE ( 'NONE',  #12275 ) ;
#2828 = VECTOR ( 'NONE', #12644, 1000.000000000000000 ) ;
#2829 = EDGE_CURVE ( 'NONE', #150, #4015, #12670, .T. ) ;
#2830 = VERTEX_POINT ( 'NONE', #3087 ) ;
#2831 = CARTESIAN_POINT ( 'NONE',  ( 1.750000000000032196, 0.8499999999999999778, -2.250000000000000444 ) ) ;
#2832 = FACE_OUTER_BOUND ( 'NONE', #10405, .T. ) ;
#2833 = DIRECTION ( 'NONE',  ( -1.000000000000000000, -3.261864310294242647E-33, 6.994852725712935172E-17 ) ) ;
#2834 = DIRECTION ( 'NONE',  ( 0.000000000000000000, 0.000000000000000000, -1.000000000000000000 ) ) ;
#2835 = PLANE ( 'NONE',  #9813 ) ;
#2836 = CARTESIAN_POINT ( 'NONE',  ( 2.549999999999992717, 0.8249999999999996225, 0.2999999999999999334 ) ) ;
#2837 = EDGE_LOOP ( 'NONE', ( #11625, #10820, #13274, #10607 ) ) ;
#2838 = VECTOR ( 'NONE', #6621, 1000.000000000000000 ) ;
#2839 = VERTEX_POINT ( 'NONE', #6184 ) ;
#2840 = CARTESIAN_POINT ( 'NONE',  ( -2.549999999999998934, 1.024999999999999689, 0.2999999999999999334 ) ) ;
#2841 = UNCERTAINTY_MEASURE_WITH_UNIT (LENGTH_MEASURE( 1.000000000000000082E-05 ), #9008, 'distance_accuracy_value', 'NONE');
#2842 = VECTOR ( 'NONE', #7841, 1000.000000000000000 ) ;
#2843 = MECHANICAL_DESIGN_GEOMETRIC_PRESENTATION_REPRESENTATION (  '', ( #768 ), #3694 ) ;
#2844 =( LENGTH_UNIT ( ) NAMED_UNIT ( * ) SI_UNIT ( .MILLI., .METRE. ) );
#2845 = CARTESIAN_POINT ( 'NONE',  ( -2.752999999999999226, 2.050000000000049560, 0.2999999999999999334 ) ) ;
#2846 = LINE ( 'NONE', #11334, #7179 ) ;
#2847 = DIRECTION ( 'NONE',  ( -3.195543245220436197E-15, 4.565061778886337249E-17, -1.000000000000000000 ) ) ;
#2848 = VERTEX_POINT ( 'NONE', #2121 ) ;
#2849 = SURFACE_SIDE_STYLE ('',( #6229 ) ) ;
#2850 = CARTESIAN_POINT ( 'NONE',  ( 2.750000000000000000, -0.8499999999999976463, -3.099999999999995648 ) ) ;
#2851 =( GEOMETRIC_REPRESENTATION_CONTEXT ( 3 ) GLOBAL_UNCERTAINTY_ASSIGNED_CONTEXT ( ( #10132 ) ) GLOBAL_UNIT_ASSIGNED_CONTEXT ( ( #2853, #13104, #3328 ) ) REPRESENTATION_CONTEXT ( 'NONE', 'WORKASPACE' ) );
#2852 = AXIS2_PLACEMENT_3D ( 'NONE', #2990, #5150, #3920 ) ;
#2853 =( LENGTH_UNIT ( ) NAMED_UNIT ( * ) SI_UNIT ( .MILLI., .METRE. ) );
#2854 = FACE_OUTER_BOUND ( 'NONE', #4554, .T. ) ;
#2855 =( NAMED_UNIT ( * ) SI_UNIT ( $, .STERADIAN. ) SOLID_ANGLE_UNIT ( ) );
#2856 = FACE_OUTER_BOUND ( 'NONE', #8660, .T. ) ;
#2857 = ORIENTED_EDGE ( 'NONE', *, *, #6145, .F. ) ;
#2858 = ORIENTED_EDGE ( 'NONE', *, *, #332, .F. ) ;
#2859 = SURFACE_STYLE_FILL_AREA ( #344 ) ;
#2860 = LINE ( 'NONE', #10941, #10712 ) ;
#2861 = EDGE_CURVE ( 'NONE', #11530, #7064, #2576, .T. ) ;
#2862 =( NAMED_UNIT ( * ) PLANE_ANGLE_UNIT ( ) SI_UNIT ( $, .RADIAN. ) );
#2863 = LINE ( 'NONE', #13258, #2686 ) ;
#2864 = CARTESIAN_POINT ( 'NONE',  ( 1.500000000000000000, 0.05000000000000273670, -3.574999999999997957 ) ) ;
#2865 = FILL_AREA_STYLE_COLOUR ( '', #3647 ) ;
#2866 = FILL_AREA_STYLE_COLOUR ( '', #12975 ) ;
#2867 = PRESENTATION_LAYER_ASSIGNMENT (  '', '', ( #2782 ) ) ;
#2868 = PRESENTATION_LAYER_ASSIGNMENT (  '', '', ( #12240 ) ) ;
#2869 = CIRCLE ( 'NONE', #11394, 0.002000000000000699135 ) ;
#2870 =( LENGTH_UNIT ( ) NAMED_UNIT ( * ) SI_UNIT ( .MILLI., .METRE. ) );
#2871 = VECTOR ( 'NONE', #11199, 1000.000000000000000 ) ;
#2872 = EDGE_CURVE ( 'NONE', #12923, #6119, #10751, .T. ) ;
#2873 = ORIENTED_EDGE ( 'NONE', *, *, #3477, .F. ) ;
#2874 = FILL_AREA_STYLE_COLOUR ( '', #10496 ) ;
#2875 = MECHANICAL_DESIGN_GEOMETRIC_PRESENTATION_REPRESENTATION (  '', ( #6653 ), #7371 ) ;
#2876 = MECHANICAL_DESIGN_GEOMETRIC_PRESENTATION_REPRESENTATION (  '', ( #346 ), #3558 ) ;
#2877 = FACE_OUTER_BOUND ( 'NONE', #9482, .T. ) ;
#2878 = ORIENTED_EDGE ( 'NONE', *, *, #9613, .T. ) ;
#2879 = CARTESIAN_POINT ( 'NONE',  ( -2.400000000000000355, 0.3000000000000023204, -3.099999999999995648 ) ) ;
#2880 =( NAMED_UNIT ( * ) SI_UNIT ( $, .STERADIAN. ) SOLID_ANGLE_UNIT ( ) );
#2881 = FILL_AREA_STYLE_COLOUR ( '', #6264 ) ;
#2882 = COLOUR_RGB ( '',0.6941176470588235059, 0.09803921568627450844, 0.09803921568627450844 ) ;
#2883 = CARTESIAN_POINT ( 'NONE',  ( -0.6925805273749674473, -1.049999999999999156, 3.124166730570991035 ) ) ;
#2884 = LINE ( 'NONE', #5313, #9428 ) ;
#2885 = ORIENTED_EDGE ( 'NONE', *, *, #7663, .F. ) ;
#2886 = CARTESIAN_POINT ( 'NONE',  ( -2.499999999999998668, 1.024999999999999467, 2.799999999999999822 ) ) ;
#2887 = DIRECTION ( 'NONE',  ( 0.000000000000000000, -0.000000000000000000, -1.000000000000000000 ) ) ;
#2888 = PRESENTATION_STYLE_ASSIGNMENT (( #8633 ) ) ;
#2889 = LINE ( 'NONE', #11358, #10263 ) ;
#2890 = VERTEX_POINT ( 'NONE', #992 ) ;
#2891 = DIRECTION ( 'NONE',  ( -0.000000000000000000, -0.000000000000000000, -1.000000000000000000 ) ) ;
#2892 = DIRECTION ( 'NONE',  ( -1.000000000000000000, -0.000000000000000000, -0.000000000000000000 ) ) ;
#2893 = STYLED_ITEM ( 'NONE', ( #5399 ), #12771 ) ;
#2894 = EDGE_CURVE ( 'NONE', #592, #4348, #5938, .T. ) ;
#2895 = PLANE ( 'NONE',  #3581 ) ;
#2896 = SURFACE_STYLE_FILL_AREA ( #12110 ) ;
#2897 = EDGE_LOOP ( 'NONE', ( #11449, #6321, #4363, #2321 ) ) ;
#2898 = CARTESIAN_POINT ( 'NONE',  ( 2.750000000000000000, -0.8499999999999978684, -2.624999999999999112 ) ) ;
#2899 = CIRCLE ( 'NONE', #4491, 0.4000000000000019096 ) ;
#2900 = VERTEX_POINT ( 'NONE', #2032 ) ;
#2901 = CIRCLE ( 'NONE', #3511, 0.4000000000000027978 ) ;
#2902 = ORIENTED_EDGE ( 'NONE', *, *, #7851, .F. ) ;
#2903 = CARTESIAN_POINT ( 'NONE',  ( 2.649999999999983480, -0.1499999999999995226, -0.3113248654051880004 ) ) ;
#2904 = STYLED_ITEM ( 'NONE', ( #8980 ), #7956 ) ;
#2905 = CARTESIAN_POINT ( 'NONE',  ( 0.009314526572365856155, -1.049999999999999156, 3.124166730570993700 ) ) ;
#2906 = FACE_OUTER_BOUND ( 'NONE', #9493, .T. ) ;
#2907 = ADVANCED_FACE ( 'NONE', ( #4804 ), #11272, .F. ) ;
#2908 = MECHANICAL_DESIGN_GEOMETRIC_PRESENTATION_REPRESENTATION (  '', ( #3150 ), #644 ) ;
#2909 = FILL_AREA_STYLE_COLOUR ( '', #7259 ) ;
#2910 = FILL_AREA_STYLE_COLOUR ( '', #10536 ) ;
#2911 = ORIENTED_EDGE ( 'NONE', *, *, #11205, .F. ) ;
#2912 = COLOUR_RGB ( '',1.000000000000000000, 1.000000000000000000, 1.000000000000000000 ) ;
#2913 = LINE ( 'NONE', #1809, #10594 ) ;
#2914 = EDGE_LOOP ( 'NONE', ( #6778, #5477, #749, #504 ) ) ;
#2915 = CARTESIAN_POINT ( 'NONE',  ( -2.550000000000000266, -0.8499999999999978684, 1.650000000000002576 ) ) ;
#2916 = DIRECTION ( 'NONE',  ( 1.000000000000000000, 0.000000000000000000, 0.000000000000000000 ) ) ;
#2917 = DIRECTION ( 'NONE',  ( 0.000000000000000000, 1.000000000000000000, 0.000000000000000000 ) ) ;
#2918 = EDGE_CURVE ( 'NONE', #2830, #1888, #1284, .T. ) ;
#2919 = SURFACE_SIDE_STYLE ('',( #4319 ) ) ;
#2920 = SURFACE_STYLE_USAGE ( .BOTH. , #12008 ) ;
#2921 = UNCERTAINTY_MEASURE_WITH_UNIT (LENGTH_MEASURE( 1.000000000000000082E-05 ), #2715, 'distance_accuracy_value', 'NONE');
#2922 = ORIENTED_EDGE ( 'NONE', *, *, #9281, .F. ) ;
#2923 = STYLED_ITEM ( 'NONE', ( #2650 ), #8756 ) ;
#2924 = ORIENTED_EDGE ( 'NONE', *, *, #9457, .F. ) ;
#2925 = FILL_AREA_STYLE_COLOUR ( '', #4133 ) ;
#2926 = ORIENTED_EDGE ( 'NONE', *, *, #9289, .T. ) ;
#2927 = SURFACE_STYLE_USAGE ( .BOTH. , #3091 ) ;
#2928 = PLANE ( 'NONE',  #6434 ) ;
#2929 =( NAMED_UNIT ( * ) SI_UNIT ( $, .STERADIAN. ) SOLID_ANGLE_UNIT ( ) );
#2930 = CARTESIAN_POINT ( 'NONE',  ( 2.249999999999982681, -0.1499999999999995226, -0.2154700538379264729 ) ) ;
#2931 = CARTESIAN_POINT ( 'NONE',  ( -1.500000000000000000, -1.050000000000000044, -3.572999999999995957 ) ) ;
#2932 = CARTESIAN_POINT ( 'NONE',  ( 0.8499999999999998668, -0.8499999999999978684, 1.800000000000000044 ) ) ;
#2933 = ORIENTED_EDGE ( 'NONE', *, *, #6311, .T. ) ;
#2934 = PRESENTATION_STYLE_ASSIGNMENT (( #11899 ) ) ;
#2935 = DIRECTION ( 'NONE',  ( -1.000000000000000000, 0.000000000000000000, 0.000000000000000000 ) ) ;
#2936 = ORIENTED_EDGE ( 'NONE', *, *, #4661, .F. ) ;
#2937 = CARTESIAN_POINT ( 'NONE',  ( 0.5000000000000000000, -0.3500000000000003664, -3.824999999999998845 ) ) ;
#2938 = ORIENTED_EDGE ( 'NONE', *, *, #8086, .T. ) ;
#2939 = DIRECTION ( 'NONE',  ( -1.734723475976807094E-15, 1.239088197126289831E-16, -1.000000000000000000 ) ) ;
#2940 = ORIENTED_EDGE ( 'NONE', *, *, #6301, .T. ) ;
#2941 = EDGE_CURVE ( 'NONE', #7845, #5168, #12023, .T. ) ;
#2942 = DIRECTION ( 'NONE',  ( 0.000000000000000000, 1.000000000000000000, -4.336808689942029569E-16 ) ) ;
#2943 = CARTESIAN_POINT ( 'NONE',  ( -2.399999999999999911, -0.04999999999999763661, -0.7749999999999980238 ) ) ;
#2944 =( GEOMETRIC_REPRESENTATION_CONTEXT ( 3 ) GLOBAL_UNCERTAINTY_ASSIGNED_CONTEXT ( ( #7015 ) ) GLOBAL_UNIT_ASSIGNED_CONTEXT ( ( #11092, #8002, #4944 ) ) REPRESENTATION_CONTEXT ( 'NONE', 'WORKASPACE' ) );
#2945 = LINE ( 'NONE', #11639, #7618 ) ;
#2946 = MECHANICAL_DESIGN_GEOMETRIC_PRESENTATION_REPRESENTATION (  '', ( #7515 ), #5945 ) ;
#2947 = VECTOR ( 'NONE', #10137, 1000.000000000000000 ) ;
#2948 = VERTEX_POINT ( 'NONE', #4192 ) ;
#2949 = FACE_OUTER_BOUND ( 'NONE', #12089, .T. ) ;
#2950 = ORIENTED_EDGE ( 'NONE', *, *, #13125, .F. ) ;
#2951 =( NAMED_UNIT ( * ) SI_UNIT ( $, .STERADIAN. ) SOLID_ANGLE_UNIT ( ) );
#2952 = EDGE_CURVE ( 'NONE', #3830, #9678, #12814, .T. ) ;
#2953 = CARTESIAN_POINT ( 'NONE',  ( 2.752999999999991232, 1.028000000000000025, -2.200000000000000178 ) ) ;
#2954 = CARTESIAN_POINT ( 'NONE',  ( -0.2499999999999835132, 1.049999999999999600, 2.250000000000007105 ) ) ;
#2955 = PRESENTATION_LAYER_ASSIGNMENT (  '', '', ( #892 ) ) ;
#2956 = SURFACE_STYLE_USAGE ( .BOTH. , #2919 ) ;
#2957 = PRESENTATION_LAYER_ASSIGNMENT (  '', '', ( #2276 ) ) ;
#2958 = ORIENTED_EDGE ( 'NONE', *, *, #3615, .F. ) ;
#2959 = CARTESIAN_POINT ( 'NONE',  ( -2.449999999999984635, -0.1499999999999995226, -0.1309401076758484883 ) ) ;
#2960 = EDGE_LOOP ( 'NONE', ( #3213, #11696, #5349, #9709 ) ) ;
#2961 = AXIS2_PLACEMENT_3D ( 'NONE', #8161, #10208, #12278 ) ;
#2962 = AXIS2_PLACEMENT_3D ( 'NONE', #596, #13023, #6937 ) ;
#2963 = CARTESIAN_POINT ( 'NONE',  ( 1.250000000000032196, 0.8499999999999999778, -2.249999999999999556 ) ) ;
#2964 = FILL_AREA_STYLE ('',( #13174 ) ) ;
#2965 = EDGE_CURVE ( 'NONE', #3897, #2830, #4303, .T. ) ;
#2966 =( LENGTH_UNIT ( ) NAMED_UNIT ( * ) SI_UNIT ( .MILLI., .METRE. ) );
#2967 = ADVANCED_FACE ( 'NONE', ( #4473 ), #4240, .F. ) ;
#2968 = PRESENTATION_STYLE_ASSIGNMENT (( #1806 ) ) ;
#2969 = ORIENTED_EDGE ( 'NONE', *, *, #10459, .T. ) ;
#2970 = CARTESIAN_POINT ( 'NONE',  ( 0.7676435197039063185, -1.039999999999999147, 3.124166730570996364 ) ) ;
#2971 =( LENGTH_UNIT ( ) NAMED_UNIT ( * ) SI_UNIT ( .MILLI., .METRE. ) );
#2972 = CARTESIAN_POINT ( 'NONE',  ( -0.2499999999999835132, 0.8499999999999993117, 2.750000000000006661 ) ) ;
#2973 = ORIENTED_EDGE ( 'NONE', *, *, #10253, .T. ) ;
#2974 = CARTESIAN_POINT ( 'NONE',  ( -2.499999999999999112, 1.024999999999999689, -0.2999999999999999334 ) ) ;
#2975 = DIRECTION ( 'NONE',  ( 1.000000000000000000, 0.000000000000000000, 0.000000000000000000 ) ) ;
#2976 = FILL_AREA_STYLE ('',( #6963 ) ) ;
#2977 = PRESENTATION_LAYER_ASSIGNMENT (  '', '', ( #640 ) ) ;
#2978 = ORIENTED_EDGE ( 'NONE', *, *, #6132, .T. ) ;
#2979 = PRESENTATION_STYLE_ASSIGNMENT (( #1713 ) ) ;
#2980 = ORIENTED_EDGE ( 'NONE', *, *, #800, .F. ) ;
#2981 = ORIENTED_EDGE ( 'NONE', *, *, #10555, .T. ) ;
#2982 = ORIENTED_EDGE ( 'NONE', *, *, #401, .F. ) ;
#2983 = DIRECTION ( 'NONE',  ( -0.000000000000000000, -1.000000000000000000, -0.000000000000000000 ) ) ;
#2984 = EDGE_CURVE ( 'NONE', #1601, #7150, #10739, .T. ) ;
#2985 = UNCERTAINTY_MEASURE_WITH_UNIT (LENGTH_MEASURE( 1.000000000000000082E-05 ), #297, 'distance_accuracy_value', 'NONE');
#2986 = UNCERTAINTY_MEASURE_WITH_UNIT (LENGTH_MEASURE( 1.000000000000000082E-05 ), #11455, 'distance_accuracy_value', 'NONE');
#2987 = FILL_AREA_STYLE ('',( #2909 ) ) ;
#2988 = DIRECTION ( 'NONE',  ( 1.000000000000000000, -0.000000000000000000, -0.000000000000000000 ) ) ;
#2989 = ORIENTED_EDGE ( 'NONE', *, *, #7561, .F. ) ;
#2990 = CARTESIAN_POINT ( 'NONE',  ( -2.349999999999990763, -0.1499999999999995226, 0.8309401076758556881 ) ) ;
#2991 = SURFACE_STYLE_FILL_AREA ( #2214 ) ;
#2992 = LINE ( 'NONE', #6935, #9391 ) ;
#2993 =( GEOMETRIC_REPRESENTATION_CONTEXT ( 3 ) GLOBAL_UNCERTAINTY_ASSIGNED_CONTEXT ( ( #12920 ) ) GLOBAL_UNIT_ASSIGNED_CONTEXT ( ( #11045, #9062, #11136 ) ) REPRESENTATION_CONTEXT ( 'NONE', 'WORKASPACE' ) );
#2994 = LINE ( 'NONE', #6632, #10034 ) ;
#2995 = EDGE_LOOP ( 'NONE', ( #9180, #12943, #12885, #4486 ) ) ;
#2996 =( NAMED_UNIT ( * ) SI_UNIT ( $, .STERADIAN. ) SOLID_ANGLE_UNIT ( ) );
#2997 = SURFACE_SIDE_STYLE ('',( #2020 ) ) ;
#2998 = CIRCLE ( 'NONE', #11834, 0.2019999999999999296 ) ;
#2999 = ORIENTED_EDGE ( 'NONE', *, *, #4043, .T. ) ;
#3000 = SURFACE_STYLE_FILL_AREA ( #5672 ) ;
#3001 = UNCERTAINTY_MEASURE_WITH_UNIT (LENGTH_MEASURE( 1.000000000000000082E-05 ), #360, 'distance_accuracy_value', 'NONE');
#3002 = EDGE_CURVE ( 'NONE', #1271, #524, #8025, .T. ) ;
#3003 = CARTESIAN_POINT ( 'NONE',  ( -2.549999999999998490, 1.024999999999999467, 2.799999999999999822 ) ) ;
#3004 = ORIENTED_EDGE ( 'NONE', *, *, #450, .T. ) ;
#3005 =( LENGTH_UNIT ( ) NAMED_UNIT ( * ) SI_UNIT ( .MILLI., .METRE. ) );
#3006 = SURFACE_SIDE_STYLE ('',( #383 ) ) ;
#3007 = CARTESIAN_POINT ( 'NONE',  ( -2.100000000000000089, 0.3000000000000023204, -2.899999999999995470 ) ) ;
#3008 = CARTESIAN_POINT ( 'NONE',  ( -2.752999999999999226, 2.050000000000049560, -2.799999999999999822 ) ) ;
#3009 = SURFACE_STYLE_USAGE ( .BOTH. , #9147 ) ;
#3010 = STYLED_ITEM ( 'NONE', ( #3275 ), #9478 ) ;
#3011 = CARTESIAN_POINT ( 'NONE',  ( -2.550000000000000266, -0.6000000000000094147, 1.650000000000000355 ) ) ;
#3012 = SURFACE_STYLE_FILL_AREA ( #388 ) ;
#3013 = EDGE_CURVE ( 'NONE', #10174, #4023, #7050, .T. ) ;
#3014 = DIRECTION ( 'NONE',  ( 0.000000000000000000, 1.000000000000000000, 0.000000000000000000 ) ) ;
#3015 = CARTESIAN_POINT ( 'NONE',  ( -2.549999999999998490, 1.027999999999999359, 2.799999999999999822 ) ) ;
#3016 = CARTESIAN_POINT ( 'NONE',  ( 7.899322037525770302E-31, 0.8499999999999988676, 4.305831485013859128E-16 ) ) ;
#3017 = MECHANICAL_DESIGN_GEOMETRIC_PRESENTATION_REPRESENTATION (  '', ( #2335 ), #3702 ) ;
#3018 = PRESENTATION_LAYER_ASSIGNMENT (  '', '', ( #692 ) ) ;
#3019 = ORIENTED_EDGE ( 'NONE', *, *, #2407, .F. ) ;
#3020 = VECTOR ( 'NONE', #11890, 1000.000000000000000 ) ;
#3021 = PLANE ( 'NONE',  #1545 ) ;
#3022 = DIRECTION ( 'NONE',  ( -0.000000000000000000, 1.000000000000000000, 4.663235150475286828E-17 ) ) ;
#3023 = STYLED_ITEM ( 'NONE', ( #518 ), #9607 ) ;
#3024 = ORIENTED_EDGE ( 'NONE', *, *, #5808, .F. ) ;
#3025 = AXIS2_PLACEMENT_3D ( 'NONE', #7888, #3944, #6960 ) ;
#3026 = ADVANCED_FACE ( 'NONE', ( #3194 ), #6412, .T. ) ;
#3027 = LINE ( 'NONE', #6765, #6240 ) ;
#3028 = VERTEX_POINT ( 'NONE', #3221 ) ;
#3029 =( NAMED_UNIT ( * ) SI_UNIT ( $, .STERADIAN. ) SOLID_ANGLE_UNIT ( ) );
#3030 = VECTOR ( 'NONE', #9657, 1000.000000000000000 ) ;
#3031 = EDGE_CURVE ( 'NONE', #3466, #12942, #608, .T. ) ;
#3032 = DIRECTION ( 'NONE',  ( 0.000000000000000000, 0.000000000000000000, -1.000000000000000000 ) ) ;
#3033 = VERTEX_POINT ( 'NONE', #12461 ) ;
#3034 =( GEOMETRIC_REPRESENTATION_CONTEXT ( 3 ) GLOBAL_UNCERTAINTY_ASSIGNED_CONTEXT ( ( #665 ) ) GLOBAL_UNIT_ASSIGNED_CONTEXT ( ( #11656, #370, #8615 ) ) REPRESENTATION_CONTEXT ( 'NONE', 'WORKASPACE' ) );
#3035 = MECHANICAL_DESIGN_GEOMETRIC_PRESENTATION_REPRESENTATION (  '', ( #11800 ), #9465 ) ;
#3036 = FILL_AREA_STYLE ('',( #7489 ) ) ;
#3037 = SURFACE_STYLE_USAGE ( .BOTH. , #2027 ) ;
#3038 = EDGE_LOOP ( 'NONE', ( #4106, #13256, #7868, #5805 ) ) ;
#3039 = EDGE_CURVE ( 'NONE', #3033, #5448, #2566, .T. ) ;
#3040 = PRESENTATION_STYLE_ASSIGNMENT (( #1848 ) ) ;
#3041 = LINE ( 'NONE', #2529, #4647 ) ;
#3042 = SURFACE_STYLE_FILL_AREA ( #9301 ) ;
#3043 = PRESENTATION_STYLE_ASSIGNMENT (( #4194 ) ) ;
#3044 = ORIENTED_EDGE ( 'NONE', *, *, #8281, .F. ) ;
#3045 = DIRECTION ( 'NONE',  ( 6.365179094826524742E-15, -1.000000000000000000, 0.000000000000000000 ) ) ;
#3046 =( GEOMETRIC_REPRESENTATION_CONTEXT ( 3 ) GLOBAL_UNCERTAINTY_ASSIGNED_CONTEXT ( ( #8508 ) ) GLOBAL_UNIT_ASSIGNED_CONTEXT ( ( #5620, #9668, #11784 ) ) REPRESENTATION_CONTEXT ( 'NONE', 'WORKASPACE' ) );
#3047 = CARTESIAN_POINT ( 'NONE',  ( 1.500000000000000000, -0.8499999999999978684, 3.099999999999995648 ) ) ;
#3048 = PRESENTATION_STYLE_ASSIGNMENT (( #12261 ) ) ;
#3049 = CARTESIAN_POINT ( 'NONE',  ( 1.500000000000000000, -1.050000000000000044, -3.099999999999995648 ) ) ;
#3050 = DIRECTION ( 'NONE',  ( 1.000000000000000000, 0.000000000000000000, 0.000000000000000000 ) ) ;
#3051 = FILL_AREA_STYLE ('',( #7134 ) ) ;
#3052 = ORIENTED_EDGE ( 'NONE', *, *, #12486, .T. ) ;
#3053 = CARTESIAN_POINT ( 'NONE',  ( -2.100000000000000533, 0.3000000000000021538, 1.400000000000004574 ) ) ;
#3054 = SURFACE_SIDE_STYLE ('',( #11969 ) ) ;
#3055 = FILL_AREA_STYLE ('',( #7887 ) ) ;
#3056 = FILL_AREA_STYLE ('',( #4032 ) ) ;
#3057 = AXIS2_PLACEMENT_3D ( 'NONE', #1096, #10278, #8234 ) ;
#3058 = ORIENTED_EDGE ( 'NONE', *, *, #7439, .F. ) ;
#3059 = DIRECTION ( 'NONE',  ( 1.734723475976807094E-15, -1.239088197126289831E-16, 1.000000000000000000 ) ) ;
#3060 = ORIENTED_EDGE ( 'NONE', *, *, #2447, .T. ) ;
#3061 =( NAMED_UNIT ( * ) SI_UNIT ( $, .STERADIAN. ) SOLID_ANGLE_UNIT ( ) );
#3062 = DIRECTION ( 'NONE',  ( 0.000000000000000000, 4.464361886705018606E-16, -1.000000000000000000 ) ) ;
#3063 = UNCERTAINTY_MEASURE_WITH_UNIT (LENGTH_MEASURE( 1.000000000000000082E-05 ), #3278, 'distance_accuracy_value', 'NONE');
#3064 = CARTESIAN_POINT ( 'NONE',  ( 1.500000000000000000, -1.050000000000000044, -3.572999999999995957 ) ) ;
#3065 = EDGE_CURVE ( 'NONE', #12345, #140, #8823, .T. ) ;
#3066 = LINE ( 'NONE', #6017, #9793 ) ;
#3067 = PRESENTATION_STYLE_ASSIGNMENT (( #1834 ) ) ;
#3068 = ORIENTED_EDGE ( 'NONE', *, *, #13302, .F. ) ;
#3069 = CARTESIAN_POINT ( 'NONE',  ( -2.549999999999999378, -0.8499999999999990896, 1.650000000000000355 ) ) ;
#3070 = VECTOR ( 'NONE', #3358, 1000.000000000000227 ) ;
#3071 = ORIENTED_EDGE ( 'NONE', *, *, #8517, .F. ) ;
#3072 =( GEOMETRIC_REPRESENTATION_CONTEXT ( 3 ) GLOBAL_UNCERTAINTY_ASSIGNED_CONTEXT ( ( #4456 ) ) GLOBAL_UNIT_ASSIGNED_CONTEXT ( ( #4173, #8188, #11293 ) ) REPRESENTATION_CONTEXT ( 'NONE', 'WORKASPACE' ) );
#3073 = CARTESIAN_POINT ( 'NONE',  ( 2.549999999999990941, 1.024999999999999689, 0.2999999999999999334 ) ) ;
#3074 =( NAMED_UNIT ( * ) SI_UNIT ( $, .STERADIAN. ) SOLID_ANGLE_UNIT ( ) );
#3075 = CARTESIAN_POINT ( 'NONE',  ( -2.549999999999998934, 1.027999999999999581, 0.2999999999999999334 ) ) ;
#3076 = UNCERTAINTY_MEASURE_WITH_UNIT (LENGTH_MEASURE( 1.000000000000000082E-05 ), #11915, 'distance_accuracy_value', 'NONE');
#3077 = AXIS2_PLACEMENT_3D ( 'NONE', #8888, #8798, #12599 ) ;
#3078 = EDGE_LOOP ( 'NONE', ( #2969, #5825, #1388, #13147 ) ) ;
#3079 = LINE ( 'NONE', #3744, #9483 ) ;
#3080 = VECTOR ( 'NONE', #871, 1000.000000000000000 ) ;
#3081 = EDGE_CURVE ( 'NONE', #1709, #6047, #9120, .T. ) ;
#3082 = CARTESIAN_POINT ( 'NONE',  ( -2.499999999999998668, 1.049999999999999378, 3.500000000000006217 ) ) ;
#3083 = FACE_OUTER_BOUND ( 'NONE', #9891, .T. ) ;
#3084 = DIRECTION ( 'NONE',  ( 0.000000000000000000, 0.000000000000000000, 1.000000000000000000 ) ) ;
#3085 = ORIENTED_EDGE ( 'NONE', *, *, #9645, .T. ) ;
#3086 = CARTESIAN_POINT ( 'NONE',  ( -0.3000000000000001554, 0.6499999999999993561, -3.850000000000000089 ) ) ;
#3087 = CARTESIAN_POINT ( 'NONE',  ( -1.249999999999999334, 1.049999999999999822, 0.2500000000000028311 ) ) ;
#3088 = PRESENTATION_LAYER_ASSIGNMENT (  '', '', ( #3526 ) ) ;
#3089 = DIRECTION ( 'NONE',  ( 0.000000000000000000, 4.565061778886370529E-16, -1.000000000000000000 ) ) ;
#3090 = VERTEX_POINT ( 'NONE', #5534 ) ;
#3091 = SURFACE_SIDE_STYLE ('',( #5925 ) ) ;
#3092 =( NAMED_UNIT ( * ) PLANE_ANGLE_UNIT ( ) SI_UNIT ( $, .RADIAN. ) );
#3093 = ORIENTED_EDGE ( 'NONE', *, *, #5490, .F. ) ;
#3094 = PLANE ( 'NONE',  #9511 ) ;
#3095 = SURFACE_SIDE_STYLE ('',( #8019 ) ) ;
#3096 = ADVANCED_FACE ( 'NONE', ( #4636 ), #12718, .F. ) ;
#3097 = VECTOR ( 'NONE', #8274, 1000.000000000000000 ) ;
#3098 = PRESENTATION_LAYER_ASSIGNMENT (  '', '', ( #316 ) ) ;
#3099 = MECHANICAL_DESIGN_GEOMETRIC_PRESENTATION_REPRESENTATION (  '', ( #2421 ), #1309 ) ;
#3100 = CARTESIAN_POINT ( 'NONE',  ( 2.249999999999982681, -0.6000000000000094147, -0.2154700538379264729 ) ) ;
#3101 = DIRECTION ( 'NONE',  ( -0.000000000000000000, -1.908195823574532611E-14, 1.000000000000000000 ) ) ;
#3102 = DIRECTION ( 'NONE',  ( 6.789524367814960934E-15, -1.000000000000000000, -0.000000000000000000 ) ) ;
#3103 = DIRECTION ( 'NONE',  ( -1.000000000000000000, -0.000000000000000000, -0.000000000000000000 ) ) ;
#3104 =( NAMED_UNIT ( * ) SI_UNIT ( $, .STERADIAN. ) SOLID_ANGLE_UNIT ( ) );
#3105 = DIRECTION ( 'NONE',  ( -7.885106708985466847E-17, -4.663235150475286828E-17, 1.000000000000000000 ) ) ;
#3106 = LINE ( 'NONE', #1386, #350 ) ;
#3107 = EDGE_LOOP ( 'NONE', ( #985, #3024, #6636, #3220 ) ) ;
#3108 = PRESENTATION_STYLE_ASSIGNMENT (( #13225 ) ) ;
#3109 = ORIENTED_EDGE ( 'NONE', *, *, #6040, .T. ) ;
#3110 = EDGE_CURVE ( 'NONE', #4542, #11554, #9269, .T. ) ;
#3111 =( LENGTH_UNIT ( ) NAMED_UNIT ( * ) SI_UNIT ( .MILLI., .METRE. ) );
#3112 = AXIS2_PLACEMENT_3D ( 'NONE', #2390, #12819, #9531 ) ;
#3113 =( LENGTH_UNIT ( ) NAMED_UNIT ( * ) SI_UNIT ( .MILLI., .METRE. ) );
#3114 = LINE ( 'NONE', #6225, #4721 ) ;
#3115 =( NAMED_UNIT ( * ) PLANE_ANGLE_UNIT ( ) SI_UNIT ( $, .RADIAN. ) );
#3116 = FACE_OUTER_BOUND ( 'NONE', #10862, .T. ) ;
#3117 = EDGE_CURVE ( 'NONE', #12220, #1887, #10075, .T. ) ;
#3118 = SURFACE_STYLE_FILL_AREA ( #6159 ) ;
#3119 = ORIENTED_EDGE ( 'NONE', *, *, #3207, .F. ) ;
#3120 = DIRECTION ( 'NONE',  ( -1.000000000000000000, -0.000000000000000000, -0.000000000000000000 ) ) ;
#3121 = AXIS2_PLACEMENT_3D ( 'NONE', #6511, #10538, #10635 ) ;
#3122 = DIRECTION ( 'NONE',  ( 0.000000000000000000, 0.000000000000000000, 1.000000000000000000 ) ) ;
#3123 = STYLED_ITEM ( 'NONE', ( #10606 ), #1168 ) ;
#3124 =( LENGTH_UNIT ( ) NAMED_UNIT ( * ) SI_UNIT ( .MILLI., .METRE. ) );
#3125 = EDGE_CURVE ( 'NONE', #11554, #9875, #13118, .T. ) ;
#3126 = ORIENTED_EDGE ( 'NONE', *, *, #332, .T. ) ;
#3127 = VERTEX_POINT ( 'NONE', #10699 ) ;
#3128 = PRESENTATION_LAYER_ASSIGNMENT (  '', '', ( #6323 ) ) ;
#3129 = EDGE_LOOP ( 'NONE', ( #10451, #1333, #7304, #5008 ) ) ;
#3130 =( NAMED_UNIT ( * ) SI_UNIT ( $, .STERADIAN. ) SOLID_ANGLE_UNIT ( ) );
#3131 = VECTOR ( 'NONE', #8375, 1000.000000000000000 ) ;
#3132 =( NAMED_UNIT ( * ) PLANE_ANGLE_UNIT ( ) SI_UNIT ( $, .RADIAN. ) );
#3133 = EDGE_CURVE ( 'NONE', #2848, #12371, #10250, .T. ) ;
#3134 = SURFACE_STYLE_USAGE ( .BOTH. , #3006 ) ;
#3135 =( NAMED_UNIT ( * ) PLANE_ANGLE_UNIT ( ) SI_UNIT ( $, .RADIAN. ) );
#3136 = CARTESIAN_POINT ( 'NONE',  ( 0.3489422312082006705, -1.039999999999999147, 2.413550568363382443 ) ) ;
#3137 = VERTEX_POINT ( 'NONE', #4547 ) ;
#3138 = CARTESIAN_POINT ( 'NONE',  ( -1.749999999999999334, 0.8500000000000001998, -2.750000000000000000 ) ) ;
#3139 = SURFACE_STYLE_USAGE ( .BOTH. , #11330 ) ;
#3140 = CARTESIAN_POINT ( 'NONE',  ( -1.500000000000000000, -0.8499999999999978684, -3.099999999999995648 ) ) ;
#3141 = LINE ( 'NONE', #4281, #230 ) ;
#3142 = VECTOR ( 'NONE', #7533, 1000.000000000000000 ) ;
#3143 = LINE ( 'NONE', #4549, #9545 ) ;
#3144 = LINE ( 'NONE', #527, #2828 ) ;
#3145 = VERTEX_POINT ( 'NONE', #7634 ) ;
#3146 = DIRECTION ( 'NONE',  ( 1.000000000000000000, 0.000000000000000000, -0.000000000000000000 ) ) ;
#3147 = AXIS2_PLACEMENT_3D ( 'NONE', #7016, #3951, #9075 ) ;
#3148 = UNCERTAINTY_MEASURE_WITH_UNIT (LENGTH_MEASURE( 1.000000000000000082E-05 ), #8996, 'distance_accuracy_value', 'NONE');
#3149 = UNCERTAINTY_MEASURE_WITH_UNIT (LENGTH_MEASURE( 1.000000000000000082E-05 ), #1893, 'distance_accuracy_value', 'NONE');
#3150 = STYLED_ITEM ( 'NONE', ( #1307 ), #2404 ) ;
#3151 = ORIENTED_EDGE ( 'NONE', *, *, #12989, .F. ) ;
#3152 = ORIENTED_EDGE ( 'NONE', *, *, #3289, .F. ) ;
#3153 = LINE ( 'NONE', #573, #1566 ) ;
#3154 = DIRECTION ( 'NONE',  ( 0.000000000000000000, -0.000000000000000000, 1.000000000000000000 ) ) ;
#3155 = MECHANICAL_DESIGN_GEOMETRIC_PRESENTATION_REPRESENTATION (  '', ( #8412 ), #3834 ) ;
#3156 = DIRECTION ( 'NONE',  ( -1.000000000000000000, 0.000000000000000000, 1.734723475976807094E-15 ) ) ;
#3157 = EDGE_CURVE ( 'NONE', #6714, #8265, #7373, .T. ) ;
#3158 = VERTEX_POINT ( 'NONE', #10748 ) ;
#3159 = CIRCLE ( 'NONE', #10266, 0.1999999999999966804 ) ;
#3160 = COLOUR_RGB ( '',0.1098039215686274495, 0.1098039215686274495, 0.1098039215686274495 ) ;
#3161 = ADVANCED_FACE ( 'NONE', ( #7699 ), #4598, .F. ) ;
#3162 = CARTESIAN_POINT ( 'NONE',  ( -1.749999999999999334, 0.8500000000000001998, -2.750000000000000000 ) ) ;
#3163 = FILL_AREA_STYLE ('',( #12136 ) ) ;
#3164 = CARTESIAN_POINT ( 'NONE',  ( 0.2500000000000427436, 1.049999999999999822, -0.2499999999999966416 ) ) ;
#3165 = STYLED_ITEM ( 'NONE', ( #8149 ), #8567 ) ;
#3166 = VECTOR ( 'NONE', #2517, 1000.000000000000000 ) ;
#3167 = ORIENTED_EDGE ( 'NONE', *, *, #12097, .T. ) ;
#3168 = PRESENTATION_STYLE_ASSIGNMENT (( #12093 ) ) ;
#3169 = PRESENTATION_STYLE_ASSIGNMENT (( #5309 ) ) ;
#3170 = ADVANCED_FACE ( 'NONE', ( #9750 ), #6537, .F. ) ;
#3171 = CARTESIAN_POINT ( 'NONE',  ( -2.752999999999999226, 2.050000000000049560, 0.2999999999999999334 ) ) ;
#3172 = EDGE_LOOP ( 'NONE', ( #3236, #5969, #889, #1980 ) ) ;
#3173 = EDGE_CURVE ( 'NONE', #2422, #9136, #10899, .T. ) ;
#3174 = DIRECTION ( 'NONE',  ( 0.000000000000000000, 6.948158114726864825E-15, -1.000000000000000000 ) ) ;
#3175 = VECTOR ( 'NONE', #5120, 1000.000000000000000 ) ;
#3176 = DIRECTION ( 'NONE',  ( 0.000000000000000000, -4.565061778886370529E-16, 1.000000000000000000 ) ) ;
#3177 = VERTEX_POINT ( 'NONE', #5757 ) ;
#3178 = DIRECTION ( 'NONE',  ( 4.915049848600955117E-14, -0.000000000000000000, -1.000000000000000000 ) ) ;
#3179 = DIRECTION ( 'NONE',  ( -1.000000000000000000, 0.000000000000000000, 0.000000000000000000 ) ) ;
#3180 =( NAMED_UNIT ( * ) SI_UNIT ( $, .STERADIAN. ) SOLID_ANGLE_UNIT ( ) );
#3181 = DIRECTION ( 'NONE',  ( 0.000000000000000000, 8.340016711426986103E-17, -1.000000000000000000 ) ) ;
#3182 = PLANE ( 'NONE',  #4558 ) ;
#3183 = PRESENTATION_STYLE_ASSIGNMENT (( #818 ) ) ;
#3184 = VECTOR ( 'NONE', #12628, 1000.000000000000000 ) ;
#3185 = VERTEX_POINT ( 'NONE', #10840 ) ;
#3186 = PLANE ( 'NONE',  #10288 ) ;
#3187 = EDGE_CURVE ( 'NONE', #4671, #9983, #5425, .T. ) ;
#3188 = DIRECTION ( 'NONE',  ( 0.000000000000000000, 1.239088197126289831E-16, -1.000000000000000000 ) ) ;
#3189 = PLANE ( 'NONE',  #5376 ) ;
#3190 = STYLED_ITEM ( 'NONE', ( #8129 ), #10542 ) ;
#3191 = STYLED_ITEM ( 'NONE', ( #9203 ), #4693 ) ;
#3192 = VECTOR ( 'NONE', #7187, 1000.000000000000000 ) ;
#3193 = VERTEX_POINT ( 'NONE', #4730 ) ;
#3194 = FACE_OUTER_BOUND ( 'NONE', #4678, .T. ) ;
#3196 = EDGE_CURVE ( 'NONE', #9862, #2948, #2709, .T. ) ;
#3195 = LINE ( 'NONE', #3578, #788 ) ;
#3197 = COLOUR_RGB ( '',1.000000000000000000, 1.000000000000000000, 1.000000000000000000 ) ;
#3198 = ORIENTED_EDGE ( 'NONE', *, *, #7518, .F. ) ;
#3199 = CARTESIAN_POINT ( 'NONE',  ( -0.1541181613051111621, -1.039999999999999147, 2.413550568363382443 ) ) ;
#3200 =( NAMED_UNIT ( * ) SI_UNIT ( $, .STERADIAN. ) SOLID_ANGLE_UNIT ( ) );
#3201 = AXIS2_PLACEMENT_3D ( 'NONE', #9855, #10911, #4759 ) ;
#3202 = AXIS2_PLACEMENT_3D ( 'NONE', #11496, #8443, #9314 ) ;
#3203 = CARTESIAN_POINT ( 'NONE',  ( -2.752999999999998781, 2.050000000000049116, 2.799999999999999822 ) ) ;
#3204 = FACE_OUTER_BOUND ( 'NONE', #3206, .T. ) ;
#3205 = DIRECTION ( 'NONE',  ( 0.000000000000000000, 1.000000000000000000, 4.565061778886370529E-16 ) ) ;
#3206 = EDGE_LOOP ( 'NONE', ( #6835, #2481, #4488, #6912 ) ) ;
#3207 = EDGE_CURVE ( 'NONE', #4096, #9529, #6873, .T. ) ;
#3208 = SURFACE_STYLE_USAGE ( .BOTH. , #11344 ) ;
#3209 = FACE_OUTER_BOUND ( 'NONE', #8896, .T. ) ;
#3210 = ORIENTED_EDGE ( 'NONE', *, *, #10865, .F. ) ;
#3211 = VECTOR ( 'NONE', #5163, 999.9999999999998863 ) ;
#3212 = FACE_OUTER_BOUND ( 'NONE', #4401, .T. ) ;
#3213 = ORIENTED_EDGE ( 'NONE', *, *, #4373, .F. ) ;
#3214 = STYLED_ITEM ( 'NONE', ( #9430 ), #12375 ) ;
#3215 = STYLED_ITEM ( 'NONE', ( #11996 ), #5576 ) ;
#3216 = CARTESIAN_POINT ( 'NONE',  ( -1.749999999999999334, 1.050000000000000044, -2.750000000000000000 ) ) ;
#3217 = LINE ( 'NONE', #372, #11254 ) ;
#3218 = EDGE_CURVE ( 'NONE', #11777, #71, #8178, .T. ) ;
#3219 = COLOUR_RGB ( '',0.1098039215686274495, 0.1098039215686274495, 0.1098039215686274495 ) ;
#3220 = ORIENTED_EDGE ( 'NONE', *, *, #926, .T. ) ;
#3221 = CARTESIAN_POINT ( 'NONE',  ( 0.2999999999999998224, 0.6499999999999993561, 3.500000000000006661 ) ) ;
#3222 = LINE ( 'NONE', #10400, #3391 ) ;
#3223 = DIRECTION ( 'NONE',  ( -0.000000000000000000, -0.000000000000000000, -1.000000000000000000 ) ) ;
#3224 = ORIENTED_EDGE ( 'NONE', *, *, #2984, .T. ) ;
#3225 =( NAMED_UNIT ( * ) SI_UNIT ( $, .STERADIAN. ) SOLID_ANGLE_UNIT ( ) );
#3226 = UNCERTAINTY_MEASURE_WITH_UNIT (LENGTH_MEASURE( 1.000000000000000082E-05 ), #4546, 'distance_accuracy_value', 'NONE');
#3227 = DIRECTION ( 'NONE',  ( 0.000000000000000000, 0.000000000000000000, -1.000000000000000000 ) ) ;
#3228 = FILL_AREA_STYLE_COLOUR ( '', #2546 ) ;
#3229 = ADVANCED_FACE ( 'NONE', ( #4792 ), #10796, .F. ) ;
#3230 = CARTESIAN_POINT ( 'NONE',  ( 1.750000000000032196, 1.050000000000000044, -2.250000000000000444 ) ) ;
#3231 = CARTESIAN_POINT ( 'NONE',  ( -1.500000000000000000, 0.05000000000000274364, -8.500000000000000000 ) ) ;
#3232 =( LENGTH_UNIT ( ) NAMED_UNIT ( * ) SI_UNIT ( .MILLI., .METRE. ) );
#3233 = CARTESIAN_POINT ( 'NONE',  ( 2.499999999999992895, 0.8249999999999996225, 0.2999999999999999334 ) ) ;
#3234 = DIRECTION ( 'NONE',  ( -1.000000000000000000, -0.000000000000000000, 1.734723475976807094E-15 ) ) ;
#3235 = PRESENTATION_LAYER_ASSIGNMENT (  '', '', ( #1878 ) ) ;
#3236 = ORIENTED_EDGE ( 'NONE', *, *, #2780, .T. ) ;
#3237 = DIRECTION ( 'NONE',  ( 1.000000000000000000, 0.000000000000000000, -0.000000000000000000 ) ) ;
#3238 = VERTEX_POINT ( 'NONE', #2670 ) ;
#3239 = CARTESIAN_POINT ( 'NONE',  ( 2.549999999999985612, -0.1499999999999995226, -0.4845299461620740655 ) ) ;
#3240 = DIRECTION ( 'NONE',  ( 0.000000000000000000, 0.000000000000000000, -1.000000000000000000 ) ) ;
#3241 = VERTEX_POINT ( 'NONE', #9835 ) ;
#3242 = EDGE_CURVE ( 'NONE', #1396, #5501, #3804, .T. ) ;
#3243 = UNCERTAINTY_MEASURE_WITH_UNIT (LENGTH_MEASURE( 1.000000000000000082E-05 ), #4525, 'distance_accuracy_value', 'NONE');
#3244 = ADVANCED_FACE ( 'NONE', ( #9109 ), #5699, .F. ) ;
#3245 = VERTEX_POINT ( 'NONE', #2771 ) ;
#3246 = DIRECTION ( 'NONE',  ( -0.000000000000000000, 1.000000000000000000, 3.782100601693619904E-17 ) ) ;
#3247 = AXIS2_PLACEMENT_3D ( 'NONE', #12249, #4067, #6237 ) ;
#3248 = CARTESIAN_POINT ( 'NONE',  ( -2.550000000000000266, -0.8499999999999978684, 2.600000000000002309 ) ) ;
#3249 = LINE ( 'NONE', #10648, #1173 ) ;
#3250 = VERTEX_POINT ( 'NONE', #5764 ) ;
#3251 = ORIENTED_EDGE ( 'NONE', *, *, #8704, .T. ) ;
#3252 = CARTESIAN_POINT ( 'NONE',  ( 2.750000000000000000, 0.7999999999999992673, 3.500000000000006661 ) ) ;
#3253 = CARTESIAN_POINT ( 'NONE',  ( 0.4514923337687044569, -1.039999999999999147, 2.586871583535974572 ) ) ;
#3254 = PLANE ( 'NONE',  #2163 ) ;
#3255 = DIRECTION ( 'NONE',  ( 1.000000000000000000, 0.000000000000000000, 0.000000000000000000 ) ) ;
#3256 = PRESENTATION_LAYER_ASSIGNMENT (  '', '', ( #218 ) ) ;
#3257 = VERTEX_POINT ( 'NONE', #5952 ) ;
#3258 = DIRECTION ( 'NONE',  ( 0.000000000000000000, -1.000000000000000000, 0.000000000000000000 ) ) ;
#3259 = EDGE_CURVE ( 'NONE', #4367, #3355, #10884, .T. ) ;
#3260 =( LENGTH_UNIT ( ) NAMED_UNIT ( * ) SI_UNIT ( .MILLI., .METRE. ) );
#3261 = PRESENTATION_STYLE_ASSIGNMENT (( #1205 ) ) ;
#3262 = CYLINDRICAL_SURFACE ( 'NONE', #10598, 0.1999999999999987343 ) ;
#3263 = EDGE_LOOP ( 'NONE', ( #1191, #6313, #469, #11401 ) ) ;
#3264 = VECTOR ( 'NONE', #3947, 1000.000000000000000 ) ;
#3265 = VERTEX_POINT ( 'NONE', #6791 ) ;
#3266 = CARTESIAN_POINT ( 'NONE',  ( -1.249999999999999112, 1.049999999999999822, -0.2499999999999966416 ) ) ;
#3267 = MECHANICAL_DESIGN_GEOMETRIC_PRESENTATION_REPRESENTATION (  '', ( #9028 ), #6697 ) ;
#3268 =( LENGTH_UNIT ( ) NAMED_UNIT ( * ) SI_UNIT ( .MILLI., .METRE. ) );
#3269 = CARTESIAN_POINT ( 'NONE',  ( -2.749999999999999556, -0.8000000000000024869, 1.850000000000000533 ) ) ;
#3270 = COLOUR_RGB ( '',1.000000000000000000, 1.000000000000000000, 1.000000000000000000 ) ;
#3271 =( LENGTH_UNIT ( ) NAMED_UNIT ( * ) SI_UNIT ( .MILLI., .METRE. ) );
#3272 =( NAMED_UNIT ( * ) PLANE_ANGLE_UNIT ( ) SI_UNIT ( $, .RADIAN. ) );
#3273 = CARTESIAN_POINT ( 'NONE',  ( 2.549999999999992717, 0.8249999999999996225, -0.2999999999999999334 ) ) ;
#3274 = MECHANICAL_DESIGN_GEOMETRIC_PRESENTATION_REPRESENTATION (  '', ( #12966 ), #8356 ) ;
#3275 = PRESENTATION_STYLE_ASSIGNMENT (( #4016 ) ) ;
#3276 = AXIS2_PLACEMENT_3D ( 'NONE', #246, #10488, #10403 ) ;
#3277 = FILL_AREA_STYLE ('',( #10358 ) ) ;
#3278 =( LENGTH_UNIT ( ) NAMED_UNIT ( * ) SI_UNIT ( .MILLI., .METRE. ) );
#3279 = DIRECTION ( 'NONE',  ( 1.000000000000000000, 0.000000000000000000, 0.000000000000000000 ) ) ;
#3280 = CARTESIAN_POINT ( 'NONE',  ( -0.2499999999999835132, 1.049999999999999600, 2.250000000000007105 ) ) ;
#3281 = ORIENTED_EDGE ( 'NONE', *, *, #12277, .T. ) ;
#3282 = ORIENTED_EDGE ( 'NONE', *, *, #6050, .T. ) ;
#3283 = DIRECTION ( 'NONE',  ( -0.000000000000000000, 1.000000000000000000, 1.239088197126289831E-16 ) ) ;
#3284 = DIRECTION ( 'NONE',  ( -0.000000000000000000, 0.000000000000000000, 1.000000000000000000 ) ) ;
#3285 = STYLED_ITEM ( 'NONE', ( #10613 ), #9802 ) ;
#3286 =( GEOMETRIC_REPRESENTATION_CONTEXT ( 3 ) GLOBAL_UNCERTAINTY_ASSIGNED_CONTEXT ( ( #2177 ) ) GLOBAL_UNIT_ASSIGNED_CONTEXT ( ( #12703, #5560, #6560 ) ) REPRESENTATION_CONTEXT ( 'NONE', 'WORKASPACE' ) );
#3287 = ORIENTED_EDGE ( 'NONE', *, *, #3665, .F. ) ;
#3288 = FACE_OUTER_BOUND ( 'NONE', #9317, .T. ) ;
#3289 = EDGE_CURVE ( 'NONE', #8280, #12209, #3498, .T. ) ;
#3290 = CARTESIAN_POINT ( 'NONE',  ( 2.750000000000000000, -0.8499999999999976463, -3.099999999999995648 ) ) ;
#3291 = ORIENTED_EDGE ( 'NONE', *, *, #1029, .T. ) ;
#3292 = STYLED_ITEM ( 'NONE', ( #11097 ), #11894 ) ;
#3293 = AXIS2_PLACEMENT_3D ( 'NONE', #4799, #3800, #4666 ) ;
#3294 = ADVANCED_FACE ( 'NONE', ( #1104 ), #1754, .F. ) ;
#3295 = ORIENTED_EDGE ( 'NONE', *, *, #3081, .F. ) ;
#3296 = VECTOR ( 'NONE', #6009, 1000.000000000000000 ) ;
#3297 = EDGE_CURVE ( 'NONE', #3938, #5848, #12639, .T. ) ;
#3298 = CARTESIAN_POINT ( 'NONE',  ( 0.4514923337687044569, -1.039999999999999147, 2.586871583535974572 ) ) ;
#3299 = VECTOR ( 'NONE', #7279, 1000.000000000000000 ) ;
#3300 = ORIENTED_EDGE ( 'NONE', *, *, #8765, .F. ) ;
#3301 = ORIENTED_EDGE ( 'NONE', *, *, #6120, .F. ) ;
#3302 = ORIENTED_EDGE ( 'NONE', *, *, #1769, .T. ) ;
#3303 = STYLED_ITEM ( 'NONE', ( #4012 ), #1241 ) ;
#3304 = CARTESIAN_POINT ( 'NONE',  ( -2.499999999999998668, 1.024999999999999467, 2.799999999999999822 ) ) ;
#3305 = EDGE_CURVE ( 'NONE', #1447, #5848, #9259, .T. ) ;
#3306 = ORIENTED_EDGE ( 'NONE', *, *, #9765, .F. ) ;
#3307 = SURFACE_STYLE_USAGE ( .BOTH. , #9341 ) ;
#3308 = PRESENTATION_LAYER_ASSIGNMENT (  '', '', ( #4242 ) ) ;
#3309 = SURFACE_SIDE_STYLE ('',( #3950 ) ) ;
#3310 = ORIENTED_EDGE ( 'NONE', *, *, #2894, .T. ) ;
#3311 = PLANE ( 'NONE',  #11265 ) ;
#3312 =( LENGTH_UNIT ( ) NAMED_UNIT ( * ) SI_UNIT ( .MILLI., .METRE. ) );
#3313 = PLANE ( 'NONE',  #5328 ) ;
#3314 =( LENGTH_UNIT ( ) NAMED_UNIT ( * ) SI_UNIT ( .MILLI., .METRE. ) );
#3315 = ORIENTED_EDGE ( 'NONE', *, *, #8645, .F. ) ;
#3316 = DIRECTION ( 'NONE',  ( 0.000000000000000000, -4.336808689942021187E-16, 1.000000000000000000 ) ) ;
#3317 = LINE ( 'NONE', #4656, #10217 ) ;
#3318 = FILL_AREA_STYLE ('',( #7512 ) ) ;
#3319 =( NAMED_UNIT ( * ) SI_UNIT ( $, .STERADIAN. ) SOLID_ANGLE_UNIT ( ) );
#3320 =( GEOMETRIC_REPRESENTATION_CONTEXT ( 3 ) GLOBAL_UNCERTAINTY_ASSIGNED_CONTEXT ( ( #5946 ) ) GLOBAL_UNIT_ASSIGNED_CONTEXT ( ( #2649, #617, #10771 ) ) REPRESENTATION_CONTEXT ( 'NONE', 'WORKASPACE' ) );
#3321 = LINE ( 'NONE', #5889, #1581 ) ;
#3322 = ORIENTED_EDGE ( 'NONE', *, *, #9469, .F. ) ;
#3323 = EDGE_LOOP ( 'NONE', ( #3475, #10260, #6813, #6154 ) ) ;
#3324 = DIRECTION ( 'NONE',  ( 1.000000000000000000, 0.000000000000000000, -1.734723475976807094E-15 ) ) ;
#3325 = VECTOR ( 'NONE', #3022, 1000.000000000000000 ) ;
#3326 =( NAMED_UNIT ( * ) PLANE_ANGLE_UNIT ( ) SI_UNIT ( $, .RADIAN. ) );
#3327 = MECHANICAL_DESIGN_GEOMETRIC_PRESENTATION_REPRESENTATION (  '', ( #2482 ), #10201 ) ;
#3328 =( NAMED_UNIT ( * ) SI_UNIT ( $, .STERADIAN. ) SOLID_ANGLE_UNIT ( ) );
#3329 = DIRECTION ( 'NONE',  ( 0.000000000000000000, -0.000000000000000000, -1.000000000000000000 ) ) ;
#3330 = DIRECTION ( 'NONE',  ( -0.000000000000000000, 1.000000000000000000, 8.673617379884032317E-15 ) ) ;
#3331 = EDGE_CURVE ( 'NONE', #1116, #13257, #1749, .T. ) ;
#3332 = VECTOR ( 'NONE', #1400, 1000.000000000000000 ) ;
#3333 = DIRECTION ( 'NONE',  ( -0.000000000000000000, -0.000000000000000000, -1.000000000000000000 ) ) ;
#3334 = VERTEX_POINT ( 'NONE', #10944 ) ;
#3335 =( LENGTH_UNIT ( ) NAMED_UNIT ( * ) SI_UNIT ( .MILLI., .METRE. ) );
#3336 = VECTOR ( 'NONE', #9796, 1000.000000000000000 ) ;
#3337 = VERTEX_POINT ( 'NONE', #13024 ) ;
#3338 = CARTESIAN_POINT ( 'NONE',  ( -2.350000000000000089, 0.000000000000000000, 0.000000000000000000 ) ) ;
#3339 = DIRECTION ( 'NONE',  ( 0.000000000000000000, -0.000000000000000000, -1.000000000000000000 ) ) ;
#3340 = ORIENTED_EDGE ( 'NONE', *, *, #6596, .T. ) ;
#3341 = CIRCLE ( 'NONE', #3293, 0.1999999999999977074 ) ;
#3342 =( NAMED_UNIT ( * ) SI_UNIT ( $, .STERADIAN. ) SOLID_ANGLE_UNIT ( ) );
#3343 = MECHANICAL_DESIGN_GEOMETRIC_PRESENTATION_REPRESENTATION (  '', ( #3952 ), #1742 ) ;
#3344 = STYLED_ITEM ( 'NONE', ( #3989 ), #3573 ) ;
#3345 = LINE ( 'NONE', #8872, #5128 ) ;
#3346 = VECTOR ( 'NONE', #8083, 1000.000000000000000 ) ;
#3347 = LINE ( 'NONE', #9481, #6720 ) ;
#3348 = ORIENTED_EDGE ( 'NONE', *, *, #11046, .F. ) ;
#3349 = CARTESIAN_POINT ( 'NONE',  ( 2.750000000000000000, 0.05000000000000186240, 3.500000000000006661 ) ) ;
#3350 = CARTESIAN_POINT ( 'NONE',  ( -0.8499999999999996447, -0.8499999999999978684, -1.800000000000000044 ) ) ;
#3351 = FILL_AREA_STYLE ('',( #4244 ) ) ;
#3352 = DIRECTION ( 'NONE',  ( -1.000000000000000000, 0.000000000000000000, -0.000000000000000000 ) ) ;
#3353 = SURFACE_SIDE_STYLE ('',( #9277 ) ) ;
#3354 = ADVANCED_FACE ( 'NONE', ( #2384 ), #8328, .F. ) ;
#3355 = VERTEX_POINT ( 'NONE', #648 ) ;
#3356 = CARTESIAN_POINT ( 'NONE',  ( 1.500000000000000000, -0.8480000000000001981, 3.774999999999989697 ) ) ;
#3357 = VECTOR ( 'NONE', #3681, 1000.000000000000000 ) ;
#3358 = DIRECTION ( 'NONE',  ( -0.04722778896040855101, 0.000000000000000000, 0.9988841454092216576 ) ) ;
#3359 = EDGE_CURVE ( 'NONE', #4131, #11913, #9576, .T. ) ;
#3360 = ORIENTED_EDGE ( 'NONE', *, *, #2872, .F. ) ;
#3361 = CARTESIAN_POINT ( 'NONE',  ( 0.7676435197039063185, -1.049999999999999156, 3.124166730570996364 ) ) ;
#3362 = PLANE ( 'NONE',  #10326 ) ;
#3363 = MECHANICAL_DESIGN_GEOMETRIC_PRESENTATION_REPRESENTATION (  '', ( #3789 ), #5676 ) ;
#3364 =( GEOMETRIC_REPRESENTATION_CONTEXT ( 3 ) GLOBAL_UNCERTAINTY_ASSIGNED_CONTEXT ( ( #11405 ) ) GLOBAL_UNIT_ASSIGNED_CONTEXT ( ( #9151, #11240, #5336 ) ) REPRESENTATION_CONTEXT ( 'NONE', 'WORKASPACE' ) );
#3365 = FILL_AREA_STYLE ('',( #4078 ) ) ;
#3366 = VERTEX_POINT ( 'NONE', #4783 ) ;
#3367 = EDGE_CURVE ( 'NONE', #3337, #4521, #8164, .T. ) ;
#3368 = ADVANCED_FACE ( 'NONE', ( #10546 ), #8875, .F. ) ;
#3369 = FACE_OUTER_BOUND ( 'NONE', #5279, .T. ) ;
#3370 = DIRECTION ( 'NONE',  ( -0.000000000000000000, 6.938893903907271765E-15, -1.000000000000000000 ) ) ;
#3371 = ORIENTED_EDGE ( 'NONE', *, *, #8545, .F. ) ;
#3372 = SURFACE_STYLE_FILL_AREA ( #9759 ) ;
#3373 = DIRECTION ( 'NONE',  ( -1.000000000000000000, -0.000000000000000000, -0.000000000000000000 ) ) ;
#3374 = ORIENTED_EDGE ( 'NONE', *, *, #10382, .F. ) ;
#3375 =( NAMED_UNIT ( * ) PLANE_ANGLE_UNIT ( ) SI_UNIT ( $, .RADIAN. ) );
#3376 = CARTESIAN_POINT ( 'NONE',  ( -1.749999999999999112, 0.8499999999999997558, -0.2499999999999957812 ) ) ;
#3377 =( GEOMETRIC_REPRESENTATION_CONTEXT ( 3 ) GLOBAL_UNCERTAINTY_ASSIGNED_CONTEXT ( ( #4888 ) ) GLOBAL_UNIT_ASSIGNED_CONTEXT ( ( #11586, #2488, #5429 ) ) REPRESENTATION_CONTEXT ( 'NONE', 'WORKASPACE' ) );
#3378 =( GEOMETRIC_REPRESENTATION_CONTEXT ( 3 ) GLOBAL_UNCERTAINTY_ASSIGNED_CONTEXT ( ( #11141 ) ) GLOBAL_UNIT_ASSIGNED_CONTEXT ( ( #766, #45, #10226 ) ) REPRESENTATION_CONTEXT ( 'NONE', 'WORKASPACE' ) );
#3379 = EDGE_CURVE ( 'NONE', #2231, #4283, #2467, .T. ) ;
#3380 =( NAMED_UNIT ( * ) PLANE_ANGLE_UNIT ( ) SI_UNIT ( $, .RADIAN. ) );
#3381 = PRESENTATION_STYLE_ASSIGNMENT (( #3139 ) ) ;
#3382 = DIRECTION ( 'NONE',  ( 1.000000000000000000, 0.000000000000000000, -1.734723475976807094E-15 ) ) ;
#3383 = VECTOR ( 'NONE', #12488, 1000.000000000000000 ) ;
#3384 = MECHANICAL_DESIGN_GEOMETRIC_PRESENTATION_REPRESENTATION (  '', ( #9633 ), #11216 ) ;
#3385 = SURFACE_SIDE_STYLE ('',( #3670 ) ) ;
#3386 = CARTESIAN_POINT ( 'NONE',  ( -0.7500000000000008882, -2.199999999999997957, 4.036762042207656601E-15 ) ) ;
#3387 = VERTEX_POINT ( 'NONE', #7074 ) ;
#3388 = DIRECTION ( 'NONE',  ( 0.000000000000000000, 0.000000000000000000, -1.000000000000000000 ) ) ;
#3389 = SURFACE_STYLE_USAGE ( .BOTH. , #11438 ) ;
#3390 =( GEOMETRIC_REPRESENTATION_CONTEXT ( 3 ) GLOBAL_UNCERTAINTY_ASSIGNED_CONTEXT ( ( #11213 ) ) GLOBAL_UNIT_ASSIGNED_CONTEXT ( ( #7941, #11075, #6944 ) ) REPRESENTATION_CONTEXT ( 'NONE', 'WORKASPACE' ) );
#3391 = VECTOR ( 'NONE', #11836, 1000.000000000000000 ) ;
#3392 = DIRECTION ( 'NONE',  ( 0.000000000000000000, 1.000000000000000000, -6.776263578034472970E-17 ) ) ;
#3393 = EDGE_LOOP ( 'NONE', ( #12980, #1783, #7461, #2444 ) ) ;
#3394 = EDGE_CURVE ( 'NONE', #9800, #1311, #6468, .T. ) ;
#3395 = UNCERTAINTY_MEASURE_WITH_UNIT (LENGTH_MEASURE( 1.000000000000000082E-05 ), #4834, 'distance_accuracy_value', 'NONE');
#3396 = UNCERTAINTY_MEASURE_WITH_UNIT (LENGTH_MEASURE( 1.000000000000000082E-05 ), #9778, 'distance_accuracy_value', 'NONE');
#3397 = CARTESIAN_POINT ( 'NONE',  ( -2.549999999999998934, 0.8249999999999996225, 0.2999999999999999334 ) ) ;
#3398 = PRESENTATION_STYLE_ASSIGNMENT (( #11889 ) ) ;
#3399 = DIRECTION ( 'NONE',  ( 0.000000000000000000, 0.000000000000000000, 1.000000000000000000 ) ) ;
#3400 = FILL_AREA_STYLE_COLOUR ( '', #8494 ) ;
#3401 = EDGE_LOOP ( 'NONE', ( #11790, #2579, #10876, #10422 ) ) ;
#3402 = VECTOR ( 'NONE', #5761, 1000.000000000000000 ) ;
#3403 = COLOUR_RGB ( '',0.1098039215686274495, 0.1098039215686274495, 0.1098039215686274495 ) ;
#3404 = ORIENTED_EDGE ( 'NONE', *, *, #12977, .F. ) ;
#3405 = LINE ( 'NONE', #7009, #1986 ) ;
#3406 = SURFACE_SIDE_STYLE ('',( #12315 ) ) ;
#3407 = ORIENTED_EDGE ( 'NONE', *, *, #9806, .T. ) ;
#3408 = CARTESIAN_POINT ( 'NONE',  ( -2.749999999999999556, -0.04999999999999763661, -0.7749999999999980238 ) ) ;
#3409 = CARTESIAN_POINT ( 'NONE',  ( 2.549999999999990941, 1.028000000000000025, -2.200000000000000178 ) ) ;
#3410 = FILL_AREA_STYLE_COLOUR ( '', #7089 ) ;
#3411 = STYLED_ITEM ( 'NONE', ( #1550 ), #7412 ) ;
#3412 =( NAMED_UNIT ( * ) SI_UNIT ( $, .STERADIAN. ) SOLID_ANGLE_UNIT ( ) );
#3413 = PLANE ( 'NONE',  #5 ) ;
#3414 = DIRECTION ( 'NONE',  ( 0.000000000000000000, 0.000000000000000000, 1.000000000000000000 ) ) ;
#3415 = SURFACE_SIDE_STYLE ('',( #11096 ) ) ;
#3416 = PRODUCT_DEFINITION_FORMATION_WITH_SPECIFIED_SOURCE ( 'ANY', '', #1615, .NOT_KNOWN. ) ;
#3417 = UNCERTAINTY_MEASURE_WITH_UNIT (LENGTH_MEASURE( 1.000000000000000082E-05 ), #8047, 'distance_accuracy_value', 'NONE');
#3418 = CARTESIAN_POINT ( 'NONE',  ( -2.499999999999999112, 0.8249999999999999556, -2.200000000000000178 ) ) ;
#3419 = ORIENTED_EDGE ( 'NONE', *, *, #8627, .F. ) ;
#3420 = EDGE_CURVE ( 'NONE', #8483, #4413, #4198, .T. ) ;
#3421 = DIRECTION ( 'NONE',  ( 0.000000000000000000, 0.000000000000000000, 1.000000000000000000 ) ) ;
#3422 = VECTOR ( 'NONE', #10914, 1000.000000000000000 ) ;
#3423 = VERTEX_POINT ( 'NONE', #11206 ) ;
#3424 = LINE ( 'NONE', #9275, #12082 ) ;
#3425 = DIRECTION ( 'NONE',  ( -0.000000000000000000, 1.000000000000000000, 1.239088197126289831E-16 ) ) ;
#3426 = AXIS2_PLACEMENT_3D ( 'NONE', #1215, #1397, #7410 ) ;
#3427 = FILL_AREA_STYLE_COLOUR ( '', #9251 ) ;
#3428 = FILL_AREA_STYLE ('',( #6436 ) ) ;
#3429 = ADVANCED_FACE ( 'NONE', ( #9325 ), #1497, .F. ) ;
#3430 = CARTESIAN_POINT ( 'NONE',  ( -1.749999999999999112, 0.8499999999999997558, -0.2499999999999957812 ) ) ;
#3431 = SURFACE_STYLE_FILL_AREA ( #66 ) ;
#3432 = FILL_AREA_STYLE_COLOUR ( '', #5909 ) ;
#3433 = ORIENTED_EDGE ( 'NONE', *, *, #11760, .T. ) ;
#3434 = ORIENTED_EDGE ( 'NONE', *, *, #3117, .F. ) ;
#3435 =( LENGTH_UNIT ( ) NAMED_UNIT ( * ) SI_UNIT ( .MILLI., .METRE. ) );
#3436 = EDGE_CURVE ( 'NONE', #8954, #6026, #10972, .T. ) ;
#3437 = LINE ( 'NONE', #11076, #703 ) ;
#3438 = FILL_AREA_STYLE_COLOUR ( '', #3523 ) ;
#3439 = ORIENTED_EDGE ( 'NONE', *, *, #12758, .T. ) ;
#3440 = ADVANCED_FACE ( 'NONE', ( #5817 ), #10199, .F. ) ;
#3441 =( NAMED_UNIT ( * ) PLANE_ANGLE_UNIT ( ) SI_UNIT ( $, .RADIAN. ) );
#3442 = VECTOR ( 'NONE', #2538, 1000.000000000000000 ) ;
#3443 = ORIENTED_EDGE ( 'NONE', *, *, #6392, .F. ) ;
#3444 =( LENGTH_UNIT ( ) NAMED_UNIT ( * ) SI_UNIT ( .MILLI., .METRE. ) );
#3445 = EDGE_CURVE ( 'NONE', #7105, #826, #10629, .T. ) ;
#3446 = EDGE_CURVE ( 'NONE', #9884, #12091, #11299, .T. ) ;
#3447 =( NAMED_UNIT ( * ) PLANE_ANGLE_UNIT ( ) SI_UNIT ( $, .RADIAN. ) );
#3448 = DIRECTION ( 'NONE',  ( 0.000000000000000000, 0.000000000000000000, -1.000000000000000000 ) ) ;
#3449 = PLANE ( 'NONE',  #729 ) ;
#3450 = CARTESIAN_POINT ( 'NONE',  ( -0.2499999999999835132, 0.8500000000000001998, -2.749999999999999112 ) ) ;
#3451 = AXIS2_PLACEMENT_3D ( 'NONE', #11327, #5174, #8318 ) ;
#3452 =( GEOMETRIC_REPRESENTATION_CONTEXT ( 3 ) GLOBAL_UNCERTAINTY_ASSIGNED_CONTEXT ( ( #7625 ) ) GLOBAL_UNIT_ASSIGNED_CONTEXT ( ( #4865, #1970, #11988 ) ) REPRESENTATION_CONTEXT ( 'NONE', 'WORKASPACE' ) );
#3453 = CARTESIAN_POINT ( 'NONE',  ( 2.400000000000000355, -0.8499999999999976463, -3.099999999999995648 ) ) ;
#3454 = CARTESIAN_POINT ( 'NONE',  ( 1.750000000000032196, 1.049999999999999822, 0.2500000000000028311 ) ) ;
#3455 = LINE ( 'NONE', #11578, #11159 ) ;
#3456 = APPLICATION_PROTOCOL_DEFINITION ( 'draft international standard', 'automotive_design', 1998, #2439 ) ;
#3457 = VECTOR ( 'NONE', #4925, 1000.000000000000000 ) ;
#3458 = ORIENTED_EDGE ( 'NONE', *, *, #9940, .T. ) ;
#3459 = COLOUR_RGB ( '',0.1098039215686274495, 0.1098039215686274495, 0.1098039215686274495 ) ;
#3460 = VERTEX_POINT ( 'NONE', #22 ) ;
#3461 = EDGE_LOOP ( 'NONE', ( #2373, #11886, #6571, #7250 ) ) ;
#3462 =( NAMED_UNIT ( * ) PLANE_ANGLE_UNIT ( ) SI_UNIT ( $, .RADIAN. ) );
#3463 = VECTOR ( 'NONE', #2401, 1000.000000000000000 ) ;
#3464 = STYLED_ITEM ( 'NONE', ( #7605 ), #9753 ) ;
#3465 = CARTESIAN_POINT ( 'NONE',  ( -0.3000000000000001554, 0.6499999999999993561, -3.500000000000000000 ) ) ;
#3466 = VERTEX_POINT ( 'NONE', #12188 ) ;
#3467 = SURFACE_STYLE_FILL_AREA ( #12954 ) ;
#3468 = EDGE_CURVE ( 'NONE', #536, #10437, #5029, .T. ) ;
#3469 = COLOUR_RGB ( '',1.000000000000000000, 1.000000000000000000, 1.000000000000000000 ) ;
#3470 = SURFACE_STYLE_USAGE ( .BOTH. , #8586 ) ;
#3471 = VECTOR ( 'NONE', #10716, 1000.000000000000000 ) ;
#3472 = DIRECTION ( 'NONE',  ( 0.000000000000000000, -1.000000000000000000, 0.000000000000000000 ) ) ;
#3473 = CARTESIAN_POINT ( 'NONE',  ( 2.549999999999993161, 0.8249999999999992895, 2.799999999999999822 ) ) ;
#3474 =( GEOMETRIC_REPRESENTATION_CONTEXT ( 3 ) GLOBAL_UNCERTAINTY_ASSIGNED_CONTEXT ( ( #6290 ) ) GLOBAL_UNIT_ASSIGNED_CONTEXT ( ( #12767, #1533, #4601 ) ) REPRESENTATION_CONTEXT ( 'NONE', 'WORKASPACE' ) );
#3475 = ORIENTED_EDGE ( 'NONE', *, *, #713, .T. ) ;
#3476 = DIRECTION ( 'NONE',  ( -0.000000000000000000, -1.000000000000000000, -4.565061778886370529E-16 ) ) ;
#3477 = EDGE_CURVE ( 'NONE', #4930, #12906, #2304, .T. ) ;
#3478 = DIRECTION ( 'NONE',  ( -0.000000000000000000, -0.000000000000000000, -1.000000000000000000 ) ) ;
#3479 = EDGE_LOOP ( 'NONE', ( #11006, #9614, #9563, #5314 ) ) ;
#3480 = CARTESIAN_POINT ( 'NONE',  ( -2.750000000000000000, -0.8499999999999976463, -3.099999999999995648 ) ) ;
#3481 = STYLED_ITEM ( 'NONE', ( #10754 ), #1639 ) ;
#3482 = ORIENTED_EDGE ( 'NONE', *, *, #9186, .F. ) ;
#3483 = VECTOR ( 'NONE', #9045, 1000.000000000000000 ) ;
#3484 = PRESENTATION_LAYER_ASSIGNMENT (  '', '', ( #4235 ) ) ;
#3485 =( NAMED_UNIT ( * ) PLANE_ANGLE_UNIT ( ) SI_UNIT ( $, .RADIAN. ) );
#3486 = UNCERTAINTY_MEASURE_WITH_UNIT (LENGTH_MEASURE( 1.000000000000000082E-05 ), #12685, 'distance_accuracy_value', 'NONE');
#3487 = CARTESIAN_POINT ( 'NONE',  ( 2.249999999999982681, -0.6000000000000094147, -0.2154700538379264729 ) ) ;
#3488 = PRESENTATION_LAYER_ASSIGNMENT (  '', '', ( #2300 ) ) ;
#3489 = CARTESIAN_POINT ( 'NONE',  ( 2.750000000000000000, -0.8499999999999976463, -3.099999999999995648 ) ) ;
#3490 = FILL_AREA_STYLE ('',( #2866 ) ) ;
#3491 = FILL_AREA_STYLE_COLOUR ( '', #11056 ) ;
#3492 = LINE ( 'NONE', #4556, #11040 ) ;
#3493 = CARTESIAN_POINT ( 'NONE',  ( 2.550000000000000266, -1.049999999999999156, -2.799999999999994937 ) ) ;
#3494 = FILL_AREA_STYLE_COLOUR ( '', #7862 ) ;
#3495 = ADVANCED_FACE ( 'NONE', ( #1174 ), #10379, .T. ) ;
#3496 = EDGE_CURVE ( 'NONE', #1820, #3127, #12841, .T. ) ;
#3497 = ORIENTED_EDGE ( 'NONE', *, *, #7325, .T. ) ;
#3498 = LINE ( 'NONE', #6979, #10239 ) ;
#3499 = DIRECTION ( 'NONE',  ( -0.000000000000000000, -1.000000000000000000, -1.908195823574532611E-14 ) ) ;
#3500 = MECHANICAL_DESIGN_GEOMETRIC_PRESENTATION_REPRESENTATION (  '', ( #9851 ), #4178 ) ;
#3501 = VERTEX_POINT ( 'NONE', #2235 ) ;
#3502 = CARTESIAN_POINT ( 'NONE',  ( -0.7500000000000006661, -2.199999999999997957, -1.499999999999996003 ) ) ;
#3503 = COLOUR_RGB ( '',0.1098039215686274495, 0.1098039215686274495, 0.1098039215686274495 ) ;
#3504 = PRESENTATION_STYLE_ASSIGNMENT (( #9646 ) ) ;
#3505 = SURFACE_STYLE_FILL_AREA ( #4507 ) ;
#3506 = VECTOR ( 'NONE', #5843, 1000.000000000000114 ) ;
#3507 = PRESENTATION_STYLE_ASSIGNMENT (( #6686 ) ) ;
#3508 = ORIENTED_EDGE ( 'NONE', *, *, #7325, .F. ) ;
#3509 = ADVANCED_FACE ( 'NONE', ( #10387 ), #1299, .F. ) ;
#3510 = DIRECTION ( 'NONE',  ( -0.000000000000000000, -1.000000000000000000, -0.000000000000000000 ) ) ;
#3511 = AXIS2_PLACEMENT_3D ( 'NONE', #7223, #4152, #7267 ) ;
#3512 =( NAMED_UNIT ( * ) SI_UNIT ( $, .STERADIAN. ) SOLID_ANGLE_UNIT ( ) );
#3513 = CARTESIAN_POINT ( 'NONE',  ( 2.750000000000000000, -0.8499999999999978684, -2.624999999999999112 ) ) ;
#3514 = DIRECTION ( 'NONE',  ( -0.000000000000000000, -0.000000000000000000, -1.000000000000000000 ) ) ;
#3515 = EDGE_CURVE ( 'NONE', #12076, #4688, #785, .T. ) ;
#3516 = CARTESIAN_POINT ( 'NONE',  ( -1.500000000000000000, -0.8499999999999978684, 3.099999999999995648 ) ) ;
#3517 = SURFACE_SIDE_STYLE ('',( #70 ) ) ;
#3518 = FACE_OUTER_BOUND ( 'NONE', #12114, .T. ) ;
#3519 = EDGE_LOOP ( 'NONE', ( #8408, #8998, #1456, #7894 ) ) ;
#3520 =( NAMED_UNIT ( * ) SI_UNIT ( $, .STERADIAN. ) SOLID_ANGLE_UNIT ( ) );
#3521 = CARTESIAN_POINT ( 'NONE',  ( -2.399999999999999911, -0.8499999999999978684, 3.100000000000001421 ) ) ;
#3522 = ORIENTED_EDGE ( 'NONE', *, *, #1588, .T. ) ;
#3523 = COLOUR_RGB ( '',1.000000000000000000, 1.000000000000000000, 1.000000000000000000 ) ;
#3524 = EDGE_LOOP ( 'NONE', ( #5393, #7734, #4279, #1473 ) ) ;
#3525 = SURFACE_SIDE_STYLE ('',( #336 ) ) ;
#3526 = STYLED_ITEM ( 'NONE', ( #12911 ), #8944 ) ;
#3527 =( NAMED_UNIT ( * ) SI_UNIT ( $, .STERADIAN. ) SOLID_ANGLE_UNIT ( ) );
#3528 = PRESENTATION_LAYER_ASSIGNMENT (  '', '', ( #9268 ) ) ;
#3529 = AXIS2_PLACEMENT_3D ( 'NONE', #8463, #139, #2279 ) ;
#3530 = ORIENTED_EDGE ( 'NONE', *, *, #8592, .T. ) ;
#3531 =( LENGTH_UNIT ( ) NAMED_UNIT ( * ) SI_UNIT ( .MILLI., .METRE. ) );
#3532 = DIRECTION ( 'NONE',  ( 0.000000000000000000, 0.000000000000000000, -1.000000000000000000 ) ) ;
#3533 =( LENGTH_UNIT ( ) NAMED_UNIT ( * ) SI_UNIT ( .MILLI., .METRE. ) );
#3534 = ORIENTED_EDGE ( 'NONE', *, *, #9613, .F. ) ;
#3535 = CARTESIAN_POINT ( 'NONE',  ( -2.499999999999999112, 1.024999999999999689, -0.2999999999999999334 ) ) ;
#3536 = VECTOR ( 'NONE', #1352, 1000.000000000000000 ) ;
#3537 = VERTEX_POINT ( 'NONE', #4141 ) ;
#3538 = CARTESIAN_POINT ( 'NONE',  ( -2.550000000000000266, -0.8499999999999978684, 1.650000000000002576 ) ) ;
#3539 = CARTESIAN_POINT ( 'NONE',  ( -0.7500000000000000000, 0.6499999999999998002, 3.575000000000002398 ) ) ;
#3540 = SURFACE_SIDE_STYLE ('',( #552 ) ) ;
#3541 = FILL_AREA_STYLE ('',( #9620 ) ) ;
#3542 = PRESENTATION_LAYER_ASSIGNMENT (  '', '', ( #10156 ) ) ;
#3543 = SURFACE_STYLE_FILL_AREA ( #2976 ) ;
#3544 = ORIENTED_EDGE ( 'NONE', *, *, #9603, .T. ) ;
#3545 = EDGE_CURVE ( 'NONE', #12105, #9273, #2884, .T. ) ;
#3546 = LINE ( 'NONE', #3086, #7246 ) ;
#3547 = VECTOR ( 'NONE', #8438, 1000.000000000000000 ) ;
#3548 = FILL_AREA_STYLE ('',( #6676 ) ) ;
#3549 = ORIENTED_EDGE ( 'NONE', *, *, #6474, .T. ) ;
#3550 = AXIS2_PLACEMENT_3D ( 'NONE', #154, #1222, #11531 ) ;
#3551 = STYLED_ITEM ( 'NONE', ( #456 ), #5189 ) ;
#3552 = CYLINDRICAL_SURFACE ( 'NONE', #8321, 0.002999999999999964501 ) ;
#3553 = EDGE_CURVE ( 'NONE', #2772, #12619, #8664, .T. ) ;
#3554 = CARTESIAN_POINT ( 'NONE',  ( -0.5138308425403714796, -1.039999999999999147, 3.124166730570991035 ) ) ;
#3555 = ORIENTED_EDGE ( 'NONE', *, *, #2619, .T. ) ;
#3556 = AXIS2_PLACEMENT_3D ( 'NONE', #12139, #9012, #5998 ) ;
#3557 = LINE ( 'NONE', #7100, #7263 ) ;
#3558 =( GEOMETRIC_REPRESENTATION_CONTEXT ( 3 ) GLOBAL_UNCERTAINTY_ASSIGNED_CONTEXT ( ( #3964 ) ) GLOBAL_UNIT_ASSIGNED_CONTEXT ( ( #13217, #7047, #5920 ) ) REPRESENTATION_CONTEXT ( 'NONE', 'WORKASPACE' ) );
#3559 = ORIENTED_EDGE ( 'NONE', *, *, #2582, .T. ) ;
#3560 = EDGE_CURVE ( 'NONE', #5708, #12547, #12669, .T. ) ;
#3561 = ADVANCED_FACE ( 'NONE', ( #1283 ), #3254, .F. ) ;
#3562 = DIRECTION ( 'NONE',  ( -0.000000000000000000, 1.000000000000000000, -0.000000000000000000 ) ) ;
#3563 = DIRECTION ( 'NONE',  ( -0.000000000000000000, 1.000000000000000000, 6.776263578034472970E-17 ) ) ;
#3564 = UNCERTAINTY_MEASURE_WITH_UNIT (LENGTH_MEASURE( 1.000000000000000082E-05 ), #9022, 'distance_accuracy_value', 'NONE');
#3565 = CARTESIAN_POINT ( 'NONE',  ( 0.5000000000000000000, -0.3500000000000003664, -3.574999999999997957 ) ) ;
#3566 = UNCERTAINTY_MEASURE_WITH_UNIT (LENGTH_MEASURE( 1.000000000000000082E-05 ), #3113, 'distance_accuracy_value', 'NONE');
#3567 = DIRECTION ( 'NONE',  ( -7.523163845262646182E-31, -1.000000000000000000, -4.336808689942021187E-16 ) ) ;
#3568 = ORIENTED_EDGE ( 'NONE', *, *, #12947, .T. ) ;
#3569 = ORIENTED_EDGE ( 'NONE', *, *, #4553, .T. ) ;
#3570 = COLOUR_RGB ( '',1.000000000000000000, 1.000000000000000000, 1.000000000000000000 ) ;
#3571 = EDGE_CURVE ( 'NONE', #7498, #2415, #5276, .T. ) ;
#3572 = ORIENTED_EDGE ( 'NONE', *, *, #11291, .F. ) ;
#3573 = ADVANCED_FACE ( 'NONE', ( #6409 ), #8384, .F. ) ;
#3574 =( NAMED_UNIT ( * ) SI_UNIT ( $, .STERADIAN. ) SOLID_ANGLE_UNIT ( ) );
#3575 = CARTESIAN_POINT ( 'NONE',  ( 0.2500000000000164868, 0.8500000000000001998, -2.750000000000000000 ) ) ;
#3576 = ORIENTED_EDGE ( 'NONE', *, *, #7128, .F. ) ;
#3577 = DIRECTION ( 'NONE',  ( 1.000000000000000000, -0.000000000000000000, -0.000000000000000000 ) ) ;
#3578 = CARTESIAN_POINT ( 'NONE',  ( -0.2499999999999572842, 1.049999999999999822, -0.2499999999999957812 ) ) ;
#3579 = DIRECTION ( 'NONE',  ( 0.000000000000000000, 0.000000000000000000, 1.000000000000000000 ) ) ;
#3580 =( NAMED_UNIT ( * ) SI_UNIT ( $, .STERADIAN. ) SOLID_ANGLE_UNIT ( ) );
#3581 = AXIS2_PLACEMENT_3D ( 'NONE', #2937, #5001, #6162 ) ;
#3582 = CARTESIAN_POINT ( 'NONE',  ( -2.552999999999999048, 2.050000000000049560, 0.2999999999999999334 ) ) ;
#3583 = COLOUR_RGB ( '',0.1098039215686274495, 0.1098039215686274495, 0.1098039215686274495 ) ;
#3584 = DIRECTION ( 'NONE',  ( 0.000000000000000000, 1.000000000000000000, -0.000000000000000000 ) ) ;
#3585 = VERTEX_POINT ( 'NONE', #181 ) ;
#3586 = ORIENTED_EDGE ( 'NONE', *, *, #6866, .T. ) ;
#3587 =( LENGTH_UNIT ( ) NAMED_UNIT ( * ) SI_UNIT ( .MILLI., .METRE. ) );
#3588 =( GEOMETRIC_REPRESENTATION_CONTEXT ( 3 ) GLOBAL_UNCERTAINTY_ASSIGNED_CONTEXT ( ( #10633 ) ) GLOBAL_UNIT_ASSIGNED_CONTEXT ( ( #2366, #9467, #10503 ) ) REPRESENTATION_CONTEXT ( 'NONE', 'WORKASPACE' ) );
#3589 = PLANE ( 'NONE',  #3112 ) ;
#3590 = EDGE_CURVE ( 'NONE', #3769, #12105, #4634, .T. ) ;
#3591 =( NAMED_UNIT ( * ) SI_UNIT ( $, .STERADIAN. ) SOLID_ANGLE_UNIT ( ) );
#3592 = FACE_OUTER_BOUND ( 'NONE', #9845, .T. ) ;
#3593 = DIRECTION ( 'NONE',  ( 1.000000000000000000, 0.000000000000000000, 0.000000000000000000 ) ) ;
#3594 = LINE ( 'NONE', #10342, #11941 ) ;
#3595 =( NAMED_UNIT ( * ) SI_UNIT ( $, .STERADIAN. ) SOLID_ANGLE_UNIT ( ) );
#3596 = LINE ( 'NONE', #3771, #6803 ) ;
#3597 = ORIENTED_EDGE ( 'NONE', *, *, #13287, .T. ) ;
#3598 = DIRECTION ( 'NONE',  ( -0.000000000000000000, 1.000000000000000000, 3.497426362856467586E-17 ) ) ;
#3599 = EDGE_LOOP ( 'NONE', ( #8293, #10376, #13241, #13234 ) ) ;
#3600 = STYLED_ITEM ( 'NONE', ( #7656 ), #8740 ) ;
#3601 = SURFACE_STYLE_USAGE ( .BOTH. , #8719 ) ;
#3602 =( NAMED_UNIT ( * ) PLANE_ANGLE_UNIT ( ) SI_UNIT ( $, .RADIAN. ) );
#3603 = SURFACE_SIDE_STYLE ('',( #3802 ) ) ;
#3604 = SURFACE_STYLE_USAGE ( .BOTH. , #7893 ) ;
#3605 = VECTOR ( 'NONE', #1665, 1000.000000000000000 ) ;
#3606 =( GEOMETRIC_REPRESENTATION_CONTEXT ( 3 ) GLOBAL_UNCERTAINTY_ASSIGNED_CONTEXT ( ( #10976 ) ) GLOBAL_UNIT_ASSIGNED_CONTEXT ( ( #1036, #5025, #10173 ) ) REPRESENTATION_CONTEXT ( 'NONE', 'WORKASPACE' ) );
#3607 = ORIENTED_EDGE ( 'NONE', *, *, #12347, .F. ) ;
#3608 = DIRECTION ( 'NONE',  ( 0.000000000000000000, 1.000000000000000000, 0.000000000000000000 ) ) ;
#3609 = CARTESIAN_POINT ( 'NONE',  ( -2.249999999999985789, -0.6000000000000094147, 0.2154700538379264452 ) ) ;
#3610 = EDGE_LOOP ( 'NONE', ( #2787, #9044, #1411, #333 ) ) ;
#3611 = VECTOR ( 'NONE', #1956, 1000.000000000000000 ) ;
#3612 = DIRECTION ( 'NONE',  ( 0.000000000000000000, -1.000000000000000000, 0.000000000000000000 ) ) ;
#3613 = LINE ( 'NONE', #7501, #8295 ) ;
#3614 = ORIENTED_EDGE ( 'NONE', *, *, #11791, .F. ) ;
#3615 = EDGE_CURVE ( 'NONE', #10960, #3423, #4472, .T. ) ;
#3616 = EDGE_LOOP ( 'NONE', ( #11198, #4571, #11651, #12074 ) ) ;
#3617 =( NAMED_UNIT ( * ) PLANE_ANGLE_UNIT ( ) SI_UNIT ( $, .RADIAN. ) );
#3618 = PRESENTATION_STYLE_ASSIGNMENT (( #12129 ) ) ;
#3619 =( NAMED_UNIT ( * ) PLANE_ANGLE_UNIT ( ) SI_UNIT ( $, .RADIAN. ) );
#3620 = CARTESIAN_POINT ( 'NONE',  ( 2.399999999999999911, 0.3000000000000020983, 3.100000000000001421 ) ) ;
#3621 = ADVANCED_FACE ( 'NONE', ( #1450 ), #8594, .F. ) ;
#3622 =( GEOMETRIC_REPRESENTATION_CONTEXT ( 3 ) GLOBAL_UNCERTAINTY_ASSIGNED_CONTEXT ( ( #8257 ) ) GLOBAL_UNIT_ASSIGNED_CONTEXT ( ( #2870, #13075, #7990 ) ) REPRESENTATION_CONTEXT ( 'NONE', 'WORKASPACE' ) );
#3623 =( GEOMETRIC_REPRESENTATION_CONTEXT ( 3 ) GLOBAL_UNCERTAINTY_ASSIGNED_CONTEXT ( ( #4638 ) ) GLOBAL_UNIT_ASSIGNED_CONTEXT ( ( #10282, #4300, #5134 ) ) REPRESENTATION_CONTEXT ( 'NONE', 'WORKASPACE' ) );
#3624 = DIRECTION ( 'NONE',  ( 0.000000000000000000, -0.000000000000000000, -1.000000000000000000 ) ) ;
#3625 = CARTESIAN_POINT ( 'NONE',  ( -2.552999999999999048, 1.027999999999999581, 0.2999999999999999334 ) ) ;
#3626 = ORIENTED_EDGE ( 'NONE', *, *, #261, .F. ) ;
#3627 = VECTOR ( 'NONE', #9838, 1000.000000000000000 ) ;
#3628 = EDGE_CURVE ( 'NONE', #107, #6969, #5742, .T. ) ;
#3629 = SURFACE_STYLE_FILL_AREA ( #9922 ) ;
#3630 = SURFACE_SIDE_STYLE ('',( #720 ) ) ;
#3631 = CARTESIAN_POINT ( 'NONE',  ( -2.549999999999975397, -0.1499999999999995226, -0.3041451884327346922 ) ) ;
#3632 = PRESENTATION_STYLE_ASSIGNMENT (( #11460 ) ) ;
#3633 = VERTEX_POINT ( 'NONE', #4398 ) ;
#3634 = MECHANICAL_DESIGN_GEOMETRIC_PRESENTATION_REPRESENTATION (  '', ( #11633 ), #7081 ) ;
#3635 = AXIS2_PLACEMENT_3D ( 'NONE', #1574, #7636, #6708 ) ;
#3636 = DIRECTION ( 'NONE',  ( -6.994852725712935172E-17, -3.497426362856467586E-17, 1.000000000000000000 ) ) ;
#3637 = UNCERTAINTY_MEASURE_WITH_UNIT (LENGTH_MEASURE( 1.000000000000000082E-05 ), #10045, 'distance_accuracy_value', 'NONE');
#3638 = CARTESIAN_POINT ( 'NONE',  ( -2.499999999999999112, 0.8249999999999996225, 0.2999999999999999334 ) ) ;
#3639 = MECHANICAL_DESIGN_GEOMETRIC_PRESENTATION_REPRESENTATION (  '', ( #5437 ), #12402 ) ;
#3640 = ADVANCED_FACE ( 'NONE', ( #12964 ), #5392, .F. ) ;
#3641 = SURFACE_SIDE_STYLE ('',( #4961 ) ) ;
#3642 = ORIENTED_EDGE ( 'NONE', *, *, #380, .T. ) ;
#3643 = PLANE ( 'NONE',  #6779 ) ;
#3644 = PLANE ( 'NONE',  #11786 ) ;
#3645 =( GEOMETRIC_REPRESENTATION_CONTEXT ( 3 ) GLOBAL_UNCERTAINTY_ASSIGNED_CONTEXT ( ( #5597 ) ) GLOBAL_UNIT_ASSIGNED_CONTEXT ( ( #2471, #7630, #3527 ) ) REPRESENTATION_CONTEXT ( 'NONE', 'WORKASPACE' ) );
#3646 = STYLED_ITEM ( 'NONE', ( #2694 ), #5563 ) ;
#3647 = COLOUR_RGB ( '',1.000000000000000000, 1.000000000000000000, 1.000000000000000000 ) ;
#3648 = VECTOR ( 'NONE', #966, 1000.000000000000000 ) ;
#3649 = EDGE_LOOP ( 'NONE', ( #5297, #11258, #4591, #12491 ) ) ;
#3650 = PLANE ( 'NONE',  #6401 ) ;
#3651 = ORIENTED_EDGE ( 'NONE', *, *, #7723, .F. ) ;
#3652 = EDGE_CURVE ( 'NONE', #3721, #5350, #4134, .T. ) ;
#3653 =( NAMED_UNIT ( * ) SI_UNIT ( $, .STERADIAN. ) SOLID_ANGLE_UNIT ( ) );
#3654 = UNCERTAINTY_MEASURE_WITH_UNIT (LENGTH_MEASURE( 1.000000000000000082E-05 ), #1874, 'distance_accuracy_value', 'NONE');
#3655 = FILL_AREA_STYLE ('',( #2761 ) ) ;
#3656 = STYLED_ITEM ( 'NONE', ( #1568 ), #7345 ) ;
#3657 = CARTESIAN_POINT ( 'NONE',  ( -0.6925805273749674473, -1.039999999999999147, 3.124166730570991035 ) ) ;
#3658 = EDGE_LOOP ( 'NONE', ( #483, #11350, #12965, #6881, #6070, #647, #9132, #1857, #10845, #803, #13197, #11754 ) ) ;
#3659 = COLOUR_RGB ( '',1.000000000000000000, 1.000000000000000000, 1.000000000000000000 ) ;
#3660 = COLOUR_RGB ( '',0.1098039215686274495, 0.1098039215686274495, 0.1098039215686274495 ) ;
#3661 = ORIENTED_EDGE ( 'NONE', *, *, #10206, .F. ) ;
#3662 =( NAMED_UNIT ( * ) SI_UNIT ( $, .STERADIAN. ) SOLID_ANGLE_UNIT ( ) );
#3663 = CARTESIAN_POINT ( 'NONE',  ( 1.500000000000000000, -0.8480000000000001981, -3.572999999999995957 ) ) ;
#3664 = DIRECTION ( 'NONE',  ( -1.000000000000000000, 0.000000000000000000, 0.000000000000000000 ) ) ;
#3665 = EDGE_CURVE ( 'NONE', #7585, #1710, #13273, .T. ) ;
#3666 = ORIENTED_EDGE ( 'NONE', *, *, #618, .T. ) ;
#3667 = DIRECTION ( 'NONE',  ( -0.000000000000000000, 1.000000000000000000, 1.239088197126289831E-16 ) ) ;
#3668 =( NAMED_UNIT ( * ) SI_UNIT ( $, .STERADIAN. ) SOLID_ANGLE_UNIT ( ) );
#3669 = LINE ( 'NONE', #5028, #8972 ) ;
#3670 = SURFACE_STYLE_FILL_AREA ( #2542 ) ;
#3671 = ORIENTED_EDGE ( 'NONE', *, *, #2447, .F. ) ;
#3672 = VECTOR ( 'NONE', #11446, 1000.000000000000000 ) ;
#3673 = FACE_OUTER_BOUND ( 'NONE', #2662, .T. ) ;
#3674 = ORIENTED_EDGE ( 'NONE', *, *, #3652, .F. ) ;
#3675 = FILL_AREA_STYLE ('',( #12945 ) ) ;
#3676 = PRESENTATION_LAYER_ASSIGNMENT (  '', '', ( #8498 ) ) ;
#3677 = CARTESIAN_POINT ( 'NONE',  ( -0.3000000000000001554, 0.8499999999999993117, 3.500000000000006661 ) ) ;
#3678 = CYLINDRICAL_SURFACE ( 'NONE', #4006, 0.3999999999999993006 ) ;
#3679 = ORIENTED_EDGE ( 'NONE', *, *, #1331, .F. ) ;
#3680 = CARTESIAN_POINT ( 'NONE',  ( -0.2499999999999572842, 0.8499999999999997558, 0.2500000000000037748 ) ) ;
#3681 = DIRECTION ( 'NONE',  ( -1.000000000000000000, -0.000000000000000000, -0.000000000000000000 ) ) ;
#3682 = PRESENTATION_STYLE_ASSIGNMENT (( #6510 ) ) ;
#3683 = PRESENTATION_LAYER_ASSIGNMENT (  '', '', ( #8001 ) ) ;
#3684 = VECTOR ( 'NONE', #9137, 1000.000000000000000 ) ;
#3685 = VECTOR ( 'NONE', #6533, 1000.000000000000000 ) ;
#3686 = PRESENTATION_STYLE_ASSIGNMENT (( #2927 ) ) ;
#3687 = ORIENTED_EDGE ( 'NONE', *, *, #5588, .F. ) ;
#3688 =( LENGTH_UNIT ( ) NAMED_UNIT ( * ) SI_UNIT ( .MILLI., .METRE. ) );
#3689 = EDGE_CURVE ( 'NONE', #5937, #8708, #12009, .T. ) ;
#3690 = ADVANCED_FACE ( 'NONE', ( #8333 ), #7478, .F. ) ;
#3691 = CARTESIAN_POINT ( 'NONE',  ( 0.5109984815446022566, -1.039999999999999147, 2.688210421060323707 ) ) ;
#3692 = VECTOR ( 'NONE', #10817, 1000.000000000000000 ) ;
#3693 = ORIENTED_EDGE ( 'NONE', *, *, #11291, .T. ) ;
#3694 =( GEOMETRIC_REPRESENTATION_CONTEXT ( 3 ) GLOBAL_UNCERTAINTY_ASSIGNED_CONTEXT ( ( #9142 ) ) GLOBAL_UNIT_ASSIGNED_CONTEXT ( ( #2065, #5062, #8341 ) ) REPRESENTATION_CONTEXT ( 'NONE', 'WORKASPACE' ) );
#3695 = ORIENTED_EDGE ( 'NONE', *, *, #12382, .F. ) ;
#3696 = LINE ( 'NONE', #2959, #1966 ) ;
#3697 = LINE ( 'NONE', #3711, #4998 ) ;
#3698 = EDGE_CURVE ( 'NONE', #7996, #883, #118, .T. ) ;
#3699 = VECTOR ( 'NONE', #10701, 1000.000000000000000 ) ;
#3700 = ORIENTED_EDGE ( 'NONE', *, *, #1393, .F. ) ;
#3701 = FILL_AREA_STYLE_COLOUR ( '', #11683 ) ;
#3702 =( GEOMETRIC_REPRESENTATION_CONTEXT ( 3 ) GLOBAL_UNCERTAINTY_ASSIGNED_CONTEXT ( ( #7853 ) ) GLOBAL_UNIT_ASSIGNED_CONTEXT ( ( #7691, #1540, #8702 ) ) REPRESENTATION_CONTEXT ( 'NONE', 'WORKASPACE' ) );
#3703 = ADVANCED_FACE ( 'NONE', ( #5261 ), #11543, .F. ) ;
#3704 = DIRECTION ( 'NONE',  ( -1.000000000000000000, -0.000000000000000000, -0.000000000000000000 ) ) ;
#3705 = ORIENTED_EDGE ( 'NONE', *, *, #6207, .T. ) ;
#3706 = CARTESIAN_POINT ( 'NONE',  ( 1.500000000000000000, -0.8499999999999978684, -3.099999999999995648 ) ) ;
#3707 = ORIENTED_EDGE ( 'NONE', *, *, #4770, .F. ) ;
#3708 = SURFACE_STYLE_USAGE ( .BOTH. , #12981 ) ;
#3709 = CARTESIAN_POINT ( 'NONE',  ( -0.8500000000000000888, -1.049999999999999156, 1.800000000000000044 ) ) ;
#3710 = AXIS2_PLACEMENT_3D ( 'NONE', #2463, #3567, #6649 ) ;
#3711 = CARTESIAN_POINT ( 'NONE',  ( 1.500000000000000000, 0.6499999999999998002, 3.775000000000000355 ) ) ;
#3712 = MECHANICAL_DESIGN_GEOMETRIC_PRESENTATION_REPRESENTATION (  '', ( #9453 ), #3286 ) ;
#3713 = EDGE_CURVE ( 'NONE', #1424, #8431, #607, .T. ) ;
#3714 = VERTEX_POINT ( 'NONE', #679 ) ;
#3715 = SURFACE_STYLE_USAGE ( .BOTH. , #8847 ) ;
#3716 = FILL_AREA_STYLE_COLOUR ( '', #4833 ) ;
#3717 = VECTOR ( 'NONE', #6028, 1000.000000000000000 ) ;
#3718 = PRESENTATION_LAYER_ASSIGNMENT (  '', '', ( #13163 ) ) ;
#3719 = ORIENTED_EDGE ( 'NONE', *, *, #426, .F. ) ;
#3720 = CARTESIAN_POINT ( 'NONE',  ( 2.400000000000000355, -0.8499999999999976463, -3.099999999999995648 ) ) ;
#3721 = VERTEX_POINT ( 'NONE', #2659 ) ;
#3722 = DIRECTION ( 'NONE',  ( -1.000000000000000000, -0.000000000000000000, -0.000000000000000000 ) ) ;
#3723 = EDGE_CURVE ( 'NONE', #473, #6325, #6079, .T. ) ;
#3724 = UNCERTAINTY_MEASURE_WITH_UNIT (LENGTH_MEASURE( 1.000000000000000082E-05 ), #6541, 'distance_accuracy_value', 'NONE');
#3725 = CARTESIAN_POINT ( 'NONE',  ( 0.000000000000000000, -1.039999999999998703, 0.000000000000000000 ) ) ;
#3726 = UNCERTAINTY_MEASURE_WITH_UNIT (LENGTH_MEASURE( 1.000000000000000082E-05 ), #11933, 'distance_accuracy_value', 'NONE');
#3727 = DIRECTION ( 'NONE',  ( 0.000000000000000000, -0.000000000000000000, -1.000000000000000000 ) ) ;
#3728 =( NAMED_UNIT ( * ) SI_UNIT ( $, .STERADIAN. ) SOLID_ANGLE_UNIT ( ) );
#3729 =( GEOMETRIC_REPRESENTATION_CONTEXT ( 3 ) GLOBAL_UNCERTAINTY_ASSIGNED_CONTEXT ( ( #4126 ) ) GLOBAL_UNIT_ASSIGNED_CONTEXT ( ( #906, #4024, #6189 ) ) REPRESENTATION_CONTEXT ( 'NONE', 'WORKASPACE' ) );
#3730 = VERTEX_POINT ( 'NONE', #10825 ) ;
#3731 = DIRECTION ( 'NONE',  ( -1.000000000000000000, 0.000000000000000000, 1.734723475976807094E-15 ) ) ;
#3732 = PRESENTATION_STYLE_ASSIGNMENT (( #4092 ) ) ;
#3733 = PRESENTATION_STYLE_ASSIGNMENT (( #12330 ) ) ;
#3734 = DIRECTION ( 'NONE',  ( -0.000000000000000000, -1.000000000000000000, -0.000000000000000000 ) ) ;
#3735 = DIRECTION ( 'NONE',  ( 0.000000000000000000, 0.000000000000000000, -1.000000000000000000 ) ) ;
#3736 = ORIENTED_EDGE ( 'NONE', *, *, #6497, .T. ) ;
#3737 = PRESENTATION_STYLE_ASSIGNMENT (( #5249 ) ) ;
#3738 = SURFACE_SIDE_STYLE ('',( #5642 ) ) ;
#3739 =( GEOMETRIC_REPRESENTATION_CONTEXT ( 3 ) GLOBAL_UNCERTAINTY_ASSIGNED_CONTEXT ( ( #4040 ) ) GLOBAL_UNIT_ASSIGNED_CONTEXT ( ( #5559, #7755, #10821 ) ) REPRESENTATION_CONTEXT ( 'NONE', 'WORKASPACE' ) );
#3740 =( LENGTH_UNIT ( ) NAMED_UNIT ( * ) SI_UNIT ( .MILLI., .METRE. ) );
#3741 = SURFACE_STYLE_USAGE ( .BOTH. , #8913 ) ;
#3742 = EDGE_CURVE ( 'NONE', #2807, #12245, #12492, .T. ) ;
#3743 = DIRECTION ( 'NONE',  ( -0.000000000000000000, -0.000000000000000000, -1.000000000000000000 ) ) ;
#3744 = CARTESIAN_POINT ( 'NONE',  ( 2.552999999999984393, 2.050000000000049116, 2.799999999999999822 ) ) ;
#3745 = ORIENTED_EDGE ( 'NONE', *, *, #5114, .T. ) ;
#3746 = CARTESIAN_POINT ( 'NONE',  ( 2.449999999999983746, -0.1499999999999995226, -0.3113248654051902209 ) ) ;
#3747 = DIRECTION ( 'NONE',  ( -1.000000000000000000, -0.000000000000000000, -0.000000000000000000 ) ) ;
#3748 = SURFACE_SIDE_STYLE ('',( #8306 ) ) ;
#3749 =( NAMED_UNIT ( * ) SI_UNIT ( $, .STERADIAN. ) SOLID_ANGLE_UNIT ( ) );
#3750 = ADVANCED_FACE ( 'NONE', ( #7854 ), #7892, .F. ) ;
#3751 = CARTESIAN_POINT ( 'NONE',  ( -1.500000000000000000, -1.050000000000000044, -3.099999999999995648 ) ) ;
#3752 = DIRECTION ( 'NONE',  ( 1.239088197126289831E-16, -1.239088197126289831E-16, 1.000000000000000000 ) ) ;
#3753 = LINE ( 'NONE', #986, #1525 ) ;
#3754 = ORIENTED_EDGE ( 'NONE', *, *, #526, .T. ) ;
#3755 = ORIENTED_EDGE ( 'NONE', *, *, #2675, .T. ) ;
#3756 = MECHANICAL_DESIGN_GEOMETRIC_PRESENTATION_REPRESENTATION (  '', ( #6269 ), #2319 ) ;
#3757 = CARTESIAN_POINT ( 'NONE',  ( 2.750000000000000000, 0.05000000000000181383, 3.825000000000005507 ) ) ;
#3758 = PLANE ( 'NONE',  #11756 ) ;
#3759 = EDGE_CURVE ( 'NONE', #6092, #959, #2381, .T. ) ;
#3760 = LINE ( 'NONE', #12517, #3299 ) ;
#3761 = ADVANCED_FACE ( 'NONE', ( #1594 ), #9828, .T. ) ;
#3762 = PLANE ( 'NONE',  #1117 ) ;
#3763 = DIRECTION ( 'NONE',  ( -1.000000000000000000, 0.000000000000000000, 0.000000000000000000 ) ) ;
#3764 = ORIENTED_EDGE ( 'NONE', *, *, #1808, .T. ) ;
#3765 = CARTESIAN_POINT ( 'NONE',  ( -1.500000000000000444, -0.8499999999999978684, 3.100000000000001421 ) ) ;
#3766 =( GEOMETRIC_REPRESENTATION_CONTEXT ( 3 ) GLOBAL_UNCERTAINTY_ASSIGNED_CONTEXT ( ( #9879 ) ) GLOBAL_UNIT_ASSIGNED_CONTEXT ( ( #5855, #890, #8077 ) ) REPRESENTATION_CONTEXT ( 'NONE', 'WORKASPACE' ) );
#3767 =( LENGTH_UNIT ( ) NAMED_UNIT ( * ) SI_UNIT ( .MILLI., .METRE. ) );
#3768 = CARTESIAN_POINT ( 'NONE',  ( 2.549999999999990941, 1.025000000000000133, -2.200000000000000178 ) ) ;
#3769 = VERTEX_POINT ( 'NONE', #8724 ) ;
#3770 = LINE ( 'NONE', #56, #1062 ) ;
#3771 = CARTESIAN_POINT ( 'NONE',  ( 2.750000000000000000, 0.05000000000000181383, 3.825000000000005507 ) ) ;
#3772 = CARTESIAN_POINT ( 'NONE',  ( 2.750000000000000000, -1.050000000000000044, -3.099999999999995648 ) ) ;
#3773 = MECHANICAL_DESIGN_GEOMETRIC_PRESENTATION_REPRESENTATION (  '', ( #316 ), #5172 ) ;
#3774 = STYLED_ITEM ( 'NONE', ( #3504 ), #3690 ) ;
#3775 = VECTOR ( 'NONE', #4737, 1000.000000000000000 ) ;
#3776 = CARTESIAN_POINT ( 'NONE',  ( 0.000000000000000000, -1.049999999999999156, -9.326470300950638367E-18 ) ) ;
#3777 = SURFACE_STYLE_FILL_AREA ( #11812 ) ;
#3778 = SURFACE_STYLE_FILL_AREA ( #11749 ) ;
#3779 = ORIENTED_EDGE ( 'NONE', *, *, #1679, .T. ) ;
#3780 = DIRECTION ( 'NONE',  ( -1.000000000000000000, 0.000000000000000000, 0.000000000000000000 ) ) ;
#3781 = DIRECTION ( 'NONE',  ( 0.000000000000000000, 1.000000000000000000, 0.000000000000000000 ) ) ;
#3782 = VERTEX_POINT ( 'NONE', #7760 ) ;
#3783 = EDGE_CURVE ( 'NONE', #419, #8988, #10543, .T. ) ;
#3784 = DIRECTION ( 'NONE',  ( 0.000000000000000000, -1.000000000000000000, 0.000000000000000000 ) ) ;
#3785 = VECTOR ( 'NONE', #891, 1000.000000000000000 ) ;
#3786 = SURFACE_SIDE_STYLE ('',( #742 ) ) ;
#3787 =( NAMED_UNIT ( * ) SI_UNIT ( $, .STERADIAN. ) SOLID_ANGLE_UNIT ( ) );
#3788 = ORIENTED_EDGE ( 'NONE', *, *, #12159, .F. ) ;
#3789 = STYLED_ITEM ( 'NONE', ( #7782 ), #11453 ) ;
#3790 = CARTESIAN_POINT ( 'NONE',  ( -0.3895880843324730503, -1.049999999999999156, 2.413550568363381554 ) ) ;
#3791 = CARTESIAN_POINT ( 'NONE',  ( 2.400000000000000355, -0.8499999999999976463, -2.624999999999999112 ) ) ;
#3792 = UNCERTAINTY_MEASURE_WITH_UNIT (LENGTH_MEASURE( 1.000000000000000082E-05 ), #6076, 'distance_accuracy_value', 'NONE');
#3793 = UNCERTAINTY_MEASURE_WITH_UNIT (LENGTH_MEASURE( 1.000000000000000082E-05 ), #7037, 'distance_accuracy_value', 'NONE');
#3794 = EDGE_CURVE ( 'NONE', #10097, #11512, #11214, .T. ) ;
#3795 = LINE ( 'NONE', #12467, #1098 ) ;
#3796 = DIRECTION ( 'NONE',  ( 0.000000000000000000, -1.000000000000000000, -3.782100601693620520E-17 ) ) ;
#3797 =( NAMED_UNIT ( * ) PLANE_ANGLE_UNIT ( ) SI_UNIT ( $, .RADIAN. ) );
#3798 = STYLED_ITEM ( 'NONE', ( #10056 ), #7203 ) ;
#3799 = AXIS2_PLACEMENT_3D ( 'NONE', #7298, #2144, #9287 ) ;
#3800 = DIRECTION ( 'NONE',  ( -0.000000000000000000, 1.000000000000000000, -0.000000000000000000 ) ) ;
#3801 = EDGE_CURVE ( 'NONE', #9930, #1541, #5410, .T. ) ;
#3802 = SURFACE_STYLE_FILL_AREA ( #5706 ) ;
#3803 = ORIENTED_EDGE ( 'NONE', *, *, #12872, .T. ) ;
#3804 = LINE ( 'NONE', #1662, #8805 ) ;
#3805 = CIRCLE ( 'NONE', #9824, 0.1999999999999970690 ) ;
#3806 = SURFACE_SIDE_STYLE ('',( #3467 ) ) ;
#3807 = FILL_AREA_STYLE ('',( #12022 ) ) ;
#3808 = DIRECTION ( 'NONE',  ( 0.000000000000000000, -1.000000000000000000, -1.239088197126289831E-16 ) ) ;
#3809 = CARTESIAN_POINT ( 'NONE',  ( 0.6143083776277784569, -1.039999999999999147, 2.864768817329525152 ) ) ;
#3810 = UNCERTAINTY_MEASURE_WITH_UNIT (LENGTH_MEASURE( 1.000000000000000082E-05 ), #7576, 'distance_accuracy_value', 'NONE');
#3811 =( NAMED_UNIT ( * ) PLANE_ANGLE_UNIT ( ) SI_UNIT ( $, .RADIAN. ) );
#3812 = FILL_AREA_STYLE_COLOUR ( '', #9584 ) ;
#3813 =( GEOMETRIC_REPRESENTATION_CONTEXT ( 3 ) GLOBAL_UNCERTAINTY_ASSIGNED_CONTEXT ( ( #1433 ) ) GLOBAL_UNIT_ASSIGNED_CONTEXT ( ( #7392, #299, #8499 ) ) REPRESENTATION_CONTEXT ( 'NONE', 'WORKASPACE' ) );
#3814 = ADVANCED_FACE ( 'NONE', ( #7372 ), #4814, .F. ) ;
#3815 = CARTESIAN_POINT ( 'NONE',  ( -2.549999999999998934, 1.024999999999999689, -0.2999999999999999334 ) ) ;
#3816 = LINE ( 'NONE', #9488, #1109 ) ;
#3817 = VERTEX_POINT ( 'NONE', #10004 ) ;
#3818 = EDGE_CURVE ( 'NONE', #6433, #12345, #8482, .T. ) ;
#3819 = CARTESIAN_POINT ( 'NONE',  ( 2.549999999999991385, 1.024999999999999467, 2.799999999999999822 ) ) ;
#3820 = CARTESIAN_POINT ( 'NONE',  ( 0.5000000000000000000, -0.3500000000000003664, 3.774999999999995914 ) ) ;
#3821 = VECTOR ( 'NONE', #4706, 1000.000000000000114 ) ;
#3822 = ORIENTED_EDGE ( 'NONE', *, *, #6596, .F. ) ;
#3823 = DIRECTION ( 'NONE',  ( -1.000000000000000000, 0.000000000000000000, 0.000000000000000000 ) ) ;
#3824 = AXIS2_PLACEMENT_3D ( 'NONE', #7668, #8595, #2462 ) ;
#3825 = FILL_AREA_STYLE_COLOUR ( '', #4778 ) ;
#3826 = FACE_OUTER_BOUND ( 'NONE', #8958, .T. ) ;
#3827 = ORIENTED_EDGE ( 'NONE', *, *, #1325, .T. ) ;
#3828 = ADVANCED_FACE ( 'NONE', ( #9257 ), #10873, .F. ) ;
#3829 = FACE_OUTER_BOUND ( 'NONE', #4580, .T. ) ;
#3830 = VERTEX_POINT ( 'NONE', #3819 ) ;
#3831 = PRODUCT_DEFINITION ( 'UNKNOWN', '', #3416, #10505 ) ;
#3832 = FILL_AREA_STYLE_COLOUR ( '', #5896 ) ;
#3833 = ORIENTED_EDGE ( 'NONE', *, *, #7899, .T. ) ;
#3834 =( GEOMETRIC_REPRESENTATION_CONTEXT ( 3 ) GLOBAL_UNCERTAINTY_ASSIGNED_CONTEXT ( ( #2663 ) ) GLOBAL_UNIT_ASSIGNED_CONTEXT ( ( #7109, #975, #11156 ) ) REPRESENTATION_CONTEXT ( 'NONE', 'WORKASPACE' ) );
#3835 = DIRECTION ( 'NONE',  ( -1.000000000000000000, 0.000000000000000000, 0.000000000000000000 ) ) ;
#3836 = DIRECTION ( 'NONE',  ( 0.000000000000000000, 0.000000000000000000, -1.000000000000000000 ) ) ;
#3837 = DIRECTION ( 'NONE',  ( 0.8628162173013721459, 0.000000000000000000, -0.5055177298193916924 ) ) ;
#3838 = EDGE_CURVE ( 'NONE', #8954, #7553, #4939, .T. ) ;
#3839 = VECTOR ( 'NONE', #3722, 1000.000000000000000 ) ;
#3840 = CARTESIAN_POINT ( 'NONE',  ( 2.552999999999983949, 2.050000000000049560, -2.200000000000000178 ) ) ;
#3841 = ORIENTED_EDGE ( 'NONE', *, *, #2021, .F. ) ;
#3842 = ORIENTED_EDGE ( 'NONE', *, *, #8874, .F. ) ;
#3843 = LINE ( 'NONE', #1951, #11570 ) ;
#3844 = PRESENTATION_STYLE_ASSIGNMENT (( #2956 ) ) ;
#3845 = DIRECTION ( 'NONE',  ( 1.000000000000000000, 0.000000000000000000, 0.000000000000000000 ) ) ;
#3846 = EDGE_LOOP ( 'NONE', ( #9305, #10314, #5318, #5241 ) ) ;
#3847 =( NAMED_UNIT ( * ) SI_UNIT ( $, .STERADIAN. ) SOLID_ANGLE_UNIT ( ) );
#3848 = PRESENTATION_LAYER_ASSIGNMENT (  '', '', ( #3600 ) ) ;
#3849 =( NAMED_UNIT ( * ) SI_UNIT ( $, .STERADIAN. ) SOLID_ANGLE_UNIT ( ) );
#3850 = CARTESIAN_POINT ( 'NONE',  ( -2.749999999999978240, -0.1499999999999995226, -0.3041451884327324717 ) ) ;
#3851 = LINE ( 'NONE', #7390, #10085 ) ;
#3852 = DIRECTION ( 'NONE',  ( -1.000000000000000000, 0.000000000000000000, 0.000000000000000000 ) ) ;
#3853 = DIRECTION ( 'NONE',  ( 1.000000000000000000, 0.000000000000000000, -0.000000000000000000 ) ) ;
#3854 = DIRECTION ( 'NONE',  ( -0.000000000000000000, 1.000000000000000000, 1.239088197126289831E-16 ) ) ;
#3855 = STYLED_ITEM ( 'NONE', ( #9597 ), #3096 ) ;
#3856 = ORIENTED_EDGE ( 'NONE', *, *, #3878, .T. ) ;
#3857 = DIRECTION ( 'NONE',  ( 1.000000000000000000, 0.000000000000000000, 0.000000000000000000 ) ) ;
#3858 = DIRECTION ( 'NONE',  ( -0.000000000000000000, 4.336808689942021187E-16, -1.000000000000000000 ) ) ;
#3859 = CARTESIAN_POINT ( 'NONE',  ( -2.549999999999987388, -0.1499999999999995226, 0.4845299461620730108 ) ) ;
#3860 = CARTESIAN_POINT ( 'NONE',  ( 1.250000000000032196, 0.8499999999999997558, -0.2499999999999957812 ) ) ;
#3861 = ORIENTED_EDGE ( 'NONE', *, *, #6978, .F. ) ;
#3862 = DIRECTION ( 'NONE',  ( -0.000000000000000000, 0.000000000000000000, -1.000000000000000000 ) ) ;
#3863 = DIRECTION ( 'NONE',  ( 0.000000000000000000, 0.000000000000000000, 1.000000000000000000 ) ) ;
#3864 =( NAMED_UNIT ( * ) PLANE_ANGLE_UNIT ( ) SI_UNIT ( $, .RADIAN. ) );
#3865 = COLOUR_RGB ( '',1.000000000000000000, 1.000000000000000000, 1.000000000000000000 ) ;
#3866 = FILL_AREA_STYLE_COLOUR ( '', #11737 ) ;
#3867 = VERTEX_POINT ( 'NONE', #11009 ) ;
#3868 = EDGE_CURVE ( 'NONE', #1500, #900, #5251, .T. ) ;
#3869 = VECTOR ( 'NONE', #7070, 1000.000000000000000 ) ;
#3870 = DIRECTION ( 'NONE',  ( -0.000000000000000000, 0.000000000000000000, -1.000000000000000000 ) ) ;
#3871 = LINE ( 'NONE', #7294, #3717 ) ;
#3872 = EDGE_LOOP ( 'NONE', ( #6247, #1735, #233, #9486 ) ) ;
#3873 = SURFACE_SIDE_STYLE ('',( #5910 ) ) ;
#3874 =( GEOMETRIC_REPRESENTATION_CONTEXT ( 3 ) GLOBAL_UNCERTAINTY_ASSIGNED_CONTEXT ( ( #12759 ) ) GLOBAL_UNIT_ASSIGNED_CONTEXT ( ( #10526, #1362, #5462 ) ) REPRESENTATION_CONTEXT ( 'NONE', 'WORKASPACE' ) );
#3875 = PRESENTATION_LAYER_ASSIGNMENT (  '', '', ( #7068 ) ) ;
#3876 = CARTESIAN_POINT ( 'NONE',  ( -2.750000000000000000, -0.8500000000000003109, 2.625000000000001332 ) ) ;
#3877 = CARTESIAN_POINT ( 'NONE',  ( -2.550000000000000266, -0.8000000000000035971, 1.650000000000000355 ) ) ;
#3878 = EDGE_CURVE ( 'NONE', #7141, #8280, #12154, .T. ) ;
#3879 = SURFACE_STYLE_USAGE ( .BOTH. , #11023 ) ;
#3880 = ORIENTED_EDGE ( 'NONE', *, *, #8159, .T. ) ;
#3881 = CARTESIAN_POINT ( 'NONE',  ( 2.349999999999985434, -0.6000000000000094147, -0.8309401076758556881 ) ) ;
#3882 = SURFACE_SIDE_STYLE ('',( #9886 ) ) ;
#3883 = STYLED_ITEM ( 'NONE', ( #2562 ), #6656 ) ;
#3884 = PLANE ( 'NONE',  #184 ) ;
#3885 =( GEOMETRIC_REPRESENTATION_CONTEXT ( 3 ) GLOBAL_UNCERTAINTY_ASSIGNED_CONTEXT ( ( #2746 ) ) GLOBAL_UNIT_ASSIGNED_CONTEXT ( ( #1467, #1512, #8680 ) ) REPRESENTATION_CONTEXT ( 'NONE', 'WORKASPACE' ) );
#3886 = FACE_OUTER_BOUND ( 'NONE', #10562, .T. ) ;
#3887 = CARTESIAN_POINT ( 'NONE',  ( 0.2999999999999998224, 0.6499999999999993561, -4.832455532033675283 ) ) ;
#3888 = ORIENTED_EDGE ( 'NONE', *, *, #3896, .F. ) ;
#3889 = STYLED_ITEM ( 'NONE', ( #10669 ), #178 ) ;
#3890 = UNCERTAINTY_MEASURE_WITH_UNIT (LENGTH_MEASURE( 1.000000000000000082E-05 ), #12699, 'distance_accuracy_value', 'NONE');
#3891 = CARTESIAN_POINT ( 'NONE',  ( -2.552999999999999048, 2.050000000000049560, -2.200000000000000178 ) ) ;
#3892 = PRESENTATION_LAYER_ASSIGNMENT (  '', '', ( #3214 ) ) ;
#3893 = AXIS2_PLACEMENT_3D ( 'NONE', #6789, #8873, #11997 ) ;
#3894 = ORIENTED_EDGE ( 'NONE', *, *, #9806, .F. ) ;
#3895 = FACE_OUTER_BOUND ( 'NONE', #6425, .T. ) ;
#3896 = EDGE_CURVE ( 'NONE', #6433, #4355, #5564, .T. ) ;
#3897 = VERTEX_POINT ( 'NONE', #8063 ) ;
#3898 = CARTESIAN_POINT ( 'NONE',  ( 2.549999999999992717, 0.8249999999999999556, -2.799999999999999822 ) ) ;
#3899 = VERTEX_POINT ( 'NONE', #12080 ) ;
#3900 = DIRECTION ( 'NONE',  ( -1.000000000000000000, -0.000000000000000000, 1.734723475976807094E-15 ) ) ;
#3901 = CARTESIAN_POINT ( 'NONE',  ( 2.750000000000000000, -1.049999999999999378, 3.100000000000001421 ) ) ;
#3902 = DIRECTION ( 'NONE',  ( 0.000000000000000000, 0.9590177080589008529, -0.2833461410174008543 ) ) ;
#3903 = PRESENTATION_LAYER_ASSIGNMENT (  '', '', ( #1170 ) ) ;
#3904 = DIRECTION ( 'NONE',  ( 0.000000000000000000, 1.000000000000000000, 0.000000000000000000 ) ) ;
#3905 = SURFACE_SIDE_STYLE ('',( #11426 ) ) ;
#3906 = COLOUR_RGB ( '',1.000000000000000000, 1.000000000000000000, 1.000000000000000000 ) ;
#3907 = AXIS2_PLACEMENT_3D ( 'NONE', #1580, #7549, #7642 ) ;
#3908 = CARTESIAN_POINT ( 'NONE',  ( -2.549999999999999378, -1.049999999999999156, -9.326470300950638367E-18 ) ) ;
#3909 = FACE_OUTER_BOUND ( 'NONE', #9671, .T. ) ;
#3910 = MECHANICAL_DESIGN_GEOMETRIC_PRESENTATION_REPRESENTATION (  '', ( #11331 ), #8997 ) ;
#3911 = EDGE_LOOP ( 'NONE', ( #2346, #7159, #5323, #11953, #13304, #2204, #3443, #11906, #9967, #1496, #457, #743 ) ) ;
#3912 = ORIENTED_EDGE ( 'NONE', *, *, #10088, .T. ) ;
#3913 = CARTESIAN_POINT ( 'NONE',  ( -2.752999999999999226, 2.050000000000049560, -2.799999999999999822 ) ) ;
#3914 = DIRECTION ( 'NONE',  ( -0.000000000000000000, -1.000000000000000000, -4.565061778886370529E-16 ) ) ;
#3915 = EDGE_CURVE ( 'NONE', #3585, #7462, #5396, .T. ) ;
#3916 = ORIENTED_EDGE ( 'NONE', *, *, #5248, .T. ) ;
#3917 = LINE ( 'NONE', #8785, #12113 ) ;
#3918 = ORIENTED_EDGE ( 'NONE', *, *, #12856, .T. ) ;
#3919 = CARTESIAN_POINT ( 'NONE',  ( -0.2499999999999835132, 0.8499999999999995337, 2.250000000000007105 ) ) ;
#3920 = DIRECTION ( 'NONE',  ( 0.000000000000000000, 0.000000000000000000, -1.000000000000000000 ) ) ;
#3921 = SURFACE_STYLE_FILL_AREA ( #10625 ) ;
#3922 = ORIENTED_EDGE ( 'NONE', *, *, #3367, .T. ) ;
#3923 = VECTOR ( 'NONE', #4308, 1000.000000000000000 ) ;
#3924 = DIRECTION ( 'NONE',  ( -0.000000000000000000, 1.000000000000000000, 3.497426362856467586E-17 ) ) ;
#3925 = SURFACE_SIDE_STYLE ('',( #10277 ) ) ;
#3926 = FILL_AREA_STYLE_COLOUR ( '', #12829 ) ;
#3927 = SURFACE_STYLE_FILL_AREA ( #9228 ) ;
#3928 = SURFACE_STYLE_FILL_AREA ( #9711 ) ;
#3929 = VECTOR ( 'NONE', #4632, 1000.000000000000000 ) ;
#3930 = AXIS2_PLACEMENT_3D ( 'NONE', #6379, #197, #9351 ) ;
#3931 = ORIENTED_EDGE ( 'NONE', *, *, #4245, .F. ) ;
#3932 =( NAMED_UNIT ( * ) SI_UNIT ( $, .STERADIAN. ) SOLID_ANGLE_UNIT ( ) );
#3933 = CIRCLE ( 'NONE', #8448, 0.2000000000000000944 ) ;
#3934 = EDGE_CURVE ( 'NONE', #1669, #5198, #3321, .T. ) ;
#3935 = VERTEX_POINT ( 'NONE', #6870 ) ;
#3936 = CARTESIAN_POINT ( 'NONE',  ( 1.500000000000000000, -0.8480000000000001981, -3.574999999999997957 ) ) ;
#3937 = DIRECTION ( 'NONE',  ( 1.000000000000000000, 0.000000000000000000, 0.000000000000000000 ) ) ;
#3938 = VERTEX_POINT ( 'NONE', #8006 ) ;
#3939 = PRESENTATION_STYLE_ASSIGNMENT (( #4005 ) ) ;
#3940 = DIRECTION ( 'NONE',  ( 0.000000000000000000, 0.000000000000000000, -1.000000000000000000 ) ) ;
#3941 = LINE ( 'NONE', #2751, #2842 ) ;
#3942 = AXIS2_PLACEMENT_3D ( 'NONE', #4334, #1318, #10440 ) ;
#3943 = DIRECTION ( 'NONE',  ( 0.000000000000000000, 0.000000000000000000, -1.000000000000000000 ) ) ;
#3944 = DIRECTION ( 'NONE',  ( -0.9701425001453319874, -0.2425356250363329969, 0.000000000000000000 ) ) ;
#3945 = CIRCLE ( 'NONE', #3635, 0.1999999999999966804 ) ;
#3946 = VECTOR ( 'NONE', #2172, 1000.000000000000227 ) ;
#3947 = DIRECTION ( 'NONE',  ( -0.000000000000000000, -1.000000000000000000, -6.948158114726864825E-15 ) ) ;
#3948 = ORIENTED_EDGE ( 'NONE', *, *, #5467, .F. ) ;
#3949 = FILL_AREA_STYLE_COLOUR ( '', #4607 ) ;
#3950 = SURFACE_STYLE_FILL_AREA ( #5166 ) ;
#3951 = DIRECTION ( 'NONE',  ( 0.000000000000000000, 0.000000000000000000, -1.000000000000000000 ) ) ;
#3952 = STYLED_ITEM ( 'NONE', ( #5230 ), #10435 ) ;
#3953 = AXIS2_PLACEMENT_3D ( 'NONE', #9694, #3563, #6738 ) ;
#3954 = PLANE ( 'NONE',  #11963 ) ;
#3955 = VECTOR ( 'NONE', #1443, 1000.000000000000000 ) ;
#3956 = SURFACE_STYLE_FILL_AREA ( #10055 ) ;
#3957 = VECTOR ( 'NONE', #13140, 1000.000000000000000 ) ;
#3958 = CLOSED_SHELL ( 'NONE', ( #9195, #8679, #11585, #6346, #6919, #10297, #12460, #7493, #2433, #9753, #5510, #8614, #2448, #12782, #4025, #8092, #11453, #5993, #5634, #10478, #1625, #1153, #9521, #11775, #1572, #668, #4710, #6729, #8021, #2756, #9266, #5123, #5769, #3965, #3244, #880, #13238, #4857, #2296, #11909, #3761, #8817, #517, #8690, #4356, #10980, #12847, #654, #10698, #3495, #2907, #532, #11026, #4557, #1774, #10619, #7707, #9944, #2695, #6656, #1358, #6858, #8479, #1504, #1977, #5380, #12717, #11711, #12028, #12634, #6521, #9665, #2364, #5703, #238, #12578, #8740, #6263, #1703, #9880, #9682, #11636, #1830, #4432, #12891, #10225, #2560, #3561, #2105, #3096, #8417, #1092, #3690, #1168, #9820, #13043, #10969 ) ) ;
#3959 =( NAMED_UNIT ( * ) SI_UNIT ( $, .STERADIAN. ) SOLID_ANGLE_UNIT ( ) );
#3960 = ORIENTED_EDGE ( 'NONE', *, *, #12665, .T. ) ;
#3961 = AXIS2_PLACEMENT_3D ( 'NONE', #10691, #12794, #4448 ) ;
#3962 = AXIS2_PLACEMENT_3D ( 'NONE', #12915, #10730, #7843 ) ;
#3963 = UNCERTAINTY_MEASURE_WITH_UNIT (LENGTH_MEASURE( 1.000000000000000082E-05 ), #7017, 'distance_accuracy_value', 'NONE');
#3965 = ADVANCED_FACE ( 'NONE', ( #2856 ), #6921, .T. ) ;
#3964 = UNCERTAINTY_MEASURE_WITH_UNIT (LENGTH_MEASURE( 1.000000000000000082E-05 ), #13217, 'distance_accuracy_value', 'NONE');
#3966 = EDGE_CURVE ( 'NONE', #4867, #11155, #6387, .T. ) ;
#3967 = DIRECTION ( 'NONE',  ( -1.000000000000000000, -0.000000000000000000, -0.000000000000000000 ) ) ;
#3968 =( GEOMETRIC_REPRESENTATION_CONTEXT ( 3 ) GLOBAL_UNCERTAINTY_ASSIGNED_CONTEXT ( ( #5043 ) ) GLOBAL_UNIT_ASSIGNED_CONTEXT ( ( #4073, #3991, #1094 ) ) REPRESENTATION_CONTEXT ( 'NONE', 'WORKASPACE' ) );
#3969 = STYLED_ITEM ( 'NONE', ( #3043 ), #5123 ) ;
#3970 = PRESENTATION_STYLE_ASSIGNMENT (( #6839 ) ) ;
#3971 = ORIENTED_EDGE ( 'NONE', *, *, #6668, .F. ) ;
#3972 =( LENGTH_UNIT ( ) NAMED_UNIT ( * ) SI_UNIT ( .MILLI., .METRE. ) );
#3973 = DIRECTION ( 'NONE',  ( 0.000000000000000000, 1.000000000000000000, 0.000000000000000000 ) ) ;
#3974 = DIRECTION ( 'NONE',  ( -1.000000000000000000, -0.000000000000000000, 1.734723475976807094E-15 ) ) ;
#3975 = ORIENTED_EDGE ( 'NONE', *, *, #7913, .T. ) ;
#3977 = EDGE_CURVE ( 'NONE', #10160, #11517, #8787, .T. ) ;
#3976 = LINE ( 'NONE', #6772, #11390 ) ;
#3978 = LINE ( 'NONE', #4920, #10078 ) ;
#3979 = VERTEX_POINT ( 'NONE', #1916 ) ;
#3980 = FILL_AREA_STYLE_COLOUR ( '', #1461 ) ;
#3981 = STYLED_ITEM ( 'NONE', ( #1134 ), #1422 ) ;
#3982 = DIRECTION ( 'NONE',  ( 1.000000000000000000, -3.527364893690287850E-33, 1.008560160451632221E-16 ) ) ;
#3983 = LINE ( 'NONE', #11319, #11851 ) ;
#3984 =( LENGTH_UNIT ( ) NAMED_UNIT ( * ) SI_UNIT ( .MILLI., .METRE. ) );
#3985 = ORIENTED_EDGE ( 'NONE', *, *, #5991, .F. ) ;
#3986 = FILL_AREA_STYLE_COLOUR ( '', #7713 ) ;
#3987 = CARTESIAN_POINT ( 'NONE',  ( 1.750000000000032196, 0.8499999999999999778, -2.250000000000000444 ) ) ;
#3988 = VECTOR ( 'NONE', #12949, 1000.000000000000000 ) ;
#3989 = PRESENTATION_STYLE_ASSIGNMENT (( #5347 ) ) ;
#3990 = VERTEX_POINT ( 'NONE', #1013 ) ;
#3991 =( NAMED_UNIT ( * ) PLANE_ANGLE_UNIT ( ) SI_UNIT ( $, .RADIAN. ) );
#3992 =( NAMED_UNIT ( * ) PLANE_ANGLE_UNIT ( ) SI_UNIT ( $, .RADIAN. ) );
#3993 = VECTOR ( 'NONE', #265, 1000.000000000000000 ) ;
#3994 = ORIENTED_EDGE ( 'NONE', *, *, #6223, .T. ) ;
#3995 =( NAMED_UNIT ( * ) PLANE_ANGLE_UNIT ( ) SI_UNIT ( $, .RADIAN. ) );
#3996 =( NAMED_UNIT ( * ) SI_UNIT ( $, .STERADIAN. ) SOLID_ANGLE_UNIT ( ) );
#3997 =( GEOMETRIC_REPRESENTATION_CONTEXT ( 3 ) GLOBAL_UNCERTAINTY_ASSIGNED_CONTEXT ( ( #2417 ) ) GLOBAL_UNIT_ASSIGNED_CONTEXT ( ( #6834, #9792, #2717 ) ) REPRESENTATION_CONTEXT ( 'NONE', 'WORKASPACE' ) );
#3998 = CARTESIAN_POINT ( 'NONE',  ( 2.550000000000000266, -0.8499999999999976463, -1.649999999999994804 ) ) ;
#3999 = SURFACE_STYLE_FILL_AREA ( #9726 ) ;
#4000 = DIRECTION ( 'NONE',  ( -0.000000000000000000, -0.000000000000000000, -1.000000000000000000 ) ) ;
#4001 = CARTESIAN_POINT ( 'NONE',  ( -1.500000000000000000, -0.8499999999999978684, -3.099999999999995648 ) ) ;
#4002 = SURFACE_STYLE_FILL_AREA ( #7835 ) ;
#4003 = FACE_OUTER_BOUND ( 'NONE', #8071, .T. ) ;
#4004 = EDGE_LOOP ( 'NONE', ( #6612, #7944, #3508, #4256 ) ) ;
#4005 = SURFACE_STYLE_USAGE ( .BOTH. , #5767 ) ;
#4006 = AXIS2_PLACEMENT_3D ( 'NONE', #10864, #6727, #570 ) ;
#4007 = FILL_AREA_STYLE_COLOUR ( '', #6705 ) ;
#4008 = FACE_OUTER_BOUND ( 'NONE', #9383, .T. ) ;
#4009 =( NAMED_UNIT ( * ) PLANE_ANGLE_UNIT ( ) SI_UNIT ( $, .RADIAN. ) );
#4010 = VERTEX_POINT ( 'NONE', #4119 ) ;
#4011 = CARTESIAN_POINT ( 'NONE',  ( 0.2101973270675033534, -1.039999999999999147, 2.688210421060323707 ) ) ;
#4012 = PRESENTATION_STYLE_ASSIGNMENT (( #957 ) ) ;
#4013 = EDGE_LOOP ( 'NONE', ( #4912, #1565, #2241, #8580 ) ) ;
#4014 = VECTOR ( 'NONE', #11687, 1000.000000000000000 ) ;
#4015 = VERTEX_POINT ( 'NONE', #7239 ) ;
#4016 = SURFACE_STYLE_USAGE ( .BOTH. , #24 ) ;
#4017 = EDGE_CURVE ( 'NONE', #3028, #4045, #248, .T. ) ;
#4018 =( LENGTH_UNIT ( ) NAMED_UNIT ( * ) SI_UNIT ( .MILLI., .METRE. ) );
#4019 = ORIENTED_EDGE ( 'NONE', *, *, #12562, .T. ) ;
#4020 = DIRECTION ( 'NONE',  ( -0.000000000000000000, 1.000000000000000000, -0.000000000000000000 ) ) ;
#4021 = STYLED_ITEM ( 'NONE', ( #9539 ), #8679 ) ;
#4022 = DIRECTION ( 'NONE',  ( -0.000000000000000000, -0.000000000000000000, -1.000000000000000000 ) ) ;
#4023 = VERTEX_POINT ( 'NONE', #8146 ) ;
#4024 =( NAMED_UNIT ( * ) PLANE_ANGLE_UNIT ( ) SI_UNIT ( $, .RADIAN. ) );
#4025 = ADVANCED_FACE ( 'NONE', ( #4768 ), #7284, .F. ) ;
#4026 = CARTESIAN_POINT ( 'NONE',  ( 2.750000000000000000, -1.049999999999999378, 3.500000000000006217 ) ) ;
#4027 = LINE ( 'NONE', #12914, #4518 ) ;
#4028 = STYLED_ITEM ( 'NONE', ( #3732 ), #3440 ) ;
#4029 = CARTESIAN_POINT ( 'NONE',  ( -2.350000000000000089, 0.05000000000000273670, -3.574999999999997957 ) ) ;
#4030 = DIRECTION ( 'NONE',  ( 1.000000000000000000, 0.000000000000000000, -0.000000000000000000 ) ) ;
#4031 = SURFACE_STYLE_USAGE ( .BOTH. , #1871 ) ;
#4032 = FILL_AREA_STYLE_COLOUR ( '', #9034 ) ;
#4033 = ORIENTED_EDGE ( 'NONE', *, *, #3242, .F. ) ;
#4034 = SURFACE_SIDE_STYLE ('',( #3118 ) ) ;
#4035 = SURFACE_STYLE_FILL_AREA ( #4227 ) ;
#4036 = LINE ( 'NONE', #2898, #1161 ) ;
#4037 =( LENGTH_UNIT ( ) NAMED_UNIT ( * ) SI_UNIT ( .MILLI., .METRE. ) );
#4038 = LINE ( 'NONE', #3140, #843 ) ;
#4039 = DIRECTION ( 'NONE',  ( -0.000000000000000000, -0.000000000000000000, -1.000000000000000000 ) ) ;
#4040 = UNCERTAINTY_MEASURE_WITH_UNIT (LENGTH_MEASURE( 1.000000000000000082E-05 ), #5559, 'distance_accuracy_value', 'NONE');
#4041 = CARTESIAN_POINT ( 'NONE',  ( -2.752999999999999226, 2.050000000000049560, -0.2999999999999999334 ) ) ;
#4042 = EDGE_LOOP ( 'NONE', ( #2097, #12430, #12449, #2593 ) ) ;
#4043 = EDGE_CURVE ( 'NONE', #12411, #4891, #12788, .T. ) ;
#4044 = CARTESIAN_POINT ( 'NONE',  ( 1.500000000000000000, -0.8480000000000001981, -3.774999999999995914 ) ) ;
#4045 = VERTEX_POINT ( 'NONE', #6068 ) ;
#4046 = STYLED_ITEM ( 'NONE', ( #208 ), #10969 ) ;
#4047 = MECHANICAL_DESIGN_GEOMETRIC_PRESENTATION_REPRESENTATION (  '', ( #9804 ), #7331 ) ;
#4048 = SURFACE_STYLE_FILL_AREA ( #10300 ) ;
#4049 = LINE ( 'NONE', #5877, #678 ) ;
#4050 = VERTEX_POINT ( 'NONE', #13226 ) ;
#4051 = SURFACE_SIDE_STYLE ('',( #12322 ) ) ;
#4052 = EDGE_CURVE ( 'NONE', #1601, #6433, #7356, .T. ) ;
#4053 = DIRECTION ( 'NONE',  ( -1.000000000000000000, -0.000000000000000000, -0.000000000000000000 ) ) ;
#4054 = UNCERTAINTY_MEASURE_WITH_UNIT (LENGTH_MEASURE( 1.000000000000000082E-05 ), #1354, 'distance_accuracy_value', 'NONE');
#4055 = CARTESIAN_POINT ( 'NONE',  ( -2.249999999999984013, -0.1499999999999995226, 0.2154700538379264729 ) ) ;
#4056 = AXIS2_PLACEMENT_3D ( 'NONE', #8249, #2106, #8502 ) ;
#4057 = CARTESIAN_POINT ( 'NONE',  ( -0.4070303008530175015, -1.039999999999999147, 2.535624061006541474 ) ) ;
#4058 = EDGE_CURVE ( 'NONE', #5198, #8152, #10057, .T. ) ;
#4059 = FACE_OUTER_BOUND ( 'NONE', #5697, .T. ) ;
#4060 = LINE ( 'NONE', #6274, #1840 ) ;
#4061 = STYLED_ITEM ( 'NONE', ( #3108 ), #384 ) ;
#4062 = VECTOR ( 'NONE', #12029, 1000.000000000000000 ) ;
#4063 = ORIENTED_EDGE ( 'NONE', *, *, #65, .F. ) ;
#4064 = PRESENTATION_LAYER_ASSIGNMENT (  '', '', ( #12833 ) ) ;
#4065 = CARTESIAN_POINT ( 'NONE',  ( -2.550000000000000266, -1.049999999999999378, 2.800000000000002487 ) ) ;
#4066 = FILL_AREA_STYLE_COLOUR ( '', #7569 ) ;
#4067 = DIRECTION ( 'NONE',  ( -1.000000000000000000, 0.000000000000000000, 0.000000000000000000 ) ) ;
#4068 = EDGE_CURVE ( 'NONE', #2114, #8031, #10048, .T. ) ;
#4069 = COLOUR_RGB ( '',1.000000000000000000, 1.000000000000000000, 1.000000000000000000 ) ;
#4070 = SURFACE_SIDE_STYLE ('',( #2028 ) ) ;
#4071 = SURFACE_SIDE_STYLE ('',( #6267 ) ) ;
#4072 = ORIENTED_EDGE ( 'NONE', *, *, #9046, .T. ) ;
#4073 =( LENGTH_UNIT ( ) NAMED_UNIT ( * ) SI_UNIT ( .MILLI., .METRE. ) );
#4074 = CYLINDRICAL_SURFACE ( 'NONE', #2029, 0.4000000000000014655 ) ;
#4075 = SURFACE_SIDE_STYLE ('',( #8232 ) ) ;
#4076 = DIRECTION ( 'NONE',  ( -0.000000000000000000, 0.000000000000000000, 1.000000000000000000 ) ) ;
#4077 = ORIENTED_EDGE ( 'NONE', *, *, #6842, .T. ) ;
#4078 = FILL_AREA_STYLE_COLOUR ( '', #69 ) ;
#4079 = CARTESIAN_POINT ( 'NONE',  ( 2.549999999999980727, -0.1499999999999995226, 0.6999999999999979572 ) ) ;
#4080 = DIRECTION ( 'NONE',  ( -0.000000000000000000, -0.000000000000000000, -1.000000000000000000 ) ) ;
#4081 = DIRECTION ( 'NONE',  ( -0.000000000000000000, -1.000000000000000000, -4.565061778886370529E-16 ) ) ;
#4082 = PRESENTATION_LAYER_ASSIGNMENT (  '', '', ( #11490 ) ) ;
#4083 = ORIENTED_EDGE ( 'NONE', *, *, #3713, .F. ) ;
#4084 = CARTESIAN_POINT ( 'NONE',  ( 1.500000000000000000, 0.05000000000000273670, 3.500000000000006661 ) ) ;
#4085 = ORIENTED_EDGE ( 'NONE', *, *, #11115, .T. ) ;
#4086 = ORIENTED_EDGE ( 'NONE', *, *, #5489, .F. ) ;
#4087 = SURFACE_STYLE_FILL_AREA ( #5144 ) ;
#4088 = EDGE_CURVE ( 'NONE', #2655, #4940, #2846, .T. ) ;
#4089 = ADVANCED_FACE ( 'NONE', ( #6215 ), #8187, .T. ) ;
#4090 = DIRECTION ( 'NONE',  ( 0.000000000000000000, 0.000000000000000000, -1.000000000000000000 ) ) ;
#4091 = ORIENTED_EDGE ( 'NONE', *, *, #2729, .T. ) ;
#4092 = SURFACE_STYLE_USAGE ( .BOTH. , #6085 ) ;
#4093 = VECTOR ( 'NONE', #7932, 1000.000000000000000 ) ;
#4094 = CARTESIAN_POINT ( 'NONE',  ( -2.550000000000000266, -1.049999999999999378, 1.650000000000002576 ) ) ;
#4095 =( GEOMETRIC_REPRESENTATION_CONTEXT ( 3 ) GLOBAL_UNCERTAINTY_ASSIGNED_CONTEXT ( ( #5772 ) ) GLOBAL_UNIT_ASSIGNED_CONTEXT ( ( #9395, #324, #5283 ) ) REPRESENTATION_CONTEXT ( 'NONE', 'WORKASPACE' ) );
#4096 = VERTEX_POINT ( 'NONE', #11242 ) ;
#4097 = CARTESIAN_POINT ( 'NONE',  ( 1.250000000000032196, 0.8499999999999997558, -0.2499999999999957812 ) ) ;
#4098 = FILL_AREA_STYLE ('',( #849 ) ) ;
#4099 = AXIS2_PLACEMENT_3D ( 'NONE', #13211, #4020, #7127 ) ;
#4100 = ORIENTED_EDGE ( 'NONE', *, *, #8028, .F. ) ;
#4101 = CIRCLE ( 'NONE', #1894, 0.002999999999999964501 ) ;
#4102 = CARTESIAN_POINT ( 'NONE',  ( 0.2600353775548658875, -1.039999999999999147, 3.124166730570996364 ) ) ;
#4103 = EDGE_CURVE ( 'NONE', #2458, #2544, #6044, .T. ) ;
#4104 = CARTESIAN_POINT ( 'NONE',  ( -0.4963996375201484290, -1.039999999999999147, 2.755490688068241933 ) ) ;
#4105 = ORIENTED_EDGE ( 'NONE', *, *, #12390, .T. ) ;
#4106 = ORIENTED_EDGE ( 'NONE', *, *, #2367, .F. ) ;
#4107 = DIRECTION ( 'NONE',  ( 1.000000000000000000, 0.000000000000000000, -1.734723475976807094E-15 ) ) ;
#4108 = VECTOR ( 'NONE', #7255, 1000.000000000000000 ) ;
#4109 =( NAMED_UNIT ( * ) PLANE_ANGLE_UNIT ( ) SI_UNIT ( $, .RADIAN. ) );
#4110 = DIRECTION ( 'NONE',  ( -0.000000000000000000, -0.000000000000000000, -1.000000000000000000 ) ) ;
#4111 = CARTESIAN_POINT ( 'NONE',  ( 2.549999999999990941, 1.028000000000000025, -2.200000000000000178 ) ) ;
#4112 =( NAMED_UNIT ( * ) SI_UNIT ( $, .STERADIAN. ) SOLID_ANGLE_UNIT ( ) );
#4113 = CARTESIAN_POINT ( 'NONE',  ( 2.750000000000000000, -0.8000000000000035971, -1.650000000000006128 ) ) ;
#4114 = DIRECTION ( 'NONE',  ( 0.000000000000000000, -1.000000000000000000, 0.000000000000000000 ) ) ;
#4115 = VECTOR ( 'NONE', #3577, 1000.000000000000000 ) ;
#4116 = EDGE_CURVE ( 'NONE', #959, #3867, #2525, .T. ) ;
#4117 = FILL_AREA_STYLE ('',( #2263 ) ) ;
#4118 = LINE ( 'NONE', #1624, #13266 ) ;
#4119 = CARTESIAN_POINT ( 'NONE',  ( -2.549999999999990941, -0.1499999999999995226, 0.8309401076758556881 ) ) ;
#4120 =( NAMED_UNIT ( * ) PLANE_ANGLE_UNIT ( ) SI_UNIT ( $, .RADIAN. ) );
#4121 = AXIS2_PLACEMENT_3D ( 'NONE', #3015, #4039, #2975 ) ;
#4122 = VERTEX_POINT ( 'NONE', #9494 ) ;
#4123 = PRESENTATION_STYLE_ASSIGNMENT (( #6836 ) ) ;
#4124 = UNCERTAINTY_MEASURE_WITH_UNIT (LENGTH_MEASURE( 1.000000000000000082E-05 ), #2714, 'distance_accuracy_value', 'NONE');
#4125 = PRESENTATION_STYLE_ASSIGNMENT (( #11163 ) ) ;
#4126 = UNCERTAINTY_MEASURE_WITH_UNIT (LENGTH_MEASURE( 1.000000000000000082E-05 ), #906, 'distance_accuracy_value', 'NONE');
#4127 = CARTESIAN_POINT ( 'NONE',  ( 2.549999999999985612, -0.6000000000000094147, -0.4845299461620740655 ) ) ;
#4128 = CARTESIAN_POINT ( 'NONE',  ( 0.2600353775548658875, -1.049999999999999156, 3.124166730570996364 ) ) ;
#4129 = SURFACE_STYLE_FILL_AREA ( #11613 ) ;
#4130 =( GEOMETRIC_REPRESENTATION_CONTEXT ( 3 ) GLOBAL_UNCERTAINTY_ASSIGNED_CONTEXT ( ( #6367 ) ) GLOBAL_UNIT_ASSIGNED_CONTEXT ( ( #6260, #11103, #3200 ) ) REPRESENTATION_CONTEXT ( 'NONE', 'WORKASPACE' ) );
#4131 = VERTEX_POINT ( 'NONE', #2264 ) ;
#4132 = STYLED_ITEM ( 'NONE', ( #3737 ), #517 ) ;
#4133 = COLOUR_RGB ( '',0.1098039215686274495, 0.1098039215686274495, 0.1098039215686274495 ) ;
#4134 = LINE ( 'NONE', #10549, #8009 ) ;
#4135 = VERTEX_POINT ( 'NONE', #9408 ) ;
#4136 =( NAMED_UNIT ( * ) SI_UNIT ( $, .STERADIAN. ) SOLID_ANGLE_UNIT ( ) );
#4137 = VECTOR ( 'NONE', #1440, 1000.000000000000000 ) ;
#4138 = CARTESIAN_POINT ( 'NONE',  ( -2.749999999999999556, -0.04999999999999763661, -0.7749999999999980238 ) ) ;
#4139 = EDGE_CURVE ( 'NONE', #3185, #4891, #1569, .T. ) ;
#4140 = SURFACE_STYLE_FILL_AREA ( #9860 ) ;
#4141 = CARTESIAN_POINT ( 'NONE',  ( -2.499999999999999112, 0.8249999999999999556, -2.200000000000000178 ) ) ;
#4142 = ORIENTED_EDGE ( 'NONE', *, *, #13087, .F. ) ;
#4143 = CARTESIAN_POINT ( 'NONE',  ( 2.750000000000000000, 0.05000000000000275752, -3.824999999999998845 ) ) ;
#4144 = PRESENTATION_LAYER_ASSIGNMENT (  '', '', ( #2283 ) ) ;
#4145 = PRESENTATION_STYLE_ASSIGNMENT (( #10908 ) ) ;
#4146 = DIRECTION ( 'NONE',  ( -1.000000000000000000, 0.000000000000000000, 0.000000000000000000 ) ) ;
#4147 = VECTOR ( 'NONE', #74, 1000.000000000000000 ) ;
#4148 = EDGE_LOOP ( 'NONE', ( #11071, #9010, #7527, #1972 ) ) ;
#4149 = EDGE_CURVE ( 'NONE', #5448, #171, #4595, .T. ) ;
#4150 = VECTOR ( 'NONE', #12354, 1000.000000000000000 ) ;
#4151 = ORIENTED_EDGE ( 'NONE', *, *, #4787, .T. ) ;
#4152 = DIRECTION ( 'NONE',  ( 1.000000000000000000, 0.000000000000000000, -0.000000000000000000 ) ) ;
#4153 = MECHANICAL_DESIGN_GEOMETRIC_PRESENTATION_REPRESENTATION (  '', ( #3481 ), #3046 ) ;
#4154 = DIRECTION ( 'NONE',  ( -0.000000000000000000, 1.000000000000000000, -0.000000000000000000 ) ) ;
#4155 = CARTESIAN_POINT ( 'NONE',  ( 2.750000000000000000, -0.8499999999999978684, -2.624999999999999112 ) ) ;
#4156 = CARTESIAN_POINT ( 'NONE',  ( -2.550000000000000266, -0.8000000000000035971, 1.650000000000000355 ) ) ;
#4157 = CARTESIAN_POINT ( 'NONE',  ( 1.500000000000000000, 0.05000000000000273670, -3.774999999999995914 ) ) ;
#4158 = PLANE ( 'NONE',  #8709 ) ;
#4159 = ADVANCED_FACE ( 'NONE', ( #13100 ), #12524, .F. ) ;
#4160 =( NAMED_UNIT ( * ) PLANE_ANGLE_UNIT ( ) SI_UNIT ( $, .RADIAN. ) );
#4161 = VECTOR ( 'NONE', #4711, 1000.000000000000000 ) ;
#4162 = ORIENTED_EDGE ( 'NONE', *, *, #13287, .F. ) ;
#4163 = SURFACE_SIDE_STYLE ('',( #2457 ) ) ;
#4164 = CARTESIAN_POINT ( 'NONE',  ( -0.2499999999999835132, 1.050000000000000044, -2.749999999999999112 ) ) ;
#4165 = DIRECTION ( 'NONE',  ( 0.000000000000000000, 7.228014483236695816E-17, -1.000000000000000000 ) ) ;
#4166 =( LENGTH_UNIT ( ) NAMED_UNIT ( * ) SI_UNIT ( .MILLI., .METRE. ) );
#4167 = STYLED_ITEM ( 'NONE', ( #7749 ), #13029 ) ;
#4168 = FACE_OUTER_BOUND ( 'NONE', #9652, .T. ) ;
#4169 = VECTOR ( 'NONE', #9209, 1000.000000000000000 ) ;
#4170 = VERTEX_POINT ( 'NONE', #3239 ) ;
#4171 = CARTESIAN_POINT ( 'NONE',  ( 1.500000000000000000, 0.05000000000000262568, -3.824999999999998401 ) ) ;
#4172 =( NAMED_UNIT ( * ) SI_UNIT ( $, .STERADIAN. ) SOLID_ANGLE_UNIT ( ) );
#4173 =( LENGTH_UNIT ( ) NAMED_UNIT ( * ) SI_UNIT ( .MILLI., .METRE. ) );
#4174 = EDGE_CURVE ( 'NONE', #10935, #8555, #7674, .T. ) ;
#4175 = VERTEX_POINT ( 'NONE', #162 ) ;
#4176 = PLANE ( 'NONE',  #11772 ) ;
#4177 = ORIENTED_EDGE ( 'NONE', *, *, #5417, .F. ) ;
#4178 =( GEOMETRIC_REPRESENTATION_CONTEXT ( 3 ) GLOBAL_UNCERTAINTY_ASSIGNED_CONTEXT ( ( #2340 ) ) GLOBAL_UNIT_ASSIGNED_CONTEXT ( ( #6540, #9710, #5630 ) ) REPRESENTATION_CONTEXT ( 'NONE', 'WORKASPACE' ) );
#4179 =( NAMED_UNIT ( * ) SI_UNIT ( $, .STERADIAN. ) SOLID_ANGLE_UNIT ( ) );
#4180 = PLANE ( 'NONE',  #3799 ) ;
#4181 =( NAMED_UNIT ( * ) PLANE_ANGLE_UNIT ( ) SI_UNIT ( $, .RADIAN. ) );
#4182 = SURFACE_STYLE_USAGE ( .BOTH. , #1156 ) ;
#4183 = MECHANICAL_DESIGN_GEOMETRIC_PRESENTATION_REPRESENTATION (  '', ( #6299 ), #10124 ) ;
#4184 = ORIENTED_EDGE ( 'NONE', *, *, #5939, .F. ) ;
#4185 = LINE ( 'NONE', #136, #9312 ) ;
#4186 = SURFACE_STYLE_FILL_AREA ( #12125 ) ;
#4187 = EDGE_CURVE ( 'NONE', #2544, #8717, #11662, .T. ) ;
#4188 = LINE ( 'NONE', #12424, #11442 ) ;
#4189 =( NAMED_UNIT ( * ) SI_UNIT ( $, .STERADIAN. ) SOLID_ANGLE_UNIT ( ) );
#4190 = ORIENTED_EDGE ( 'NONE', *, *, #6646, .F. ) ;
#4191 = SURFACE_STYLE_FILL_AREA ( #4532 ) ;
#4192 = CARTESIAN_POINT ( 'NONE',  ( 1.750000000000032196, 0.8499999999999997558, -0.2499999999999966416 ) ) ;
#4193 =( GEOMETRIC_REPRESENTATION_CONTEXT ( 3 ) GLOBAL_UNCERTAINTY_ASSIGNED_CONTEXT ( ( #1773 ) ) GLOBAL_UNIT_ASSIGNED_CONTEXT ( ( #1356, #2516, #476 ) ) REPRESENTATION_CONTEXT ( 'NONE', 'WORKASPACE' ) );
#4194 = SURFACE_STYLE_USAGE ( .BOTH. , #13288 ) ;
#4195 = VERTEX_POINT ( 'NONE', #6466 ) ;
#4196 = CARTESIAN_POINT ( 'NONE',  ( 2.750000000000000000, -1.050000000000000044, -3.500000000000000000 ) ) ;
#4197 = EDGE_LOOP ( 'NONE', ( #571, #7807, #10255, #5549 ) ) ;
#4198 = LINE ( 'NONE', #8075, #7112 ) ;
#4199 = FILL_AREA_STYLE_COLOUR ( '', #10243 ) ;
#4200 = VECTOR ( 'NONE', #11415, 1000.000000000000000 ) ;
#4201 = UNCERTAINTY_MEASURE_WITH_UNIT (LENGTH_MEASURE( 1.000000000000000082E-05 ), #1586, 'distance_accuracy_value', 'NONE');
#4202 = EDGE_LOOP ( 'NONE', ( #7933, #12558, #2237, #4403, #11685, #4977, #543, #3004 ) ) ;
#4203 = PLANE ( 'NONE',  #8253 ) ;
#4204 = DIRECTION ( 'NONE',  ( -0.000000000000000000, -0.000000000000000000, -1.000000000000000000 ) ) ;
#4205 = PRESENTATION_STYLE_ASSIGNMENT (( #10641 ) ) ;
#4206 = CARTESIAN_POINT ( 'NONE',  ( 2.549999999999991385, 1.024999999999999467, 2.200000000000000178 ) ) ;
#4207 =( GEOMETRIC_REPRESENTATION_CONTEXT ( 3 ) GLOBAL_UNCERTAINTY_ASSIGNED_CONTEXT ( ( #583 ) ) GLOBAL_UNIT_ASSIGNED_CONTEXT ( ( #5880, #5924, #4901 ) ) REPRESENTATION_CONTEXT ( 'NONE', 'WORKASPACE' ) );
#4208 = PRESENTATION_LAYER_ASSIGNMENT (  '', '', ( #11608 ) ) ;
#4209 =( NAMED_UNIT ( * ) PLANE_ANGLE_UNIT ( ) SI_UNIT ( $, .RADIAN. ) );
#4210 = SURFACE_SIDE_STYLE ('',( #7322 ) ) ;
#4211 = PLANE ( 'NONE',  #3057 ) ;
#4212 =( LENGTH_UNIT ( ) NAMED_UNIT ( * ) SI_UNIT ( .MILLI., .METRE. ) );
#4213 = SURFACE_SIDE_STYLE ('',( #3999 ) ) ;
#4214 = VECTOR ( 'NONE', #5481, 1000.000000000000000 ) ;
#4215 =( GEOMETRIC_REPRESENTATION_CONTEXT ( 3 ) GLOBAL_UNCERTAINTY_ASSIGNED_CONTEXT ( ( #2418 ) ) GLOBAL_UNIT_ASSIGNED_CONTEXT ( ( #8184, #8098, #12336 ) ) REPRESENTATION_CONTEXT ( 'NONE', 'WORKASPACE' ) );
#4216 = ORIENTED_EDGE ( 'NONE', *, *, #2765, .F. ) ;
#4217 = EDGE_LOOP ( 'NONE', ( #9749, #2273, #9311, #6308 ) ) ;
#4218 = EDGE_CURVE ( 'NONE', #12100, #6660, #565, .T. ) ;
#4219 = UNCERTAINTY_MEASURE_WITH_UNIT (LENGTH_MEASURE( 1.000000000000000082E-05 ), #1282, 'distance_accuracy_value', 'NONE');
#4220 = SURFACE_SIDE_STYLE ('',( #1556 ) ) ;
#4221 = SURFACE_SIDE_STYLE ('',( #8533 ) ) ;
#4222 = CARTESIAN_POINT ( 'NONE',  ( 0.2500000000000427436, 0.8499999999999997558, -0.2499999999999966416 ) ) ;
#4223 = PRESENTATION_LAYER_ASSIGNMENT (  '', '', ( #5593 ) ) ;
#4224 = MECHANICAL_DESIGN_GEOMETRIC_PRESENTATION_REPRESENTATION (  '', ( #3551 ), #7167 ) ;
#4225 = VERTEX_POINT ( 'NONE', #6385 ) ;
#4226 = ADVANCED_FACE ( 'NONE', ( #9247 ), #3362, .F. ) ;
#4227 = FILL_AREA_STYLE ('',( #8334 ) ) ;
#4228 = DIRECTION ( 'NONE',  ( 0.000000000000000000, 0.000000000000000000, -1.000000000000000000 ) ) ;
#4229 = VECTOR ( 'NONE', #3974, 1000.000000000000000 ) ;
#4230 = EDGE_CURVE ( 'NONE', #2458, #7297, #2666, .T. ) ;
#4231 =( LENGTH_UNIT ( ) NAMED_UNIT ( * ) SI_UNIT ( .MILLI., .METRE. ) );
#4232 = ORIENTED_EDGE ( 'NONE', *, *, #7402, .T. ) ;
#4233 =( LENGTH_UNIT ( ) NAMED_UNIT ( * ) SI_UNIT ( .MILLI., .METRE. ) );
#4234 = ORIENTED_EDGE ( 'NONE', *, *, #5482, .T. ) ;
#4235 = STYLED_ITEM ( 'NONE', ( #5118 ), #6840 ) ;
#4236 =( NAMED_UNIT ( * ) PLANE_ANGLE_UNIT ( ) SI_UNIT ( $, .RADIAN. ) );
#4237 = EDGE_CURVE ( 'NONE', #10867, #4735, #9546, .T. ) ;
#4238 = LINE ( 'NONE', #3356, #541 ) ;
#4239 = ORIENTED_EDGE ( 'NONE', *, *, #5612, .T. ) ;
#4240 = PLANE ( 'NONE',  #4992 ) ;
#4241 = LINE ( 'NONE', #8015, #4565 ) ;
#4242 = STYLED_ITEM ( 'NONE', ( #1596 ), #12515 ) ;
#4243 = VECTOR ( 'NONE', #6302, 1000.000000000000000 ) ;
#4244 = FILL_AREA_STYLE_COLOUR ( '', #923 ) ;
#4245 = EDGE_CURVE ( 'NONE', #4355, #140, #9235, .T. ) ;
#4246 = CARTESIAN_POINT ( 'NONE',  ( -2.499999999999999112, 0.8249999999999999556, -2.799999999999999822 ) ) ;
#4247 = CARTESIAN_POINT ( 'NONE',  ( -1.500000000000000000, 0.05000000000000274364, -3.500000000000000000 ) ) ;
#4248 = FILL_AREA_STYLE ('',( #5173 ) ) ;
#4249 = DIRECTION ( 'NONE',  ( 0.000000000000000000, 1.239088197126289831E-16, -1.000000000000000000 ) ) ;
#4250 = CARTESIAN_POINT ( 'NONE',  ( -0.7500000000000008882, -0.6999999999999978462, 4.093493551233061710E-15 ) ) ;
#4251 = FACE_OUTER_BOUND ( 'NONE', #13115, .T. ) ;
#4252 = LINE ( 'NONE', #1689, #3929 ) ;
#4253 = ORIENTED_EDGE ( 'NONE', *, *, #11378, .T. ) ;
#4254 = LINE ( 'NONE', #8797, #11176 ) ;
#4255 = FILL_AREA_STYLE_COLOUR ( '', #6473 ) ;
#4256 = ORIENTED_EDGE ( 'NONE', *, *, #2894, .F. ) ;
#4257 = LINE ( 'NONE', #9114, #10367 ) ;
#4258 =( NAMED_UNIT ( * ) SI_UNIT ( $, .STERADIAN. ) SOLID_ANGLE_UNIT ( ) );
#4259 = PRESENTATION_LAYER_ASSIGNMENT (  '', '', ( #5635 ) ) ;
#4260 = ORIENTED_EDGE ( 'NONE', *, *, #6519, .F. ) ;
#4261 = ORIENTED_EDGE ( 'NONE', *, *, #10162, .T. ) ;
#4262 = CIRCLE ( 'NONE', #12784, 0.002999999999999964501 ) ;
#4263 = PRESENTATION_STYLE_ASSIGNMENT (( #9821 ) ) ;
#4264 = DIRECTION ( 'NONE',  ( -0.000000000000000000, -0.000000000000000000, -1.000000000000000000 ) ) ;
#4265 = LINE ( 'NONE', #5752, #9390 ) ;
#4266 = EDGE_CURVE ( 'NONE', #2668, #1053, #8932, .T. ) ;
#4267 = VERTEX_POINT ( 'NONE', #2483 ) ;
#4268 = CARTESIAN_POINT ( 'NONE',  ( 2.750000000000000000, -0.04999999999999828887, 0.7750000000000010214 ) ) ;
#4269 = FILL_AREA_STYLE_COLOUR ( '', #7048 ) ;
#4270 = MECHANICAL_DESIGN_GEOMETRIC_PRESENTATION_REPRESENTATION (  '', ( #2923 ), #10033 ) ;
#4271 = LINE ( 'NONE', #1795, #1577 ) ;
#4272 = DIRECTION ( 'NONE',  ( -0.000000000000000000, 1.000000000000000000, 1.239088197126289831E-16 ) ) ;
#4273 = EDGE_LOOP ( 'NONE', ( #9288, #6134, #12552, #11427 ) ) ;
#4274 = VERTEX_POINT ( 'NONE', #9628 ) ;
#4275 = AXIS2_PLACEMENT_3D ( 'NONE', #5357, #188, #1261 ) ;
#4276 =( LENGTH_UNIT ( ) NAMED_UNIT ( * ) SI_UNIT ( .MILLI., .METRE. ) );
#4277 = FILL_AREA_STYLE ('',( #9435 ) ) ;
#4278 = LINE ( 'NONE', #8353, #8966 ) ;
#4279 = ORIENTED_EDGE ( 'NONE', *, *, #655, .F. ) ;
#4280 = DIRECTION ( 'NONE',  ( 6.789524367814960934E-15, -1.000000000000000000, -0.000000000000000000 ) ) ;
#4281 = CARTESIAN_POINT ( 'NONE',  ( -1.500000000000000000, -0.8500000000000000888, -3.572999999999995957 ) ) ;
#4282 = ADVANCED_FACE ( 'NONE', ( #5538 ), #12615, .T. ) ;
#4283 = VERTEX_POINT ( 'NONE', #5592 ) ;
#4284 = SURFACE_STYLE_USAGE ( .BOTH. , #4163 ) ;
#4285 = FACE_OUTER_BOUND ( 'NONE', #2502, .T. ) ;
#4286 = CARTESIAN_POINT ( 'NONE',  ( -2.499999999999999112, 1.025000000000000133, -2.200000000000000178 ) ) ;
#4287 = LINE ( 'NONE', #8720, #1599 ) ;
#4288 = UNCERTAINTY_MEASURE_WITH_UNIT (LENGTH_MEASURE( 1.000000000000000082E-05 ), #3268, 'distance_accuracy_value', 'NONE');
#4289 = PRESENTATION_STYLE_ASSIGNMENT (( #5577 ) ) ;
#4290 = ORIENTED_EDGE ( 'NONE', *, *, #1256, .T. ) ;
#4291 = CARTESIAN_POINT ( 'NONE',  ( -2.549999999999998490, 1.027999999999999359, 2.200000000000000178 ) ) ;
#4292 = CARTESIAN_POINT ( 'NONE',  ( 2.750000000000000000, -0.8499999999999977573, 0.7750000000000007994 ) ) ;
#4293 = EDGE_CURVE ( 'NONE', #6047, #4527, #2994, .T. ) ;
#4294 = FILL_AREA_STYLE ('',( #4255 ) ) ;
#4295 = FILL_AREA_STYLE ('',( #5300 ) ) ;
#4296 = CARTESIAN_POINT ( 'NONE',  ( -2.349999999999978328, -0.1499999999999995226, -0.3041451884327325272 ) ) ;
#4297 = PRESENTATION_LAYER_ASSIGNMENT (  '', '', ( #2445 ) ) ;
#4298 = STYLED_ITEM ( 'NONE', ( #1695 ), #4576 ) ;
#4299 = ORIENTED_EDGE ( 'NONE', *, *, #11642, .T. ) ;
#4300 =( NAMED_UNIT ( * ) PLANE_ANGLE_UNIT ( ) SI_UNIT ( $, .RADIAN. ) );
#4301 =( NAMED_UNIT ( * ) PLANE_ANGLE_UNIT ( ) SI_UNIT ( $, .RADIAN. ) );
#4302 = ORIENTED_EDGE ( 'NONE', *, *, #6519, .T. ) ;
#4303 = LINE ( 'NONE', #9175, #6570 ) ;
#4305 = EDGE_CURVE ( 'NONE', #10510, #12768, #12928, .T. ) ;
#4304 = CIRCLE ( 'NONE', #10406, 0.2030000000000000693 ) ;
#4306 = PRESENTATION_STYLE_ASSIGNMENT (( #2288 ) ) ;
#4307 = ORIENTED_EDGE ( 'NONE', *, *, #3590, .T. ) ;
#4308 = DIRECTION ( 'NONE',  ( -0.000000000000000000, -0.000000000000000000, -1.000000000000000000 ) ) ;
#4309 = FILL_AREA_STYLE ('',( #10416 ) ) ;
#4310 = DIRECTION ( 'NONE',  ( -0.000000000000000000, -0.000000000000000000, -1.000000000000000000 ) ) ;
#4311 =( GEOMETRIC_REPRESENTATION_CONTEXT ( 3 ) GLOBAL_UNCERTAINTY_ASSIGNED_CONTEXT ( ( #1693 ) ) GLOBAL_UNIT_ASSIGNED_CONTEXT ( ( #4801, #11140, #13130 ) ) REPRESENTATION_CONTEXT ( 'NONE', 'WORKASPACE' ) );
#4312 = STYLED_ITEM ( 'NONE', ( #2307 ), #446 ) ;
#4313 = SURFACE_STYLE_USAGE ( .BOTH. , #11435 ) ;
#4314 = ORIENTED_EDGE ( 'NONE', *, *, #6205, .T. ) ;
#4315 = EDGE_CURVE ( 'NONE', #1888, #12761, #734, .T. ) ;
#4316 =( LENGTH_UNIT ( ) NAMED_UNIT ( * ) SI_UNIT ( .MILLI., .METRE. ) );
#4317 = LINE ( 'NONE', #1954, #4981 ) ;
#4318 = FACE_OUTER_BOUND ( 'NONE', #12413, .T. ) ;
#4319 = SURFACE_STYLE_FILL_AREA ( #10072 ) ;
#4320 = ORIENTED_EDGE ( 'NONE', *, *, #6763, .F. ) ;
#4321 = STYLED_ITEM ( 'NONE', ( #2413 ), #12313 ) ;
#4322 = STYLED_ITEM ( 'NONE', ( #6220 ), #5710 ) ;
#4323 =( NAMED_UNIT ( * ) SI_UNIT ( $, .STERADIAN. ) SOLID_ANGLE_UNIT ( ) );
#4324 = EDGE_CURVE ( 'NONE', #3935, #1842, #4412, .T. ) ;
#4325 = CARTESIAN_POINT ( 'NONE',  ( -1.749999999999999112, 0.8499999999999993117, 2.750000000000006661 ) ) ;
#4326 = VECTOR ( 'NONE', #6767, 1000.000000000000000 ) ;
#4327 = ORIENTED_EDGE ( 'NONE', *, *, #5256, .F. ) ;
#4328 = LINE ( 'NONE', #9102, #11567 ) ;
#4329 = EDGE_LOOP ( 'NONE', ( #23, #3745, #6446, #8920 ) ) ;
#4330 =( NAMED_UNIT ( * ) SI_UNIT ( $, .STERADIAN. ) SOLID_ANGLE_UNIT ( ) );
#4331 = VECTOR ( 'NONE', #8969, 1000.000000000000000 ) ;
#4332 = ORIENTED_EDGE ( 'NONE', *, *, #4746, .F. ) ;
#4333 = FILL_AREA_STYLE_COLOUR ( '', #4947 ) ;
#4334 = CARTESIAN_POINT ( 'NONE',  ( 2.750000000000000000, -0.6000000000000094147, -1.650000000000004796 ) ) ;
#4335 =( NAMED_UNIT ( * ) PLANE_ANGLE_UNIT ( ) SI_UNIT ( $, .RADIAN. ) );
#4336 = MECHANICAL_DESIGN_GEOMETRIC_PRESENTATION_REPRESENTATION (  '', ( #13020 ), #12170 ) ;
#4337 = LINE ( 'NONE', #12379, #1143 ) ;
#4338 = CARTESIAN_POINT ( 'NONE',  ( 2.750000000000000000, 0.05000000000000275752, -3.824999999999998845 ) ) ;
#4339 =( LENGTH_UNIT ( ) NAMED_UNIT ( * ) SI_UNIT ( .MILLI., .METRE. ) );
#4340 = CARTESIAN_POINT ( 'NONE',  ( 1.750000000000032196, 0.8500000000000001998, -2.750000000000000000 ) ) ;
#4341 = VERTEX_POINT ( 'NONE', #378 ) ;
#4342 = DIRECTION ( 'NONE',  ( 1.000000000000000000, 0.000000000000000000, -0.000000000000000000 ) ) ;
#4343 = VERTEX_POINT ( 'NONE', #9675 ) ;
#4344 = EDGE_CURVE ( 'NONE', #6843, #12913, #3144, .T. ) ;
#4345 = FILL_AREA_STYLE ('',( #7193 ) ) ;
#4346 = COLOUR_RGB ( '',0.6941176470588235059, 0.09803921568627450844, 0.09803921568627450844 ) ;
#4347 = CARTESIAN_POINT ( 'NONE',  ( 2.550000000000000266, -0.8499999999999976463, -1.649999999999994804 ) ) ;
#4348 = VERTEX_POINT ( 'NONE', #9721 ) ;
#4349 = DIRECTION ( 'NONE',  ( -0.000000000000000000, -1.000000000000000000, -6.746146851020768611E-15 ) ) ;
#4350 = FACE_OUTER_BOUND ( 'NONE', #777, .T. ) ;
#4351 = MECHANICAL_DESIGN_GEOMETRIC_PRESENTATION_REPRESENTATION (  '', ( #5063 ), #5308 ) ;
#4352 = CARTESIAN_POINT ( 'NONE',  ( -2.549999999999998934, 0.8249999999999996225, -0.2999999999999999334 ) ) ;
#4353 = CARTESIAN_POINT ( 'NONE',  ( 2.552999999999991054, 1.027999999999999581, -0.2999999999999999334 ) ) ;
#4354 = LINE ( 'NONE', #914, #13018 ) ;
#4355 = VERTEX_POINT ( 'NONE', #6594 ) ;
#4356 = ADVANCED_FACE ( 'NONE', ( #11348 ), #3589, .T. ) ;
#4357 = CARTESIAN_POINT ( 'NONE',  ( -2.100000000000000533, 0.3000000000000021538, 1.400000000000004574 ) ) ;
#4358 = DIRECTION ( 'NONE',  ( -0.000000000000000000, -1.000000000000000000, -0.000000000000000000 ) ) ;
#4359 = AXIS2_PLACEMENT_3D ( 'NONE', #11998, #5851, #2725 ) ;
#4360 = SURFACE_SIDE_STYLE ('',( #2711 ) ) ;
#4361 = DIRECTION ( 'NONE',  ( 0.000000000000000000, -1.000000000000000000, 0.000000000000000000 ) ) ;
#4362 = EDGE_CURVE ( 'NONE', #2900, #626, #4751, .T. ) ;
#4363 = ORIENTED_EDGE ( 'NONE', *, *, #1626, .F. ) ;
#4364 = DIRECTION ( 'NONE',  ( -1.000000000000000000, -0.000000000000000000, -0.000000000000000000 ) ) ;
#4365 = COLOUR_RGB ( '',1.000000000000000000, 1.000000000000000000, 1.000000000000000000 ) ;
#4366 = UNCERTAINTY_MEASURE_WITH_UNIT (LENGTH_MEASURE( 1.000000000000000082E-05 ), #2971, 'distance_accuracy_value', 'NONE');
#4367 = VERTEX_POINT ( 'NONE', #8622 ) ;
#4368 = UNCERTAINTY_MEASURE_WITH_UNIT (LENGTH_MEASURE( 1.000000000000000082E-05 ), #4037, 'distance_accuracy_value', 'NONE');
#4369 = COLOUR_RGB ( '',1.000000000000000000, 1.000000000000000000, 1.000000000000000000 ) ;
#4370 = DIRECTION ( 'NONE',  ( -1.000000000000000000, -0.000000000000000000, 0.000000000000000000 ) ) ;
#4371 = SURFACE_STYLE_USAGE ( .BOTH. , #11407 ) ;
#4372 =( NAMED_UNIT ( * ) SI_UNIT ( $, .STERADIAN. ) SOLID_ANGLE_UNIT ( ) );
#4373 = EDGE_CURVE ( 'NONE', #4619, #10305, #12451, .T. ) ;
#4374 =( NAMED_UNIT ( * ) PLANE_ANGLE_UNIT ( ) SI_UNIT ( $, .RADIAN. ) );
#4375 = SURFACE_STYLE_USAGE ( .BOTH. , #7684 ) ;
#4376 = DIRECTION ( 'NONE',  ( 0.000000000000000000, -3.782100601693619904E-17, 1.000000000000000000 ) ) ;
#4377 = DIRECTION ( 'NONE',  ( -0.000000000000000000, 1.000000000000000000, 1.239088197126289831E-16 ) ) ;
#4378 = STYLED_ITEM ( 'NONE', ( #13106 ), #4025 ) ;
#4379 =( LENGTH_UNIT ( ) NAMED_UNIT ( * ) SI_UNIT ( .MILLI., .METRE. ) );
#4380 = LINE ( 'NONE', #11443, #10643 ) ;
#4381 = DIRECTION ( 'NONE',  ( 0.000000000000000000, 0.000000000000000000, -1.000000000000000000 ) ) ;
#4382 = LINE ( 'NONE', #12075, #9508 ) ;
#4383 = VERTEX_POINT ( 'NONE', #2737 ) ;
#4384 = UNCERTAINTY_MEASURE_WITH_UNIT (LENGTH_MEASURE( 1.000000000000000082E-05 ), #5238, 'distance_accuracy_value', 'NONE');
#4385 = DIRECTION ( 'NONE',  ( 0.000000000000000000, 0.000000000000000000, 1.000000000000000000 ) ) ;
#4386 = STYLED_ITEM ( 'NONE', ( #8079 ), #9715 ) ;
#4387 = STYLED_ITEM ( 'NONE', ( #175 ), #2232 ) ;
#4388 = VECTOR ( 'NONE', #6043, 1000.000000000000000 ) ;
#4389 = ORIENTED_EDGE ( 'NONE', *, *, #13271, .T. ) ;
#4390 = LINE ( 'NONE', #9334, #9347 ) ;
#4391 = EDGE_CURVE ( 'NONE', #4527, #7585, #10204, .T. ) ;
#4392 =( NAMED_UNIT ( * ) SI_UNIT ( $, .STERADIAN. ) SOLID_ANGLE_UNIT ( ) );
#4393 = VERTEX_POINT ( 'NONE', #7604 ) ;
#4394 = DIRECTION ( 'NONE',  ( -0.000000000000000000, -1.000000000000000000, -1.908195823574532611E-14 ) ) ;
#4395 = PRESENTATION_LAYER_ASSIGNMENT (  '', '', ( #987 ) ) ;
#4396 = CARTESIAN_POINT ( 'NONE',  ( 2.750000000000000888, -1.049999999999999156, -3.099999999999995204 ) ) ;
#4397 = EDGE_CURVE ( 'NONE', #7553, #3817, #5086, .T. ) ;
#4398 = CARTESIAN_POINT ( 'NONE',  ( 0.7499999999999993339, -2.199999999999997957, -1.499999999999996003 ) ) ;
#4399 = DIRECTION ( 'NONE',  ( 1.445602896647339163E-16, 0.000000000000000000, -1.000000000000000000 ) ) ;
#4400 = LINE ( 'NONE', #1268, #1706 ) ;
#4401 = EDGE_LOOP ( 'NONE', ( #7513, #7261, #3322, #1555 ) ) ;
#4402 = ORIENTED_EDGE ( 'NONE', *, *, #4972, .F. ) ;
#4403 = ORIENTED_EDGE ( 'NONE', *, *, #6807, .T. ) ;
#4404 = PRESENTATION_LAYER_ASSIGNMENT (  '', '', ( #7627 ) ) ;
#4405 = DIRECTION ( 'NONE',  ( -0.000000000000000000, 1.000000000000000000, 1.239088197126289831E-16 ) ) ;
#4406 = ORIENTED_EDGE ( 'NONE', *, *, #12977, .T. ) ;
#4407 = PRESENTATION_STYLE_ASSIGNMENT (( #961 ) ) ;
#4408 = DIRECTION ( 'NONE',  ( 1.000000000000000000, 8.673617379884032317E-15, -0.000000000000000000 ) ) ;
#4409 = STYLED_ITEM ( 'NONE', ( #7762 ), #12891 ) ;
#4410 = PRESENTATION_STYLE_ASSIGNMENT (( #7587 ) ) ;
#4411 = DIRECTION ( 'NONE',  ( 0.000000000000000000, -1.000000000000000000, 0.000000000000000000 ) ) ;
#4413 = VERTEX_POINT ( 'NONE', #4847 ) ;
#4412 = CIRCLE ( 'NONE', #11102, 0.1999999999999998723 ) ;
#4414 = ORIENTED_EDGE ( 'NONE', *, *, #618, .F. ) ;
#4415 =( LENGTH_UNIT ( ) NAMED_UNIT ( * ) SI_UNIT ( .MILLI., .METRE. ) );
#4416 = LINE ( 'NONE', #6438, #1722 ) ;
#4417 = DIRECTION ( 'NONE',  ( -1.000000000000000000, -0.000000000000000000, -0.000000000000000000 ) ) ;
#4418 = DIRECTION ( 'NONE',  ( -1.000000000000000000, -0.000000000000000000, -0.000000000000000000 ) ) ;
#4419 = ADVANCED_FACE ( 'NONE', ( #1394 ), #8750, .F. ) ;
#4420 = FILL_AREA_STYLE ('',( #5363 ) ) ;
#4421 = EDGE_CURVE ( 'NONE', #4015, #3501, #4254, .T. ) ;
#4422 = DIRECTION ( 'NONE',  ( 1.000000000000000000, 0.000000000000000000, -1.734723475976807094E-15 ) ) ;
#4423 = DIRECTION ( 'NONE',  ( -0.000000000000000000, -1.000000000000000000, -7.228014483236731463E-15 ) ) ;
#4424 = SURFACE_SIDE_STYLE ('',( #13301 ) ) ;
#4425 = ORIENTED_EDGE ( 'NONE', *, *, #7336, .T. ) ;
#4426 = VECTOR ( 'NONE', #11049, 1000.000000000000000 ) ;
#4427 = ORIENTED_EDGE ( 'NONE', *, *, #5156, .F. ) ;
#4428 = ORIENTED_EDGE ( 'NONE', *, *, #5032, .T. ) ;
#4429 = DIRECTION ( 'NONE',  ( 0.000000000000000000, -8.340016711426987336E-17, 1.000000000000000000 ) ) ;
#4430 = LINE ( 'NONE', #6353, #7182 ) ;
#4431 = VECTOR ( 'NONE', #5312, 1000.000000000000000 ) ;
#4432 = ADVANCED_FACE ( 'NONE', ( #2654 ), #1671, .F. ) ;
#4433 = MECHANICAL_DESIGN_GEOMETRIC_PRESENTATION_REPRESENTATION (  '', ( #12944 ), #294 ) ;
#4434 = VECTOR ( 'NONE', #4653, 1000.000000000000000 ) ;
#4435 = DIRECTION ( 'NONE',  ( -1.000000000000000000, -0.000000000000000000, -0.000000000000000000 ) ) ;
#4436 = CARTESIAN_POINT ( 'NONE',  ( 0.3489422312082006705, -1.039999999999999147, 2.413550568363382443 ) ) ;
#4437 = EDGE_CURVE ( 'NONE', #10755, #9983, #221, .T. ) ;
#4438 = UNCERTAINTY_MEASURE_WITH_UNIT (LENGTH_MEASURE( 1.000000000000000082E-05 ), #227, 'distance_accuracy_value', 'NONE');
#4439 = VECTOR ( 'NONE', #1739, 1000.000000000000000 ) ;
#4440 = ORIENTED_EDGE ( 'NONE', *, *, #12325, .T. ) ;
#4441 = SURFACE_SIDE_STYLE ('',( #179 ) ) ;
#4442 = ORIENTED_EDGE ( 'NONE', *, *, #7508, .F. ) ;
#4443 = DIRECTION ( 'NONE',  ( 0.000000000000000000, 0.000000000000000000, -1.000000000000000000 ) ) ;
#4444 = FACE_OUTER_BOUND ( 'NONE', #1950, .T. ) ;
#4445 =( NAMED_UNIT ( * ) PLANE_ANGLE_UNIT ( ) SI_UNIT ( $, .RADIAN. ) );
#4446 = VECTOR ( 'NONE', #7731, 1000.000000000000000 ) ;
#4447 = FILL_AREA_STYLE_COLOUR ( '', #12298 ) ;
#4448 = DIRECTION ( 'NONE',  ( -1.000000000000000000, 0.000000000000000000, 0.000000000000000000 ) ) ;
#4449 = STYLED_ITEM ( 'NONE', ( #6358 ), #8960 ) ;
#4450 = DIRECTION ( 'NONE',  ( 0.000000000000000000, 0.000000000000000000, 1.000000000000000000 ) ) ;
#4451 = FACE_OUTER_BOUND ( 'NONE', #9519, .T. ) ;
#4452 = DIRECTION ( 'NONE',  ( 0.000000000000000000, 0.000000000000000000, -1.000000000000000000 ) ) ;
#4453 =( GEOMETRIC_REPRESENTATION_CONTEXT ( 3 ) GLOBAL_UNCERTAINTY_ASSIGNED_CONTEXT ( ( #10306 ) ) GLOBAL_UNIT_ASSIGNED_CONTEXT ( ( #7568, #8548, #8497 ) ) REPRESENTATION_CONTEXT ( 'NONE', 'WORKASPACE' ) );
#4454 =( GEOMETRIC_REPRESENTATION_CONTEXT ( 3 ) GLOBAL_UNCERTAINTY_ASSIGNED_CONTEXT ( ( #8195 ) ) GLOBAL_UNIT_ASSIGNED_CONTEXT ( ( #1426, #6567, #7621 ) ) REPRESENTATION_CONTEXT ( 'NONE', 'WORKASPACE' ) );
#4455 = VECTOR ( 'NONE', #12845, 1000.000000000000000 ) ;
#4456 = UNCERTAINTY_MEASURE_WITH_UNIT (LENGTH_MEASURE( 1.000000000000000082E-05 ), #4173, 'distance_accuracy_value', 'NONE');
#4457 = COLOUR_RGB ( '',0.1098039215686274495, 0.1098039215686274495, 0.1098039215686274495 ) ;
#4458 = ORIENTED_EDGE ( 'NONE', *, *, #8619, .F. ) ;
#4459 = SURFACE_SIDE_STYLE ('',( #8973 ) ) ;
#4460 = DIRECTION ( 'NONE',  ( 1.734723475976807094E-15, -1.239088197126289831E-16, 1.000000000000000000 ) ) ;
#4461 = CARTESIAN_POINT ( 'NONE',  ( 0.1505370182870021944, -1.039999999999999147, 2.586871583535974572 ) ) ;
#4462 = CARTESIAN_POINT ( 'NONE',  ( 0.7499999999999992228, -2.199999999999997957, 4.036762042207656601E-15 ) ) ;
#4463 = CIRCLE ( 'NONE', #7907, 0.002999999999999964501 ) ;
#4464 = PLANE ( 'NONE',  #6551 ) ;
#4465 = DIRECTION ( 'NONE',  ( 0.000000000000000000, -0.9590177080589008529, 0.2833461410174008543 ) ) ;
#4466 = CARTESIAN_POINT ( 'NONE',  ( -1.500000000000000000, -0.8480000000000001981, -3.774999999999995914 ) ) ;
#4467 = PRESENTATION_STYLE_ASSIGNMENT (( #1822 ) ) ;
#4468 = ORIENTED_EDGE ( 'NONE', *, *, #8723, .T. ) ;
#4469 = FILL_AREA_STYLE ('',( #8701 ) ) ;
#4470 = FILL_AREA_STYLE ('',( #2339 ) ) ;
#4471 = CARTESIAN_POINT ( 'NONE',  ( 0.000000000000000000, 0.000000000000000000, 0.000000000000000000 ) ) ;
#4472 = LINE ( 'NONE', #6608, #11854 ) ;
#4473 = FACE_OUTER_BOUND ( 'NONE', #2749, .T. ) ;
#4474 = EDGE_CURVE ( 'NONE', #9575, #11659, #8918, .T. ) ;
#4475 = VECTOR ( 'NONE', #3089, 1000.000000000000000 ) ;
#4476 = ORIENTED_EDGE ( 'NONE', *, *, #964, .T. ) ;
#4477 = DIRECTION ( 'NONE',  ( 0.000000000000000000, -1.000000000000000000, 0.000000000000000000 ) ) ;
#4478 = AXIS2_PLACEMENT_3D ( 'NONE', #9948, #3808, #7961 ) ;
#4479 = PRESENTATION_LAYER_ASSIGNMENT (  '', '', ( #8700 ) ) ;
#4480 =( NAMED_UNIT ( * ) SI_UNIT ( $, .STERADIAN. ) SOLID_ANGLE_UNIT ( ) );
#4481 = LINE ( 'NONE', #5824, #3839 ) ;
#4482 = ORIENTED_EDGE ( 'NONE', *, *, #7601, .T. ) ;
#4483 = EDGE_CURVE ( 'NONE', #11020, #13083, #5525, .T. ) ;
#4484 = FACE_OUTER_BOUND ( 'NONE', #4329, .T. ) ;
#4485 = FILL_AREA_STYLE ('',( #8629 ) ) ;
#4486 = ORIENTED_EDGE ( 'NONE', *, *, #4894, .T. ) ;
#4487 = DIRECTION ( 'NONE',  ( -0.000000000000000000, -1.267091005808300275E-15, 1.000000000000000000 ) ) ;
#4488 = ORIENTED_EDGE ( 'NONE', *, *, #5545, .F. ) ;
#4489 = CARTESIAN_POINT ( 'NONE',  ( -1.500000000000000000, -0.8480000000000001981, 3.774999999999989697 ) ) ;
#4490 = STYLED_ITEM ( 'NONE', ( #2067 ), #7069 ) ;
#4491 = AXIS2_PLACEMENT_3D ( 'NONE', #1132, #12376, #8315 ) ;
#4492 = EDGE_CURVE ( 'NONE', #5988, #10471, #8600, .T. ) ;
#4493 = ADVANCED_FACE ( 'NONE', ( #12130, #11640 ), #6848, .T. ) ;
#4494 = CARTESIAN_POINT ( 'NONE',  ( 2.449999999999984190, -0.6000000000000094147, -0.6577350269189666809 ) ) ;
#4495 = SURFACE_SIDE_STYLE ('',( #2395 ) ) ;
#4496 =( LENGTH_UNIT ( ) NAMED_UNIT ( * ) SI_UNIT ( .MILLI., .METRE. ) );
#4497 = ORIENTED_EDGE ( 'NONE', *, *, #12498, .F. ) ;
#4498 = CARTESIAN_POINT ( 'NONE',  ( 1.250000000000084599, 0.8499999999999995337, 2.250000000000007105 ) ) ;
#4499 = AXIS2_PLACEMENT_3D ( 'NONE', #10597, #5430, #8378 ) ;
#4500 = FACE_OUTER_BOUND ( 'NONE', #3610, .T. ) ;
#4501 = COLOUR_RGB ( '',1.000000000000000000, 1.000000000000000000, 1.000000000000000000 ) ;
#4502 = ORIENTED_EDGE ( 'NONE', *, *, #1325, .F. ) ;
#4503 = EDGE_CURVE ( 'NONE', #1500, #10900, #3933, .T. ) ;
#4504 = FILL_AREA_STYLE_COLOUR ( '', #9598 ) ;
#4505 = SURFACE_STYLE_FILL_AREA ( #8813 ) ;
#4506 = ADVANCED_FACE ( 'NONE', ( #8283 ), #12059, .T. ) ;
#4507 = FILL_AREA_STYLE ('',( #12627 ) ) ;
#4508 = CARTESIAN_POINT ( 'NONE',  ( -0.2499999999999572842, 0.8499999999999997558, 0.2500000000000037748 ) ) ;
#4509 = CARTESIAN_POINT ( 'NONE',  ( -1.249999999999999112, 1.050000000000000044, -2.750000000000000000 ) ) ;
#4510 = VERTEX_POINT ( 'NONE', #9055 ) ;
#4511 = VERTEX_POINT ( 'NONE', #7950 ) ;
#4512 = FACE_OUTER_BOUND ( 'NONE', #259, .T. ) ;
#4513 = COLOUR_RGB ( '',0.6941176470588235059, 0.09803921568627450844, 0.09803921568627450844 ) ;
#4514 = VERTEX_POINT ( 'NONE', #2826 ) ;
#4515 = CARTESIAN_POINT ( 'NONE',  ( 2.749999999999980460, -0.6000000000000094147, 0.3041451884327325272 ) ) ;
#4516 = STYLED_ITEM ( 'NONE', ( #7673 ), #7363 ) ;
#4517 = DIRECTION ( 'NONE',  ( -1.000000000000000000, 0.000000000000000000, -0.000000000000000000 ) ) ;
#4518 = VECTOR ( 'NONE', #6771, 1000.000000000000000 ) ;
#4519 = CARTESIAN_POINT ( 'NONE',  ( 2.750000000000000000, -0.8499999999999978684, 3.100000000000001421 ) ) ;
#4520 = PRESENTATION_LAYER_ASSIGNMENT (  '', '', ( #837 ) ) ;
#4521 = VERTEX_POINT ( 'NONE', #5912 ) ;
#4522 = DIRECTION ( 'NONE',  ( 0.000000000000000000, 0.000000000000000000, 1.000000000000000000 ) ) ;
#4523 = SURFACE_STYLE_FILL_AREA ( #9869 ) ;
#4524 = EDGE_CURVE ( 'NONE', #148, #1424, #11484, .T. ) ;
#4525 =( LENGTH_UNIT ( ) NAMED_UNIT ( * ) SI_UNIT ( .MILLI., .METRE. ) );
#4526 = LINE ( 'NONE', #1272, #1832 ) ;
#4527 = VERTEX_POINT ( 'NONE', #6949 ) ;
#4528 = COLOUR_RGB ( '',1.000000000000000000, 1.000000000000000000, 1.000000000000000000 ) ;
#4529 = DIRECTION ( 'NONE',  ( 1.000000000000000000, 0.000000000000000000, -1.734723475976807094E-15 ) ) ;
#4530 = CARTESIAN_POINT ( 'NONE',  ( 2.550000000000000266, -0.1499999999999995226, -0.8309401076758494709 ) ) ;
#4531 =( GEOMETRIC_REPRESENTATION_CONTEXT ( 3 ) GLOBAL_UNCERTAINTY_ASSIGNED_CONTEXT ( ( #1190 ) ) GLOBAL_UNIT_ASSIGNED_CONTEXT ( ( #5121, #8139, #9101 ) ) REPRESENTATION_CONTEXT ( 'NONE', 'WORKASPACE' ) );
#4532 = FILL_AREA_STYLE ('',( #10729 ) ) ;
#4533 = PLANE ( 'NONE',  #6715 ) ;
#4534 = ORIENTED_EDGE ( 'NONE', *, *, #2268, .F. ) ;
#4535 = COLOUR_RGB ( '',1.000000000000000000, 1.000000000000000000, 1.000000000000000000 ) ;
#4536 = FILL_AREA_STYLE_COLOUR ( '', #12508 ) ;
#4537 = UNCERTAINTY_MEASURE_WITH_UNIT (LENGTH_MEASURE( 1.000000000000000082E-05 ), #11487, 'distance_accuracy_value', 'NONE');
#4538 = DIRECTION ( 'NONE',  ( 1.000000000000000000, 0.000000000000000000, -0.000000000000000000 ) ) ;
#4539 = EDGE_LOOP ( 'NONE', ( #6901, #7125, #2658, #7976 ) ) ;
#4540 = MANIFOLD_SOLID_BREP ( 'Boss-Extrude12[2]', #1993 ) ;
#4541 = LINE ( 'NONE', #11424, #9500 ) ;
#4542 = VERTEX_POINT ( 'NONE', #4892 ) ;
#4543 = PRESENTATION_LAYER_ASSIGNMENT (  '', '', ( #9596 ) ) ;
#4544 =( NAMED_UNIT ( * ) PLANE_ANGLE_UNIT ( ) SI_UNIT ( $, .RADIAN. ) );
#4545 = ORIENTED_EDGE ( 'NONE', *, *, #8943, .F. ) ;
#4546 =( LENGTH_UNIT ( ) NAMED_UNIT ( * ) SI_UNIT ( .MILLI., .METRE. ) );
#4547 = CARTESIAN_POINT ( 'NONE',  ( -2.752999999999998781, 2.050000000000049116, 2.200000000000000178 ) ) ;
#4548 = COLOUR_RGB ( '',1.000000000000000000, 1.000000000000000000, 1.000000000000000000 ) ;
#4549 = CARTESIAN_POINT ( 'NONE',  ( -0.6555158172688070328, -1.039999999999999147, 2.413550568363380666 ) ) ;
#4550 = ORIENTED_EDGE ( 'NONE', *, *, #4503, .T. ) ;
#4551 =( NAMED_UNIT ( * ) SI_UNIT ( $, .STERADIAN. ) SOLID_ANGLE_UNIT ( ) );
#4552 =( NAMED_UNIT ( * ) SI_UNIT ( $, .STERADIAN. ) SOLID_ANGLE_UNIT ( ) );
#4553 = EDGE_CURVE ( 'NONE', #9875, #626, #12116, .T. ) ;
#4554 = EDGE_LOOP ( 'NONE', ( #11057, #11475, #7236, #9094 ) ) ;
#4555 = CARTESIAN_POINT ( 'NONE',  ( -2.399999999999999911, 0.3000000000000020983, 3.100000000000001421 ) ) ;
#4556 = CARTESIAN_POINT ( 'NONE',  ( 2.552999999999983949, 2.050000000000049560, -2.799999999999999822 ) ) ;
#4557 = ADVANCED_FACE ( 'NONE', ( #6348 ), #205, .F. ) ;
#4558 = AXIS2_PLACEMENT_3D ( 'NONE', #2478, #4381, #5415 ) ;
#4559 = PRESENTATION_LAYER_ASSIGNMENT (  '', '', ( #3191 ) ) ;
#4560 = CARTESIAN_POINT ( 'NONE',  ( 2.649999999999982592, -0.6000000000000094147, -0.2154700538379264729 ) ) ;
#4561 = CARTESIAN_POINT ( 'NONE',  ( -2.549999999999983835, -0.1499999999999995226, 0.04226497308104060213 ) ) ;
#4562 = ORIENTED_EDGE ( 'NONE', *, *, #12570, .T. ) ;
#4563 = EDGE_CURVE ( 'NONE', #1061, #7815, #11793, .T. ) ;
#4564 = LINE ( 'NONE', #2048, #9518 ) ;
#4565 = VECTOR ( 'NONE', #5650, 1000.000000000000000 ) ;
#4566 =( NAMED_UNIT ( * ) SI_UNIT ( $, .STERADIAN. ) SOLID_ANGLE_UNIT ( ) );
#4567 = DIRECTION ( 'NONE',  ( 0.000000000000000000, 1.000000000000000000, 0.000000000000000000 ) ) ;
#4568 = PRESENTATION_STYLE_ASSIGNMENT (( #1242 ) ) ;
#4569 = MECHANICAL_DESIGN_GEOMETRIC_PRESENTATION_REPRESENTATION (  '', ( #4312 ), #8710 ) ;
#4570 = DIRECTION ( 'NONE',  ( 0.9701425001453319874, -0.2425356250363329969, 0.000000000000000000 ) ) ;
#4571 = ORIENTED_EDGE ( 'NONE', *, *, #6452, .F. ) ;
#4572 = SURFACE_SIDE_STYLE ('',( #1130 ) ) ;
#4573 = VECTOR ( 'NONE', #1998, 1000.000000000000000 ) ;
#4574 = AXIS2_PLACEMENT_3D ( 'NONE', #12836, #9693, #7759 ) ;
#4575 = VECTOR ( 'NONE', #11146, 1000.000000000000000 ) ;
#4576 = ADVANCED_FACE ( 'NONE', ( #9069 ), #6802, .T. ) ;
#4577 = DIRECTION ( 'NONE',  ( 1.000000000000000000, 0.000000000000000000, 0.000000000000000000 ) ) ;
#4578 =( LENGTH_UNIT ( ) NAMED_UNIT ( * ) SI_UNIT ( .MILLI., .METRE. ) );
#4579 = VECTOR ( 'NONE', #9664, 1000.000000000000000 ) ;
#4580 = EDGE_LOOP ( 'NONE', ( #5221, #13278, #12310, #1481, #8176, #6350, #6441, #2033, #13231, #9327, #9250, #3693, #2626 ) ) ;
#4581 = COLOUR_RGB ( '',1.000000000000000000, 1.000000000000000000, 1.000000000000000000 ) ;
#4582 =( NAMED_UNIT ( * ) SI_UNIT ( $, .STERADIAN. ) SOLID_ANGLE_UNIT ( ) );
#4583 =( GEOMETRIC_REPRESENTATION_CONTEXT ( 3 ) GLOBAL_UNCERTAINTY_ASSIGNED_CONTEXT ( ( #7436 ) ) GLOBAL_UNIT_ASSIGNED_CONTEXT ( ( #10652, #3485, #9605 ) ) REPRESENTATION_CONTEXT ( 'NONE', 'WORKASPACE' ) );
#4584 = MECHANICAL_DESIGN_GEOMETRIC_PRESENTATION_REPRESENTATION (  '', ( #6404 ), #6904 ) ;
#4585 = ORIENTED_EDGE ( 'NONE', *, *, #8773, .T. ) ;
#4586 = LINE ( 'NONE', #12177, #12918 ) ;
#4587 =( NAMED_UNIT ( * ) SI_UNIT ( $, .STERADIAN. ) SOLID_ANGLE_UNIT ( ) );
#4588 = EDGE_CURVE ( 'NONE', #616, #4810, #7809, .T. ) ;
#4589 = DIRECTION ( 'NONE',  ( 0.000000000000000000, 0.000000000000000000, 1.000000000000000000 ) ) ;
#4590 = CARTESIAN_POINT ( 'NONE',  ( 2.399999999999999911, -0.8499999999999978684, 3.100000000000001421 ) ) ;
#4591 = ORIENTED_EDGE ( 'NONE', *, *, #3515, .T. ) ;
#4592 = SURFACE_STYLE_FILL_AREA ( #12701 ) ;
#4593 = CARTESIAN_POINT ( 'NONE',  ( 1.750000000000032196, 0.8499999999999997558, -0.2499999999999966416 ) ) ;
#4594 = PRESENTATION_LAYER_ASSIGNMENT (  '', '', ( #9474 ) ) ;
#4595 = LINE ( 'NONE', #12565, #11505 ) ;
#4596 = ORIENTED_EDGE ( 'NONE', *, *, #3133, .T. ) ;
#4597 = PRESENTATION_LAYER_ASSIGNMENT (  '', '', ( #4490 ) ) ;
#4598 = PLANE ( 'NONE',  #12362 ) ;
#4599 = AXIS2_PLACEMENT_3D ( 'NONE', #8319, #6335, #7281 ) ;
#4600 = CARTESIAN_POINT ( 'NONE',  ( 2.750000000000000000, -0.8499999999999978684, 3.100000000000001421 ) ) ;
#4601 =( NAMED_UNIT ( * ) SI_UNIT ( $, .STERADIAN. ) SOLID_ANGLE_UNIT ( ) );
#4602 = FILL_AREA_STYLE ('',( #11739 ) ) ;
#4603 = SURFACE_STYLE_USAGE ( .BOTH. , #10756 ) ;
#4605 = FILL_AREA_STYLE_COLOUR ( '', #7311 ) ;
#4604 = DIRECTION ( 'NONE',  ( 0.000000000000000000, 0.000000000000000000, -1.000000000000000000 ) ) ;
#4606 = CARTESIAN_POINT ( 'NONE',  ( 2.750000000000000000, -1.050000000000000044, -3.500000000000000000 ) ) ;
#4607 = COLOUR_RGB ( '',0.1098039215686274495, 0.1098039215686274495, 0.1098039215686274495 ) ;
#4608 = ORIENTED_EDGE ( 'NONE', *, *, #13107, .T. ) ;
#4609 = EDGE_CURVE ( 'NONE', #1122, #6990, #5060, .T. ) ;
#4610 = VERTEX_POINT ( 'NONE', #10185 ) ;
#4611 = CARTESIAN_POINT ( 'NONE',  ( -2.750000000000000000, -0.04999999999999915623, 2.625000000000001776 ) ) ;
#4612 = DIRECTION ( 'NONE',  ( 0.000000000000000000, 0.000000000000000000, -1.000000000000000000 ) ) ;
#4613 =( NAMED_UNIT ( * ) PLANE_ANGLE_UNIT ( ) SI_UNIT ( $, .RADIAN. ) );
#4614 = DIRECTION ( 'NONE',  ( -1.000000000000000000, -0.000000000000000000, 1.734723475976807094E-15 ) ) ;
#4615 = MECHANICAL_DESIGN_GEOMETRIC_PRESENTATION_REPRESENTATION (  '', ( #2739 ), #6261 ) ;
#4616 = ORIENTED_EDGE ( 'NONE', *, *, #2062, .F. ) ;
#4617 = FILL_AREA_STYLE ('',( #10770 ) ) ;
#4618 = UNCERTAINTY_MEASURE_WITH_UNIT (LENGTH_MEASURE( 1.000000000000000082E-05 ), #9670, 'distance_accuracy_value', 'NONE');
#4619 = VERTEX_POINT ( 'NONE', #7425 ) ;
#4620 = FACE_OUTER_BOUND ( 'NONE', #6032, .T. ) ;
#4621 = LINE ( 'NONE', #9928, #12500 ) ;
#4622 = ORIENTED_EDGE ( 'NONE', *, *, #3331, .T. ) ;
#4623 = SURFACE_SIDE_STYLE ('',( #6429 ) ) ;
#4624 =( GEOMETRIC_REPRESENTATION_CONTEXT ( 3 ) GLOBAL_UNCERTAINTY_ASSIGNED_CONTEXT ( ( #5793 ) ) GLOBAL_UNIT_ASSIGNED_CONTEXT ( ( #7831, #1672, #5416 ) ) REPRESENTATION_CONTEXT ( 'NONE', 'WORKASPACE' ) );
#4625 = DIRECTION ( 'NONE',  ( -0.000000000000000000, 1.000000000000000000, 4.565061778886370529E-16 ) ) ;
#4626 = CARTESIAN_POINT ( 'NONE',  ( -2.400000000000000355, 0.3000000000000023204, -3.099999999999995648 ) ) ;
#4627 = EDGE_CURVE ( 'NONE', #10105, #8012, #4564, .T. ) ;
#4628 = LINE ( 'NONE', #10038, #6550 ) ;
#4629 = ADVANCED_FACE ( 'NONE', ( #13221 ), #1368, .F. ) ;
#4630 = PRESENTATION_STYLE_ASSIGNMENT (( #6417 ) ) ;
#4631 = VERTEX_POINT ( 'NONE', #8449 ) ;
#4632 = DIRECTION ( 'NONE',  ( -1.000000000000000000, -0.000000000000000000, 1.734723475976807094E-15 ) ) ;
#4633 = CIRCLE ( 'NONE', #2186, 0.002999999999999964501 ) ;
#4634 = LINE ( 'NONE', #10687, #1930 ) ;
#4635 = ORIENTED_EDGE ( 'NONE', *, *, #713, .F. ) ;
#4636 = FACE_OUTER_BOUND ( 'NONE', #3172, .T. ) ;
#4637 = LINE ( 'NONE', #11860, #4793 ) ;
#4638 = UNCERTAINTY_MEASURE_WITH_UNIT (LENGTH_MEASURE( 1.000000000000000082E-05 ), #10282, 'distance_accuracy_value', 'NONE');
#4639 = EDGE_LOOP ( 'NONE', ( #12005, #7768, #4177, #4019 ) ) ;
#4640 = MECHANICAL_DESIGN_GEOMETRIC_PRESENTATION_REPRESENTATION (  '', ( #7407 ), #12462 ) ;
#4641 = PLANE ( 'NONE',  #2629 ) ;
#4642 = PRESENTATION_LAYER_ASSIGNMENT (  '', '', ( #3952 ) ) ;
#4643 =( GEOMETRIC_REPRESENTATION_CONTEXT ( 3 ) GLOBAL_UNCERTAINTY_ASSIGNED_CONTEXT ( ( #9009 ) ) GLOBAL_UNIT_ASSIGNED_CONTEXT ( ( #9915, #2797, #13103 ) ) REPRESENTATION_CONTEXT ( 'NONE', 'WORKASPACE' ) );
#4644 = ORIENTED_EDGE ( 'NONE', *, *, #9645, .F. ) ;
#4645 = ADVANCED_FACE ( 'NONE', ( #10658 ), #12608, .F. ) ;
#4646 = CARTESIAN_POINT ( 'NONE',  ( 0.3148065801894597837, -1.039999999999999147, 2.864768817329525152 ) ) ;
#4647 = VECTOR ( 'NONE', #6597, 1000.000000000000000 ) ;
#4648 = VERTEX_POINT ( 'NONE', #1054 ) ;
#4649 = DIRECTION ( 'NONE',  ( -1.000000000000000000, -0.000000000000000000, -0.000000000000000000 ) ) ;
#4650 = SURFACE_STYLE_FILL_AREA ( #11807 ) ;
#4651 = SURFACE_STYLE_FILL_AREA ( #2964 ) ;
#4652 = ORIENTED_EDGE ( 'NONE', *, *, #6619, .F. ) ;
#4653 = DIRECTION ( 'NONE',  ( -0.000000000000000000, -1.000000000000000000, -4.663235150475286828E-17 ) ) ;
#4654 = SURFACE_STYLE_USAGE ( .BOTH. , #416 ) ;
#4655 = CARTESIAN_POINT ( 'NONE',  ( 2.549999999999991385, 1.027999999999999359, 2.799999999999999822 ) ) ;
#4656 = CARTESIAN_POINT ( 'NONE',  ( 2.550000000000000266, -0.5499999999999997113, -2.600000000000006750 ) ) ;
#4657 = SURFACE_SIDE_STYLE ('',( #3372 ) ) ;
#4658 = PRESENTATION_LAYER_ASSIGNMENT (  '', '', ( #12894 ) ) ;
#4659 = LINE ( 'NONE', #4001, #307 ) ;
#4660 = ORIENTED_EDGE ( 'NONE', *, *, #1753, .F. ) ;
#4661 = EDGE_CURVE ( 'NONE', #107, #5304, #361, .T. ) ;
#4662 = ORIENTED_EDGE ( 'NONE', *, *, #7971, .T. ) ;
#4663 = ORIENTED_EDGE ( 'NONE', *, *, #1395, .F. ) ;
#4664 = CARTESIAN_POINT ( 'NONE',  ( 0.2600353775548658875, -1.049999999999999156, 3.124166730570996364 ) ) ;
#4665 =( GEOMETRIC_REPRESENTATION_CONTEXT ( 3 ) GLOBAL_UNCERTAINTY_ASSIGNED_CONTEXT ( ( #8007 ) ) GLOBAL_UNIT_ASSIGNED_CONTEXT ( ( #1179, #8400, #9444 ) ) REPRESENTATION_CONTEXT ( 'NONE', 'WORKASPACE' ) );
#4666 = DIRECTION ( 'NONE',  ( 0.000000000000000000, 0.000000000000000000, -1.000000000000000000 ) ) ;
#4667 = LINE ( 'NONE', #12214, #5459 ) ;
#4668 =( NAMED_UNIT ( * ) PLANE_ANGLE_UNIT ( ) SI_UNIT ( $, .RADIAN. ) );
#4669 = EDGE_CURVE ( 'NONE', #5485, #5501, #11328, .T. ) ;
#4670 = DIRECTION ( 'NONE',  ( 4.336808689942013792E-16, -4.336808689942013792E-16, 1.000000000000000000 ) ) ;
#4671 = VERTEX_POINT ( 'NONE', #12822 ) ;
#4672 = VECTOR ( 'NONE', #7687, 1000.000000000000000 ) ;
#4673 = DIRECTION ( 'NONE',  ( 0.000000000000000000, -0.000000000000000000, -1.000000000000000000 ) ) ;
#4674 = DIRECTION ( 'NONE',  ( 0.000000000000000000, 0.000000000000000000, 1.000000000000000000 ) ) ;
#4675 = VECTOR ( 'NONE', #3102, 1000.000000000000000 ) ;
#4676 = PRESENTATION_LAYER_ASSIGNMENT (  '', '', ( #11983 ) ) ;
#4677 = LINE ( 'NONE', #520, #5167 ) ;
#4678 = EDGE_LOOP ( 'NONE', ( #8204, #9354, #4216, #12457 ) ) ;
#4679 = DIRECTION ( 'NONE',  ( 1.000000000000000000, -0.000000000000000000, -0.000000000000000000 ) ) ;
#4680 =( NAMED_UNIT ( * ) SI_UNIT ( $, .STERADIAN. ) SOLID_ANGLE_UNIT ( ) );
#4681 =( LENGTH_UNIT ( ) NAMED_UNIT ( * ) SI_UNIT ( .MILLI., .METRE. ) );
#4682 = COLOUR_RGB ( '',0.1098039215686274495, 0.1098039215686274495, 0.1098039215686274495 ) ;
#4683 = CARTESIAN_POINT ( 'NONE',  ( 2.549999999999993161, 0.8249999999999992895, 2.200000000000000178 ) ) ;
#4684 = STYLED_ITEM ( 'NONE', ( #10548 ), #12529 ) ;
#4685 = ORIENTED_EDGE ( 'NONE', *, *, #3379, .T. ) ;
#4686 = VECTOR ( 'NONE', #13153, 1000.000000000000000 ) ;
#4687 = PRESENTATION_STYLE_ASSIGNMENT (( #7374 ) ) ;
#4688 = VERTEX_POINT ( 'NONE', #3502 ) ;
#4689 = PRESENTATION_STYLE_ASSIGNMENT (( #8367 ) ) ;
#4690 = FILL_AREA_STYLE_COLOUR ( '', #6213 ) ;
#4691 = CARTESIAN_POINT ( 'NONE',  ( 2.550000000000000266, -1.049999999999999156, -2.600000000000010303 ) ) ;
#4692 = CARTESIAN_POINT ( 'NONE',  ( -2.750000000000014655, -0.8499999999999976463, -3.099999999999995648 ) ) ;
#4693 = ADVANCED_FACE ( 'NONE', ( #12427 ), #9632, .F. ) ;
#4694 = MECHANICAL_DESIGN_GEOMETRIC_PRESENTATION_REPRESENTATION (  '', ( #2476 ), #7019 ) ;
#4695 = CARTESIAN_POINT ( 'NONE',  ( 1.750000000000032196, 1.049999999999999822, -0.2499999999999966416 ) ) ;
#4696 = SURFACE_SIDE_STYLE ('',( #13172 ) ) ;
#4697 = FACE_BOUND ( 'NONE', #6721, .T. ) ;
#4698 =( LENGTH_UNIT ( ) NAMED_UNIT ( * ) SI_UNIT ( .MILLI., .METRE. ) );
#4699 = ORIENTED_EDGE ( 'NONE', *, *, #9734, .F. ) ;
#4700 = VECTOR ( 'NONE', #1009, 1000.000000000000000 ) ;
#4701 = ORIENTED_EDGE ( 'NONE', *, *, #10640, .F. ) ;
#4702 = PRESENTATION_LAYER_ASSIGNMENT (  '', '', ( #5701 ) ) ;
#4703 =( LENGTH_UNIT ( ) NAMED_UNIT ( * ) SI_UNIT ( .MILLI., .METRE. ) );
#4704 = CARTESIAN_POINT ( 'NONE',  ( -0.7500000000000006661, -0.6999999999999977351, -1.499999999999996003 ) ) ;
#4705 = EDGE_CURVE ( 'NONE', #4045, #11133, #5760, .T. ) ;
#4706 = DIRECTION ( 'NONE',  ( 0.5512217136918299287, 0.000000000000000000, 0.8343588091190996536 ) ) ;
#4707 = DIRECTION ( 'NONE',  ( -1.000000000000000000, 0.000000000000000000, 0.000000000000000000 ) ) ;
#4708 = PRODUCT_DEFINITION_SHAPE ( 'NONE', 'NONE',  #3831 ) ;
#4709 = UNCERTAINTY_MEASURE_WITH_UNIT (LENGTH_MEASURE( 1.000000000000000082E-05 ), #11765, 'distance_accuracy_value', 'NONE');
#4710 = ADVANCED_FACE ( 'NONE', ( #8363 ), #432, .F. ) ;
#4711 = DIRECTION ( 'NONE',  ( -0.000000000000000000, -0.000000000000000000, -1.000000000000000000 ) ) ;
#4712 = SURFACE_STYLE_FILL_AREA ( #11150 ) ;
#4713 = ORIENTED_EDGE ( 'NONE', *, *, #12320, .T. ) ;
#4714 = ORIENTED_EDGE ( 'NONE', *, *, #5084, .T. ) ;
#4715 = AXIS2_PLACEMENT_3D ( 'NONE', #3663, #9931, #10847 ) ;
#4716 = DIRECTION ( 'NONE',  ( 0.8631026059316683208, 0.000000000000000000, -0.5050286047680500046 ) ) ;
#4717 = DIRECTION ( 'NONE',  ( -0.2425356250363329969, 0.9701425001453319874, 0.000000000000000000 ) ) ;
#4718 = DIRECTION ( 'NONE',  ( -1.734723475976807094E-15, 1.239088197126289831E-16, -1.000000000000000000 ) ) ;
#4719 = CARTESIAN_POINT ( 'NONE',  ( -2.750000000000014655, -1.049999999999999156, -3.099999999999995648 ) ) ;
#4720 = FILL_AREA_STYLE_COLOUR ( '', #1072 ) ;
#4721 = VECTOR ( 'NONE', #5155, 1000.000000000000000 ) ;
#4722 = PRESENTATION_LAYER_ASSIGNMENT (  '', '', ( #11184 ) ) ;
#4723 = EDGE_LOOP ( 'NONE', ( #8685, #11482, #2924, #3300 ) ) ;
#4724 = DIRECTION ( 'NONE',  ( -0.000000000000000000, -0.000000000000000000, 1.000000000000000000 ) ) ;
#4725 = VECTOR ( 'NONE', #1513, 1000.000000000000114 ) ;
#4726 = ORIENTED_EDGE ( 'NONE', *, *, #5751, .F. ) ;
#4727 = DIRECTION ( 'NONE',  ( 0.000000000000000000, 0.000000000000000000, 1.000000000000000000 ) ) ;
#4728 = CARTESIAN_POINT ( 'NONE',  ( 2.499999999999993339, 0.8249999999999992895, 2.200000000000000178 ) ) ;
#4729 = CIRCLE ( 'NONE', #6210, 0.1999999999999957645 ) ;
#4730 = CARTESIAN_POINT ( 'NONE',  ( -2.750000000000000000, -0.8499999999999976463, -3.099999999999995648 ) ) ;
#4731 = CARTESIAN_POINT ( 'NONE',  ( 2.249999999999982681, -0.1499999999999995226, -0.2154700538379264729 ) ) ;
#4732 = EDGE_LOOP ( 'NONE', ( #4979, #5569, #6303, #4425 ) ) ;
#4733 = SURFACE_SIDE_STYLE ('',( #10397 ) ) ;
#4734 = EDGE_CURVE ( 'NONE', #11459, #11286, #2721, .T. ) ;
#4735 = VERTEX_POINT ( 'NONE', #3465 ) ;
#4736 = VERTEX_POINT ( 'NONE', #7607 ) ;
#4737 = DIRECTION ( 'NONE',  ( 1.000000000000000000, 0.000000000000000000, 0.000000000000000000 ) ) ;
#4738 = DIRECTION ( 'NONE',  ( -0.000000000000000000, -0.000000000000000000, -1.000000000000000000 ) ) ;
#4739 = DIRECTION ( 'NONE',  ( 0.000000000000000000, 1.000000000000000000, 0.000000000000000000 ) ) ;
#4740 = MECHANICAL_DESIGN_GEOMETRIC_PRESENTATION_REPRESENTATION (  '', ( #4046 ), #3622 ) ;
#4741 = STYLED_ITEM ( 'NONE', ( #903 ), #4506 ) ;
#4742 = SURFACE_STYLE_USAGE ( .BOTH. , #4696 ) ;
#4743 = SURFACE_SIDE_STYLE ('',( #59 ) ) ;
#4744 = ORIENTED_EDGE ( 'NONE', *, *, #6392, .T. ) ;
#4745 = LINE ( 'NONE', #9945, #11966 ) ;
#4746 = EDGE_CURVE ( 'NONE', #8469, #216, #3041, .T. ) ;
#4747 = VECTOR ( 'NONE', #8855, 1000.000000000000000 ) ;
#4748 = FACE_OUTER_BOUND ( 'NONE', #5369, .T. ) ;
#4749 = DIRECTION ( 'NONE',  ( 0.000000000000000000, -0.9590177080589005199, -0.2833461410174015205 ) ) ;
#4750 = CARTESIAN_POINT ( 'NONE',  ( -0.1541181613051111621, -1.049999999999999156, 2.413550568363382443 ) ) ;
#4752 = ORIENTED_EDGE ( 'NONE', *, *, #10823, .T. ) ;
#4751 = LINE ( 'NONE', #10627, #9708 ) ;
#4753 = ORIENTED_EDGE ( 'NONE', *, *, #8245, .F. ) ;
#4754 = MECHANICAL_DESIGN_GEOMETRIC_PRESENTATION_REPRESENTATION (  '', ( #7790 ), #10501 ) ;
#4755 = AXIS2_PLACEMENT_3D ( 'NONE', #929, #8024, #5054 ) ;
#4756 = CARTESIAN_POINT ( 'NONE',  ( 1.750000000000032196, 1.050000000000000044, -2.750000000000000000 ) ) ;
#4757 = EDGE_CURVE ( 'NONE', #10867, #13285, #622, .T. ) ;
#4758 = AXIS2_PLACEMENT_3D ( 'NONE', #5834, #13101, #12221 ) ;
#4759 = DIRECTION ( 'NONE',  ( 0.000000000000000000, -6.776263578034472970E-17, 1.000000000000000000 ) ) ;
#4760 = DIRECTION ( 'NONE',  ( -0.000000000000000000, 1.000000000000000000, 1.239088197126289831E-16 ) ) ;
#4761 = ORIENTED_EDGE ( 'NONE', *, *, #6987, .T. ) ;
#4762 = CARTESIAN_POINT ( 'NONE',  ( -1.749999999999999112, 1.050000000000000044, -2.249999999999999556 ) ) ;
#4763 = FACE_OUTER_BOUND ( 'NONE', #8410, .T. ) ;
#4764 =( NAMED_UNIT ( * ) PLANE_ANGLE_UNIT ( ) SI_UNIT ( $, .RADIAN. ) );
#4765 =( NAMED_UNIT ( * ) SI_UNIT ( $, .STERADIAN. ) SOLID_ANGLE_UNIT ( ) );
#4766 = PRESENTATION_LAYER_ASSIGNMENT (  '', '', ( #10341 ) ) ;
#4767 = ADVANCED_FACE ( 'NONE', ( #3209 ), #6268, .T. ) ;
#4768 = FACE_OUTER_BOUND ( 'NONE', #11174, .T. ) ;
#4769 = ORIENTED_EDGE ( 'NONE', *, *, #10717, .T. ) ;
#4770 = EDGE_CURVE ( 'NONE', #9031, #6111, #5141, .T. ) ;
#4771 = SURFACE_STYLE_FILL_AREA ( #10161 ) ;
#4772 = FILL_AREA_STYLE_COLOUR ( '', #147 ) ;
#4773 =( NAMED_UNIT ( * ) PLANE_ANGLE_UNIT ( ) SI_UNIT ( $, .RADIAN. ) );
#4774 = PLANE ( 'NONE',  #2297 ) ;
#4775 = PRESENTATION_LAYER_ASSIGNMENT (  '', '', ( #7978 ) ) ;
#4776 = DIRECTION ( 'NONE',  ( -1.000000000000000000, 0.000000000000000000, 0.000000000000000000 ) ) ;
#4777 = ORIENTED_EDGE ( 'NONE', *, *, #6233, .T. ) ;
#4778 = COLOUR_RGB ( '',0.1098039215686274495, 0.1098039215686274495, 0.1098039215686274495 ) ;
#4779 = PRESENTATION_STYLE_ASSIGNMENT (( #10799 ) ) ;
#4780 = ADVANCED_FACE ( 'NONE', ( #1301 ), #10996, .T. ) ;
#4781 =( LENGTH_UNIT ( ) NAMED_UNIT ( * ) SI_UNIT ( .MILLI., .METRE. ) );
#4782 = CARTESIAN_POINT ( 'NONE',  ( 1.250000000000032196, 1.049999999999999822, 0.2500000000000037748 ) ) ;
#4783 = CARTESIAN_POINT ( 'NONE',  ( 1.750000000000032196, 1.049999999999999822, -0.2499999999999966416 ) ) ;
#4784 = FILL_AREA_STYLE_COLOUR ( '', #11979 ) ;
#4785 =( NAMED_UNIT ( * ) SI_UNIT ( $, .STERADIAN. ) SOLID_ANGLE_UNIT ( ) );
#4786 = FILL_AREA_STYLE_COLOUR ( '', #5724 ) ;
#4787 = EDGE_CURVE ( 'NONE', #1235, #7395, #7205, .T. ) ;
#4788 = ORIENTED_EDGE ( 'NONE', *, *, #8462, .T. ) ;
#4789 = FILL_AREA_STYLE ('',( #10074 ) ) ;
#4790 = UNCERTAINTY_MEASURE_WITH_UNIT (LENGTH_MEASURE( 1.000000000000000082E-05 ), #1085, 'distance_accuracy_value', 'NONE');
#4791 = ORIENTED_EDGE ( 'NONE', *, *, #10412, .T. ) ;
#4792 = FACE_OUTER_BOUND ( 'NONE', #2914, .T. ) ;
#4793 = VECTOR ( 'NONE', #3780, 1000.000000000000000 ) ;
#4794 = VECTOR ( 'NONE', #11486, 1000.000000000000000 ) ;
#4795 = EDGE_LOOP ( 'NONE', ( #11818, #8736, #6486, #10789 ) ) ;
#4796 = FILL_AREA_STYLE_COLOUR ( '', #9017 ) ;
#4797 = SURFACE_STYLE_USAGE ( .BOTH. , #5781 ) ;
#4798 = MECHANICAL_DESIGN_GEOMETRIC_PRESENTATION_REPRESENTATION (  '', ( #1635 ), #13279 ) ;
#4799 = CARTESIAN_POINT ( 'NONE',  ( 2.649999999999983480, -0.6000000000000094147, -0.3113248654051880004 ) ) ;
#4800 = LINE ( 'NONE', #5122, #10421 ) ;
#4801 =( LENGTH_UNIT ( ) NAMED_UNIT ( * ) SI_UNIT ( .MILLI., .METRE. ) );
#4802 = LINE ( 'NONE', #11712, #10912 ) ;
#4803 =( GEOMETRIC_REPRESENTATION_CONTEXT ( 3 ) GLOBAL_UNCERTAINTY_ASSIGNED_CONTEXT ( ( #2442 ) ) GLOBAL_UNIT_ASSIGNED_CONTEXT ( ( #4276, #7449, #5319 ) ) REPRESENTATION_CONTEXT ( 'NONE', 'WORKASPACE' ) );
#4804 = FACE_OUTER_BOUND ( 'NONE', #7022, .T. ) ;
#4805 = PLANE ( 'NONE',  #2013 ) ;
#4806 = SURFACE_STYLE_FILL_AREA ( #12677 ) ;
#4807 = DIRECTION ( 'NONE',  ( 0.000000000000000000, -1.000000000000000000, 0.000000000000000000 ) ) ;
#4808 = LINE ( 'NONE', #11602, #12671 ) ;
#4809 = UNCERTAINTY_MEASURE_WITH_UNIT (LENGTH_MEASURE( 1.000000000000000082E-05 ), #12519, 'distance_accuracy_value', 'NONE');
#4810 = VERTEX_POINT ( 'NONE', #2690 ) ;
#4811 = PLANE ( 'NONE',  #8731 ) ;
#4812 = EDGE_CURVE ( 'NONE', #6173, #8464, #3341, .T. ) ;
#4813 = FILL_AREA_STYLE_COLOUR ( '', #5348 ) ;
#4814 = PLANE ( 'NONE',  #10836 ) ;
#4815 = CARTESIAN_POINT ( 'NONE',  ( 2.752999999999984571, 2.050000000000049560, 0.2999999999999999334 ) ) ;
#4816 = PRESENTATION_STYLE_ASSIGNMENT (( #5972 ) ) ;
#4817 = VERTEX_POINT ( 'NONE', #758 ) ;
#4818 = COLOUR_RGB ( '',1.000000000000000000, 1.000000000000000000, 1.000000000000000000 ) ;
#4819 = EDGE_CURVE ( 'NONE', #4514, #5047, #5294, .T. ) ;
#4820 = VECTOR ( 'NONE', #12725, 1000.000000000000000 ) ;
#4821 = ORIENTED_EDGE ( 'NONE', *, *, #10423, .T. ) ;
#4822 = FILL_AREA_STYLE_COLOUR ( '', #1734 ) ;
#4823 = EDGE_CURVE ( 'NONE', #8450, #12103, #5124, .T. ) ;
#4824 = CARTESIAN_POINT ( 'NONE',  ( 1.750000000000032196, 1.050000000000000044, -2.750000000000000000 ) ) ;
#4825 = PRESENTATION_LAYER_ASSIGNMENT (  '', '', ( #11529 ) ) ;
#4826 = FACE_OUTER_BOUND ( 'NONE', #3649, .T. ) ;
#4827 = PRESENTATION_LAYER_ASSIGNMENT (  '', '', ( #11018 ) ) ;
#4828 = COLOUR_RGB ( '',1.000000000000000000, 1.000000000000000000, 1.000000000000000000 ) ;
#4829 = FILL_AREA_STYLE_COLOUR ( '', #584 ) ;
#4830 = ORIENTED_EDGE ( 'NONE', *, *, #1855, .T. ) ;
#4831 = DIRECTION ( 'NONE',  ( -0.000000000000000000, 1.000000000000000000, 3.497426362856467586E-17 ) ) ;
#4832 = VECTOR ( 'NONE', #12112, 1000.000000000000000 ) ;
#4833 = COLOUR_RGB ( '',1.000000000000000000, 1.000000000000000000, 1.000000000000000000 ) ;
#4834 =( LENGTH_UNIT ( ) NAMED_UNIT ( * ) SI_UNIT ( .MILLI., .METRE. ) );
#4835 = LINE ( 'NONE', #328, #12370 ) ;
#4836 = VERTEX_POINT ( 'NONE', #4756 ) ;
#4837 = FILL_AREA_STYLE ('',( #4969 ) ) ;
#4838 = CARTESIAN_POINT ( 'NONE',  ( -2.749999999999977796, -0.1499999999999995226, -0.6999999999999979572 ) ) ;
#4839 = ADVANCED_FACE ( 'NONE', ( #8174 ), #13039, .F. ) ;
#4840 = CARTESIAN_POINT ( 'NONE',  ( 1.500000000000000000, 0.6499999999999998002, -3.774999999999995914 ) ) ;
#4841 = AXIS2_PLACEMENT_3D ( 'NONE', #11815, #12752, #6611 ) ;
#4842 = CARTESIAN_POINT ( 'NONE',  ( -1.749999999999999112, 0.8499999999999999778, -2.249999999999999556 ) ) ;
#4843 = PRESENTATION_LAYER_ASSIGNMENT (  '', '', ( #9368 ) ) ;
#4844 = CARTESIAN_POINT ( 'NONE',  ( 2.499999999999993339, 0.8249999999999992895, 2.799999999999999822 ) ) ;
#4845 = EDGE_CURVE ( 'NONE', #9057, #2563, #2706, .T. ) ;
#4846 = EDGE_LOOP ( 'NONE', ( #7670, #11841, #1339, #5389 ) ) ;
#4847 = CARTESIAN_POINT ( 'NONE',  ( 0.7499999999999992228, -0.6999999999999978462, 4.093493551233061710E-15 ) ) ;
#4848 = MECHANICAL_DESIGN_GEOMETRIC_PRESENTATION_REPRESENTATION (  '', ( #10341 ), #6226 ) ;
#4849 = SURFACE_STYLE_FILL_AREA ( #1694 ) ;
#4850 =( GEOMETRIC_REPRESENTATION_CONTEXT ( 3 ) GLOBAL_UNCERTAINTY_ASSIGNED_CONTEXT ( ( #8844 ) ) GLOBAL_UNIT_ASSIGNED_CONTEXT ( ( #8155, #4009, #13154 ) ) REPRESENTATION_CONTEXT ( 'NONE', 'WORKASPACE' ) );
#4851 = ORIENTED_EDGE ( 'NONE', *, *, #6153, .F. ) ;
#4852 =( LENGTH_UNIT ( ) NAMED_UNIT ( * ) SI_UNIT ( .MILLI., .METRE. ) );
#4853 = COLOUR_RGB ( '',1.000000000000000000, 1.000000000000000000, 1.000000000000000000 ) ;
#4854 = ORIENTED_EDGE ( 'NONE', *, *, #6120, .T. ) ;
#4855 = CARTESIAN_POINT ( 'NONE',  ( -2.449999999999985523, -0.6000000000000094147, 0.2154700538379286379 ) ) ;
#4856 = EDGE_CURVE ( 'NONE', #3177, #13132, #3027, .T. ) ;
#4857 = ADVANCED_FACE ( 'NONE', ( #1612 ), #8851, .F. ) ;
#4858 = CARTESIAN_POINT ( 'NONE',  ( -2.349999999999978328, -0.6000000000000094147, -0.3041451884327325272 ) ) ;
#4859 = DIRECTION ( 'NONE',  ( 0.000000000000000000, 0.000000000000000000, 1.000000000000000000 ) ) ;
#4860 = DIRECTION ( 'NONE',  ( -1.734723475976807094E-15, 1.239088197126289831E-16, -1.000000000000000000 ) ) ;
#4861 = SURFACE_SIDE_STYLE ('',( #8649 ) ) ;
#4862 = PRESENTATION_LAYER_ASSIGNMENT (  '', '', ( #10350 ) ) ;
#4863 = ORIENTED_EDGE ( 'NONE', *, *, #2610, .T. ) ;
#4864 = CARTESIAN_POINT ( 'NONE',  ( -0.8500000000000000888, -0.8499999999999978684, 1.800000000000000044 ) ) ;
#4865 =( LENGTH_UNIT ( ) NAMED_UNIT ( * ) SI_UNIT ( .MILLI., .METRE. ) );
#4866 = DIRECTION ( 'NONE',  ( 1.000000000000000000, 0.000000000000000000, 0.000000000000000000 ) ) ;
#4867 = VERTEX_POINT ( 'NONE', #3677 ) ;
#4868 = SURFACE_STYLE_FILL_AREA ( #1139 ) ;
#4869 = STYLED_ITEM ( 'NONE', ( #1119 ), #6774 ) ;
#4870 = CARTESIAN_POINT ( 'NONE',  ( 2.550000000000000266, -0.6000000000000094147, -1.650000000000004796 ) ) ;
#4871 = AXIS2_PLACEMENT_3D ( 'NONE', #3513, #4625, #5655 ) ;
#4872 = SURFACE_SIDE_STYLE ('',( #3956 ) ) ;
#4873 = ORIENTED_EDGE ( 'NONE', *, *, #11467, .F. ) ;
#4874 = CARTESIAN_POINT ( 'NONE',  ( 2.752999999999984571, 2.050000000000049560, -0.2999999999999999334 ) ) ;
#4875 = SURFACE_STYLE_FILL_AREA ( #6442 ) ;
#4876 = EDGE_CURVE ( 'NONE', #7388, #11098, #5908, .T. ) ;
#4877 = LINE ( 'NONE', #7443, #2316 ) ;
#4878 = ORIENTED_EDGE ( 'NONE', *, *, #12879, .T. ) ;
#4879 =( NAMED_UNIT ( * ) PLANE_ANGLE_UNIT ( ) SI_UNIT ( $, .RADIAN. ) );
#4880 = EDGE_LOOP ( 'NONE', ( #9812, #8442, #6410, #6505 ) ) ;
#4881 = DIRECTION ( 'NONE',  ( -0.000000000000000000, -1.000000000000000000, -6.746146851020768611E-15 ) ) ;
#4882 = CARTESIAN_POINT ( 'NONE',  ( 2.750000000000000888, -0.8499999999999978684, 3.100000000000002309 ) ) ;
#4883 = DIRECTION ( 'NONE',  ( -0.000000000000000000, 1.000000000000000000, 6.938893903907270187E-15 ) ) ;
#4884 = DIRECTION ( 'NONE',  ( -1.000000000000000000, -5.373688460901876367E-32, 4.336808689942013792E-16 ) ) ;
#4885 = SURFACE_STYLE_USAGE ( .BOTH. , #11033 ) ;
#4886 = ORIENTED_EDGE ( 'NONE', *, *, #8809, .F. ) ;
#4887 = PRESENTATION_STYLE_ASSIGNMENT (( #7212 ) ) ;
#4888 = UNCERTAINTY_MEASURE_WITH_UNIT (LENGTH_MEASURE( 1.000000000000000082E-05 ), #11586, 'distance_accuracy_value', 'NONE');
#4889 = COLOUR_RGB ( '',1.000000000000000000, 1.000000000000000000, 1.000000000000000000 ) ;
#4890 = VECTOR ( 'NONE', #771, 1000.000000000000000 ) ;
#4891 = VERTEX_POINT ( 'NONE', #7879 ) ;
#4892 = CARTESIAN_POINT ( 'NONE',  ( 2.249999999999982681, -0.1499999999999995226, -0.2154700538379264729 ) ) ;
#4893 = SURFACE_SIDE_STYLE ('',( #8999 ) ) ;
#4894 = EDGE_CURVE ( 'NONE', #6493, #9800, #9118, .T. ) ;
#4895 = CARTESIAN_POINT ( 'NONE',  ( 2.350000000000000089, 0.05000000000000273670, -3.574999999999997957 ) ) ;
#4896 = CARTESIAN_POINT ( 'NONE',  ( -2.752999999999998781, 1.028000000000000025, -2.200000000000000178 ) ) ;
#4897 = FILL_AREA_STYLE ('',( #9023 ) ) ;
#4898 = SURFACE_STYLE_USAGE ( .BOTH. , #858 ) ;
#4899 = DIRECTION ( 'NONE',  ( 0.000000000000000000, 1.000000000000000000, 0.000000000000000000 ) ) ;
#4900 = ORIENTED_EDGE ( 'NONE', *, *, #3801, .F. ) ;
#4901 =( NAMED_UNIT ( * ) SI_UNIT ( $, .STERADIAN. ) SOLID_ANGLE_UNIT ( ) );
#4902 = PRESENTATION_LAYER_ASSIGNMENT (  '', '', ( #7407 ) ) ;
#4903 = SURFACE_STYLE_FILL_AREA ( #4345 ) ;
#4904 = LINE ( 'NONE', #1926, #12754 ) ;
#4905 = SURFACE_STYLE_USAGE ( .BOTH. , #7842 ) ;
#4906 = PLANE ( 'NONE',  #7242 ) ;
#4907 = ORIENTED_EDGE ( 'NONE', *, *, #7714, .T. ) ;
#4908 = COLOUR_RGB ( '',0.6941176470588235059, 0.09803921568627450844, 0.09803921568627450844 ) ;
#4909 = DIRECTION ( 'NONE',  ( -0.000000000000000000, 4.336808689942021187E-16, -1.000000000000000000 ) ) ;
#4910 = PRESENTATION_LAYER_ASSIGNMENT (  '', '', ( #773 ) ) ;
#4911 = AXIS2_PLACEMENT_3D ( 'NONE', #6776, #2624, #2704 ) ;
#4912 = ORIENTED_EDGE ( 'NONE', *, *, #10570, .T. ) ;
#4913 = COLOUR_RGB ( '',1.000000000000000000, 1.000000000000000000, 1.000000000000000000 ) ;
#4914 = LINE ( 'NONE', #1961, #4575 ) ;
#4915 = CARTESIAN_POINT ( 'NONE',  ( 2.749999999999983125, -0.1499999999999995226, 0.6999999999999979572 ) ) ;
#4916 = LINE ( 'NONE', #9695, #11346 ) ;
#4917 = VERTEX_POINT ( 'NONE', #10863 ) ;
#4918 = ORIENTED_EDGE ( 'NONE', *, *, #13242, .T. ) ;
#4919 = DIRECTION ( 'NONE',  ( -0.1705736038900110274, 0.000000000000000000, 0.9853449373980532888 ) ) ;
#4920 = CARTESIAN_POINT ( 'NONE',  ( 2.552999999999991054, 1.028000000000000025, -2.799999999999999822 ) ) ;
#4921 = VECTOR ( 'NONE', #1578, 1000.000000000000000 ) ;
#4922 = EDGE_CURVE ( 'NONE', #8464, #3241, #270, .T. ) ;
#4923 = EDGE_LOOP ( 'NONE', ( #363, #4713, #11537, #9904, #6918, #4830, #8620, #8189, #13269, #10323, #9974, #12692 ) ) ;
#4924 = DIRECTION ( 'NONE',  ( -1.000000000000000000, 0.000000000000000000, 0.000000000000000000 ) ) ;
#4925 = DIRECTION ( 'NONE',  ( -1.000000000000000000, -0.000000000000000000, -0.000000000000000000 ) ) ;
#4926 = PLANE ( 'NONE',  #3556 ) ;
#4927 = SURFACE_STYLE_FILL_AREA ( #51 ) ;
#4928 = PRESENTATION_LAYER_ASSIGNMENT (  '', '', ( #12902 ) ) ;
#4929 =( GEOMETRIC_REPRESENTATION_CONTEXT ( 3 ) GLOBAL_UNCERTAINTY_ASSIGNED_CONTEXT ( ( #9634 ) ) GLOBAL_UNIT_ASSIGNED_CONTEXT ( ( #3444, #6494, #4372 ) ) REPRESENTATION_CONTEXT ( 'NONE', 'WORKASPACE' ) );
#4930 = VERTEX_POINT ( 'NONE', #4895 ) ;
#4931 = DIRECTION ( 'NONE',  ( 0.000000000000000000, 4.663235150475287444E-17, -1.000000000000000000 ) ) ;
#4932 = EDGE_CURVE ( 'NONE', #12988, #7053, #3669, .T. ) ;
#4933 = CARTESIAN_POINT ( 'NONE',  ( 2.550000000000000266, -0.5499999999999997113, -2.200000000000003286 ) ) ;
#4934 = LINE ( 'NONE', #6971, #9098 ) ;
#4935 =( GEOMETRIC_REPRESENTATION_CONTEXT ( 3 ) GLOBAL_UNCERTAINTY_ASSIGNED_CONTEXT ( ( #5449 ) ) GLOBAL_UNIT_ASSIGNED_CONTEXT ( ( #8434, #191, #2295 ) ) REPRESENTATION_CONTEXT ( 'NONE', 'WORKASPACE' ) );
#4936 = AXIS2_PLACEMENT_3D ( 'NONE', #3203, #11304, #5262 ) ;
#4937 = DIRECTION ( 'NONE',  ( -0.9701425001453319874, -0.2425356250363329969, 0.000000000000000000 ) ) ;
#4938 = EDGE_CURVE ( 'NONE', #3257, #1710, #6716, .T. ) ;
#4939 = LINE ( 'NONE', #6962, #578 ) ;
#4940 = VERTEX_POINT ( 'NONE', #13084 ) ;
#4941 = PRESENTATION_STYLE_ASSIGNMENT (( #10499 ) ) ;
#4942 = SURFACE_STYLE_USAGE ( .BOTH. , #7997 ) ;
#4943 = CARTESIAN_POINT ( 'NONE',  ( 2.750000000000000888, -0.8499999999999976463, -3.099999999999995204 ) ) ;
#4944 =( NAMED_UNIT ( * ) SI_UNIT ( $, .STERADIAN. ) SOLID_ANGLE_UNIT ( ) );
#4945 = CARTESIAN_POINT ( 'NONE',  ( 0.2098559705573156131, -1.049999999999999156, 3.124166730570993700 ) ) ;
#4946 =( GEOMETRIC_REPRESENTATION_CONTEXT ( 3 ) GLOBAL_UNCERTAINTY_ASSIGNED_CONTEXT ( ( #6190 ) ) GLOBAL_UNIT_ASSIGNED_CONTEXT ( ( #9003, #925, #12133 ) ) REPRESENTATION_CONTEXT ( 'NONE', 'WORKASPACE' ) );
#4947 = COLOUR_RGB ( '',1.000000000000000000, 1.000000000000000000, 1.000000000000000000 ) ;
#4948 =( NAMED_UNIT ( * ) SI_UNIT ( $, .STERADIAN. ) SOLID_ANGLE_UNIT ( ) );
#4949 = VERTEX_POINT ( 'NONE', #6097 ) ;
#4950 = EDGE_CURVE ( 'NONE', #8712, #1370, #9760, .T. ) ;
#4951 = DIRECTION ( 'NONE',  ( 1.000000000000000000, 0.000000000000000000, 0.000000000000000000 ) ) ;
#4952 =( NAMED_UNIT ( * ) PLANE_ANGLE_UNIT ( ) SI_UNIT ( $, .RADIAN. ) );
#4953 = LINE ( 'NONE', #976, #7375 ) ;
#4954 = VERTEX_POINT ( 'NONE', #1902 ) ;
#4955 = FILL_AREA_STYLE_COLOUR ( '', #3403 ) ;
#4956 = FILL_AREA_STYLE ('',( #1973 ) ) ;
#4957 = STYLED_ITEM ( 'NONE', ( #3048 ), #7758 ) ;
#4958 = ORIENTED_EDGE ( 'NONE', *, *, #2179, .F. ) ;
#4959 = UNCERTAINTY_MEASURE_WITH_UNIT (LENGTH_MEASURE( 1.000000000000000082E-05 ), #11207, 'distance_accuracy_value', 'NONE');
#4960 = UNCERTAINTY_MEASURE_WITH_UNIT (LENGTH_MEASURE( 1.000000000000000082E-05 ), #409, 'distance_accuracy_value', 'NONE');
#4961 = SURFACE_STYLE_FILL_AREA ( #6639 ) ;
#4962 = COLOUR_RGB ( '',1.000000000000000000, 1.000000000000000000, 1.000000000000000000 ) ;
#4963 = DIRECTION ( 'NONE',  ( -0.000000000000000000, 1.000000000000000000, 0.000000000000000000 ) ) ;
#4964 = LINE ( 'NONE', #11309, #12343 ) ;
#4965 = VECTOR ( 'NONE', #4394, 1000.000000000000000 ) ;
#4966 = CARTESIAN_POINT ( 'NONE',  ( 2.350000000000000089, 0.05000000000000274364, -3.774999999999995914 ) ) ;
#4967 = ORIENTED_EDGE ( 'NONE', *, *, #4187, .T. ) ;
#4968 = AXIS2_PLACEMENT_3D ( 'NONE', #12532, #11469, #11428 ) ;
#4969 = FILL_AREA_STYLE_COLOUR ( '', #7299 ) ;
#4970 = CARTESIAN_POINT ( 'NONE',  ( -2.549999999999998934, 0.8249999999999996225, 0.2999999999999999334 ) ) ;
#4971 = CARTESIAN_POINT ( 'NONE',  ( 1.250000000000032196, 0.8499999999999999778, -2.249999999999999556 ) ) ;
#4972 = EDGE_CURVE ( 'NONE', #1653, #12678, #12649, .T. ) ;
#4973 = CARTESIAN_POINT ( 'NONE',  ( 2.549999999999991385, 1.027999999999999359, 2.200000000000000178 ) ) ;
#4974 = LINE ( 'NONE', #11536, #11708 ) ;
#4975 = SURFACE_SIDE_STYLE ('',( #5058 ) ) ;
#4976 = LINE ( 'NONE', #1957, #970 ) ;
#4977 = ORIENTED_EDGE ( 'NONE', *, *, #4373, .T. ) ;
#4978 = VECTOR ( 'NONE', #7317, 1000.000000000000000 ) ;
#4979 = ORIENTED_EDGE ( 'NONE', *, *, #12128, .T. ) ;
#4980 = SURFACE_STYLE_FILL_AREA ( #6090 ) ;
#4981 = VECTOR ( 'NONE', #8137, 1000.000000000000000 ) ;
#4982 = ORIENTED_EDGE ( 'NONE', *, *, #13232, .T. ) ;
#4983 =( LENGTH_UNIT ( ) NAMED_UNIT ( * ) SI_UNIT ( .MILLI., .METRE. ) );
#4984 = MECHANICAL_DESIGN_GEOMETRIC_PRESENTATION_REPRESENTATION (  '', ( #10303 ), #853 ) ;
#4985 = DIRECTION ( 'NONE',  ( -0.000000000000000000, -0.000000000000000000, 1.000000000000000000 ) ) ;
#4986 = CARTESIAN_POINT ( 'NONE',  ( 2.350000000000000089, 0.05000000000000274364, 3.774999999999995914 ) ) ;
#4987 = CARTESIAN_POINT ( 'NONE',  ( 0.2101973270675033534, -1.049999999999999156, 2.688210421060323707 ) ) ;
#4988 = LINE ( 'NONE', #1141, #11875 ) ;
#4989 = PLANE ( 'NONE',  #7483 ) ;
#4990 = ADVANCED_FACE ( 'NONE', ( #4451 ), #6007, .F. ) ;
#4991 = CARTESIAN_POINT ( 'NONE',  ( 1.750000000000084599, 0.8499999999999995337, 2.250000000000006217 ) ) ;
#4992 = AXIS2_PLACEMENT_3D ( 'NONE', #8472, #11520, #2325 ) ;
#4993 = VERTEX_POINT ( 'NONE', #7039 ) ;
#4994 = FILL_AREA_STYLE ('',( #10229 ) ) ;
#4995 = FILL_AREA_STYLE ('',( #5039 ) ) ;
#4996 = CARTESIAN_POINT ( 'NONE',  ( 2.549999999999980727, -0.6000000000000094147, 0.6999999999999979572 ) ) ;
#4997 = DIRECTION ( 'NONE',  ( 0.000000000000000000, 0.000000000000000000, 1.000000000000000000 ) ) ;
#4998 = VECTOR ( 'NONE', #7781, 1000.000000000000000 ) ;
#4999 = ORIENTED_EDGE ( 'NONE', *, *, #8326, .T. ) ;
#5000 = DIRECTION ( 'NONE',  ( 1.000000000000000000, 0.000000000000000000, 0.000000000000000000 ) ) ;
#5001 = DIRECTION ( 'NONE',  ( 0.9701425001453319874, -0.2425356250363329969, 0.000000000000000000 ) ) ;
#5002 = VECTOR ( 'NONE', #7470, 1000.000000000000000 ) ;
#5003 =( NAMED_UNIT ( * ) PLANE_ANGLE_UNIT ( ) SI_UNIT ( $, .RADIAN. ) );
#5004 = VERTEX_POINT ( 'NONE', #2963 ) ;
#5005 = EDGE_CURVE ( 'NONE', #9273, #11459, #6871, .T. ) ;
#5006 = CARTESIAN_POINT ( 'NONE',  ( 2.499999999999993339, 0.8249999999999992895, 2.799999999999999822 ) ) ;
#5007 = PRESENTATION_STYLE_ASSIGNMENT (( #4742 ) ) ;
#5008 = ORIENTED_EDGE ( 'NONE', *, *, #8850, .F. ) ;
#5009 = FILL_AREA_STYLE_COLOUR ( '', #5414 ) ;
#5010 = PRESENTATION_LAYER_ASSIGNMENT (  '', '', ( #3789 ) ) ;
#5011 = PRESENTATION_LAYER_ASSIGNMENT (  '', '', ( #2266 ) ) ;
#5012 = DIRECTION ( 'NONE',  ( -1.000000000000000000, 0.000000000000000000, 0.000000000000000000 ) ) ;
#5013 = COLOUR_RGB ( '',1.000000000000000000, 1.000000000000000000, 1.000000000000000000 ) ;
#5014 = FILL_AREA_STYLE_COLOUR ( '', #3160 ) ;
#5015 = EDGE_CURVE ( 'NONE', #9472, #1746, #11388, .T. ) ;
#5016 = CARTESIAN_POINT ( 'NONE',  ( -0.5138308425403714796, -1.049999999999999156, 3.124166730570991035 ) ) ;
#5017 = ORIENTED_EDGE ( 'NONE', *, *, #6728, .T. ) ;
#5018 = CARTESIAN_POINT ( 'NONE',  ( 2.750000000000000000, 0.7999999999999997113, 3.500000000000006217 ) ) ;
#5019 = AXIS2_PLACEMENT_3D ( 'NONE', #12161, #13177, #910 ) ;
#5020 = LINE ( 'NONE', #1872, #11593 ) ;
#5021 = LINE ( 'NONE', #8094, #176 ) ;
#5022 = SURFACE_SIDE_STYLE ('',( #6479 ) ) ;
#5023 = ORIENTED_EDGE ( 'NONE', *, *, #7073, .T. ) ;
#5024 =( GEOMETRIC_REPRESENTATION_CONTEXT ( 3 ) GLOBAL_UNCERTAINTY_ASSIGNED_CONTEXT ( ( #13253 ) ) GLOBAL_UNIT_ASSIGNED_CONTEXT ( ( #5704, #394, #4587 ) ) REPRESENTATION_CONTEXT ( 'NONE', 'WORKASPACE' ) );
#5025 =( NAMED_UNIT ( * ) PLANE_ANGLE_UNIT ( ) SI_UNIT ( $, .RADIAN. ) );
#5026 = AXIS2_PLACEMENT_3D ( 'NONE', #5859, #750, #11030 ) ;
#5027 = PRESENTATION_LAYER_ASSIGNMENT (  '', '', ( #4322 ) ) ;
#5028 = CARTESIAN_POINT ( 'NONE',  ( -0.6925805273749674473, -1.039999999999999147, 3.124166730570991035 ) ) ;
#5029 = LINE ( 'NONE', #1026, #9981 ) ;
#5030 = CARTESIAN_POINT ( 'NONE',  ( -2.750000000000014655, -1.049999999999999378, 3.100000000000001421 ) ) ;
#5031 = LINE ( 'NONE', #10094, #3422 ) ;
#5032 = EDGE_CURVE ( 'NONE', #4810, #4514, #9582, .T. ) ;
#5033 = ORIENTED_EDGE ( 'NONE', *, *, #5682, .F. ) ;
#5034 = CARTESIAN_POINT ( 'NONE',  ( 0.2101973270675033534, -1.049999999999999156, 2.688210421060323707 ) ) ;
#5035 = FACE_OUTER_BOUND ( 'NONE', #6799, .T. ) ;
#5036 = CARTESIAN_POINT ( 'NONE',  ( -2.550000000000000266, -0.1499999999999978018, 2.199999999999995737 ) ) ;
#5037 = ORIENTED_EDGE ( 'NONE', *, *, #5084, .F. ) ;
#5038 = FILL_AREA_STYLE ('',( #6013 ) ) ;
#5039 = FILL_AREA_STYLE_COLOUR ( '', #731 ) ;
#5040 = PLANE ( 'NONE',  #10772 ) ;
#5041 = CARTESIAN_POINT ( 'NONE',  ( -1.500000000000000000, -0.8499999999999978684, -3.500000000000000000 ) ) ;
#5042 =( NAMED_UNIT ( * ) PLANE_ANGLE_UNIT ( ) SI_UNIT ( $, .RADIAN. ) );
#5043 = UNCERTAINTY_MEASURE_WITH_UNIT (LENGTH_MEASURE( 1.000000000000000082E-05 ), #4073, 'distance_accuracy_value', 'NONE');
#5044 = SURFACE_SIDE_STYLE ('',( #8519 ) ) ;
#5045 =( GEOMETRIC_REPRESENTATION_CONTEXT ( 3 ) GLOBAL_UNCERTAINTY_ASSIGNED_CONTEXT ( ( #7107 ) ) GLOBAL_UNIT_ASSIGNED_CONTEXT ( ( #4681, #7761, #12963 ) ) REPRESENTATION_CONTEXT ( 'NONE', 'WORKASPACE' ) );
#5046 = VECTOR ( 'NONE', #11929, 1000.000000000000000 ) ;
#5047 = VERTEX_POINT ( 'NONE', #13214 ) ;
#5048 = ORIENTED_EDGE ( 'NONE', *, *, #9324, .F. ) ;
#5049 = FILL_AREA_STYLE_COLOUR ( '', #1712 ) ;
#5050 =( NAMED_UNIT ( * ) PLANE_ANGLE_UNIT ( ) SI_UNIT ( $, .RADIAN. ) );
#5051 = EDGE_CURVE ( 'NONE', #7968, #11565, #4633, .T. ) ;
#5052 = PRESENTATION_STYLE_ASSIGNMENT (( #12597 ) ) ;
#5053 = ADVANCED_FACE ( 'NONE', ( #606 ), #11085, .F. ) ;
#5054 = DIRECTION ( 'NONE',  ( 0.000000000000000000, 0.000000000000000000, -1.000000000000000000 ) ) ;
#5055 = LINE ( 'NONE', #1981, #11323 ) ;
#5056 = VERTEX_POINT ( 'NONE', #7091 ) ;
#5057 = SURFACE_STYLE_USAGE ( .BOTH. , #12186 ) ;
#5058 = SURFACE_STYLE_FILL_AREA ( #4789 ) ;
#5059 = UNCERTAINTY_MEASURE_WITH_UNIT (LENGTH_MEASURE( 1.000000000000000082E-05 ), #12436, 'distance_accuracy_value', 'NONE');
#5060 = LINE ( 'NONE', #12527, #2809 ) ;
#5061 = EDGE_LOOP ( 'NONE', ( #9580, #10060, #5298, #1791 ) ) ;
#5062 =( NAMED_UNIT ( * ) PLANE_ANGLE_UNIT ( ) SI_UNIT ( $, .RADIAN. ) );
#5063 = STYLED_ITEM ( 'NONE', ( #12147 ), #8373 ) ;
#5064 = CARTESIAN_POINT ( 'NONE',  ( 1.250000000000084599, 0.8499999999999995337, 2.250000000000007105 ) ) ;
#5065 = VERTEX_POINT ( 'NONE', #4065 ) ;
#5066 = SURFACE_STYLE_FILL_AREA ( #13045 ) ;
#5067 = FACE_OUTER_BOUND ( 'NONE', #10800, .T. ) ;
#5068 = AXIS2_PLACEMENT_3D ( 'NONE', #12414, #12512, #6322 ) ;
#5069 = ORIENTED_EDGE ( 'NONE', *, *, #12651, .F. ) ;
#5070 = VERTEX_POINT ( 'NONE', #6149 ) ;
#5071 = EDGE_CURVE ( 'NONE', #12683, #12216, #2889, .T. ) ;
#5072 = VERTEX_POINT ( 'NONE', #6187 ) ;
#5073 = LINE ( 'NONE', #875, #13085 ) ;
#5074 = SURFACE_SIDE_STYLE ('',( #9001 ) ) ;
#5075 = CARTESIAN_POINT ( 'NONE',  ( -2.350000000000000089, 0.05000000000000274364, 3.774999999999995914 ) ) ;
#5076 = FILL_AREA_STYLE_COLOUR ( '', #5738 ) ;
#5077 = ORIENTED_EDGE ( 'NONE', *, *, #11760, .F. ) ;
#5078 = DIRECTION ( 'NONE',  ( 1.000000000000000000, 0.000000000000000000, -0.000000000000000000 ) ) ;
#5079 = AXIS2_PLACEMENT_3D ( 'NONE', #4094, #9255, #10302 ) ;
#5080 = DIRECTION ( 'NONE',  ( 0.000000000000000000, 0.000000000000000000, 1.000000000000000000 ) ) ;
#5081 = DIRECTION ( 'NONE',  ( 1.000000000000000000, 0.000000000000000000, 0.000000000000000000 ) ) ;
#5082 = LINE ( 'NONE', #5285, #2356 ) ;
#5083 = PRESENTATION_STYLE_ASSIGNMENT (( #10841 ) ) ;
#5084 = EDGE_CURVE ( 'NONE', #10219, #3867, #5765, .T. ) ;
#5085 = SURFACE_STYLE_USAGE ( .BOTH. , #4034 ) ;
#5087 = ORIENTED_EDGE ( 'NONE', *, *, #11663, .T. ) ;
#5086 = LINE ( 'NONE', #3757, #2359 ) ;
#5088 = FILL_AREA_STYLE_COLOUR ( '', #5827 ) ;
#5089 = ORIENTED_EDGE ( 'NONE', *, *, #4845, .T. ) ;
#5090 = FILL_AREA_STYLE ('',( #10031 ) ) ;
#5091 = VECTOR ( 'NONE', #3382, 1000.000000000000000 ) ;
#5092 = PRESENTATION_LAYER_ASSIGNMENT (  '', '', ( #10574 ) ) ;
#5093 = MECHANICAL_DESIGN_GEOMETRIC_PRESENTATION_REPRESENTATION (  '', ( #8779 ), #11695 ) ;
#5094 = ORIENTED_EDGE ( 'NONE', *, *, #10171, .F. ) ;
#5095 = LINE ( 'NONE', #440, #2205 ) ;
#5096 = SURFACE_STYLE_USAGE ( .BOTH. , #10242 ) ;
#5097 = LINE ( 'NONE', #1892, #3785 ) ;
#5098 = ORIENTED_EDGE ( 'NONE', *, *, #3445, .T. ) ;
#5099 =( GEOMETRIC_REPRESENTATION_CONTEXT ( 3 ) GLOBAL_UNCERTAINTY_ASSIGNED_CONTEXT ( ( #6117 ) ) GLOBAL_UNIT_ASSIGNED_CONTEXT ( ( #5801, #4773, #13016 ) ) REPRESENTATION_CONTEXT ( 'NONE', 'WORKASPACE' ) );
#5100 =( GEOMETRIC_REPRESENTATION_CONTEXT ( 3 ) GLOBAL_UNCERTAINTY_ASSIGNED_CONTEXT ( ( #586 ) ) GLOBAL_UNIT_ASSIGNED_CONTEXT ( ( #2493, #7471, #5431 ) ) REPRESENTATION_CONTEXT ( 'NONE', 'WORKASPACE' ) );
#5101 = CARTESIAN_POINT ( 'NONE',  ( -0.3895880843324730503, -1.039999999999999147, 2.413550568363381554 ) ) ;
#5102 = EDGE_CURVE ( 'NONE', #5906, #12371, #13284, .T. ) ;
#5103 = FILL_AREA_STYLE ('',( #11116 ) ) ;
#5104 = COLOUR_RGB ( '',1.000000000000000000, 1.000000000000000000, 1.000000000000000000 ) ;
#5105 = FILL_AREA_STYLE_COLOUR ( '', #2314 ) ;
#5106 = AXIS2_PLACEMENT_3D ( 'NONE', #6462, #9522, #2436 ) ;
#5107 = MECHANICAL_DESIGN_GEOMETRIC_PRESENTATION_REPRESENTATION (  '', ( #13163 ), #10673 ) ;
#5108 = VECTOR ( 'NONE', #4739, 1000.000000000000000 ) ;
#5109 = CARTESIAN_POINT ( 'NONE',  ( 2.349999999999980993, -0.1499999999999995226, 0.3041451884327325272 ) ) ;
#5110 = DIRECTION ( 'NONE',  ( 0.000000000000000000, -1.000000000000000000, 0.000000000000000000 ) ) ;
#5111 = VECTOR ( 'NONE', #7923, 1000.000000000000000 ) ;
#5112 = ORIENTED_EDGE ( 'NONE', *, *, #3117, .T. ) ;
#5113 = LINE ( 'NONE', #13236, #7529 ) ;
#5114 = EDGE_CURVE ( 'NONE', #4122, #6420, #8665, .T. ) ;
#5115 = SURFACE_STYLE_FILL_AREA ( #11866 ) ;
#5116 = SURFACE_SIDE_STYLE ('',( #3042 ) ) ;
#5117 =( NAMED_UNIT ( * ) PLANE_ANGLE_UNIT ( ) SI_UNIT ( $, .RADIAN. ) );
#5118 = PRESENTATION_STYLE_ASSIGNMENT (( #10757 ) ) ;
#5119 = ORIENTED_EDGE ( 'NONE', *, *, #11499, .F. ) ;
#5120 = DIRECTION ( 'NONE',  ( 1.000000000000000000, 0.000000000000000000, 0.000000000000000000 ) ) ;
#5121 =( LENGTH_UNIT ( ) NAMED_UNIT ( * ) SI_UNIT ( .MILLI., .METRE. ) );
#5122 = CARTESIAN_POINT ( 'NONE',  ( 1.250000000000032196, 1.049999999999999822, -0.2499999999999957812 ) ) ;
#5123 = ADVANCED_FACE ( 'NONE', ( #10583 ), #11318, .F. ) ;
#5124 = LINE ( 'NONE', #9941, #2080 ) ;
#5125 = FILL_AREA_STYLE ('',( #13261 ) ) ;
#5126 = COLOUR_RGB ( '',1.000000000000000000, 1.000000000000000000, 1.000000000000000000 ) ;
#5127 = DIRECTION ( 'NONE',  ( -0.000000000000000000, -0.000000000000000000, 1.000000000000000000 ) ) ;
#5128 = VECTOR ( 'NONE', #9748, 1000.000000000000000 ) ;
#5129 = FILL_AREA_STYLE ('',( #13180 ) ) ;
#5130 = PRESENTATION_STYLE_ASSIGNMENT (( #5716 ) ) ;
#5131 = EDGE_LOOP ( 'NONE', ( #4320, #287, #11028, #5442 ) ) ;
#5132 = CARTESIAN_POINT ( 'NONE',  ( 0.000000000000000000, 0.000000000000000000, 3.850000000000006750 ) ) ;
#5133 = PRESENTATION_LAYER_ASSIGNMENT (  '', '', ( #4409 ) ) ;
#5134 =( NAMED_UNIT ( * ) SI_UNIT ( $, .STERADIAN. ) SOLID_ANGLE_UNIT ( ) );
#5135 = DIRECTION ( 'NONE',  ( -1.000000000000000000, 0.000000000000000000, 6.573332287317840031E-15 ) ) ;
#5136 = SURFACE_STYLE_FILL_AREA ( #13215 ) ;
#5137 = EDGE_CURVE ( 'NONE', #7297, #3935, #10413, .T. ) ;
#5138 = ORIENTED_EDGE ( 'NONE', *, *, #4058, .T. ) ;
#5139 = UNCERTAINTY_MEASURE_WITH_UNIT (LENGTH_MEASURE( 1.000000000000000082E-05 ), #4233, 'distance_accuracy_value', 'NONE');
#5140 = UNCERTAINTY_MEASURE_WITH_UNIT (LENGTH_MEASURE( 1.000000000000000082E-05 ), #13138, 'distance_accuracy_value', 'NONE');
#5141 = LINE ( 'NONE', #9535, #2412 ) ;
#5142 = CYLINDRICAL_SURFACE ( 'NONE', #9638, 0.4000000000000019096 ) ;
#5143 = ORIENTED_EDGE ( 'NONE', *, *, #11791, .T. ) ;
#5144 = FILL_AREA_STYLE ('',( #5049 ) ) ;
#5145 = CARTESIAN_POINT ( 'NONE',  ( -2.550000000000000266, -0.8499999999999978684, 2.800000000000002487 ) ) ;
#5146 = SURFACE_STYLE_FILL_AREA ( #8579 ) ;
#5147 =( LENGTH_UNIT ( ) NAMED_UNIT ( * ) SI_UNIT ( .MILLI., .METRE. ) );
#5148 =( LENGTH_UNIT ( ) NAMED_UNIT ( * ) SI_UNIT ( .MILLI., .METRE. ) );
#5149 = ORIENTED_EDGE ( 'NONE', *, *, #2582, .F. ) ;
#5150 = DIRECTION ( 'NONE',  ( 0.000000000000000000, -1.000000000000000000, 0.000000000000000000 ) ) ;
#5151 = AXIS2_PLACEMENT_3D ( 'NONE', #12946, #7747, #8751 ) ;
#5152 = SURFACE_STYLE_FILL_AREA ( #3036 ) ;
#5153 = LINE ( 'NONE', #9842, #4820 ) ;
#5154 = ORIENTED_EDGE ( 'NONE', *, *, #1494, .F. ) ;
#5155 = DIRECTION ( 'NONE',  ( -0.000000000000000000, -0.000000000000000000, -1.000000000000000000 ) ) ;
#5156 = EDGE_CURVE ( 'NONE', #626, #4993, #10742, .T. ) ;
#5157 = SURFACE_STYLE_USAGE ( .BOTH. , #9477 ) ;
#5158 = DIRECTION ( 'NONE',  ( 1.000000000000000000, 0.000000000000000000, 0.000000000000000000 ) ) ;
#5159 = VECTOR ( 'NONE', #2891, 1000.000000000000000 ) ;
#5160 = LINE ( 'NONE', #6516, #2437 ) ;
#5161 = LINE ( 'NONE', #7973, #11090 ) ;
#5162 = ORIENTED_EDGE ( 'NONE', *, *, #11225, .F. ) ;
#5163 = DIRECTION ( 'NONE',  ( 0.2425356250363329969, -0.9701425001453319874, 0.000000000000000000 ) ) ;
#5164 = PRESENTATION_LAYER_ASSIGNMENT (  '', '', ( #4449 ) ) ;
#5165 = VECTOR ( 'NONE', #8536, 1000.000000000000000 ) ;
#5166 = FILL_AREA_STYLE ('',( #7438 ) ) ;
#5167 = VECTOR ( 'NONE', #10851, 1000.000000000000000 ) ;
#5168 = VERTEX_POINT ( 'NONE', #5202 ) ;
#5169 = CARTESIAN_POINT ( 'NONE',  ( 1.250000000000084599, 1.049999999999999600, 2.250000000000007105 ) ) ;
#5170 = CARTESIAN_POINT ( 'NONE',  ( 7.899322037525782563E-31, 0.8500000000000006439, 4.305831485013867017E-16 ) ) ;
#5171 = DIRECTION ( 'NONE',  ( -0.000000000000000000, -0.000000000000000000, -1.000000000000000000 ) ) ;
#5172 =( GEOMETRIC_REPRESENTATION_CONTEXT ( 3 ) GLOBAL_UNCERTAINTY_ASSIGNED_CONTEXT ( ( #10210 ) ) GLOBAL_UNIT_ASSIGNED_CONTEXT ( ( #1869, #9027, #12163 ) ) REPRESENTATION_CONTEXT ( 'NONE', 'WORKASPACE' ) );
#5173 = FILL_AREA_STYLE_COLOUR ( '', #12712 ) ;
#5174 = DIRECTION ( 'NONE',  ( -0.000000000000000000, 0.000000000000000000, -1.000000000000000000 ) ) ;
#5175 =( NAMED_UNIT ( * ) PLANE_ANGLE_UNIT ( ) SI_UNIT ( $, .RADIAN. ) );
#5176 = CARTESIAN_POINT ( 'NONE',  ( 2.750000000000000000, 0.05000000000000181383, 3.825000000000005507 ) ) ;
#5177 = VERTEX_POINT ( 'NONE', #12369 ) ;
#5178 = LINE ( 'NONE', #10887, #3402 ) ;
#5179 = COLOUR_RGB ( '',0.1098039215686274495, 0.1098039215686274495, 0.1098039215686274495 ) ;
#5180 = SURFACE_STYLE_FILL_AREA ( #8317 ) ;
#5181 =( NAMED_UNIT ( * ) SI_UNIT ( $, .STERADIAN. ) SOLID_ANGLE_UNIT ( ) );
#5182 = EDGE_LOOP ( 'NONE', ( #4151, #4616, #5709, #8789, #11582, #2100, #4162, #4190 ) ) ;
#5183 = EDGE_CURVE ( 'NONE', #3990, #6976, #8347, .T. ) ;
#5184 =( LENGTH_UNIT ( ) NAMED_UNIT ( * ) SI_UNIT ( .MILLI., .METRE. ) );
#5185 = ORIENTED_EDGE ( 'NONE', *, *, #10570, .F. ) ;
#5186 = PRESENTATION_LAYER_ASSIGNMENT (  '', '', ( #7251 ) ) ;
#5187 = COLOUR_RGB ( '',1.000000000000000000, 1.000000000000000000, 1.000000000000000000 ) ;
#5188 = ORIENTED_EDGE ( 'NONE', *, *, #1837, .F. ) ;
#5189 = ADVANCED_FACE ( 'NONE', ( #12979 ), #9220, .F. ) ;
#5190 = CARTESIAN_POINT ( 'NONE',  ( 0.2098559705573156131, -1.039999999999999147, 3.124166730570993700 ) ) ;
#5191 = DIRECTION ( 'NONE',  ( -1.000000000000000000, 0.000000000000000000, 0.000000000000000000 ) ) ;
#5192 = EDGE_CURVE ( 'NONE', #11796, #5070, #8514, .T. ) ;
#5193 = DIRECTION ( 'NONE',  ( -0.000000000000000000, 1.000000000000000000, 1.239088197126289831E-16 ) ) ;
#5194 = CARTESIAN_POINT ( 'NONE',  ( -1.749999999999999112, 0.8499999999999995337, 2.250000000000007105 ) ) ;
#5195 = PRESENTATION_LAYER_ASSIGNMENT (  '', '', ( #3798 ) ) ;
#5196 = MECHANICAL_DESIGN_GEOMETRIC_PRESENTATION_REPRESENTATION (  '', ( #3981 ), #5872 ) ;
#5197 = PRESENTATION_STYLE_ASSIGNMENT (( #544 ) ) ;
#5198 = VERTEX_POINT ( 'NONE', #3047 ) ;
#5199 = ORIENTED_EDGE ( 'NONE', *, *, #8669, .T. ) ;
#5200 =( NAMED_UNIT ( * ) SI_UNIT ( $, .STERADIAN. ) SOLID_ANGLE_UNIT ( ) );
#5201 = MECHANICAL_DESIGN_GEOMETRIC_PRESENTATION_REPRESENTATION (  '', ( #10880 ), #6743 ) ;
#5202 = CARTESIAN_POINT ( 'NONE',  ( -1.500000000000000000, -0.8480000000000001981, 3.574999999999991740 ) ) ;
#5203 =( NAMED_UNIT ( * ) SI_UNIT ( $, .STERADIAN. ) SOLID_ANGLE_UNIT ( ) );
#5204 = EDGE_CURVE ( 'NONE', #6111, #3193, #7221, .T. ) ;
#5205 = UNCERTAINTY_MEASURE_WITH_UNIT (LENGTH_MEASURE( 1.000000000000000082E-05 ), #1644, 'distance_accuracy_value', 'NONE');
#5206 = ORIENTED_EDGE ( 'NONE', *, *, #4362, .F. ) ;
#5207 = CARTESIAN_POINT ( 'NONE',  ( -0.8500000000000000888, -1.049999999999999156, 1.800000000000000044 ) ) ;
#5208 = FILL_AREA_STYLE_COLOUR ( '', #782 ) ;
#5209 = CARTESIAN_POINT ( 'NONE',  ( 2.549999999999991385, 1.024999999999999467, 2.799999999999999822 ) ) ;
#5210 = DIRECTION ( 'NONE',  ( -1.000000000000000000, -0.000000000000000000, 0.000000000000000000 ) ) ;
#5211 =( NAMED_UNIT ( * ) SI_UNIT ( $, .STERADIAN. ) SOLID_ANGLE_UNIT ( ) );
#5212 = CARTESIAN_POINT ( 'NONE',  ( -1.749999999999999112, 1.049999999999999600, 2.250000000000007105 ) ) ;
#5213 = ORIENTED_EDGE ( 'NONE', *, *, #12202, .T. ) ;
#5214 =( LENGTH_UNIT ( ) NAMED_UNIT ( * ) SI_UNIT ( .MILLI., .METRE. ) );
#5215 = FILL_AREA_STYLE_COLOUR ( '', #10113 ) ;
#5216 = MECHANICAL_DESIGN_GEOMETRIC_PRESENTATION_REPRESENTATION (  '', ( #3656 ), #920 ) ;
#5217 = EDGE_LOOP ( 'NONE', ( #1801, #6197, #9054, #8602 ) ) ;
#5218 = UNCERTAINTY_MEASURE_WITH_UNIT (LENGTH_MEASURE( 1.000000000000000082E-05 ), #5214, 'distance_accuracy_value', 'NONE');
#5219 = FILL_AREA_STYLE_COLOUR ( '', #4908 ) ;
#5220 = VECTOR ( 'NONE', #12741, 1000.000000000000000 ) ;
#5221 = ORIENTED_EDGE ( 'NONE', *, *, #10640, .T. ) ;
#5222 = AXIS2_PLACEMENT_3D ( 'NONE', #7475, #2305, #6122 ) ;
#5223 = VECTOR ( 'NONE', #11503, 1000.000000000000000 ) ;
#5224 = DIRECTION ( 'NONE',  ( 1.000000000000000000, 0.000000000000000000, 0.000000000000000000 ) ) ;
#5225 = EDGE_CURVE ( 'NONE', #6119, #2114, #12344, .T. ) ;
#5226 = DIRECTION ( 'NONE',  ( 0.000000000000000000, -1.000000000000000000, 0.000000000000000000 ) ) ;
#5227 = ORIENTED_EDGE ( 'NONE', *, *, #10590, .T. ) ;
#5228 = LINE ( 'NONE', #1091, #5532 ) ;
#5229 =( NAMED_UNIT ( * ) SI_UNIT ( $, .STERADIAN. ) SOLID_ANGLE_UNIT ( ) );
#5230 = PRESENTATION_STYLE_ASSIGNMENT (( #10230 ) ) ;
#5231 = VERTEX_POINT ( 'NONE', #8432 ) ;
#5232 = DIRECTION ( 'NONE',  ( 0.000000000000000000, 0.000000000000000000, -1.000000000000000000 ) ) ;
#5233 = ORIENTED_EDGE ( 'NONE', *, *, #566, .F. ) ;
#5234 = PLANE ( 'NONE',  #11200 ) ;
#5235 = AXIS2_PLACEMENT_3D ( 'NONE', #6147, #7176, #10265 ) ;
#5236 = EDGE_LOOP ( 'NONE', ( #3407, #11507, #7949, #2202 ) ) ;
#5237 = LINE ( 'NONE', #8898, #13096 ) ;
#5238 =( LENGTH_UNIT ( ) NAMED_UNIT ( * ) SI_UNIT ( .MILLI., .METRE. ) );
#5239 = CARTESIAN_POINT ( 'NONE',  ( -2.549999999999975397, -0.6000000000000094147, -0.6999999999999979572 ) ) ;
#5240 = COLOUR_RGB ( '',1.000000000000000000, 1.000000000000000000, 1.000000000000000000 ) ;
#5241 = ORIENTED_EDGE ( 'NONE', *, *, #1446, .F. ) ;
#5242 = CARTESIAN_POINT ( 'NONE',  ( -1.249999999999999112, 0.8500000000000001998, -2.750000000000000000 ) ) ;
#5243 = LINE ( 'NONE', #7300, #2530 ) ;
#5244 =( NAMED_UNIT ( * ) SI_UNIT ( $, .STERADIAN. ) SOLID_ANGLE_UNIT ( ) );
#5245 = DIRECTION ( 'NONE',  ( 1.000000000000000000, -0.000000000000000000, -0.000000000000000000 ) ) ;
#5246 = ADVANCED_FACE ( 'NONE', ( #1125 ), #10254, .T. ) ;
#5247 = PLANE ( 'NONE',  #3451 ) ;
#5248 = EDGE_CURVE ( 'NONE', #7105, #9248, #2712, .T. ) ;
#5249 = SURFACE_STYLE_USAGE ( .BOTH. , #50 ) ;
#5250 =( LENGTH_UNIT ( ) NAMED_UNIT ( * ) SI_UNIT ( .MILLI., .METRE. ) );
#5251 = LINE ( 'NONE', #5983, #1257 ) ;
#5252 = MECHANICAL_DESIGN_GEOMETRIC_PRESENTATION_REPRESENTATION (  '', ( #6461 ), #7856 ) ;
#5253 = MECHANICAL_DESIGN_GEOMETRIC_PRESENTATION_REPRESENTATION (  '', ( #10059 ), #3364 ) ;
#5254 = ORIENTED_EDGE ( 'NONE', *, *, #9727, .T. ) ;
#5255 = VECTOR ( 'NONE', #1063, 1000.000000000000000 ) ;
#5256 = EDGE_CURVE ( 'NONE', #2289, #1239, #11684, .T. ) ;
#5257 = ORIENTED_EDGE ( 'NONE', *, *, #2484, .T. ) ;
#5258 = CARTESIAN_POINT ( 'NONE',  ( 2.749999999999983125, -0.6000000000000094147, 0.6999999999999979572 ) ) ;
#5259 = VECTOR ( 'NONE', #10178, 1000.000000000000000 ) ;
#5260 = FILL_AREA_STYLE ('',( #3866 ) ) ;
#5261 = FACE_OUTER_BOUND ( 'NONE', #9339, .T. ) ;
#5262 = DIRECTION ( 'NONE',  ( -4.243452729884350584E-16, 1.000000000000000000, 0.000000000000000000 ) ) ;
#5263 = FILL_AREA_STYLE ('',( #11471 ) ) ;
#5264 = STYLED_ITEM ( 'NONE', ( #8270 ), #238 ) ;
#5265 = VECTOR ( 'NONE', #3330, 1000.000000000000000 ) ;
#5266 = DIRECTION ( 'NONE',  ( -0.000000000000000000, 1.000000000000000000, 1.239088197126289831E-16 ) ) ;
#5267 = FACE_OUTER_BOUND ( 'NONE', #11127, .T. ) ;
#5268 = ORIENTED_EDGE ( 'NONE', *, *, #12665, .F. ) ;
#5269 =( GEOMETRIC_REPRESENTATION_CONTEXT ( 3 ) GLOBAL_UNCERTAINTY_ASSIGNED_CONTEXT ( ( #4438 ) ) GLOBAL_UNIT_ASSIGNED_CONTEXT ( ( #227, #30, #3342 ) ) REPRESENTATION_CONTEXT ( 'NONE', 'WORKASPACE' ) );
#5270 = PRESENTATION_LAYER_ASSIGNMENT (  '', '', ( #3646 ) ) ;
#5271 =( NAMED_UNIT ( * ) PLANE_ANGLE_UNIT ( ) SI_UNIT ( $, .RADIAN. ) );
#5272 = LINE ( 'NONE', #12289, #3192 ) ;
#5273 = ORIENTED_EDGE ( 'NONE', *, *, #841, .T. ) ;
#5274 = EDGE_CURVE ( 'NONE', #10280, #7539, #5747, .T. ) ;
#5275 = SURFACE_STYLE_FILL_AREA ( #4485 ) ;
#5276 = LINE ( 'NONE', #6357, #6882 ) ;
#5277 = VECTOR ( 'NONE', #6577, 999.9999999999998863 ) ;
#5278 = LINE ( 'NONE', #11558, #11546 ) ;
#5279 = EDGE_LOOP ( 'NONE', ( #3439, #12672, #556, #5565 ) ) ;
#5280 = FILL_AREA_STYLE ('',( #1353 ) ) ;
#5281 = AXIS2_PLACEMENT_3D ( 'NONE', #2815, #3837, #11027 ) ;
#5282 = CARTESIAN_POINT ( 'NONE',  ( 2.350000000000000089, 0.05000000000000274364, 3.774999999999995914 ) ) ;
#5283 =( NAMED_UNIT ( * ) SI_UNIT ( $, .STERADIAN. ) SOLID_ANGLE_UNIT ( ) );
#5284 = COLOUR_RGB ( '',1.000000000000000000, 1.000000000000000000, 1.000000000000000000 ) ;
#5285 = CARTESIAN_POINT ( 'NONE',  ( 2.752999999999984571, 2.050000000000049560, 0.2999999999999999334 ) ) ;
#5286 = DIRECTION ( 'NONE',  ( -1.000000000000000000, -0.000000000000000000, -0.000000000000000000 ) ) ;
#5287 = PLANE ( 'NONE',  #6916 ) ;
#5288 =( GEOMETRIC_REPRESENTATION_CONTEXT ( 3 ) GLOBAL_UNCERTAINTY_ASSIGNED_CONTEXT ( ( #3076 ) ) GLOBAL_UNIT_ASSIGNED_CONTEXT ( ( #11915, #6794, #3787 ) ) REPRESENTATION_CONTEXT ( 'NONE', 'WORKASPACE' ) );
#5289 = EDGE_LOOP ( 'NONE', ( #6320, #12700, #6553, #1248 ) ) ;
#5290 = DIRECTION ( 'NONE',  ( -1.000000000000000000, -0.000000000000000000, -0.000000000000000000 ) ) ;
#5291 = DIRECTION ( 'NONE',  ( 0.000000000000000000, 0.000000000000000000, -1.000000000000000000 ) ) ;
#5292 = UNCERTAINTY_MEASURE_WITH_UNIT (LENGTH_MEASURE( 1.000000000000000082E-05 ), #746, 'distance_accuracy_value', 'NONE');
#5293 = PLANE ( 'NONE',  #4599 ) ;
#5294 = LINE ( 'NONE', #9852, #10425 ) ;
#5295 = CARTESIAN_POINT ( 'NONE',  ( 2.750000000000000000, -0.5499999999999997113, -2.200000000000003286 ) ) ;
#5296 = MECHANICAL_DESIGN_GEOMETRIC_PRESENTATION_REPRESENTATION (  '', ( #2300 ), #7635 ) ;
#5297 = ORIENTED_EDGE ( 'NONE', *, *, #9972, .T. ) ;
#5298 = ORIENTED_EDGE ( 'NONE', *, *, #6089, .F. ) ;
#5299 =( LENGTH_UNIT ( ) NAMED_UNIT ( * ) SI_UNIT ( .MILLI., .METRE. ) );
#5300 = FILL_AREA_STYLE_COLOUR ( '', #8945 ) ;
#5301 = CARTESIAN_POINT ( 'NONE',  ( -0.3000000000000001554, 0.8499999999999993117, -4.832455532033675283 ) ) ;
#5302 = EDGE_CURVE ( 'NONE', #10935, #8012, #3347, .T. ) ;
#5303 = LINE ( 'NONE', #84, #2584 ) ;
#5304 = VERTEX_POINT ( 'NONE', #3350 ) ;
#5305 = CARTESIAN_POINT ( 'NONE',  ( -2.750000000000000000, -0.8500000000000003109, 2.625000000000001332 ) ) ;
#5306 = CARTESIAN_POINT ( 'NONE',  ( 2.750000000000000000, -0.5499999999999997113, -2.600000000000006750 ) ) ;
#5307 = ORIENTED_EDGE ( 'NONE', *, *, #2039, .T. ) ;
#5308 =( GEOMETRIC_REPRESENTATION_CONTEXT ( 3 ) GLOBAL_UNCERTAINTY_ASSIGNED_CONTEXT ( ( #9299 ) ) GLOBAL_UNIT_ASSIGNED_CONTEXT ( ( #1355, #4374, #10522 ) ) REPRESENTATION_CONTEXT ( 'NONE', 'WORKASPACE' ) );
#5309 = SURFACE_STYLE_USAGE ( .BOTH. , #10541 ) ;
#5310 = ADVANCED_FACE ( 'NONE', ( #3673 ), #11571, .F. ) ;
#5311 = DIRECTION ( 'NONE',  ( 1.239088197126289831E-16, -1.239088197126289831E-16, 1.000000000000000000 ) ) ;
#5312 = DIRECTION ( 'NONE',  ( 0.000000000000000000, 7.972074797687532784E-18, -1.000000000000000000 ) ) ;
#5313 = CARTESIAN_POINT ( 'NONE',  ( 2.750000000000000000, -0.8499999999999976463, -1.649999999999994804 ) ) ;
#5314 = ORIENTED_EDGE ( 'NONE', *, *, #13165, .F. ) ;
#5315 = PRESENTATION_STYLE_ASSIGNMENT (( #8065 ) ) ;
#5316 = EDGE_CURVE ( 'NONE', #10174, #3782, #1936, .T. ) ;
#5317 = CARTESIAN_POINT ( 'NONE',  ( -2.549999999999998934, 1.028000000000000025, -2.200000000000000178 ) ) ;
#5318 = ORIENTED_EDGE ( 'NONE', *, *, #6987, .F. ) ;
#5319 =( NAMED_UNIT ( * ) SI_UNIT ( $, .STERADIAN. ) SOLID_ANGLE_UNIT ( ) );
#5320 = PRESENTATION_LAYER_ASSIGNMENT (  '', '', ( #7224 ) ) ;
#5321 = DIRECTION ( 'NONE',  ( 0.000000000000000000, -0.000000000000000000, -1.000000000000000000 ) ) ;
#5322 = EDGE_LOOP ( 'NONE', ( #10874, #1721, #10667, #1925 ) ) ;
#5323 = ORIENTED_EDGE ( 'NONE', *, *, #2367, .T. ) ;
#5324 =( NAMED_UNIT ( * ) SI_UNIT ( $, .STERADIAN. ) SOLID_ANGLE_UNIT ( ) );
#5325 = ORIENTED_EDGE ( 'NONE', *, *, #2212, .T. ) ;
#5326 = FILL_AREA_STYLE_COLOUR ( '', #950 ) ;
#5327 = LINE ( 'NONE', #2460, #2617 ) ;
#5328 = AXIS2_PLACEMENT_3D ( 'NONE', #11746, #1628, #12773 ) ;
#5329 = STYLED_ITEM ( 'NONE', ( #9890 ), #3965 ) ;
#5330 =( NAMED_UNIT ( * ) SI_UNIT ( $, .STERADIAN. ) SOLID_ANGLE_UNIT ( ) );
#5331 = DIRECTION ( 'NONE',  ( 0.000000000000000000, 0.000000000000000000, 1.000000000000000000 ) ) ;
#5332 =( NAMED_UNIT ( * ) SI_UNIT ( $, .STERADIAN. ) SOLID_ANGLE_UNIT ( ) );
#5333 =( NAMED_UNIT ( * ) PLANE_ANGLE_UNIT ( ) SI_UNIT ( $, .RADIAN. ) );
#5334 = FACE_OUTER_BOUND ( 'NONE', #6279, .T. ) ;
#5335 = STYLED_ITEM ( 'NONE', ( #9170 ), #9864 ) ;
#5336 =( NAMED_UNIT ( * ) SI_UNIT ( $, .STERADIAN. ) SOLID_ANGLE_UNIT ( ) );
#5337 = LINE ( 'NONE', #1047, #11918 ) ;
#5338 = ORIENTED_EDGE ( 'NONE', *, *, #4116, .T. ) ;
#5339 = ORIENTED_EDGE ( 'NONE', *, *, #1188, .T. ) ;
#5340 = EDGE_CURVE ( 'NONE', #7319, #5485, #1288, .T. ) ;
#5341 = CARTESIAN_POINT ( 'NONE',  ( -2.550000000000000266, -1.049999999999999378, 1.650000000000002576 ) ) ;
#5342 = DIRECTION ( 'NONE',  ( 0.000000000000000000, 0.9590177080589008529, -0.2833461410174007988 ) ) ;
#5343 = STYLED_ITEM ( 'NONE', ( #11863 ), #4780 ) ;
#5344 = CARTESIAN_POINT ( 'NONE',  ( 2.752999999999984571, 2.050000000000049560, 0.2999999999999999334 ) ) ;
#5345 = VECTOR ( 'NONE', #4760, 1000.000000000000000 ) ;
#5346 = EDGE_CURVE ( 'NONE', #1669, #8819, #1115, .T. ) ;
#5347 = SURFACE_STYLE_USAGE ( .BOTH. , #10464 ) ;
#5348 = COLOUR_RGB ( '',1.000000000000000000, 1.000000000000000000, 1.000000000000000000 ) ;
#5349 = ORIENTED_EDGE ( 'NONE', *, *, #2138, .F. ) ;
#5350 = VERTEX_POINT ( 'NONE', #11609 ) ;
#5351 = MECHANICAL_DESIGN_GEOMETRIC_PRESENTATION_REPRESENTATION (  '', ( #9474 ), #8562 ) ;
#5352 = UNCERTAINTY_MEASURE_WITH_UNIT (LENGTH_MEASURE( 1.000000000000000082E-05 ), #6341, 'distance_accuracy_value', 'NONE');
#5353 = UNCERTAINTY_MEASURE_WITH_UNIT (LENGTH_MEASURE( 1.000000000000000082E-05 ), #8154, 'distance_accuracy_value', 'NONE');
#5354 = CARTESIAN_POINT ( 'NONE',  ( -2.399999999999999911, -0.8500000000000003109, 2.625000000000001332 ) ) ;
#5355 = ORIENTED_EDGE ( 'NONE', *, *, #7590, .T. ) ;
#5356 = FACE_OUTER_BOUND ( 'NONE', #2087, .T. ) ;
#5357 = CARTESIAN_POINT ( 'NONE',  ( -1.500000000000000000, -0.8480000000000001981, 3.572999999999989740 ) ) ;
#5358 = VECTOR ( 'NONE', #12603, 1000.000000000000000 ) ;
#5359 = AXIS2_PLACEMENT_3D ( 'NONE', #5474, #12573, #3329 ) ;
#5360 = CARTESIAN_POINT ( 'NONE',  ( -2.449999999999987743, -0.1499999999999995226, 0.6577350269189665699 ) ) ;
#5361 = PLANE ( 'NONE',  #9434 ) ;
#5362 = ADVANCED_FACE ( 'NONE', ( #2399 ), #7496, .F. ) ;
#5363 = FILL_AREA_STYLE_COLOUR ( '', #649 ) ;
#5364 = DIRECTION ( 'NONE',  ( 0.000000000000000000, -1.000000000000000000, 0.000000000000000000 ) ) ;
#5365 = ORIENTED_EDGE ( 'NONE', *, *, #2703, .F. ) ;
#5366 = FILL_AREA_STYLE ('',( #9491 ) ) ;
#5367 = PRESENTATION_STYLE_ASSIGNMENT (( #9348 ) ) ;
#5368 = COLOUR_RGB ( '',1.000000000000000000, 1.000000000000000000, 1.000000000000000000 ) ;
#5369 = EDGE_LOOP ( 'NONE', ( #2885, #3482, #7468, #5695 ) ) ;
#5370 = ORIENTED_EDGE ( 'NONE', *, *, #5316, .T. ) ;
#5371 =( LENGTH_UNIT ( ) NAMED_UNIT ( * ) SI_UNIT ( .MILLI., .METRE. ) );
#5372 = ORIENTED_EDGE ( 'NONE', *, *, #11433, .F. ) ;
#5373 = CARTESIAN_POINT ( 'NONE',  ( -0.4179206746780296244, -1.049999999999999156, 2.864768817329522932 ) ) ;
#5374 = VECTOR ( 'NONE', #6168, 1000.000000000000000 ) ;
#5375 = DIRECTION ( 'NONE',  ( 0.000000000000000000, 0.000000000000000000, -1.000000000000000000 ) ) ;
#5376 = AXIS2_PLACEMENT_3D ( 'NONE', #11194, #2094, #11243 ) ;
#5377 =( LENGTH_UNIT ( ) NAMED_UNIT ( * ) SI_UNIT ( .MILLI., .METRE. ) );
#5378 = ORIENTED_EDGE ( 'NONE', *, *, #2532, .T. ) ;
#5379 = FACE_OUTER_BOUND ( 'NONE', #3911, .T. ) ;
#5380 = ADVANCED_FACE ( 'NONE', ( #7209 ), #5405, .F. ) ;
#5381 = DIRECTION ( 'NONE',  ( -0.000000000000000000, 4.336808689942021187E-16, -1.000000000000000000 ) ) ;
#5382 = FACE_OUTER_BOUND ( 'NONE', #2960, .T. ) ;
#5383 = MECHANICAL_DESIGN_GEOMETRIC_PRESENTATION_REPRESENTATION (  '', ( #5701 ), #7469 ) ;
#5384 = SURFACE_STYLE_FILL_AREA ( #10798 ) ;
#5385 = SURFACE_SIDE_STYLE ('',( #12361 ) ) ;
#5386 = CARTESIAN_POINT ( 'NONE',  ( 2.750000000000000000, -0.1499999999999995226, -0.8309401076758494709 ) ) ;
#5387 = DIRECTION ( 'NONE',  ( 0.5073310971434472627, 0.000000000000000000, 0.8617512157642865933 ) ) ;
#5388 = EDGE_CURVE ( 'NONE', #3241, #5886, #9111, .T. ) ;
#5389 = ORIENTED_EDGE ( 'NONE', *, *, #1395, .T. ) ;
#5390 = DIRECTION ( 'NONE',  ( 0.000000000000000000, 0.000000000000000000, 1.000000000000000000 ) ) ;
#5391 = DIRECTION ( 'NONE',  ( -0.000000000000000000, -0.000000000000000000, 1.000000000000000000 ) ) ;
#5392 = PLANE ( 'NONE',  #12034 ) ;
#5393 = ORIENTED_EDGE ( 'NONE', *, *, #3039, .T. ) ;
#5394 = STYLED_ITEM ( 'NONE', ( #8928 ), #8834 ) ;
#5395 =( NAMED_UNIT ( * ) SI_UNIT ( $, .STERADIAN. ) SOLID_ANGLE_UNIT ( ) );
#5396 = LINE ( 'NONE', #12121, #3957 ) ;
#5397 = ORIENTED_EDGE ( 'NONE', *, *, #9540, .T. ) ;
#5398 = VERTEX_POINT ( 'NONE', #6661 ) ;
#5399 = PRESENTATION_STYLE_ASSIGNMENT (( #1245 ) ) ;
#5400 = LINE ( 'NONE', #9371, #1740 ) ;
#5401 = CARTESIAN_POINT ( 'NONE',  ( -1.500000000000000000, -0.8500000000000011990, -3.572999999999995957 ) ) ;
#5402 = MECHANICAL_DESIGN_GEOMETRIC_PRESENTATION_REPRESENTATION (  '', ( #2162 ), #2420 ) ;
#5403 =( GEOMETRIC_REPRESENTATION_CONTEXT ( 3 ) GLOBAL_UNCERTAINTY_ASSIGNED_CONTEXT ( ( #9387 ) ) GLOBAL_UNIT_ASSIGNED_CONTEXT ( ( #3335, #4445, #5520 ) ) REPRESENTATION_CONTEXT ( 'NONE', 'WORKASPACE' ) );
#5404 = DIRECTION ( 'NONE',  ( -0.000000000000000000, -0.000000000000000000, -1.000000000000000000 ) ) ;
#5405 = PLANE ( 'NONE',  #8049 ) ;
#5406 = LINE ( 'NONE', #7314, #932 ) ;
#5407 = LINE ( 'NONE', #7906, #5108 ) ;
#5408 = CARTESIAN_POINT ( 'NONE',  ( 0.2999999999999998224, 0.6499999999999993561, -4.832455532033675283 ) ) ;
#5409 =( NAMED_UNIT ( * ) SI_UNIT ( $, .STERADIAN. ) SOLID_ANGLE_UNIT ( ) );
#5410 = LINE ( 'NONE', #7804, #5111 ) ;
#5411 = VERTEX_POINT ( 'NONE', #10844 ) ;
#5412 = VECTOR ( 'NONE', #8029, 1000.000000000000000 ) ;
#5413 = FILL_AREA_STYLE_COLOUR ( '', #1476 ) ;
#5414 = COLOUR_RGB ( '',0.1098039215686274495, 0.1098039215686274495, 0.1098039215686274495 ) ;
#5415 = DIRECTION ( 'NONE',  ( -1.000000000000000000, 0.000000000000000000, -0.000000000000000000 ) ) ;
#5416 =( NAMED_UNIT ( * ) SI_UNIT ( $, .STERADIAN. ) SOLID_ANGLE_UNIT ( ) );
#5417 = EDGE_CURVE ( 'NONE', #3899, #3990, #594, .T. ) ;
#5418 = SURFACE_SIDE_STYLE ('',( #3921 ) ) ;
#5419 = LINE ( 'NONE', #3850, #12504 ) ;
#5420 = DIRECTION ( 'NONE',  ( -1.000000000000000000, -0.000000000000000000, 0.000000000000000000 ) ) ;
#5421 = AXIS2_PLACEMENT_3D ( 'NONE', #12194, #5158, #6049 ) ;
#5422 = AXIS2_PLACEMENT_3D ( 'NONE', #5424, #10534, #12299 ) ;
#5423 = ORIENTED_EDGE ( 'NONE', *, *, #11253, .T. ) ;
#5424 = CARTESIAN_POINT ( 'NONE',  ( -2.499999999999998668, 0.8249999999999992895, 2.799999999999999822 ) ) ;
#5425 = LINE ( 'NONE', #12883, #7869 ) ;
#5427 = EDGE_CURVE ( 'NONE', #12220, #6714, #942, .T. ) ;
#5426 = FACE_OUTER_BOUND ( 'NONE', #12294, .T. ) ;
#5428 = ORIENTED_EDGE ( 'NONE', *, *, #8874, .T. ) ;
#5429 =( NAMED_UNIT ( * ) SI_UNIT ( $, .STERADIAN. ) SOLID_ANGLE_UNIT ( ) );
#5430 = DIRECTION ( 'NONE',  ( 0.000000000000000000, 1.908195823574532611E-14, -1.000000000000000000 ) ) ;
#5431 =( NAMED_UNIT ( * ) SI_UNIT ( $, .STERADIAN. ) SOLID_ANGLE_UNIT ( ) );
#5432 = STYLED_ITEM ( 'NONE', ( #12208 ), #6536 ) ;
#5433 = UNCERTAINTY_MEASURE_WITH_UNIT (LENGTH_MEASURE( 1.000000000000000082E-05 ), #8332, 'distance_accuracy_value', 'NONE');
#5434 = ADVANCED_FACE ( 'NONE', ( #5267 ), #7705, .F. ) ;
#5435 = FILL_AREA_STYLE ('',( #12496 ) ) ;
#5436 = ORIENTED_EDGE ( 'NONE', *, *, #11062, .F. ) ;
#5437 = STYLED_ITEM ( 'NONE', ( #6650 ), #61 ) ;
#5438 = DIRECTION ( 'NONE',  ( 0.000000000000000000, -1.000000000000000000, -6.948158114726864825E-15 ) ) ;
#5439 = DIRECTION ( 'NONE',  ( 0.5197120637492901318, 0.000000000000000000, 0.8543414837133064266 ) ) ;
#5440 = COLOUR_RGB ( '',0.1098039215686274495, 0.1098039215686274495, 0.1098039215686274495 ) ;
#5441 = LINE ( 'NONE', #7612, #11402 ) ;
#5442 = ORIENTED_EDGE ( 'NONE', *, *, #12838, .F. ) ;
#5443 = SURFACE_STYLE_USAGE ( .BOTH. , #8420 ) ;
#5444 = PRESENTATION_LAYER_ASSIGNMENT (  '', '', ( #13081 ) ) ;
#5445 = CARTESIAN_POINT ( 'NONE',  ( 2.649999999999982592, -0.1499999999999995226, -0.2154700538379264729 ) ) ;
#5446 = EDGE_CURVE ( 'NONE', #10646, #10010, #8810, .T. ) ;
#5447 = VECTOR ( 'NONE', #11926, 1000.000000000000000 ) ;
#5448 = VERTEX_POINT ( 'NONE', #11779 ) ;
#5449 = UNCERTAINTY_MEASURE_WITH_UNIT (LENGTH_MEASURE( 1.000000000000000082E-05 ), #8434, 'distance_accuracy_value', 'NONE');
#5450 = ORIENTED_EDGE ( 'NONE', *, *, #1207, .T. ) ;
#5451 = FILL_AREA_STYLE ('',( #6372 ) ) ;
#5452 = PRESENTATION_STYLE_ASSIGNMENT (( #2682 ) ) ;
#5453 = COLOUR_RGB ( '',0.6941176470588235059, 0.09803921568627450844, 0.09803921568627450844 ) ;
#5454 = VERTEX_POINT ( 'NONE', #9707 ) ;
#5455 =( NAMED_UNIT ( * ) SI_UNIT ( $, .STERADIAN. ) SOLID_ANGLE_UNIT ( ) );
#5456 = CARTESIAN_POINT ( 'NONE',  ( 2.750000000000000000, -0.5499999999999997113, -2.600000000000006750 ) ) ;
#5457 = SURFACE_SIDE_STYLE ('',( #935 ) ) ;
#5458 = MECHANICAL_DESIGN_GEOMETRIC_PRESENTATION_REPRESENTATION (  '', ( #369 ), #11907 ) ;
#5459 = VECTOR ( 'NONE', #2046, 1000.000000000000000 ) ;
#5460 = DIRECTION ( 'NONE',  ( 1.000000000000000000, 0.000000000000000000, 0.000000000000000000 ) ) ;
#5461 = LINE ( 'NONE', #6352, #11269 ) ;
#5462 =( NAMED_UNIT ( * ) SI_UNIT ( $, .STERADIAN. ) SOLID_ANGLE_UNIT ( ) );
#5463 = DIRECTION ( 'NONE',  ( -1.000000000000000000, 0.000000000000000000, 0.000000000000000000 ) ) ;
#5464 = ORIENTED_EDGE ( 'NONE', *, *, #53, .T. ) ;
#5465 = DIRECTION ( 'NONE',  ( 0.000000000000000000, -1.000000000000000000, 0.000000000000000000 ) ) ;
#5466 = ORIENTED_EDGE ( 'NONE', *, *, #12607, .T. ) ;
#5467 = EDGE_CURVE ( 'NONE', #12506, #7717, #11844, .T. ) ;
#5468 = SURFACE_SIDE_STYLE ('',( #465 ) ) ;
#5469 = LINE ( 'NONE', #6959, #2760 ) ;
#5470 = DIRECTION ( 'NONE',  ( -0.000000000000000000, 0.2833461410174008543, 0.9590177080589008529 ) ) ;
#5471 = ORIENTED_EDGE ( 'NONE', *, *, #4563, .F. ) ;
#5472 = SURFACE_STYLE_USAGE ( .BOTH. , #5385 ) ;
#5473 = AXIS2_PLACEMENT_3D ( 'NONE', #190, #2430, #9437 ) ;
#5474 = CARTESIAN_POINT ( 'NONE',  ( 0.000000000000000000, 0.8499999999999997558, -2.478176394252579538E-17 ) ) ;
#5475 = CARTESIAN_POINT ( 'NONE',  ( -1.749999999999999112, 0.8499999999999997558, -0.2499999999999957812 ) ) ;
#5476 = VECTOR ( 'NONE', #10967, 1000.000000000000000 ) ;
#5477 = ORIENTED_EDGE ( 'NONE', *, *, #5735, .F. ) ;
#5478 = CARTESIAN_POINT ( 'NONE',  ( -0.2499999999999835132, 1.050000000000000044, -2.249999999999999556 ) ) ;
#5479 = DIRECTION ( 'NONE',  ( -0.000000000000000000, 1.000000000000000000, 4.663235150475286828E-17 ) ) ;
#5480 = AXIS2_PLACEMENT_3D ( 'NONE', #8651, #1528, #408 ) ;
#5481 = DIRECTION ( 'NONE',  ( -0.000000000000000000, -1.000000000000000000, -0.000000000000000000 ) ) ;
#5482 = EDGE_CURVE ( 'NONE', #6976, #959, #438, .T. ) ;
#5483 = ORIENTED_EDGE ( 'NONE', *, *, #13232, .F. ) ;
#5484 = FACE_OUTER_BOUND ( 'NONE', #9161, .T. ) ;
#5485 = VERTEX_POINT ( 'NONE', #9611 ) ;
#5486 = COLOUR_RGB ( '',0.1098039215686274495, 0.1098039215686274495, 0.1098039215686274495 ) ;
#5487 = DIRECTION ( 'NONE',  ( 1.000000000000000000, 0.000000000000000000, -0.000000000000000000 ) ) ;
#5488 = CARTESIAN_POINT ( 'NONE',  ( -2.552999999999998604, 2.050000000000049116, 2.799999999999999822 ) ) ;
#5489 = EDGE_CURVE ( 'NONE', #7812, #9067, #2236, .T. ) ;
#5490 = EDGE_CURVE ( 'NONE', #397, #274, #8485, .T. ) ;
#5491 = DIRECTION ( 'NONE',  ( 1.000000000000000000, 0.000000000000000000, -1.734723475976807094E-15 ) ) ;
#5492 = DIRECTION ( 'NONE',  ( -1.000000000000000000, -0.000000000000000000, -0.000000000000000000 ) ) ;
#5493 = ADVANCED_FACE ( 'NONE', ( #13270 ), #11820, .F. ) ;
#5494 =( GEOMETRIC_REPRESENTATION_CONTEXT ( 3 ) GLOBAL_UNCERTAINTY_ASSIGNED_CONTEXT ( ( #1675 ) ) GLOBAL_UNIT_ASSIGNED_CONTEXT ( ( #3232, #10396, #10577 ) ) REPRESENTATION_CONTEXT ( 'NONE', 'WORKASPACE' ) );
#5495 = AXIS2_PLACEMENT_3D ( 'NONE', #12432, #6297, #10530 ) ;
#5496 = CARTESIAN_POINT ( 'NONE',  ( 2.549999999999990941, 1.025000000000000133, -2.200000000000000178 ) ) ;
#5497 = VECTOR ( 'NONE', #11479, 1000.000000000000227 ) ;
#5498 = DIRECTION ( 'NONE',  ( 0.5055177298193915814, 0.000000000000000000, 0.8628162173013720349 ) ) ;
#5499 = ORIENTED_EDGE ( 'NONE', *, *, #1503, .T. ) ;
#5500 = PRODUCT_CONTEXT ( 'NONE', #2439, 'mechanical' ) ;
#5501 = VERTEX_POINT ( 'NONE', #8735 ) ;
#5502 = CARTESIAN_POINT ( 'NONE',  ( 1.500000000000000000, 0.6499999999999998002, -3.774999999999995914 ) ) ;
#5503 =( NAMED_UNIT ( * ) SI_UNIT ( $, .STERADIAN. ) SOLID_ANGLE_UNIT ( ) );
#5504 = PRESENTATION_LAYER_ASSIGNMENT (  '', '', ( #9630 ) ) ;
#5505 =( GEOMETRIC_REPRESENTATION_CONTEXT ( 3 ) GLOBAL_UNCERTAINTY_ASSIGNED_CONTEXT ( ( #4960 ) ) GLOBAL_UNIT_ASSIGNED_CONTEXT ( ( #409, #2555, #7680 ) ) REPRESENTATION_CONTEXT ( 'NONE', 'WORKASPACE' ) );
#5506 = DIRECTION ( 'NONE',  ( -0.000000000000000000, -1.000000000000000000, -4.565061778886370529E-16 ) ) ;
#5507 = LINE ( 'NONE', #2641, #2798 ) ;
#5508 = VECTOR ( 'NONE', #5900, 1000.000000000000000 ) ;
#5509 = EDGE_CURVE ( 'NONE', #3423, #7964, #3978, .T. ) ;
#5510 = ADVANCED_FACE ( 'NONE', ( #1924 ), #2770, .F. ) ;
#5511 = ORIENTED_EDGE ( 'NONE', *, *, #9819, .F. ) ;
#5512 = CARTESIAN_POINT ( 'NONE',  ( -1.749999999999999112, 0.8499999999999993117, 2.750000000000006661 ) ) ;
#5513 =( LENGTH_UNIT ( ) NAMED_UNIT ( * ) SI_UNIT ( .MILLI., .METRE. ) );
#5514 = CARTESIAN_POINT ( 'NONE',  ( 1.500000000000000000, -0.8500000000000000888, -3.572999999999995957 ) ) ;
#5515 = PRESENTATION_LAYER_ASSIGNMENT (  '', '', ( #9138 ) ) ;
#5516 = AXIS2_PLACEMENT_3D ( 'NONE', #5101, #4090, #930 ) ;
#5517 = PLANE ( 'NONE',  #9631 ) ;
#5518 = CARTESIAN_POINT ( 'NONE',  ( -2.649999999999985256, -0.1499999999999995226, 0.3113248654051880004 ) ) ;
#5519 = EDGE_CURVE ( 'NONE', #2415, #5411, #12953, .T. ) ;
#5520 =( NAMED_UNIT ( * ) SI_UNIT ( $, .STERADIAN. ) SOLID_ANGLE_UNIT ( ) );
#5521 = UNCERTAINTY_MEASURE_WITH_UNIT (LENGTH_MEASURE( 1.000000000000000082E-05 ), #9223, 'distance_accuracy_value', 'NONE');
#5522 = SURFACE_SIDE_STYLE ('',( #231 ) ) ;
#5523 = UNCERTAINTY_MEASURE_WITH_UNIT (LENGTH_MEASURE( 1.000000000000000082E-05 ), #7189, 'distance_accuracy_value', 'NONE');
#5524 = ORIENTED_EDGE ( 'NONE', *, *, #1090, .F. ) ;
#5525 = LINE ( 'NONE', #12859, #9528 ) ;
#5526 = VECTOR ( 'NONE', #5552, 1000.000000000000000 ) ;
#5527 = ORIENTED_EDGE ( 'NONE', *, *, #12159, .T. ) ;
#5528 = AXIS2_PLACEMENT_3D ( 'NONE', #6669, #5583, #11829 ) ;
#5529 = LINE ( 'NONE', #342, #3463 ) ;
#5530 = PRESENTATION_LAYER_ASSIGNMENT (  '', '', ( #12676 ) ) ;
#5531 = ORIENTED_EDGE ( 'NONE', *, *, #11721, .T. ) ;
#5532 = VECTOR ( 'NONE', #12205, 1000.000000000000000 ) ;
#5533 = LINE ( 'NONE', #2045, #1070 ) ;
#5534 = CARTESIAN_POINT ( 'NONE',  ( -2.549999999999998490, 0.8249999999999992895, 2.799999999999999822 ) ) ;
#5535 = CARTESIAN_POINT ( 'NONE',  ( -2.499999999999999556, 1.050000000000000044, -3.500000000000000000 ) ) ;
#5536 = FILL_AREA_STYLE_COLOUR ( '', #5440 ) ;
#5537 = DIRECTION ( 'NONE',  ( -0.000000000000000000, 1.000000000000000000, -0.000000000000000000 ) ) ;
#5538 = FACE_OUTER_BOUND ( 'NONE', #7688, .T. ) ;
#5539 = ORIENTED_EDGE ( 'NONE', *, *, #4391, .F. ) ;
#5540 =( NAMED_UNIT ( * ) SI_UNIT ( $, .STERADIAN. ) SOLID_ANGLE_UNIT ( ) );
#5541 = VECTOR ( 'NONE', #6400, 1000.000000000000000 ) ;
#5542 = FILL_AREA_STYLE_COLOUR ( '', #2344 ) ;
#5543 =( NAMED_UNIT ( * ) PLANE_ANGLE_UNIT ( ) SI_UNIT ( $, .RADIAN. ) );
#5544 = CARTESIAN_POINT ( 'NONE',  ( -0.2499999999999835132, 0.8500000000000001998, -2.749999999999999112 ) ) ;
#5545 = EDGE_CURVE ( 'NONE', #7498, #1328, #12798, .T. ) ;
#5546 = DIRECTION ( 'NONE',  ( -0.000000000000000000, -0.000000000000000000, -1.000000000000000000 ) ) ;
#5547 = CARTESIAN_POINT ( 'NONE',  ( 2.552999999999984393, 2.050000000000049116, 2.799999999999999822 ) ) ;
#5548 = DIRECTION ( 'NONE',  ( -1.000000000000000000, -0.000000000000000000, -0.000000000000000000 ) ) ;
#5549 = ORIENTED_EDGE ( 'NONE', *, *, #10676, .T. ) ;
#5550 = VECTOR ( 'NONE', #8877, 1000.000000000000000 ) ;
#5551 = ORIENTED_EDGE ( 'NONE', *, *, #2090, .F. ) ;
#5552 = DIRECTION ( 'NONE',  ( 0.000000000000000000, -6.776263578034472970E-17, -1.000000000000000000 ) ) ;
#5553 = VECTOR ( 'NONE', #8488, 1000.000000000000000 ) ;
#5554 = ORIENTED_EDGE ( 'NONE', *, *, #4823, .F. ) ;
#5555 = SURFACE_STYLE_FILL_AREA ( #137 ) ;
#5556 = SURFACE_SIDE_STYLE ('',( #5854 ) ) ;
#5557 =( GEOMETRIC_REPRESENTATION_CONTEXT ( 3 ) GLOBAL_UNCERTAINTY_ASSIGNED_CONTEXT ( ( #11792 ) ) GLOBAL_UNIT_ASSIGNED_CONTEXT ( ( #1227, #12475, #1323 ) ) REPRESENTATION_CONTEXT ( 'NONE', 'WORKASPACE' ) );
#5558 = CARTESIAN_POINT ( 'NONE',  ( 2.449999999999983746, -0.1499999999999995226, -0.3113248654051902209 ) ) ;
#5559 =( LENGTH_UNIT ( ) NAMED_UNIT ( * ) SI_UNIT ( .MILLI., .METRE. ) );
#5560 =( NAMED_UNIT ( * ) PLANE_ANGLE_UNIT ( ) SI_UNIT ( $, .RADIAN. ) );
#5561 = EDGE_CURVE ( 'NONE', #6493, #12988, #4621, .T. ) ;
#5562 = LINE ( 'NONE', #2379, #3332 ) ;
#5563 = ADVANCED_FACE ( 'NONE', ( #7532 ), #1800, .F. ) ;
#5564 = LINE ( 'NONE', #6021, #11826 ) ;
#5565 = ORIENTED_EDGE ( 'NONE', *, *, #12246, .T. ) ;
#5566 = CARTESIAN_POINT ( 'NONE',  ( 1.500000000000000000, 0.6499999999999998002, 3.575000000000002398 ) ) ;
#5567 = CARTESIAN_POINT ( 'NONE',  ( -0.4876785292598742605, -1.039999999999999147, 2.413550568363380666 ) ) ;
#5568 = SURFACE_STYLE_USAGE ( .BOTH. , #1614 ) ;
#5569 = ORIENTED_EDGE ( 'NONE', *, *, #10296, .F. ) ;
#5570 = LINE ( 'NONE', #9179, #3175 ) ;
#5571 = EDGE_LOOP ( 'NONE', ( #1968, #6938, #2293, #11805 ) ) ;
#5572 = MECHANICAL_DESIGN_GEOMETRIC_PRESENTATION_REPRESENTATION (  '', ( #7229 ), #2851 ) ;
#5573 =( GEOMETRIC_REPRESENTATION_CONTEXT ( 3 ) GLOBAL_UNCERTAINTY_ASSIGNED_CONTEXT ( ( #10152 ) ) GLOBAL_UNIT_ASSIGNED_CONTEXT ( ( #10644, #9555, #3520 ) ) REPRESENTATION_CONTEXT ( 'NONE', 'WORKASPACE' ) );
#5574 = LINE ( 'NONE', #12871, #12332 ) ;
#5575 = ORIENTED_EDGE ( 'NONE', *, *, #3173, .F. ) ;
#5576 = ADVANCED_FACE ( 'NONE', ( #9739 ), #1843, .F. ) ;
#5577 = SURFACE_STYLE_USAGE ( .BOTH. , #9661 ) ;
#5578 = DIRECTION ( 'NONE',  ( 0.000000000000000000, 0.000000000000000000, -1.000000000000000000 ) ) ;
#5579 =( NAMED_UNIT ( * ) PLANE_ANGLE_UNIT ( ) SI_UNIT ( $, .RADIAN. ) );
#5580 = FILL_AREA_STYLE ('',( #5542 ) ) ;
#5581 = DIRECTION ( 'NONE',  ( -0.000000000000000000, -1.267091005808300275E-15, 1.000000000000000000 ) ) ;
#5582 = VERTEX_POINT ( 'NONE', #3746 ) ;
#5583 = DIRECTION ( 'NONE',  ( 0.000000000000000000, 0.000000000000000000, -1.000000000000000000 ) ) ;
#5584 = STYLED_ITEM ( 'NONE', ( #2888 ), #1909 ) ;
#5585 = COLOUR_RGB ( '',0.6941176470588235059, 0.09803921568627450844, 0.09803921568627450844 ) ;
#5586 = VERTEX_POINT ( 'NONE', #5897 ) ;
#5587 = VECTOR ( 'NONE', #2116, 1000.000000000000000 ) ;
#5588 = EDGE_CURVE ( 'NONE', #274, #12245, #6548, .T. ) ;
#5589 = VECTOR ( 'NONE', #11717, 1000.000000000000000 ) ;
#5590 = SURFACE_STYLE_FILL_AREA ( #7178 ) ;
#5591 = ORIENTED_EDGE ( 'NONE', *, *, #11867, .F. ) ;
#5592 = CARTESIAN_POINT ( 'NONE',  ( -2.549999999999998934, 0.8249999999999996225, 0.2999999999999999334 ) ) ;
#5593 = STYLED_ITEM ( 'NONE', ( #1987 ), #11509 ) ;
#5594 = AXIS2_PLACEMENT_3D ( 'NONE', #1213, #11649, #2249 ) ;
#5595 =( NAMED_UNIT ( * ) PLANE_ANGLE_UNIT ( ) SI_UNIT ( $, .RADIAN. ) );
#5596 = LINE ( 'NONE', #11461, #12514 ) ;
#5597 = UNCERTAINTY_MEASURE_WITH_UNIT (LENGTH_MEASURE( 1.000000000000000082E-05 ), #2471, 'distance_accuracy_value', 'NONE');
#5598 = ORIENTED_EDGE ( 'NONE', *, *, #11555, .T. ) ;
#5599 = CARTESIAN_POINT ( 'NONE',  ( 2.350000000000000089, 0.000000000000000000, 0.000000000000000000 ) ) ;
#5600 = EDGE_CURVE ( 'NONE', #13083, #2289, #3805, .T. ) ;
#5601 = FACE_OUTER_BOUND ( 'NONE', #8885, .T. ) ;
#5602 = CARTESIAN_POINT ( 'NONE',  ( -2.549999999999998934, 1.028000000000000025, -2.799999999999999822 ) ) ;
#5603 = COLOUR_RGB ( '',1.000000000000000000, 1.000000000000000000, 1.000000000000000000 ) ;
#5604 = ORIENTED_EDGE ( 'NONE', *, *, #10054, .T. ) ;
#5605 = VECTOR ( 'NONE', #945, 1000.000000000000000 ) ;
#5606 =( LENGTH_UNIT ( ) NAMED_UNIT ( * ) SI_UNIT ( .MILLI., .METRE. ) );
#5607 = ORIENTED_EDGE ( 'NONE', *, *, #4812, .F. ) ;
#5608 =( NAMED_UNIT ( * ) SI_UNIT ( $, .STERADIAN. ) SOLID_ANGLE_UNIT ( ) );
#5609 = CARTESIAN_POINT ( 'NONE',  ( -2.752999999999999226, 2.050000000000049560, 0.2999999999999999334 ) ) ;
#5610 = AXIS2_PLACEMENT_3D ( 'NONE', #12559, #7454, #11489 ) ;
#5611 = STYLED_ITEM ( 'NONE', ( #11273 ), #1153 ) ;
#5612 = EDGE_CURVE ( 'NONE', #7968, #1937, #8471, .T. ) ;
#5613 = LINE ( 'NONE', #9188, #7393 ) ;
#5614 = DIRECTION ( 'NONE',  ( -0.000000000000000000, 1.000000000000000000, 1.239088197126289831E-16 ) ) ;
#5615 = VECTOR ( 'NONE', #5614, 1000.000000000000000 ) ;
#5616 = ORIENTED_EDGE ( 'NONE', *, *, #8809, .T. ) ;
#5617 = UNCERTAINTY_MEASURE_WITH_UNIT (LENGTH_MEASURE( 1.000000000000000082E-05 ), #5377, 'distance_accuracy_value', 'NONE');
#5618 = SURFACE_STYLE_USAGE ( .BOTH. , #8727 ) ;
#5619 =( GEOMETRIC_REPRESENTATION_CONTEXT ( 3 ) GLOBAL_UNCERTAINTY_ASSIGNED_CONTEXT ( ( #3792 ) ) GLOBAL_UNIT_ASSIGNED_CONTEXT ( ( #6076, #12087, #781 ) ) REPRESENTATION_CONTEXT ( 'NONE', 'WORKASPACE' ) );
#5620 =( LENGTH_UNIT ( ) NAMED_UNIT ( * ) SI_UNIT ( .MILLI., .METRE. ) );
#5621 = FACE_OUTER_BOUND ( 'NONE', #6003, .T. ) ;
#5622 = VERTEX_POINT ( 'NONE', #7117 ) ;
#5623 = EDGE_CURVE ( 'NONE', #9702, #10493, #2860, .T. ) ;
#5624 = COLOUR_RGB ( '',1.000000000000000000, 1.000000000000000000, 1.000000000000000000 ) ;
#5625 = CARTESIAN_POINT ( 'NONE',  ( 2.499999999999993339, 0.8249999999999992895, 2.799999999999999822 ) ) ;
#5626 =( NAMED_UNIT ( * ) PLANE_ANGLE_UNIT ( ) SI_UNIT ( $, .RADIAN. ) );
#5627 = VERTEX_POINT ( 'NONE', #11114 ) ;
#5628 = FACE_OUTER_BOUND ( 'NONE', #3393, .T. ) ;
#5629 = LINE ( 'NONE', #6201, #6444 ) ;
#5630 =( NAMED_UNIT ( * ) SI_UNIT ( $, .STERADIAN. ) SOLID_ANGLE_UNIT ( ) );
#5631 = VERTEX_POINT ( 'NONE', #9121 ) ;
#5632 = DIRECTION ( 'NONE',  ( -1.000000000000000000, -0.000000000000000000, -0.000000000000000000 ) ) ;
#5633 =( NAMED_UNIT ( * ) PLANE_ANGLE_UNIT ( ) SI_UNIT ( $, .RADIAN. ) );
#5634 = ADVANCED_FACE ( 'NONE', ( #11833 ), #9166, .F. ) ;
#5635 = STYLED_ITEM ( 'NONE', ( #12046 ), #7707 ) ;
#5636 = FILL_AREA_STYLE_COLOUR ( '', #8846 ) ;
#5637 = CARTESIAN_POINT ( 'NONE',  ( -2.549999999999998934, 1.028000000000000025, -2.200000000000000178 ) ) ;
#5638 = LINE ( 'NONE', #5733, #168 ) ;
#5639 = STYLED_ITEM ( 'NONE', ( #8663 ), #6331 ) ;
#5640 = ORIENTED_EDGE ( 'NONE', *, *, #1108, .F. ) ;
#5641 = DIRECTION ( 'NONE',  ( 0.000000000000000000, 0.000000000000000000, -1.000000000000000000 ) ) ;
#5642 = SURFACE_STYLE_FILL_AREA ( #3655 ) ;
#5643 = EDGE_CURVE ( 'NONE', #8219, #4175, #12792, .T. ) ;
#5644 = EDGE_LOOP ( 'NONE', ( #3586, #2958, #4753, #3755 ) ) ;
#5645 = LINE ( 'NONE', #865, #323 ) ;
#5646 = SURFACE_SIDE_STYLE ('',( #8509 ) ) ;
#5647 = ORIENTED_EDGE ( 'NONE', *, *, #5192, .T. ) ;
#5648 = FILL_AREA_STYLE_COLOUR ( '', #10269 ) ;
#5649 = ADVANCED_FACE ( 'NONE', ( #1907 ), #10063, .F. ) ;
#5650 = DIRECTION ( 'NONE',  ( 0.000000000000000000, -1.000000000000000000, 0.000000000000000000 ) ) ;
#5651 = CARTESIAN_POINT ( 'NONE',  ( -2.499999999999999112, 0.8249999999999996225, 0.2999999999999999334 ) ) ;
#5652 = EDGE_LOOP ( 'NONE', ( #4428, #12301, #1303, #9321 ) ) ;
#5653 = DIRECTION ( 'NONE',  ( 1.000000000000000000, 0.000000000000000000, 0.000000000000000000 ) ) ;
#5654 = PRESENTATION_LAYER_ASSIGNMENT (  '', '', ( #2569 ) ) ;
#5655 = DIRECTION ( 'NONE',  ( 0.000000000000000000, -4.565061778886370529E-16, 1.000000000000000000 ) ) ;
#5656 = FILL_AREA_STYLE_COLOUR ( '', #3660 ) ;
#5657 = CARTESIAN_POINT ( 'NONE',  ( 1.250000000000032196, 1.049999999999999822, -0.2499999999999957812 ) ) ;
#5658 = ORIENTED_EDGE ( 'NONE', *, *, #1059, .F. ) ;
#5659 = SURFACE_STYLE_FILL_AREA ( #4294 ) ;
#5660 = ORIENTED_EDGE ( 'NONE', *, *, #12803, .T. ) ;
#5661 = MECHANICAL_DESIGN_GEOMETRIC_PRESENTATION_REPRESENTATION (  '', ( #10551 ), #11000 ) ;
#5662 =( LENGTH_UNIT ( ) NAMED_UNIT ( * ) SI_UNIT ( .MILLI., .METRE. ) );
#5663 = SURFACE_STYLE_FILL_AREA ( #6001 ) ;
#5664 = DIRECTION ( 'NONE',  ( 0.000000000000000000, -1.000000000000000000, 0.000000000000000000 ) ) ;
#5665 = FACE_OUTER_BOUND ( 'NONE', #1209, .T. ) ;
#5666 = DIRECTION ( 'NONE',  ( 0.8543414837133064266, 0.000000000000000000, -0.5197120637492902429 ) ) ;
#5667 =( LENGTH_UNIT ( ) NAMED_UNIT ( * ) SI_UNIT ( .MILLI., .METRE. ) );
#5668 = VERTEX_POINT ( 'NONE', #1933 ) ;
#5669 = SURFACE_STYLE_USAGE ( .BOTH. , #3309 ) ;
#5670 = EDGE_CURVE ( 'NONE', #12371, #9797, #10222, .T. ) ;
#5671 = ORIENTED_EDGE ( 'NONE', *, *, #6763, .T. ) ;
#5672 = FILL_AREA_STYLE ('',( #8654 ) ) ;
#5673 = PLANE ( 'NONE',  #6652 ) ;
#5674 = DIRECTION ( 'NONE',  ( 0.000000000000000000, 0.000000000000000000, -1.000000000000000000 ) ) ;
#5675 = CARTESIAN_POINT ( 'NONE',  ( -0.2326411701485553984, -1.049999999999999156, 2.864768817329522932 ) ) ;
#5676 =( GEOMETRIC_REPRESENTATION_CONTEXT ( 3 ) GLOBAL_UNCERTAINTY_ASSIGNED_CONTEXT ( ( #9211 ) ) GLOBAL_UNIT_ASSIGNED_CONTEXT ( ( #6814, #13006, #6862 ) ) REPRESENTATION_CONTEXT ( 'NONE', 'WORKASPACE' ) );
#5677 = MECHANICAL_DESIGN_GEOMETRIC_PRESENTATION_REPRESENTATION (  '', ( #4741 ), #11873 ) ;
#5678 = DIRECTION ( 'NONE',  ( -1.000000000000000000, -0.000000000000000000, -0.000000000000000000 ) ) ;
#5679 = SURFACE_STYLE_FILL_AREA ( #5366 ) ;
#5680 = SURFACE_STYLE_FILL_AREA ( #745 ) ;
#5681 = VERTEX_POINT ( 'NONE', #6083 ) ;
#5682 = EDGE_CURVE ( 'NONE', #12547, #7539, #11034, .T. ) ;
#5683 = PRESENTATION_STYLE_ASSIGNMENT (( #12148 ) ) ;
#5684 = CARTESIAN_POINT ( 'NONE',  ( 2.499999999999991562, 1.024999999999999689, 0.2999999999999999334 ) ) ;
#5685 = DIRECTION ( 'NONE',  ( 0.000000000000000000, -1.000000000000000000, 0.000000000000000000 ) ) ;
#5686 = PRESENTATION_LAYER_ASSIGNMENT (  '', '', ( #9550 ) ) ;
#5687 = AXIS2_PLACEMENT_3D ( 'NONE', #6339, #3237, #7326 ) ;
#5688 = SURFACE_STYLE_USAGE ( .BOTH. , #5873 ) ;
#5689 = ORIENTED_EDGE ( 'NONE', *, *, #7245, .F. ) ;
#5690 =( LENGTH_UNIT ( ) NAMED_UNIT ( * ) SI_UNIT ( .MILLI., .METRE. ) );
#5691 = UNCERTAINTY_MEASURE_WITH_UNIT (LENGTH_MEASURE( 1.000000000000000082E-05 ), #4496, 'distance_accuracy_value', 'NONE');
#5692 = LINE ( 'NONE', #6245, #9214 ) ;
#5693 = DIRECTION ( 'NONE',  ( 0.000000000000000000, -0.000000000000000000, -1.000000000000000000 ) ) ;
#5694 = FACE_OUTER_BOUND ( 'NONE', #10071, .T. ) ;
#5695 = ORIENTED_EDGE ( 'NONE', *, *, #3436, .T. ) ;
#5696 = CARTESIAN_POINT ( 'NONE',  ( -2.550000000000000266, -1.049999999999999378, 2.800000000000002487 ) ) ;
#5697 = EDGE_LOOP ( 'NONE', ( #3671, #10485, #9394, #8826 ) ) ;
#5698 = CARTESIAN_POINT ( 'NONE',  ( 2.750000000000000000, -0.8499999999999976463, -3.099999999999995648 ) ) ;
#5699 = PLANE ( 'NONE',  #2747 ) ;
#5700 = MECHANICAL_DESIGN_GEOMETRIC_PRESENTATION_REPRESENTATION (  '', ( #9138 ), #5269 ) ;
#5701 = STYLED_ITEM ( 'NONE', ( #10051 ), #5769 ) ;
#5702 = ORIENTED_EDGE ( 'NONE', *, *, #10804, .T. ) ;
#5703 = ADVANCED_FACE ( 'NONE', ( #7676 ), #1978, .F. ) ;
#5704 =( LENGTH_UNIT ( ) NAMED_UNIT ( * ) SI_UNIT ( .MILLI., .METRE. ) );
#5705 = EDGE_CURVE ( 'NONE', #7651, #11617, #9252, .T. ) ;
#5706 = FILL_AREA_STYLE ('',( #12919 ) ) ;
#5707 = CARTESIAN_POINT ( 'NONE',  ( 1.750000000000084599, 0.8499999999999993117, 2.750000000000005773 ) ) ;
#5708 = VERTEX_POINT ( 'NONE', #11204 ) ;
#5709 = ORIENTED_EDGE ( 'NONE', *, *, #11115, .F. ) ;
#5710 = ADVANCED_FACE ( 'NONE', ( #11989 ), #20, .F. ) ;
#5711 = DIRECTION ( 'NONE',  ( -1.000000000000000000, 0.000000000000000000, 0.000000000000000000 ) ) ;
#5712 = FILL_AREA_STYLE_COLOUR ( '', #7829 ) ;
#5713 = DIRECTION ( 'NONE',  ( -1.000000000000000000, 0.000000000000000000, 0.000000000000000000 ) ) ;
#5714 = ORIENTED_EDGE ( 'NONE', *, *, #13125, .T. ) ;
#5715 = CARTESIAN_POINT ( 'NONE',  ( -2.350000000000000089, 0.05000000000000274364, -3.774999999999995914 ) ) ;
#5716 = SURFACE_STYLE_USAGE ( .BOTH. , #4360 ) ;
#5717 = DIRECTION ( 'NONE',  ( 0.000000000000000000, -1.000000000000000000, 0.000000000000000000 ) ) ;
#5718 = ORIENTED_EDGE ( 'NONE', *, *, #12202, .F. ) ;
#5719 = EDGE_CURVE ( 'NONE', #2108, #11845, #5243, .T. ) ;
#5720 = ORIENTED_EDGE ( 'NONE', *, *, #2523, .T. ) ;
#5721 = SURFACE_STYLE_USAGE ( .BOTH. , #8883 ) ;
#5722 = SURFACE_STYLE_USAGE ( .BOTH. , #4743 ) ;
#5723 = FILL_AREA_STYLE_COLOUR ( '', #8540 ) ;
#5724 = COLOUR_RGB ( '',1.000000000000000000, 1.000000000000000000, 1.000000000000000000 ) ;
#5725 = PRESENTATION_STYLE_ASSIGNMENT (( #7972 ) ) ;
#5726 = ORIENTED_EDGE ( 'NONE', *, *, #9212, .T. ) ;
#5727 = SURFACE_STYLE_FILL_AREA ( #5898 ) ;
#5728 = FILL_AREA_STYLE ('',( #2785 ) ) ;
#5729 = LINE ( 'NONE', #4626, #12010 ) ;
#5730 = SURFACE_STYLE_USAGE ( .BOTH. , #3641 ) ;
#5731 = MECHANICAL_DESIGN_GEOMETRIC_PRESENTATION_REPRESENTATION (  '', ( #6609 ), #4803 ) ;
#5732 = CARTESIAN_POINT ( 'NONE',  ( -2.350000000000000089, 0.6499999999999998002, -3.574999999999997957 ) ) ;
#5733 = CARTESIAN_POINT ( 'NONE',  ( -0.6925805273749674473, -1.039999999999999147, 3.124166730570991035 ) ) ;
#5734 = CARTESIAN_POINT ( 'NONE',  ( -0.2499999999999835132, 0.8500000000000001998, -2.749999999999999112 ) ) ;
#5735 = EDGE_CURVE ( 'NONE', #1046, #12018, #5400, .T. ) ;
#5736 = SURFACE_STYLE_FILL_AREA ( #1906 ) ;
#5737 = FILL_AREA_STYLE_COLOUR ( '', #4548 ) ;
#5738 = COLOUR_RGB ( '',0.7921568627450980005, 0.8196078431372548767, 0.9333333333333333481 ) ;
#5739 = VERTEX_POINT ( 'NONE', #62 ) ;
#5740 = CARTESIAN_POINT ( 'NONE',  ( -0.3000000000000001554, 0.8499999999999993117, -4.832455532033675283 ) ) ;
#5741 = SURFACE_SIDE_STYLE ('',( #3777 ) ) ;
#5742 = LINE ( 'NONE', #262, #433 ) ;
#5743 = ORIENTED_EDGE ( 'NONE', *, *, #8194, .F. ) ;
#5744 = COLOUR_RGB ( '',0.1098039215686274495, 0.1098039215686274495, 0.1098039215686274495 ) ;
#5745 = SURFACE_STYLE_FILL_AREA ( #2768 ) ;
#5746 = LINE ( 'NONE', #6518, #4965 ) ;
#5747 = LINE ( 'NONE', #4461, #3184 ) ;
#5748 = ORIENTED_EDGE ( 'NONE', *, *, #8262, .F. ) ;
#5749 = DIRECTION ( 'NONE',  ( -0.000000000000000000, -0.000000000000000000, -1.000000000000000000 ) ) ;
#5750 =( GEOMETRIC_REPRESENTATION_CONTEXT ( 3 ) GLOBAL_UNCERTAINTY_ASSIGNED_CONTEXT ( ( #2586 ) ) GLOBAL_UNIT_ASSIGNED_CONTEXT ( ( #2371, #6487, #2320 ) ) REPRESENTATION_CONTEXT ( 'NONE', 'WORKASPACE' ) );
#5751 = EDGE_CURVE ( 'NONE', #13011, #11294, #7344, .T. ) ;
#5752 = CARTESIAN_POINT ( 'NONE',  ( -0.5000000000000000000, -0.3500000000000003664, -3.824999999999998845 ) ) ;
#5753 = AXIS2_PLACEMENT_3D ( 'NONE', #2684, #3584, #523 ) ;
#5754 =( GEOMETRIC_REPRESENTATION_CONTEXT ( 3 ) GLOBAL_UNCERTAINTY_ASSIGNED_CONTEXT ( ( #8030 ) ) GLOBAL_UNIT_ASSIGNED_CONTEXT ( ( #9355, #8404, #5332 ) ) REPRESENTATION_CONTEXT ( 'NONE', 'WORKASPACE' ) );
#5755 = FACE_OUTER_BOUND ( 'NONE', #11544, .T. ) ;
#5756 = ORIENTED_EDGE ( 'NONE', *, *, #4139, .F. ) ;
#5757 = CARTESIAN_POINT ( 'NONE',  ( 0.8500000000000003109, -0.8499999999999978684, -1.800000000000000044 ) ) ;
#5758 = LINE ( 'NONE', #7638, #4014 ) ;
#5759 = LINE ( 'NONE', #6601, #452 ) ;
#5760 = LINE ( 'NONE', #2393, #7397 ) ;
#5761 = DIRECTION ( 'NONE',  ( 0.000000000000000000, 0.000000000000000000, -1.000000000000000000 ) ) ;
#5762 = FACE_OUTER_BOUND ( 'NONE', #12711, .T. ) ;
#5763 = VECTOR ( 'NONE', #1342, 1000.000000000000000 ) ;
#5764 = CARTESIAN_POINT ( 'NONE',  ( 0.3489422312082006705, -1.049999999999999156, 2.413550568363382443 ) ) ;
#5765 = LINE ( 'NONE', #4104, #11070 ) ;
#5766 = ORIENTED_EDGE ( 'NONE', *, *, #11311, .F. ) ;
#5767 = SURFACE_SIDE_STYLE ('',( #5862 ) ) ;
#5768 =( NAMED_UNIT ( * ) SI_UNIT ( $, .STERADIAN. ) SOLID_ANGLE_UNIT ( ) );
#5769 = ADVANCED_FACE ( 'NONE', ( #5890 ), #9420, .F. ) ;
#5770 = FILL_AREA_STYLE_COLOUR ( '', #8525 ) ;
#5771 = DIRECTION ( 'NONE',  ( -0.000000000000000000, -0.000000000000000000, -1.000000000000000000 ) ) ;
#5772 = UNCERTAINTY_MEASURE_WITH_UNIT (LENGTH_MEASURE( 1.000000000000000082E-05 ), #9395, 'distance_accuracy_value', 'NONE');
#5773 = UNCERTAINTY_MEASURE_WITH_UNIT (LENGTH_MEASURE( 1.000000000000000082E-05 ), #10620, 'distance_accuracy_value', 'NONE');
#5774 = LINE ( 'NONE', #10726, #4326 ) ;
#5775 = ORIENTED_EDGE ( 'NONE', *, *, #6638, .T. ) ;
#5776 = EDGE_CURVE ( 'NONE', #4341, #3714, #12312, .T. ) ;
#5777 = LINE ( 'NONE', #4026, #10749 ) ;
#5778 = LINE ( 'NONE', #7082, #10933 ) ;
#5779 = SURFACE_STYLE_FILL_AREA ( #7225 ) ;
#5780 = ORIENTED_EDGE ( 'NONE', *, *, #6318, .T. ) ;
#5781 = SURFACE_SIDE_STYLE ('',( #12694 ) ) ;
#5782 = STYLED_ITEM ( 'NONE', ( #8240 ), #11711 ) ;
#5783 = CARTESIAN_POINT ( 'NONE',  ( 1.500000000000000000, -1.050000000000000044, 3.099999999999987654 ) ) ;
#5784 = LINE ( 'NONE', #6063, #5159 ) ;
#5785 = VECTOR ( 'NONE', #3373, 1000.000000000000000 ) ;
#5786 = EDGE_CURVE ( 'NONE', #5708, #10280, #9566, .T. ) ;
#5787 = ADVANCED_FACE ( 'NONE', ( #6532 ), #1200, .F. ) ;
#5788 = DIRECTION ( 'NONE',  ( -0.000000000000000000, 1.000000000000000000, 0.000000000000000000 ) ) ;
#5789 = FACE_OUTER_BOUND ( 'NONE', #1613, .T. ) ;
#5790 = ORIENTED_EDGE ( 'NONE', *, *, #11084, .T. ) ;
#5791 = FILL_AREA_STYLE ('',( #1910 ) ) ;
#5792 = CARTESIAN_POINT ( 'NONE',  ( -2.549999999999998490, 1.027999999999999359, 2.799999999999999822 ) ) ;
#5793 = UNCERTAINTY_MEASURE_WITH_UNIT (LENGTH_MEASURE( 1.000000000000000082E-05 ), #7831, 'distance_accuracy_value', 'NONE');
#5794 = LINE ( 'NONE', #8530, #9799 ) ;
#5795 = DIRECTION ( 'NONE',  ( -0.000000000000000000, -0.000000000000000000, -1.000000000000000000 ) ) ;
#5796 = VECTOR ( 'NONE', #10812, 1000.000000000000000 ) ;
#5797 = AXIS2_PLACEMENT_3D ( 'NONE', #10407, #1343, #3388 ) ;
#5798 = EDGE_LOOP ( 'NONE', ( #10346, #3568, #5539, #122 ) ) ;
#5799 = CARTESIAN_POINT ( 'NONE',  ( -2.752999999999998337, 1.027999999999999359, 2.799999999999999822 ) ) ;
#5800 =( NAMED_UNIT ( * ) PLANE_ANGLE_UNIT ( ) SI_UNIT ( $, .RADIAN. ) );
#5801 =( LENGTH_UNIT ( ) NAMED_UNIT ( * ) SI_UNIT ( .MILLI., .METRE. ) );
#5802 = MECHANICAL_DESIGN_GEOMETRIC_PRESENTATION_REPRESENTATION (  '', ( #10797 ), #275 ) ;
#5803 = ORIENTED_EDGE ( 'NONE', *, *, #2039, .F. ) ;
#5804 = DIRECTION ( 'NONE',  ( -0.000000000000000000, -0.000000000000000000, 1.000000000000000000 ) ) ;
#5805 = ORIENTED_EDGE ( 'NONE', *, *, #10569, .T. ) ;
#5806 = ORIENTED_EDGE ( 'NONE', *, *, #610, .T. ) ;
#5807 =( NAMED_UNIT ( * ) PLANE_ANGLE_UNIT ( ) SI_UNIT ( $, .RADIAN. ) );
#5808 = EDGE_CURVE ( 'NONE', #1058, #3241, #11352, .T. ) ;
#5809 =( LENGTH_UNIT ( ) NAMED_UNIT ( * ) SI_UNIT ( .MILLI., .METRE. ) );
#5810 = FILL_AREA_STYLE ('',( #4829 ) ) ;
#5811 = ORIENTED_EDGE ( 'NONE', *, *, #8891, .F. ) ;
#5812 = CARTESIAN_POINT ( 'NONE',  ( -2.552999999999999048, 1.028000000000000025, -2.200000000000000178 ) ) ;
#5813 = DIRECTION ( 'NONE',  ( -0.000000000000000000, -1.000000000000000000, -0.000000000000000000 ) ) ;
#5814 = DIRECTION ( 'NONE',  ( 0.000000000000000000, -0.000000000000000000, -1.000000000000000000 ) ) ;
#5815 = STYLED_ITEM ( 'NONE', ( #7057 ), #7837 ) ;
#5816 = COLOUR_RGB ( '',0.7921568627450980005, 0.8196078431372548767, 0.9333333333333333481 ) ;
#5817 = FACE_OUTER_BOUND ( 'NONE', #3599, .T. ) ;
#5818 = FILL_AREA_STYLE_COLOUR ( '', #8583 ) ;
#5819 = ORIENTED_EDGE ( 'NONE', *, *, #12747, .T. ) ;
#5820 = FACE_OUTER_BOUND ( 'NONE', #13136, .T. ) ;
#5821 = DIRECTION ( 'NONE',  ( -0.000000000000000000, 1.000000000000000000, 1.239088197126289831E-16 ) ) ;
#5822 = CARTESIAN_POINT ( 'NONE',  ( 2.400000000000000355, 0.3000000000000023204, -3.099999999999995648 ) ) ;
#5823 = EDGE_CURVE ( 'NONE', #12840, #10160, #2998, .T. ) ;
#5824 = CARTESIAN_POINT ( 'NONE',  ( 2.750000000000000000, -0.8499999999999978684, 3.100000000000001421 ) ) ;
#5825 = ORIENTED_EDGE ( 'NONE', *, *, #11895, .F. ) ;
#5826 = DIRECTION ( 'NONE',  ( 0.000000000000000000, -1.000000000000000000, -8.340016711426986103E-17 ) ) ;
#5827 = COLOUR_RGB ( '',1.000000000000000000, 1.000000000000000000, 1.000000000000000000 ) ;
#5828 = ORIENTED_EDGE ( 'NONE', *, *, #11472, .T. ) ;
#5829 = DIRECTION ( 'NONE',  ( 0.000000000000000000, 1.000000000000000000, 0.000000000000000000 ) ) ;
#5830 = DIRECTION ( 'NONE',  ( -0.000000000000000000, -1.000000000000000000, -0.000000000000000000 ) ) ;
#5831 = AXIS2_PLACEMENT_3D ( 'NONE', #9520, #5492, #2558 ) ;
#5832 = PLANE ( 'NONE',  #3025 ) ;
#5833 = ADVANCED_FACE ( 'NONE', ( #2832 ), #393, .T. ) ;
#5834 = CARTESIAN_POINT ( 'NONE',  ( 2.549999999999991385, 1.027999999999999359, 2.799999999999999822 ) ) ;
#5835 = DIRECTION ( 'NONE',  ( -0.000000000000000000, -0.000000000000000000, -1.000000000000000000 ) ) ;
#5836 = SURFACE_STYLE_USAGE ( .BOTH. , #11990 ) ;
#5837 = CIRCLE ( 'NONE', #13063, 0.4000000000000014655 ) ;
#5838 = MECHANICAL_DESIGN_GEOMETRIC_PRESENTATION_REPRESENTATION (  '', ( #1743 ), #7679 ) ;
#5839 =( NAMED_UNIT ( * ) SI_UNIT ( $, .STERADIAN. ) SOLID_ANGLE_UNIT ( ) );
#5840 = FACE_OUTER_BOUND ( 'NONE', #7481, .T. ) ;
#5841 = ORIENTED_EDGE ( 'NONE', *, *, #5015, .T. ) ;
#5842 = UNCERTAINTY_MEASURE_WITH_UNIT (LENGTH_MEASURE( 1.000000000000000082E-05 ), #13204, 'distance_accuracy_value', 'NONE');
#5843 = DIRECTION ( 'NONE',  ( -0.5035330287073043198, 0.000000000000000000, -0.8639759770970770747 ) ) ;
#5844 = PRESENTATION_LAYER_ASSIGNMENT (  '', '', ( #10852 ) ) ;
#5845 = PRESENTATION_STYLE_ASSIGNMENT (( #2438 ) ) ;
#5846 = ADVANCED_FACE ( 'NONE', ( #10211 ), #1297, .F. ) ;
#5847 = VECTOR ( 'NONE', #2728, 1000.000000000000000 ) ;
#5848 = VERTEX_POINT ( 'NONE', #4357 ) ;
#5849 =( LENGTH_UNIT ( ) NAMED_UNIT ( * ) SI_UNIT ( .MILLI., .METRE. ) );
#5850 = EDGE_CURVE ( 'NONE', #13159, #7466, #11508, .T. ) ;
#5851 = DIRECTION ( 'NONE',  ( 0.000000000000000000, 0.000000000000000000, 1.000000000000000000 ) ) ;
#5852 = COLOUR_RGB ( '',1.000000000000000000, 1.000000000000000000, 1.000000000000000000 ) ;
#5853 = ORIENTED_EDGE ( 'NONE', *, *, #4421, .F. ) ;
#5854 = SURFACE_STYLE_FILL_AREA ( #6432 ) ;
#5855 =( LENGTH_UNIT ( ) NAMED_UNIT ( * ) SI_UNIT ( .MILLI., .METRE. ) );
#5856 = DIRECTION ( 'NONE',  ( 1.000000000000000000, 0.000000000000000000, 7.885106708985465615E-17 ) ) ;
#5857 = PLANE ( 'NONE',  #12674 ) ;
#5858 = AXIS2_PLACEMENT_3D ( 'NONE', #9766, #12904, #7915 ) ;
#5859 = CARTESIAN_POINT ( 'NONE',  ( -0.5000000000000000000, -0.3500000000000003664, -3.824999999999998845 ) ) ;
#5860 = DIRECTION ( 'NONE',  ( 0.000000000000000000, -1.000000000000000000, 0.000000000000000000 ) ) ;
#5861 = ORIENTED_EDGE ( 'NONE', *, *, #11721, .F. ) ;
#5862 = SURFACE_STYLE_FILL_AREA ( #2513 ) ;
#5863 = EDGE_CURVE ( 'NONE', #7717, #9938, #4416, .T. ) ;
#5864 = UNCERTAINTY_MEASURE_WITH_UNIT (LENGTH_MEASURE( 1.000000000000000082E-05 ), #5148, 'distance_accuracy_value', 'NONE');
#5865 = COLOUR_RGB ( '',1.000000000000000000, 1.000000000000000000, 1.000000000000000000 ) ;
#5866 = LINE ( 'NONE', #10550, #8929 ) ;
#5867 = PRESENTATION_STYLE_ASSIGNMENT (( #10700 ) ) ;
#5868 =( NAMED_UNIT ( * ) PLANE_ANGLE_UNIT ( ) SI_UNIT ( $, .RADIAN. ) );
#5869 = CARTESIAN_POINT ( 'NONE',  ( 1.500000000000000000, -1.050000000000000044, -3.099999999999995648 ) ) ;
#5870 = ORIENTED_EDGE ( 'NONE', *, *, #5786, .F. ) ;
#5871 = MECHANICAL_DESIGN_GEOMETRIC_PRESENTATION_REPRESENTATION (  '', ( #3798 ), #7711 ) ;
#5872 =( GEOMETRIC_REPRESENTATION_CONTEXT ( 3 ) GLOBAL_UNCERTAINTY_ASSIGNED_CONTEXT ( ( #2986 ) ) GLOBAL_UNIT_ASSIGNED_CONTEXT ( ( #11455, #4160, #3180 ) ) REPRESENTATION_CONTEXT ( 'NONE', 'WORKASPACE' ) );
#5873 = SURFACE_SIDE_STYLE ('',( #1435 ) ) ;
#5874 = EDGE_CURVE ( 'NONE', #4510, #2415, #736, .T. ) ;
#5875 = DIRECTION ( 'NONE',  ( 1.000000000000000000, -0.000000000000000000, -0.000000000000000000 ) ) ;
#5876 = SURFACE_STYLE_USAGE ( .BOTH. , #13090 ) ;
#5877 = CARTESIAN_POINT ( 'NONE',  ( 1.250000000000032196, 0.8500000000000001998, -2.749999999999999112 ) ) ;
#5878 = ORIENTED_EDGE ( 'NONE', *, *, #5600, .T. ) ;
#5879 = VERTEX_POINT ( 'NONE', #10547 ) ;
#5880 =( LENGTH_UNIT ( ) NAMED_UNIT ( * ) SI_UNIT ( .MILLI., .METRE. ) );
#5881 = PRESENTATION_STYLE_ASSIGNMENT (( #11714 ) ) ;
#5882 = DIRECTION ( 'NONE',  ( -0.5050286047680500046, 0.000000000000000000, -0.8631026059316683208 ) ) ;
#5883 = DIRECTION ( 'NONE',  ( -1.000000000000000000, -0.000000000000000000, -0.000000000000000000 ) ) ;
#5884 = AXIS2_PLACEMENT_3D ( 'NONE', #10015, #12231, #11017 ) ;
#5885 = FACE_OUTER_BOUND ( 'NONE', #9352, .T. ) ;
#5886 = VERTEX_POINT ( 'NONE', #215 ) ;
#5887 = LINE ( 'NONE', #6395, #1738 ) ;
#5888 = EDGE_CURVE ( 'NONE', #1185, #9673, #11016, .T. ) ;
#5889 = CARTESIAN_POINT ( 'NONE',  ( -1.500000000000000000, -0.8499999999999978684, 3.099999999999995648 ) ) ;
#5890 = FACE_OUTER_BOUND ( 'NONE', #10086, .T. ) ;
#5891 = PLANE ( 'NONE',  #1796 ) ;
#5892 = PLANE ( 'NONE',  #13150 ) ;
#5893 = FILL_AREA_STYLE_COLOUR ( '', #9720 ) ;
#5894 = MECHANICAL_DESIGN_GEOMETRIC_PRESENTATION_REPRESENTATION (  '', ( #11490 ), #6833 ) ;
#5895 = ORIENTED_EDGE ( 'NONE', *, *, #5102, .F. ) ;
#5896 = COLOUR_RGB ( '',1.000000000000000000, 1.000000000000000000, 1.000000000000000000 ) ;
#5897 = CARTESIAN_POINT ( 'NONE',  ( 2.499999999999992895, 0.8249999999999996225, 0.2999999999999999334 ) ) ;
#5898 = FILL_AREA_STYLE ('',( #7903 ) ) ;
#5899 = AXIS2_PLACEMENT_3D ( 'NONE', #4396, #8557, #9553 ) ;
#5900 = DIRECTION ( 'NONE',  ( -1.000000000000000000, 0.000000000000000000, -2.168404344971017545E-15 ) ) ;
#5901 = SURFACE_STYLE_USAGE ( .BOTH. , #3882 ) ;
#5902 = ADVANCED_FACE ( 'NONE', ( #9396 ), #10267, .F. ) ;
#5903 = EDGE_CURVE ( 'NONE', #11155, #3028, #5073, .T. ) ;
#5904 = EDGE_LOOP ( 'NONE', ( #7565, #10290, #5094, #1265, #2306, #7422, #5527, #9167, #12141, #5017, #1006, #6019, #4072, #2999, #8313, #8197 ) ) ;
#5905 = DIRECTION ( 'NONE',  ( 0.000000000000000000, 0.000000000000000000, 1.000000000000000000 ) ) ;
#5906 = VERTEX_POINT ( 'NONE', #5006 ) ;
#5907 = CARTESIAN_POINT ( 'NONE',  ( 2.499999999999999556, 1.050000000000000044, -3.500000000000000000 ) ) ;
#5908 = LINE ( 'NONE', #1636, #3821 ) ;
#5909 = COLOUR_RGB ( '',1.000000000000000000, 1.000000000000000000, 1.000000000000000000 ) ;
#5910 = SURFACE_STYLE_FILL_AREA ( #2804 ) ;
#5911 = ORIENTED_EDGE ( 'NONE', *, *, #1934, .T. ) ;
#5912 = CARTESIAN_POINT ( 'NONE',  ( 2.500000000000000444, 1.049999999999999378, 3.500000000000006661 ) ) ;
#5913 = SURFACE_SIDE_STYLE ('',( #12040 ) ) ;
#5914 =( GEOMETRIC_REPRESENTATION_CONTEXT ( 3 ) GLOBAL_UNCERTAINTY_ASSIGNED_CONTEXT ( ( #13088 ) ) GLOBAL_UNIT_ASSIGNED_CONTEXT ( ( #5971, #7882, #1821 ) ) REPRESENTATION_CONTEXT ( 'NONE', 'WORKASPACE' ) );
#5915 = DIRECTION ( 'NONE',  ( 1.008560160451632221E-16, 0.000000000000000000, -1.000000000000000000 ) ) ;
#5916 = LINE ( 'NONE', #6808, #12661 ) ;
#5917 = VERTEX_POINT ( 'NONE', #2101 ) ;
#5918 = FILL_AREA_STYLE ('',( #3986 ) ) ;
#5919 = PLANE ( 'NONE',  #2491 ) ;
#5920 =( NAMED_UNIT ( * ) SI_UNIT ( $, .STERADIAN. ) SOLID_ANGLE_UNIT ( ) );
#5921 = SURFACE_STYLE_FILL_AREA ( #10339 ) ;
#5922 = MECHANICAL_DESIGN_GEOMETRIC_PRESENTATION_REPRESENTATION (  '', ( #3855 ), #9340 ) ;
#5923 = CARTESIAN_POINT ( 'NONE',  ( 0.6143083776277784569, -1.049999999999999156, 2.864768817329525152 ) ) ;
#5924 =( NAMED_UNIT ( * ) PLANE_ANGLE_UNIT ( ) SI_UNIT ( $, .RADIAN. ) );
#5925 = SURFACE_STYLE_FILL_AREA ( #9222 ) ;
#5926 = VECTOR ( 'NONE', #11409, 1000.000000000000000 ) ;
#5927 = ORIENTED_EDGE ( 'NONE', *, *, #6876, .F. ) ;
#5928 = CARTESIAN_POINT ( 'NONE',  ( 2.752999999999991232, 1.027999999999999581, 0.2999999999999999334 ) ) ;
#5929 = CARTESIAN_POINT ( 'NONE',  ( -2.499999999999999112, 0.8249999999999996225, -0.2999999999999999334 ) ) ;
#5930 = DIRECTION ( 'NONE',  ( -1.000000000000000000, -0.000000000000000000, -0.000000000000000000 ) ) ;
#5931 = COLOUR_RGB ( '',1.000000000000000000, 1.000000000000000000, 1.000000000000000000 ) ;
#5932 = FILL_AREA_STYLE ('',( #727 ) ) ;
#5933 = SURFACE_STYLE_FILL_AREA ( #10963 ) ;
#5934 = ORIENTED_EDGE ( 'NONE', *, *, #4397, .T. ) ;
#5935 = PLANE ( 'NONE',  #250 ) ;
#5936 = VECTOR ( 'NONE', #11801, 1000.000000000000000 ) ;
#5937 = VERTEX_POINT ( 'NONE', #4044 ) ;
#5938 = LINE ( 'NONE', #2074, #3211 ) ;
#5939 = EDGE_CURVE ( 'NONE', #8126, #5631, #2200, .T. ) ;
#5940 = VECTOR ( 'NONE', #5546, 1000.000000000000000 ) ;
#5941 = ORIENTED_EDGE ( 'NONE', *, *, #8028, .T. ) ;
#5942 = CARTESIAN_POINT ( 'NONE',  ( 2.549999999999977618, -0.6000000000000094147, 0.3041451884327346922 ) ) ;
#5943 = DIRECTION ( 'NONE',  ( 0.000000000000000000, -4.336808689942021187E-16, 1.000000000000000000 ) ) ;
#5944 = PRESENTATION_LAYER_ASSIGNMENT (  '', '', ( #12224 ) ) ;
#5945 =( GEOMETRIC_REPRESENTATION_CONTEXT ( 3 ) GLOBAL_UNCERTAINTY_ASSIGNED_CONTEXT ( ( #9158 ) ) GLOBAL_UNIT_ASSIGNED_CONTEXT ( ( #4703, #7875, #10811 ) ) REPRESENTATION_CONTEXT ( 'NONE', 'WORKASPACE' ) );
#5946 = UNCERTAINTY_MEASURE_WITH_UNIT (LENGTH_MEASURE( 1.000000000000000082E-05 ), #2649, 'distance_accuracy_value', 'NONE');
#5947 = UNCERTAINTY_MEASURE_WITH_UNIT (LENGTH_MEASURE( 1.000000000000000082E-05 ), #9976, 'distance_accuracy_value', 'NONE');
#5948 = DIRECTION ( 'NONE',  ( -6.994852725712935172E-17, 3.497426362856467586E-17, -1.000000000000000000 ) ) ;
#5949 = DIRECTION ( 'NONE',  ( -1.000000000000000000, 0.000000000000000000, 0.000000000000000000 ) ) ;
#5950 = ORIENTED_EDGE ( 'NONE', *, *, #7703, .F. ) ;
#5951 = EDGE_CURVE ( 'NONE', #5350, #1046, #2348, .T. ) ;
#5952 = CARTESIAN_POINT ( 'NONE',  ( 0.7500000000000000000, 0.6499999999999998002, 3.575000000000002398 ) ) ;
#5953 = SURFACE_STYLE_FILL_AREA ( #4098 ) ;
#5954 = ORIENTED_EDGE ( 'NONE', *, *, #3065, .T. ) ;
#5955 = LINE ( 'NONE', #2687, #5165 ) ;
#5956 = EDGE_LOOP ( 'NONE', ( #9227, #5511, #10028, #7786 ) ) ;
#5957 = CARTESIAN_POINT ( 'NONE',  ( -2.549999999999998490, 1.024999999999999467, 2.200000000000000178 ) ) ;
#5958 =( NAMED_UNIT ( * ) PLANE_ANGLE_UNIT ( ) SI_UNIT ( $, .RADIAN. ) );
#5959 = AXIS2_PLACEMENT_3D ( 'NONE', #10999, #4859, #10224 ) ;
#5960 =( GEOMETRIC_REPRESENTATION_CONTEXT ( 3 ) GLOBAL_UNCERTAINTY_ASSIGNED_CONTEXT ( ( #2016 ) ) GLOBAL_UNIT_ASSIGNED_CONTEXT ( ( #10365, #10322, #10448 ) ) REPRESENTATION_CONTEXT ( 'NONE', 'WORKASPACE' ) );
#5961 = CARTESIAN_POINT ( 'NONE',  ( 2.749999999999980460, -0.1499999999999995226, 0.3041451884327325272 ) ) ;
#5962 = PRESENTATION_LAYER_ASSIGNMENT (  '', '', ( #5264 ) ) ;
#5963 = EDGE_LOOP ( 'NONE', ( #6620, #2345, #9654, #5775 ) ) ;
#5964 = DIRECTION ( 'NONE',  ( -0.000000000000000000, -0.000000000000000000, -1.000000000000000000 ) ) ;
#5965 = DIRECTION ( 'NONE',  ( -1.000000000000000000, -0.000000000000000000, 0.000000000000000000 ) ) ;
#5966 =( GEOMETRIC_REPRESENTATION_CONTEXT ( 3 ) GLOBAL_UNCERTAINTY_ASSIGNED_CONTEXT ( ( #9536 ) ) GLOBAL_UNIT_ASSIGNED_CONTEXT ( ( #12930, #5807, #13021 ) ) REPRESENTATION_CONTEXT ( 'NONE', 'WORKASPACE' ) );
#5967 = MECHANICAL_DESIGN_GEOMETRIC_PRESENTATION_REPRESENTATION (  '', ( #3215 ), #10083 ) ;
#5968 = ORIENTED_EDGE ( 'NONE', *, *, #5719, .T. ) ;
#5969 = ORIENTED_EDGE ( 'NONE', *, *, #159, .F. ) ;
#5970 = EDGE_CURVE ( 'NONE', #1410, #2890, #6366, .T. ) ;
#5971 =( LENGTH_UNIT ( ) NAMED_UNIT ( * ) SI_UNIT ( .MILLI., .METRE. ) );
#5972 = SURFACE_STYLE_USAGE ( .BOTH. , #9065 ) ;
#5973 = SURFACE_SIDE_STYLE ('',( #6431 ) ) ;
#5974 = DIRECTION ( 'NONE',  ( 0.000000000000000000, -1.000000000000000000, 0.000000000000000000 ) ) ;
#5975 = CARTESIAN_POINT ( 'NONE',  ( 0.2999999999999998224, 0.8499999999999993117, 3.850000000000006750 ) ) ;
#5976 = DIRECTION ( 'NONE',  ( -1.000000000000000000, -0.000000000000000000, 1.734723475976807094E-15 ) ) ;
#5977 = DIRECTION ( 'NONE',  ( -0.000000000000000000, -0.000000000000000000, -1.000000000000000000 ) ) ;
#5978 =( GEOMETRIC_REPRESENTATION_CONTEXT ( 3 ) GLOBAL_UNCERTAINTY_ASSIGNED_CONTEXT ( ( #11700 ) ) GLOBAL_UNIT_ASSIGNED_CONTEXT ( ( #3972, #1030, #2068 ) ) REPRESENTATION_CONTEXT ( 'NONE', 'WORKASPACE' ) );
#5979 = ORIENTED_EDGE ( 'NONE', *, *, #6822, .F. ) ;
#5980 = LINE ( 'NONE', #4870, #2613 ) ;
#5981 = CARTESIAN_POINT ( 'NONE',  ( 1.500000000000000000, -0.8480000000000001981, -3.572999999999995957 ) ) ;
#5982 = VECTOR ( 'NONE', #2047, 1000.000000000000000 ) ;
#5983 = CARTESIAN_POINT ( 'NONE',  ( -2.550000000000000266, -1.049999999999999378, 1.650000000000002576 ) ) ;
#5984 = DIRECTION ( 'NONE',  ( 0.000000000000000000, 3.782100601693620520E-17, -1.000000000000000000 ) ) ;
#5985 = ORIENTED_EDGE ( 'NONE', *, *, #9212, .F. ) ;
#5986 = MECHANICAL_DESIGN_GEOMETRIC_PRESENTATION_REPRESENTATION (  '', ( #805 ), #9655 ) ;
#5987 = PRESENTATION_LAYER_ASSIGNMENT (  '', '', ( #11331 ) ) ;
#5988 = VERTEX_POINT ( 'NONE', #8198 ) ;
#5989 = SURFACE_SIDE_STYLE ('',( #2037 ) ) ;
#5990 = COLOUR_RGB ( '',1.000000000000000000, 1.000000000000000000, 1.000000000000000000 ) ;
#5991 = EDGE_CURVE ( 'NONE', #6607, #2289, #6665, .T. ) ;
#5992 = ORIENTED_EDGE ( 'NONE', *, *, #5248, .F. ) ;
#5993 = ADVANCED_FACE ( 'NONE', ( #12455, #6998 ), #3021, .F. ) ;
#5994 = LINE ( 'NONE', #866, #4700 ) ;
#5995 = EDGE_LOOP ( 'NONE', ( #1017, #9706, #7516, #9410 ) ) ;
#5996 = FILL_AREA_STYLE ('',( #8116 ) ) ;
#5997 =( NAMED_UNIT ( * ) PLANE_ANGLE_UNIT ( ) SI_UNIT ( $, .RADIAN. ) );
#5998 = DIRECTION ( 'NONE',  ( -4.243452729884350584E-16, 1.000000000000000000, 0.000000000000000000 ) ) ;
#5999 =( NAMED_UNIT ( * ) SI_UNIT ( $, .STERADIAN. ) SOLID_ANGLE_UNIT ( ) );
#6000 = STYLED_ITEM ( 'NONE', ( #2203 ), #8479 ) ;
#6001 = FILL_AREA_STYLE ('',( #751 ) ) ;
#6002 = FACE_OUTER_BOUND ( 'NONE', #12381, .T. ) ;
#6003 = EDGE_LOOP ( 'NONE', ( #6615, #12494, #10030, #8670, #4077, #11054, #4999, #2636 ) ) ;
#6004 = STYLED_ITEM ( 'NONE', ( #7237 ), #2631 ) ;
#6005 = ORIENTED_EDGE ( 'NONE', *, *, #493, .F. ) ;
#6006 = EDGE_CURVE ( 'NONE', #6690, #419, #9863, .T. ) ;
#6007 = PLANE ( 'NONE',  #6046 ) ;
#6008 = ORIENTED_EDGE ( 'NONE', *, *, #380, .F. ) ;
#6009 = DIRECTION ( 'NONE',  ( -6.365179094826525531E-15, 1.000000000000000000, -0.000000000000000000 ) ) ;
#6010 =( LENGTH_UNIT ( ) NAMED_UNIT ( * ) SI_UNIT ( .MILLI., .METRE. ) );
#6011 = VECTOR ( 'NONE', #1938, 1000.000000000000000 ) ;
#6012 = ORIENTED_EDGE ( 'NONE', *, *, #5274, .T. ) ;
#6013 = FILL_AREA_STYLE_COLOUR ( '', #1657 ) ;
#6014 = CARTESIAN_POINT ( 'NONE',  ( 1.250000000000084599, 0.8499999999999993117, 2.750000000000006661 ) ) ;
#6015 =( GEOMETRIC_REPRESENTATION_CONTEXT ( 3 ) GLOBAL_UNCERTAINTY_ASSIGNED_CONTEXT ( ( #166 ) ) GLOBAL_UNIT_ASSIGNED_CONTEXT ( ( #2253, #2333, #6238 ) ) REPRESENTATION_CONTEXT ( 'NONE', 'WORKASPACE' ) );
#6016 = LINE ( 'NONE', #4519, #9363 ) ;
#6017 = CARTESIAN_POINT ( 'NONE',  ( 1.500000000000000000, -1.050000000000000044, -3.500000000000000000 ) ) ;
#6018 = CARTESIAN_POINT ( 'NONE',  ( 2.100000000000000089, -0.6999999999999979572, 1.400000000000004574 ) ) ;
#6019 = ORIENTED_EDGE ( 'NONE', *, *, #4324, .T. ) ;
#6020 = SURFACE_SIDE_STYLE ('',( #12412 ) ) ;
#6021 = CARTESIAN_POINT ( 'NONE',  ( -2.552999999999998604, 1.027999999999999359, 2.799999999999999822 ) ) ;
#6022 = UNCERTAINTY_MEASURE_WITH_UNIT (LENGTH_MEASURE( 1.000000000000000082E-05 ), #8144, 'distance_accuracy_value', 'NONE');
#6023 = FILL_AREA_STYLE_COLOUR ( '', #1959 ) ;
#6024 = STYLED_ITEM ( 'NONE', ( #9051 ), #10824 ) ;
#6025 = MECHANICAL_DESIGN_GEOMETRIC_PRESENTATION_REPRESENTATION (  '', ( #5329 ), #10575 ) ;
#6026 = VERTEX_POINT ( 'NONE', #4084 ) ;
#6027 = FACE_OUTER_BOUND ( 'NONE', #11595, .T. ) ;
#6028 = DIRECTION ( 'NONE',  ( 0.000000000000000000, -1.000000000000000000, 0.000000000000000000 ) ) ;
#6029 = ORIENTED_EDGE ( 'NONE', *, *, #11618, .T. ) ;
#6030 = DIRECTION ( 'NONE',  ( 0.000000000000000000, 0.000000000000000000, 1.000000000000000000 ) ) ;
#6031 = VECTOR ( 'NONE', #1590, 1000.000000000000000 ) ;
#6032 = EDGE_LOOP ( 'NONE', ( #9808, #4900, #11117, #6109 ) ) ;
#6033 = ORIENTED_EDGE ( 'NONE', *, *, #3665, .T. ) ;
#6034 = FILL_AREA_STYLE ('',( #1927 ) ) ;
#6035 = MECHANICAL_DESIGN_GEOMETRIC_PRESENTATION_REPRESENTATION (  '', ( #11706 ), #7606 ) ;
#6036 = MECHANICAL_DESIGN_GEOMETRIC_PRESENTATION_REPRESENTATION (  '', ( #6488 ), #8616 ) ;
#6037 = DIRECTION ( 'NONE',  ( 0.000000000000000000, 0.000000000000000000, 1.000000000000000000 ) ) ;
#6038 = CARTESIAN_POINT ( 'NONE',  ( 0.2500000000000427436, 0.8499999999999997558, 0.2500000000000029421 ) ) ;
#6039 = ORIENTED_EDGE ( 'NONE', *, *, #4856, .F. ) ;
#6040 = EDGE_CURVE ( 'NONE', #1887, #8265, #4586, .T. ) ;
#6041 =( NAMED_UNIT ( * ) PLANE_ANGLE_UNIT ( ) SI_UNIT ( $, .RADIAN. ) );
#6042 = UNCERTAINTY_MEASURE_WITH_UNIT (LENGTH_MEASURE( 1.000000000000000082E-05 ), #5849, 'distance_accuracy_value', 'NONE');
#6043 = DIRECTION ( 'NONE',  ( 0.000000000000000000, -4.336808689942021187E-16, 1.000000000000000000 ) ) ;
#6044 = LINE ( 'NONE', #1278, #6678 ) ;
#6045 = MECHANICAL_DESIGN_GEOMETRIC_PRESENTATION_REPRESENTATION (  '', ( #12902 ), #6983 ) ;
#6046 = AXIS2_PLACEMENT_3D ( 'NONE', #10129, #3982, #5915 ) ;
#6047 = VERTEX_POINT ( 'NONE', #2012 ) ;
#6048 = DIRECTION ( 'NONE',  ( 6.789524367814960934E-15, -1.000000000000000000, -0.000000000000000000 ) ) ;
#6049 = DIRECTION ( 'NONE',  ( 0.000000000000000000, 0.000000000000000000, -1.000000000000000000 ) ) ;
#6050 = EDGE_CURVE ( 'NONE', #4688, #2648, #2515, .T. ) ;
#6051 = ORIENTED_EDGE ( 'NONE', *, *, #8451, .F. ) ;
#6052 = FILL_AREA_STYLE_COLOUR ( '', #12199 ) ;
#6053 = PRESENTATION_LAYER_ASSIGNMENT (  '', '', ( #3481 ) ) ;
#6054 = ORIENTED_EDGE ( 'NONE', *, *, #3157, .T. ) ;
#6055 = DIRECTION ( 'NONE',  ( 0.000000000000000000, 1.000000000000000000, 0.000000000000000000 ) ) ;
#6056 = ORIENTED_EDGE ( 'NONE', *, *, #7256, .F. ) ;
#6057 = COLOUR_RGB ( '',0.1098039215686274495, 0.1098039215686274495, 0.1098039215686274495 ) ;
#6058 = CARTESIAN_POINT ( 'NONE',  ( 1.500000000000000000, -1.050000000000000044, -3.572999999999995957 ) ) ;
#6059 = ADVANCED_FACE ( 'NONE', ( #9532 ), #9221, .T. ) ;
#6060 =( NAMED_UNIT ( * ) PLANE_ANGLE_UNIT ( ) SI_UNIT ( $, .RADIAN. ) );
#6061 = SURFACE_SIDE_STYLE ('',( #1189 ) ) ;
#6062 = CARTESIAN_POINT ( 'NONE',  ( -2.552999999999999048, 1.027999999999999581, -0.2999999999999999334 ) ) ;
#6063 = CARTESIAN_POINT ( 'NONE',  ( -2.549999999999998934, 1.025000000000000133, -2.200000000000000178 ) ) ;
#6064 =( NAMED_UNIT ( * ) PLANE_ANGLE_UNIT ( ) SI_UNIT ( $, .RADIAN. ) );
#6065 = MECHANICAL_DESIGN_GEOMETRIC_PRESENTATION_REPRESENTATION (  '', ( #4684 ), #5619 ) ;
#6066 = CARTESIAN_POINT ( 'NONE',  ( -1.500000000000000000, -0.8499999999999978684, -3.099999999999995648 ) ) ;
#6067 = VECTOR ( 'NONE', #12806, 1000.000000000000000 ) ;
#6068 = CARTESIAN_POINT ( 'NONE',  ( -0.3000000000000001554, 0.6499999999999993561, 3.500000000000006661 ) ) ;
#6069 =( LENGTH_UNIT ( ) NAMED_UNIT ( * ) SI_UNIT ( .MILLI., .METRE. ) );
#6070 = ORIENTED_EDGE ( 'NONE', *, *, #8526, .F. ) ;
#6071 = VECTOR ( 'NONE', #7774, 1000.000000000000000 ) ;
#6072 = ORIENTED_EDGE ( 'NONE', *, *, #8795, .F. ) ;
#6073 = CARTESIAN_POINT ( 'NONE',  ( -2.749999999999999556, -1.049999999999999378, 1.650000000000002132 ) ) ;
#6074 = FACE_OUTER_BOUND ( 'NONE', #3658, .T. ) ;
#6075 = PRESENTATION_LAYER_ASSIGNMENT (  '', '', ( #8581 ) ) ;
#6076 =( LENGTH_UNIT ( ) NAMED_UNIT ( * ) SI_UNIT ( .MILLI., .METRE. ) );
#6077 = VECTOR ( 'NONE', #3050, 1000.000000000000000 ) ;
#6078 = ORIENTED_EDGE ( 'NONE', *, *, #1188, .F. ) ;
#6079 = LINE ( 'NONE', #4719, #6543 ) ;
#6080 = ORIENTED_EDGE ( 'NONE', *, *, #10321, .F. ) ;
#6081 = CARTESIAN_POINT ( 'NONE',  ( 1.500000000000000000, 0.05000000000000273670, 3.500000000000006661 ) ) ;
#6082 = PRESENTATION_STYLE_ASSIGNMENT (( #3307 ) ) ;
#6083 = CARTESIAN_POINT ( 'NONE',  ( 2.549999999999990941, 1.025000000000000133, -2.799999999999999822 ) ) ;
#6084 = VECTOR ( 'NONE', #8550, 1000.000000000000000 ) ;
#6085 = SURFACE_SIDE_STYLE ('',( #12077 ) ) ;
#6086 = VERTEX_POINT ( 'NONE', #11106 ) ;
#6087 = AXIS2_PLACEMENT_3D ( 'NONE', #4138, #12442, #3205 ) ;
#6088 = FILL_AREA_STYLE_COLOUR ( '', #10336 ) ;
#6089 = EDGE_CURVE ( 'NONE', #2125, #4631, #4257, .T. ) ;
#6090 = FILL_AREA_STYLE ('',( #3926 ) ) ;
#6091 = CARTESIAN_POINT ( 'NONE',  ( 0.3489422312082006705, -1.049999999999999156, 2.413550568363382443 ) ) ;
#6092 = VERTEX_POINT ( 'NONE', #7065 ) ;
#6093 = SURFACE_STYLE_USAGE ( .BOTH. , #8041 ) ;
#6094 = VECTOR ( 'NONE', #4405, 1000.000000000000000 ) ;
#6095 = ORIENTED_EDGE ( 'NONE', *, *, #9924, .F. ) ;
#6096 = AXIS2_PLACEMENT_3D ( 'NONE', #8983, #10998, #9995 ) ;
#6097 = CARTESIAN_POINT ( 'NONE',  ( -1.500000000000000000, -0.8499999999999978684, -3.099999999999995648 ) ) ;
#6098 = SURFACE_STYLE_USAGE ( .BOTH. , #5074 ) ;
#6099 = SURFACE_SIDE_STYLE ('',( #9703 ) ) ;
#6100 = CARTESIAN_POINT ( 'NONE',  ( -2.350000000000000089, 0.6499999999999998002, -3.774999999999995914 ) ) ;
#6101 = MECHANICAL_DESIGN_GEOMETRIC_PRESENTATION_REPRESENTATION (  '', ( #9700 ), #13142 ) ;
#6102 = MECHANICAL_DESIGN_GEOMETRIC_PRESENTATION_REPRESENTATION (  '', ( #3774 ), #4454 ) ;
#6103 = FACE_OUTER_BOUND ( 'NONE', #1212, .T. ) ;
#6104 = ORIENTED_EDGE ( 'NONE', *, *, #7775, .F. ) ;
#6105 = SURFACE_STYLE_USAGE ( .BOTH. , #9270 ) ;
#6106 = PLANE ( 'NONE',  #1045 ) ;
#6107 = CARTESIAN_POINT ( 'NONE',  ( -0.2499999999999835132, 1.050000000000000044, -2.749999999999999112 ) ) ;
#6108 = DIRECTION ( 'NONE',  ( -1.000000000000000000, -0.000000000000000000, -0.000000000000000000 ) ) ;
#6109 = ORIENTED_EDGE ( 'NONE', *, *, #4421, .T. ) ;
#6110 = CARTESIAN_POINT ( 'NONE',  ( -1.749999999999999112, 0.8499999999999999778, -2.249999999999999556 ) ) ;
#6111 = VERTEX_POINT ( 'NONE', #1147 ) ;
#6112 = SURFACE_SIDE_STYLE ('',( #11465 ) ) ;
#6113 =( NAMED_UNIT ( * ) PLANE_ANGLE_UNIT ( ) SI_UNIT ( $, .RADIAN. ) );
#6114 = FILL_AREA_STYLE ('',( #10368 ) ) ;
#6115 = LINE ( 'NONE', #3233, #2435 ) ;
#6116 = LINE ( 'NONE', #1244, #5785 ) ;
#6117 = UNCERTAINTY_MEASURE_WITH_UNIT (LENGTH_MEASURE( 1.000000000000000082E-05 ), #5801, 'distance_accuracy_value', 'NONE');
#6118 = UNCERTAINTY_MEASURE_WITH_UNIT (LENGTH_MEASURE( 1.000000000000000082E-05 ), #5371, 'distance_accuracy_value', 'NONE');
#6119 = VERTEX_POINT ( 'NONE', #170 ) ;
#6120 = EDGE_CURVE ( 'NONE', #6150, #951, #12132, .T. ) ;
#6121 = SURFACE_STYLE_FILL_AREA ( #9253 ) ;
#6122 = DIRECTION ( 'NONE',  ( 0.000000000000000000, -0.000000000000000000, -1.000000000000000000 ) ) ;
#6123 = LINE ( 'NONE', #12642, #5796 ) ;
#6124 = LINE ( 'NONE', #3453, #9627 ) ;
#6125 = ORIENTED_EDGE ( 'NONE', *, *, #2441, .F. ) ;
#6126 = CARTESIAN_POINT ( 'NONE',  ( 2.750000000000000000, 1.049999999999999378, 3.500000000000006217 ) ) ;
#6127 =( GEOMETRIC_REPRESENTATION_CONTEXT ( 3 ) GLOBAL_UNCERTAINTY_ASSIGNED_CONTEXT ( ( #10974 ) ) GLOBAL_UNIT_ASSIGNED_CONTEXT ( ( #4018, #5271, #1306 ) ) REPRESENTATION_CONTEXT ( 'NONE', 'WORKASPACE' ) );
#6128 =( GEOMETRIC_REPRESENTATION_CONTEXT ( 3 ) GLOBAL_UNCERTAINTY_ASSIGNED_CONTEXT ( ( #6610 ) ) GLOBAL_UNIT_ASSIGNED_CONTEXT ( ( #9897, #6805, #11921 ) ) REPRESENTATION_CONTEXT ( 'NONE', 'WORKASPACE' ) );
#6129 = ADVANCED_FACE ( 'NONE', ( #9382 ), #1105, .F. ) ;
#6130 = COLOUR_RGB ( '',0.1098039215686274495, 0.1098039215686274495, 0.1098039215686274495 ) ;
#6131 =( LENGTH_UNIT ( ) NAMED_UNIT ( * ) SI_UNIT ( .MILLI., .METRE. ) );
#6132 = EDGE_CURVE ( 'NONE', #12065, #828, #1214, .T. ) ;
#6133 = DIRECTION ( 'NONE',  ( -0.000000000000000000, -0.000000000000000000, -1.000000000000000000 ) ) ;
#6134 = ORIENTED_EDGE ( 'NONE', *, *, #1446, .T. ) ;
#6135 =( NAMED_UNIT ( * ) SI_UNIT ( $, .STERADIAN. ) SOLID_ANGLE_UNIT ( ) );
#6136 = LINE ( 'NONE', #8950, #12061 ) ;
#6137 = EDGE_LOOP ( 'NONE', ( #8775, #1482, #9429, #12480 ) ) ;
#6138 = STYLED_ITEM ( 'NONE', ( #12516 ), #6587 ) ;
#6139 = CARTESIAN_POINT ( 'NONE',  ( -0.7500000000000008882, -0.6999999999999978462, 4.093493551233061710E-15 ) ) ;
#6140 = LINE ( 'NONE', #3860, #505 ) ;
#6141 = AXIS2_PLACEMENT_3D ( 'NONE', #1490, #11968, #2072 ) ;
#6142 = PRESENTATION_STYLE_ASSIGNMENT (( #12687 ) ) ;
#6143 = DIRECTION ( 'NONE',  ( 0.5092192412993946649, 0.000000000000000000, 0.8606368364708013585 ) ) ;
#6144 = ORIENTED_EDGE ( 'NONE', *, *, #964, .F. ) ;
#6145 = EDGE_CURVE ( 'NONE', #5065, #71, #2503, .T. ) ;
#6146 = PRESENTATION_LAYER_ASSIGNMENT (  '', '', ( #13251 ) ) ;
#6147 = CARTESIAN_POINT ( 'NONE',  ( 2.549999999999991385, 1.027999999999999359, 2.799999999999999822 ) ) ;
#6148 =( GEOMETRIC_REPRESENTATION_CONTEXT ( 3 ) GLOBAL_UNCERTAINTY_ASSIGNED_CONTEXT ( ( #4201 ) ) GLOBAL_UNIT_ASSIGNED_CONTEXT ( ( #1586, #2730, #7908 ) ) REPRESENTATION_CONTEXT ( 'NONE', 'WORKASPACE' ) );
#6149 = CARTESIAN_POINT ( 'NONE',  ( -2.750000000000000000, -1.050000000000000044, -3.099999999999995648 ) ) ;
#6150 = VERTEX_POINT ( 'NONE', #7427 ) ;
#6151 =( NAMED_UNIT ( * ) SI_UNIT ( $, .STERADIAN. ) SOLID_ANGLE_UNIT ( ) );
#6152 = PLANE ( 'NONE',  #3426 ) ;
#6153 = EDGE_CURVE ( 'NONE', #8126, #7486, #11798, .T. ) ;
#6154 = ORIENTED_EDGE ( 'NONE', *, *, #10784, .T. ) ;
#6155 = DIRECTION ( 'NONE',  ( 0.000000000000000000, 0.000000000000000000, -1.000000000000000000 ) ) ;
#6156 = FILL_AREA_STYLE ('',( #5208 ) ) ;
#6157 = CARTESIAN_POINT ( 'NONE',  ( 1.500000000000000000, 0.05000000000000273670, 3.572999999999989740 ) ) ;
#6158 = CARTESIAN_POINT ( 'NONE',  ( 1.500000000000000000, 0.05000000000000293793, 3.825000000000006395 ) ) ;
#6159 = FILL_AREA_STYLE ('',( #11500 ) ) ;
#6160 =( NAMED_UNIT ( * ) PLANE_ANGLE_UNIT ( ) SI_UNIT ( $, .RADIAN. ) );
#6161 = DIRECTION ( 'NONE',  ( 9.048703177302543690E-15, 0.000000000000000000, 1.000000000000000000 ) ) ;
#6162 = DIRECTION ( 'NONE',  ( 0.2425356250363329969, 0.9701425001453319874, 0.000000000000000000 ) ) ;
#6163 = MECHANICAL_DESIGN_GEOMETRIC_PRESENTATION_REPRESENTATION (  '', ( #7978 ), #5045 ) ;
#6164 = LINE ( 'NONE', #7258, #10169 ) ;
#6165 = ORIENTED_EDGE ( 'NONE', *, *, #11689, .F. ) ;
#6166 = LINE ( 'NONE', #6867, #1681 ) ;
#6167 = ORIENTED_EDGE ( 'NONE', *, *, #3394, .F. ) ;
#6168 = DIRECTION ( 'NONE',  ( -6.994852725712935172E-17, 3.497426362856467586E-17, -1.000000000000000000 ) ) ;
#6169 = DIRECTION ( 'NONE',  ( -0.000000000000000000, -0.000000000000000000, -1.000000000000000000 ) ) ;
#6170 = EDGE_CURVE ( 'NONE', #11659, #8733, #10352, .T. ) ;
#6171 = VECTOR ( 'NONE', #10027, 1000.000000000000000 ) ;
#6172 = DIRECTION ( 'NONE',  ( 1.000000000000000000, -0.000000000000000000, -0.000000000000000000 ) ) ;
#6173 = VERTEX_POINT ( 'NONE', #4127 ) ;
#6174 = CARTESIAN_POINT ( 'NONE',  ( -2.649999999999984368, -0.1499999999999995226, 0.2154700538379264729 ) ) ;
#6175 = DIRECTION ( 'NONE',  ( 0.000000000000000000, 0.000000000000000000, 1.000000000000000000 ) ) ;
#6176 = ORIENTED_EDGE ( 'NONE', *, *, #2729, .F. ) ;
#6177 = PLANE ( 'NONE',  #7139 ) ;
#6178 = PRESENTATION_LAYER_ASSIGNMENT (  '', '', ( #5063 ) ) ;
#6179 = DIRECTION ( 'NONE',  ( -0.000000000000000000, 1.000000000000000000, 4.663235150475286828E-17 ) ) ;
#6180 = DIRECTION ( 'NONE',  ( -1.000000000000000000, 0.000000000000000000, 0.000000000000000000 ) ) ;
#6181 = CIRCLE ( 'NONE', #502, 0.002999999999999964501 ) ;
#6182 = AXIS2_PLACEMENT_3D ( 'NONE', #4646, #5666, #6749 ) ;
#6183 = ORIENTED_EDGE ( 'NONE', *, *, #9565, .F. ) ;
#6184 = CARTESIAN_POINT ( 'NONE',  ( -2.549999999999998934, 0.8249999999999996225, -0.2999999999999999334 ) ) ;
#6185 = EDGE_CURVE ( 'NONE', #12875, #2628, #7652, .T. ) ;
#6186 = VERTEX_POINT ( 'NONE', #11380 ) ;
#6187 = CARTESIAN_POINT ( 'NONE',  ( 1.250000000000032196, 1.050000000000000044, -2.249999999999999556 ) ) ;
#6188 = VECTOR ( 'NONE', #8411, 1000.000000000000000 ) ;
#6189 =( NAMED_UNIT ( * ) SI_UNIT ( $, .STERADIAN. ) SOLID_ANGLE_UNIT ( ) );
#6190 = UNCERTAINTY_MEASURE_WITH_UNIT (LENGTH_MEASURE( 1.000000000000000082E-05 ), #9003, 'distance_accuracy_value', 'NONE');
#6191 = SURFACE_STYLE_USAGE ( .BOTH. , #4070 ) ;
#6192 = FILL_AREA_STYLE_COLOUR ( '', #1941 ) ;
#6194 = ADVANCED_FACE ( 'NONE', ( #12757 ), #90, .F. ) ;
#6193 = UNCERTAINTY_MEASURE_WITH_UNIT (LENGTH_MEASURE( 1.000000000000000082E-05 ), #4852, 'distance_accuracy_value', 'NONE');
#6195 = DIRECTION ( 'NONE',  ( 0.000000000000000000, 6.776263578034472970E-17, 1.000000000000000000 ) ) ;
#6196 = DIRECTION ( 'NONE',  ( -6.994852725712935172E-17, 3.497426362856467586E-17, -1.000000000000000000 ) ) ;
#6197 = ORIENTED_EDGE ( 'NONE', *, *, #10382, .T. ) ;
#6198 = VECTOR ( 'NONE', #669, 1000.000000000000000 ) ;
#6199 = DIRECTION ( 'NONE',  ( -1.000000000000000000, -0.000000000000000000, -0.000000000000000000 ) ) ;
#6200 = SURFACE_STYLE_USAGE ( .BOTH. , #1135 ) ;
#6201 = CARTESIAN_POINT ( 'NONE',  ( -2.550000000000000266, -0.8000000000000024869, 1.850000000000000533 ) ) ;
#6202 = VECTOR ( 'NONE', #73, 1000.000000000000000 ) ;
#6203 = PRESENTATION_STYLE_ASSIGNMENT (( #6739 ) ) ;
#6204 = SURFACE_STYLE_FILL_AREA ( #9795 ) ;
#6205 = EDGE_CURVE ( 'NONE', #10264, #11580, #3770, .T. ) ;
#6206 = CARTESIAN_POINT ( 'NONE',  ( -2.750000000000014655, -0.8499999999999978684, 3.100000000000001421 ) ) ;
#6207 = EDGE_CURVE ( 'NONE', #5398, #29, #11007, .T. ) ;
#6208 = FILL_AREA_STYLE_COLOUR ( '', #92 ) ;
#6209 = VECTOR ( 'NONE', #5226, 1000.000000000000000 ) ;
#6210 = AXIS2_PLACEMENT_3D ( 'NONE', #4113, #5210, #12331 ) ;
#6211 =( GEOMETRIC_REPRESENTATION_CONTEXT ( 3 ) GLOBAL_UNCERTAINTY_ASSIGNED_CONTEXT ( ( #7188 ) ) GLOBAL_UNIT_ASSIGNED_CONTEXT ( ( #11764, #1560, #3653 ) ) REPRESENTATION_CONTEXT ( 'NONE', 'WORKASPACE' ) );
#6212 = ORIENTED_EDGE ( 'NONE', *, *, #11803, .F. ) ;
#6213 = COLOUR_RGB ( '',1.000000000000000000, 1.000000000000000000, 1.000000000000000000 ) ;
#6214 = UNCERTAINTY_MEASURE_WITH_UNIT (LENGTH_MEASURE( 1.000000000000000082E-05 ), #6224, 'distance_accuracy_value', 'NONE');
#6215 = FACE_OUTER_BOUND ( 'NONE', #2352, .T. ) ;
#6216 = FILL_AREA_STYLE_COLOUR ( '', #1750 ) ;
#6217 = ORIENTED_EDGE ( 'NONE', *, *, #341, .T. ) ;
#6218 = PRESENTATION_LAYER_ASSIGNMENT (  '', '', ( #3464 ) ) ;
#6219 =( GEOMETRIC_REPRESENTATION_CONTEXT ( 3 ) GLOBAL_UNCERTAINTY_ASSIGNED_CONTEXT ( ( #10537 ) ) GLOBAL_UNIT_ASSIGNED_CONTEXT ( ( #5809, #4879, #1799 ) ) REPRESENTATION_CONTEXT ( 'NONE', 'WORKASPACE' ) );
#6220 = PRESENTATION_STYLE_ASSIGNMENT (( #8335 ) ) ;
#6221 = DIRECTION ( 'NONE',  ( -0.000000000000000000, 1.000000000000000000, 4.663235150475286828E-17 ) ) ;
#6222 = DIRECTION ( 'NONE',  ( -0.5073310971434471517, 0.000000000000000000, -0.8617512157642865933 ) ) ;
#6223 = EDGE_CURVE ( 'NONE', #5631, #3537, #724, .T. ) ;
#6224 =( LENGTH_UNIT ( ) NAMED_UNIT ( * ) SI_UNIT ( .MILLI., .METRE. ) );
#6225 = CARTESIAN_POINT ( 'NONE',  ( -2.549999999999998490, 0.8249999999999992895, 2.799999999999999822 ) ) ;
#6226 =( GEOMETRIC_REPRESENTATION_CONTEXT ( 3 ) GLOBAL_UNCERTAINTY_ASSIGNED_CONTEXT ( ( #10615 ) ) GLOBAL_UNIT_ASSIGNED_CONTEXT ( ( #893, #7029, #11170 ) ) REPRESENTATION_CONTEXT ( 'NONE', 'WORKASPACE' ) );
#6227 = MECHANICAL_DESIGN_GEOMETRIC_PRESENTATION_REPRESENTATION (  '', ( #444 ), #8978 ) ;
#6228 = CARTESIAN_POINT ( 'NONE',  ( -0.2064888568680664227, -1.049999999999999156, 2.413550568363381554 ) ) ;
#6229 = SURFACE_STYLE_FILL_AREA ( #5932 ) ;
#6230 = VERTEX_POINT ( 'NONE', #3290 ) ;
#6231 = SURFACE_STYLE_FILL_AREA ( #10065 ) ;
#6232 = LINE ( 'NONE', #6304, #581 ) ;
#6233 = EDGE_CURVE ( 'NONE', #5454, #9119, #8603, .T. ) ;
#6234 = CARTESIAN_POINT ( 'NONE',  ( 2.499999999999993339, 0.8249999999999992895, 2.799999999999999822 ) ) ;
#6235 = COLOUR_RGB ( '',1.000000000000000000, 1.000000000000000000, 1.000000000000000000 ) ;
#6236 = ORIENTED_EDGE ( 'NONE', *, *, #4669, .F. ) ;
#6237 = DIRECTION ( 'NONE',  ( 0.000000000000000000, 0.000000000000000000, 1.000000000000000000 ) ) ;
#6238 =( NAMED_UNIT ( * ) SI_UNIT ( $, .STERADIAN. ) SOLID_ANGLE_UNIT ( ) );
#6239 = DIRECTION ( 'NONE',  ( 0.000000000000000000, 0.000000000000000000, 1.000000000000000000 ) ) ;
#6240 = VECTOR ( 'NONE', #8934, 1000.000000000000000 ) ;
#6241 = MECHANICAL_DESIGN_GEOMETRIC_PRESENTATION_REPRESENTATION (  '', ( #12676 ), #6561 ) ;
#6242 = PRESENTATION_STYLE_ASSIGNMENT (( #9704 ) ) ;
#6243 = CARTESIAN_POINT ( 'NONE',  ( 2.749999999999983125, -0.6000000000000094147, 0.6999999999999979572 ) ) ;
#6244 = SURFACE_STYLE_FILL_AREA ( #8777 ) ;
#6245 = CARTESIAN_POINT ( 'NONE',  ( 1.500000000000000000, -0.8480000000000001981, 3.574999999999991740 ) ) ;
#6246 = VECTOR ( 'NONE', #9730, 1000.000000000000000 ) ;
#6247 = ORIENTED_EDGE ( 'NONE', *, *, #8281, .T. ) ;
#6248 = STYLED_ITEM ( 'NONE', ( #6936 ), #12847 ) ;
#6249 = SURFACE_STYLE_USAGE ( .BOTH. , #1099 ) ;
#6250 = COLOUR_RGB ( '',1.000000000000000000, 1.000000000000000000, 1.000000000000000000 ) ;
#6251 = CARTESIAN_POINT ( 'NONE',  ( -1.500000000000000000, -1.050000000000000044, 3.099999999999987654 ) ) ;
#6252 = SURFACE_SIDE_STYLE ('',( #6588 ) ) ;
#6253 = EDGE_CURVE ( 'NONE', #1410, #473, #5529, .T. ) ;
#6254 = ORIENTED_EDGE ( 'NONE', *, *, #4103, .T. ) ;
#6255 = ORIENTED_EDGE ( 'NONE', *, *, #7275, .F. ) ;
#6256 = VECTOR ( 'NONE', #9433, 1000.000000000000000 ) ;
#6257 = CIRCLE ( 'NONE', #2700, 0.3999999999999993006 ) ;
#6258 = LINE ( 'NONE', #83, #12521 ) ;
#6259 = ORIENTED_EDGE ( 'NONE', *, *, #9895, .T. ) ;
#6260 =( LENGTH_UNIT ( ) NAMED_UNIT ( * ) SI_UNIT ( .MILLI., .METRE. ) );
#6261 =( GEOMETRIC_REPRESENTATION_CONTEXT ( 3 ) GLOBAL_UNCERTAINTY_ASSIGNED_CONTEXT ( ( #12689 ) ) GLOBAL_UNIT_ASSIGNED_CONTEXT ( ( #11361, #112, #5203 ) ) REPRESENTATION_CONTEXT ( 'NONE', 'WORKASPACE' ) );
#6262 = DIRECTION ( 'NONE',  ( 0.000000000000000000, 0.000000000000000000, -1.000000000000000000 ) ) ;
#6263 = ADVANCED_FACE ( 'NONE', ( #6508 ), #9458, .F. ) ;
#6264 = COLOUR_RGB ( '',0.1098039215686274495, 0.1098039215686274495, 0.1098039215686274495 ) ;
#6265 = SURFACE_SIDE_STYLE ('',( #5555 ) ) ;
#6266 = ORIENTED_EDGE ( 'NONE', *, *, #8462, .F. ) ;
#6267 = SURFACE_STYLE_FILL_AREA ( #3051 ) ;
#6268 = CYLINDRICAL_SURFACE ( 'NONE', #12490, 0.2030000000000000693 ) ;
#6270 = VERTEX_POINT ( 'NONE', #9635 ) ;
#6269 = STYLED_ITEM ( 'NONE', ( #1148 ), #2506 ) ;
#6271 = EDGE_LOOP ( 'NONE', ( #1727, #8148, #5647, #12531 ) ) ;
#6272 =( NAMED_UNIT ( * ) PLANE_ANGLE_UNIT ( ) SI_UNIT ( $, .RADIAN. ) );
#6273 = EDGE_CURVE ( 'NONE', #4195, #8130, #4802, .T. ) ;
#6274 = CARTESIAN_POINT ( 'NONE',  ( 2.750000000000000000, 0.6499999999999993561, -3.500000000000000000 ) ) ;
#6275 = UNCERTAINTY_MEASURE_WITH_UNIT (LENGTH_MEASURE( 1.000000000000000082E-05 ), #10319, 'distance_accuracy_value', 'NONE');
#6276 = FACE_OUTER_BOUND ( 'NONE', #5956, .T. ) ;
#6277 = VECTOR ( 'NONE', #4081, 1000.000000000000000 ) ;
#6278 = LINE ( 'NONE', #2705, #5615 ) ;
#6279 = EDGE_LOOP ( 'NONE', ( #2603, #7559, #12363, #636 ) ) ;
#6280 = FILL_AREA_STYLE ('',( #6052 ) ) ;
#6281 = FACE_OUTER_BOUND ( 'NONE', #12355, .T. ) ;
#6282 = MECHANICAL_DESIGN_GEOMETRIC_PRESENTATION_REPRESENTATION (  '', ( #3526 ), #4193 ) ;
#6283 =( NAMED_UNIT ( * ) PLANE_ANGLE_UNIT ( ) SI_UNIT ( $, .RADIAN. ) );
#6284 = ORIENTED_EDGE ( 'NONE', *, *, #1808, .F. ) ;
#6285 = CARTESIAN_POINT ( 'NONE',  ( -0.2064888568680664227, -1.049999999999999156, 2.413550568363381554 ) ) ;
#6286 = SURFACE_SIDE_STYLE ('',( #13114 ) ) ;
#6287 = CARTESIAN_POINT ( 'NONE',  ( 0.2999999999999998224, 0.8499999999999993117, -4.832455532033675283 ) ) ;
#6288 = AXIS2_PLACEMENT_3D ( 'NONE', #5696, #1603, #2578 ) ;
#6289 =( NAMED_UNIT ( * ) SI_UNIT ( $, .STERADIAN. ) SOLID_ANGLE_UNIT ( ) );
#6290 = UNCERTAINTY_MEASURE_WITH_UNIT (LENGTH_MEASURE( 1.000000000000000082E-05 ), #12767, 'distance_accuracy_value', 'NONE');
#6291 = CARTESIAN_POINT ( 'NONE',  ( 0.5000000000000000000, -0.3500000000000003664, -3.774999999999995914 ) ) ;
#6292 = SURFACE_SIDE_STYLE ('',( #6929 ) ) ;
#6293 = ORIENTED_EDGE ( 'NONE', *, *, #12731, .F. ) ;
#6294 = FACE_OUTER_BOUND ( 'NONE', #13146, .T. ) ;
#6295 = CARTESIAN_POINT ( 'NONE',  ( 0.000000000000000000, 0.7999999999999997113, 9.912705577010316921E-17 ) ) ;
#6296 = FACE_OUTER_BOUND ( 'NONE', #4923, .T. ) ;
#6297 = DIRECTION ( 'NONE',  ( -0.000000000000000000, 1.000000000000000000, -0.000000000000000000 ) ) ;
#6298 = EDGE_LOOP ( 'NONE', ( #10340, #8255, #1075, #10775 ) ) ;
#6299 = STYLED_ITEM ( 'NONE', ( #1163 ), #2448 ) ;
#6300 = SURFACE_STYLE_FILL_AREA ( #9822 ) ;
#6301 = EDGE_CURVE ( 'NONE', #9300, #150, #8346, .T. ) ;
#6302 = DIRECTION ( 'NONE',  ( -0.000000000000000000, -1.000000000000000000, -0.000000000000000000 ) ) ;
#6303 = ORIENTED_EDGE ( 'NONE', *, *, #8575, .F. ) ;
#6304 = CARTESIAN_POINT ( 'NONE',  ( 0.8499999999999998668, -1.049999999999999156, 1.800000000000000044 ) ) ;
#6305 = MECHANICAL_DESIGN_GEOMETRIC_PRESENTATION_REPRESENTATION (  '', ( #5593 ), #3968 ) ;
#6306 = STYLED_ITEM ( 'NONE', ( #4306 ), #5310 ) ;
#6307 = ORIENTED_EDGE ( 'NONE', *, *, #6877, .F. ) ;
#6308 = ORIENTED_EDGE ( 'NONE', *, *, #6932, .T. ) ;
#6309 = LINE ( 'NONE', #10544, #13035 ) ;
#6310 =( LENGTH_UNIT ( ) NAMED_UNIT ( * ) SI_UNIT ( .MILLI., .METRE. ) );
#6311 = EDGE_CURVE ( 'NONE', #1746, #1053, #2098, .T. ) ;
#6312 =( NAMED_UNIT ( * ) PLANE_ANGLE_UNIT ( ) SI_UNIT ( $, .RADIAN. ) );
#6313 = ORIENTED_EDGE ( 'NONE', *, *, #3742, .F. ) ;
#6314 = CARTESIAN_POINT ( 'NONE',  ( -2.499999999999998668, 0.8249999999999992895, 2.200000000000000178 ) ) ;
#6315 =( GEOMETRIC_REPRESENTATION_CONTEXT ( 3 ) GLOBAL_UNCERTAINTY_ASSIGNED_CONTEXT ( ( #3486 ) ) GLOBAL_UNIT_ASSIGNED_CONTEXT ( ( #12685, #5633, #1488 ) ) REPRESENTATION_CONTEXT ( 'NONE', 'WORKASPACE' ) );
#6316 = STYLED_ITEM ( 'NONE', ( #12693 ), #1358 ) ;
#6317 = CARTESIAN_POINT ( 'NONE',  ( 1.250000000000032196, 1.049999999999999822, -0.2499999999999957812 ) ) ;
#6318 = EDGE_CURVE ( 'NONE', #11098, #171, #5759, .T. ) ;
#6319 = PRESENTATION_STYLE_ASSIGNMENT (( #5568 ) ) ;
#6320 = ORIENTED_EDGE ( 'NONE', *, *, #7703, .T. ) ;
#6321 = ORIENTED_EDGE ( 'NONE', *, *, #10600, .F. ) ;
#6322 = DIRECTION ( 'NONE',  ( 1.239088197126289831E-16, 0.000000000000000000, 1.000000000000000000 ) ) ;
#6323 = STYLED_ITEM ( 'NONE', ( #8806 ), #12460 ) ;
#6324 = CARTESIAN_POINT ( 'NONE',  ( 2.750000000000000000, -1.050000000000000044, -3.099999999999995648 ) ) ;
#6325 = VERTEX_POINT ( 'NONE', #11548 ) ;
#6326 = SURFACE_STYLE_USAGE ( .BOTH. , #3406 ) ;
#6327 = EDGE_CURVE ( 'NONE', #4015, #9930, #5441, .T. ) ;
#6328 = ORIENTED_EDGE ( 'NONE', *, *, #8592, .F. ) ;
#6329 =( LENGTH_UNIT ( ) NAMED_UNIT ( * ) SI_UNIT ( .MILLI., .METRE. ) );
#6330 = FILL_AREA_STYLE ('',( #5076 ) ) ;
#6331 = ADVANCED_FACE ( 'NONE', ( #10578 ), #9683, .F. ) ;
#6332 = CARTESIAN_POINT ( 'NONE',  ( -2.249999999999985789, -0.1499999999999995226, 0.2154700538379264452 ) ) ;
#6333 = VECTOR ( 'NONE', #11171, 1000.000000000000000 ) ;
#6334 = DIRECTION ( 'NONE',  ( -1.000000000000000000, -0.000000000000000000, -0.000000000000000000 ) ) ;
#6335 = DIRECTION ( 'NONE',  ( 0.000000000000000000, -0.000000000000000000, 1.000000000000000000 ) ) ;
#6336 =( NAMED_UNIT ( * ) PLANE_ANGLE_UNIT ( ) SI_UNIT ( $, .RADIAN. ) );
#6337 = ORIENTED_EDGE ( 'NONE', *, *, #8886, .T. ) ;
#6338 = ORIENTED_EDGE ( 'NONE', *, *, #688, .F. ) ;
#6339 = CARTESIAN_POINT ( 'NONE',  ( 0.2999999999999998224, 0.8499999999999993117, -4.832455532033675283 ) ) ;
#6340 = SURFACE_SIDE_STYLE ('',( #8774 ) ) ;
#6341 =( LENGTH_UNIT ( ) NAMED_UNIT ( * ) SI_UNIT ( .MILLI., .METRE. ) );
#6342 = MECHANICAL_DESIGN_GEOMETRIC_PRESENTATION_REPRESENTATION (  '', ( #9082 ), #8151 ) ;
#6343 = VECTOR ( 'NONE', #12727, 1000.000000000000000 ) ;
#6344 = SURFACE_STYLE_FILL_AREA ( #6666 ) ;
#6345 = EDGE_LOOP ( 'NONE', ( #10928, #187, #8089, #3291 ) ) ;
#6346 = ADVANCED_FACE ( 'NONE', ( #10408 ), #2449, .F. ) ;
#6347 = SURFACE_STYLE_USAGE ( .BOTH. , #4220 ) ;
#6348 = FACE_OUTER_BOUND ( 'NONE', #7594, .T. ) ;
#6349 = LINE ( 'NONE', #9745, #11338 ) ;
#6350 = ORIENTED_EDGE ( 'NONE', *, *, #10142, .T. ) ;
#6351 = AXIS2_PLACEMENT_3D ( 'NONE', #1505, #8496, #4529 ) ;
#6352 = CARTESIAN_POINT ( 'NONE',  ( 2.499999999999999556, 0.8000000000000001554, -3.500000000000000000 ) ) ;
#6353 = CARTESIAN_POINT ( 'NONE',  ( 0.1505370182870021944, -1.049999999999999156, 2.586871583535974572 ) ) ;
#6354 = EDGE_CURVE ( 'NONE', #5917, #1710, #8022, .T. ) ;
#6355 = CARTESIAN_POINT ( 'NONE',  ( -2.550000000000000266, -1.049999999999999378, 2.800000000000002487 ) ) ;
#6356 = VECTOR ( 'NONE', #12252, 1000.000000000000000 ) ;
#6357 = CARTESIAN_POINT ( 'NONE',  ( 1.750000000000084599, 0.8499999999999993117, 2.750000000000005773 ) ) ;
#6358 = PRESENTATION_STYLE_ASSIGNMENT (( #4375 ) ) ;
#6359 = LINE ( 'NONE', #263, #12126 ) ;
#6360 = ORIENTED_EDGE ( 'NONE', *, *, #3173, .T. ) ;
#6361 = DIRECTION ( 'NONE',  ( 1.000000000000000000, 0.000000000000000000, -0.000000000000000000 ) ) ;
#6362 = PRESENTATION_LAYER_ASSIGNMENT (  '', '', ( #144 ) ) ;
#6363 = COLOUR_RGB ( '',1.000000000000000000, 1.000000000000000000, 1.000000000000000000 ) ;
#6364 = ORIENTED_EDGE ( 'NONE', *, *, #10329, .F. ) ;
#6365 = FILL_AREA_STYLE_COLOUR ( '', #7619 ) ;
#6366 = LINE ( 'NONE', #6073, #10848 ) ;
#6367 = UNCERTAINTY_MEASURE_WITH_UNIT (LENGTH_MEASURE( 1.000000000000000082E-05 ), #6260, 'distance_accuracy_value', 'NONE');
#6368 = UNCERTAINTY_MEASURE_WITH_UNIT (LENGTH_MEASURE( 1.000000000000000082E-05 ), #8480, 'distance_accuracy_value', 'NONE');
#6369 = AXIS2_PLACEMENT_3D ( 'NONE', #7982, #3784, #11069 ) ;
#6370 = ORIENTED_EDGE ( 'NONE', *, *, #630, .T. ) ;
#6371 = FACE_OUTER_BOUND ( 'NONE', #11827, .T. ) ;
#6372 = FILL_AREA_STYLE_COLOUR ( '', #10917 ) ;
#6373 = SURFACE_STYLE_FILL_AREA ( #4295 ) ;
#6374 = ORIENTED_EDGE ( 'NONE', *, *, #4524, .F. ) ;
#6375 =( NAMED_UNIT ( * ) PLANE_ANGLE_UNIT ( ) SI_UNIT ( $, .RADIAN. ) );
#6376 =( LENGTH_UNIT ( ) NAMED_UNIT ( * ) SI_UNIT ( .MILLI., .METRE. ) );
#6377 = SURFACE_STYLE_USAGE ( .BOTH. , #7278 ) ;
#6378 = CARTESIAN_POINT ( 'NONE',  ( 2.552999999999983949, 2.050000000000049560, 0.2999999999999999334 ) ) ;
#6379 = CARTESIAN_POINT ( 'NONE',  ( -0.5138308425403714796, -1.039999999999999147, 3.124166730570991035 ) ) ;
#6380 = VERTEX_POINT ( 'NONE', #293 ) ;
#6381 = LINE ( 'NONE', #2332, #11370 ) ;
#6382 = EDGE_CURVE ( 'NONE', #4274, #10386, #10735, .T. ) ;
#6383 =( NAMED_UNIT ( * ) SI_UNIT ( $, .STERADIAN. ) SOLID_ANGLE_UNIT ( ) );
#6384 = VECTOR ( 'NONE', #12054, 1000.000000000000000 ) ;
#6385 = CARTESIAN_POINT ( 'NONE',  ( 2.552999999999991054, 1.028000000000000025, -2.200000000000000178 ) ) ;
#6386 = SURFACE_STYLE_USAGE ( .BOTH. , #7421 ) ;
#6387 = LINE ( 'NONE', #10236, #3648 ) ;
#6388 = ORIENTED_EDGE ( 'NONE', *, *, #413, .T. ) ;
#6389 = PRESENTATION_LAYER_ASSIGNMENT (  '', '', ( #11462 ) ) ;
#6390 = EDGE_LOOP ( 'NONE', ( #9857, #3888, #8395, #3224 ) ) ;
#6391 = DIRECTION ( 'NONE',  ( 0.000000000000000000, 0.000000000000000000, 1.000000000000000000 ) ) ;
#6392 = EDGE_CURVE ( 'NONE', #7103, #6690, #12812, .T. ) ;
#6393 = VECTOR ( 'NONE', #11410, 1000.000000000000000 ) ;
#6394 = DIRECTION ( 'NONE',  ( 0.000000000000000000, 0.000000000000000000, 1.000000000000000000 ) ) ;
#6395 = CARTESIAN_POINT ( 'NONE',  ( 2.750000000000000000, -1.049999999999999378, 3.100000000000001421 ) ) ;
#6396 = AXIS2_PLACEMENT_3D ( 'NONE', #1458, #5470, #10592 ) ;
#6397 = MECHANICAL_DESIGN_GEOMETRIC_PRESENTATION_REPRESENTATION (  '', ( #2528 ), #7791 ) ;
#6398 = ADVANCED_FACE ( 'NONE', ( #3829 ), #7795, .T. ) ;
#6399 = ORIENTED_EDGE ( 'NONE', *, *, #10423, .F. ) ;
#6400 = DIRECTION ( 'NONE',  ( 1.000000000000000000, 0.000000000000000000, -1.734723475976807094E-15 ) ) ;
#6401 = AXIS2_PLACEMENT_3D ( 'NONE', #12708, #4718, #3731 ) ;
#6402 = EDGE_LOOP ( 'NONE', ( #7165, #4100, #5483, #13235 ) ) ;
#6403 = FILL_AREA_STYLE_COLOUR ( '', #9335 ) ;
#6404 = STYLED_ITEM ( 'NONE', ( #4779 ), #5434 ) ;
#6405 = LINE ( 'NONE', #8138, #10402 ) ;
#6406 = ORIENTED_EDGE ( 'NONE', *, *, #3868, .T. ) ;
#6407 = EDGE_CURVE ( 'NONE', #10767, #9529, #13293, .T. ) ;
#6408 = COLOUR_RGB ( '',1.000000000000000000, 1.000000000000000000, 1.000000000000000000 ) ;
#6409 = FACE_OUTER_BOUND ( 'NONE', #9830, .T. ) ;
#6410 = ORIENTED_EDGE ( 'NONE', *, *, #357, .T. ) ;
#6411 = DIRECTION ( 'NONE',  ( -0.000000000000000000, -1.000000000000000000, -0.000000000000000000 ) ) ;
#6412 = CYLINDRICAL_SURFACE ( 'NONE', #12793, 0.4000000000000027978 ) ;
#6413 = VECTOR ( 'NONE', #300, 1000.000000000000000 ) ;
#6414 = ORIENTED_EDGE ( 'NONE', *, *, #341, .F. ) ;
#6415 = DIRECTION ( 'NONE',  ( -0.000000000000000000, -0.000000000000000000, -1.000000000000000000 ) ) ;
#6416 = FILL_AREA_STYLE ('',( #9397 ) ) ;
#6417 = SURFACE_STYLE_USAGE ( .BOTH. , #7411 ) ;
#6418 = DIRECTION ( 'NONE',  ( 0.000000000000000000, -1.000000000000000000, -2.710505431213763057E-16 ) ) ;
#6419 = AXIS2_PLACEMENT_3D ( 'NONE', #10826, #2759, #2660 ) ;
#6420 = VERTEX_POINT ( 'NONE', #10774 ) ;
#6421 = CARTESIAN_POINT ( 'NONE',  ( 2.752999999999984571, 2.050000000000049560, 0.2999999999999999334 ) ) ;
#6422 = SURFACE_SIDE_STYLE ('',( #5679 ) ) ;
#6423 = CARTESIAN_POINT ( 'NONE',  ( -2.750000000000000000, -0.8499999999999978684, 2.800000000000001599 ) ) ;
#6424 = VECTOR ( 'NONE', #12365, 1000.000000000000000 ) ;
#6425 = EDGE_LOOP ( 'NONE', ( #11705, #3306, #12813, #12774 ) ) ;
#6426 = CARTESIAN_POINT ( 'NONE',  ( 0.8500000000000003109, -1.049999999999999156, -1.800000000000000044 ) ) ;
#6427 = EDGE_CURVE ( 'NONE', #10947, #3158, #9783, .T. ) ;
#6428 = COLOUR_RGB ( '',1.000000000000000000, 1.000000000000000000, 1.000000000000000000 ) ;
#6429 = SURFACE_STYLE_FILL_AREA ( #8716 ) ;
#6430 = ORIENTED_EDGE ( 'NONE', *, *, #1029, .F. ) ;
#6431 = SURFACE_STYLE_FILL_AREA ( #10093 ) ;
#6432 = FILL_AREA_STYLE ('',( #7566 ) ) ;
#6433 = VERTEX_POINT ( 'NONE', #6731 ) ;
#6434 = AXIS2_PLACEMENT_3D ( 'NONE', #1955, #10087, #1863 ) ;
#6435 = CARTESIAN_POINT ( 'NONE',  ( 2.750000000000000000, -0.6000000000000094147, -1.650000000000004796 ) ) ;
#6436 = FILL_AREA_STYLE_COLOUR ( '', #11068 ) ;
#6437 = UNCERTAINTY_MEASURE_WITH_UNIT (LENGTH_MEASURE( 1.000000000000000082E-05 ), #8233, 'distance_accuracy_value', 'NONE');
#6438 = CARTESIAN_POINT ( 'NONE',  ( -2.752999999999999226, 2.050000000000049560, -0.2999999999999999334 ) ) ;
#6439 = DIRECTION ( 'NONE',  ( 1.000000000000000000, 0.000000000000000000, -0.000000000000000000 ) ) ;
#6440 = STYLED_ITEM ( 'NONE', ( #3168 ), #3354 ) ;
#6441 = ORIENTED_EDGE ( 'NONE', *, *, #2501, .T. ) ;
#6442 = FILL_AREA_STYLE ('',( #6403 ) ) ;
#6443 = EDGE_CURVE ( 'NONE', #8708, #9278, #5774, .T. ) ;
#6444 = VECTOR ( 'NONE', #13183, 1000.000000000000000 ) ;
#6445 = CARTESIAN_POINT ( 'NONE',  ( 0.009314526572365856155, -1.039999999999999147, 3.124166730570993700 ) ) ;
#6446 = ORIENTED_EDGE ( 'NONE', *, *, #9457, .T. ) ;
#6447 = DIRECTION ( 'NONE',  ( 1.000000000000000000, 0.000000000000000000, 0.000000000000000000 ) ) ;
#6448 = UNCERTAINTY_MEASURE_WITH_UNIT (LENGTH_MEASURE( 1.000000000000000082E-05 ), #10299, 'distance_accuracy_value', 'NONE');
#6449 = CARTESIAN_POINT ( 'NONE',  ( -0.6555158172688070328, -1.049999999999999156, 2.413550568363380666 ) ) ;
#6450 = AXIS2_PLACEMENT_3D ( 'NONE', #4055, #8297, #11264 ) ;
#6451 = VERTEX_POINT ( 'NONE', #2620 ) ;
#6452 = EDGE_CURVE ( 'NONE', #1875, #9797, #9455, .T. ) ;
#6453 = ORIENTED_EDGE ( 'NONE', *, *, #7472, .T. ) ;
#6454 = FACE_OUTER_BOUND ( 'NONE', #1717, .T. ) ;
#6455 = COLOUR_RGB ( '',1.000000000000000000, 1.000000000000000000, 1.000000000000000000 ) ;
#6456 = VERTEX_POINT ( 'NONE', #9771 ) ;
#6457 = CARTESIAN_POINT ( 'NONE',  ( 2.550000000000000266, -1.049999999999999156, -1.649999999999994804 ) ) ;
#6458 = CARTESIAN_POINT ( 'NONE',  ( 1.500000000000000000, -0.8480000000000001981, -3.572999999999995957 ) ) ;
#6459 = ADVANCED_FACE ( 'NONE', ( #980 ), #1680, .F. ) ;
#6460 = DIRECTION ( 'NONE',  ( 1.008560160451632221E-16, 3.782100601693620520E-17, -1.000000000000000000 ) ) ;
#6461 = STYLED_ITEM ( 'NONE', ( #8596 ), #10698 ) ;
#6462 = CARTESIAN_POINT ( 'NONE',  ( 2.499999999999992895, 0.8249999999999996225, 0.2999999999999999334 ) ) ;
#6463 =( NAMED_UNIT ( * ) PLANE_ANGLE_UNIT ( ) SI_UNIT ( $, .RADIAN. ) );
#6464 = CARTESIAN_POINT ( 'NONE',  ( 2.649999999999982592, -0.1499999999999995226, -0.2154700538379264729 ) ) ;
#6465 = ORIENTED_EDGE ( 'NONE', *, *, #7525, .F. ) ;
#6466 = CARTESIAN_POINT ( 'NONE',  ( 0.2101973270675033534, -1.039999999999999147, 2.688210421060323707 ) ) ;
#6467 =( GEOMETRIC_REPRESENTATION_CONTEXT ( 3 ) GLOBAL_UNCERTAINTY_ASSIGNED_CONTEXT ( ( #1610 ) ) GLOBAL_UNIT_ASSIGNED_CONTEXT ( ( #5662, #4544, #11725 ) ) REPRESENTATION_CONTEXT ( 'NONE', 'WORKASPACE' ) );
#6468 = LINE ( 'NONE', #5016, #10155 ) ;
#6469 = PRESENTATION_LAYER_ASSIGNMENT (  '', '', ( #9453 ) ) ;
#6470 = CARTESIAN_POINT ( 'NONE',  ( -2.750000000000000000, -1.049999999999999378, 3.100000000000001421 ) ) ;
#6471 = LINE ( 'NONE', #7919, #11301 ) ;
#6472 = ORIENTED_EDGE ( 'NONE', *, *, #11514, .F. ) ;
#6473 = COLOUR_RGB ( '',1.000000000000000000, 1.000000000000000000, 1.000000000000000000 ) ;
#6474 = EDGE_CURVE ( 'NONE', #10305, #8377, #1790, .T. ) ;
#6475 = CARTESIAN_POINT ( 'NONE',  ( 1.500000000000000000, -0.8500000000000011990, -3.572999999999995957 ) ) ;
#6476 = CARTESIAN_POINT ( 'NONE',  ( 0.2500000000000427436, 1.049999999999999822, -0.2499999999999966416 ) ) ;
#6477 = CARTESIAN_POINT ( 'NONE',  ( 1.250000000000032196, 0.8499999999999997558, -0.2499999999999957812 ) ) ;
#6478 = AXIS2_PLACEMENT_3D ( 'NONE', #38, #3174, #10351 ) ;
#6479 = SURFACE_STYLE_FILL_AREA ( #7030 ) ;
#6480 = DIRECTION ( 'NONE',  ( 1.000000000000000000, -0.000000000000000000, -0.000000000000000000 ) ) ;
#6481 = SURFACE_STYLE_FILL_AREA ( #8252 ) ;
#6482 = SURFACE_STYLE_USAGE ( .BOTH. , #9506 ) ;
#6483 = SURFACE_STYLE_FILL_AREA ( #7936 ) ;
#6484 = EDGE_CURVE ( 'NONE', #7486, #7270, #10273, .T. ) ;
#6485 = SURFACE_STYLE_FILL_AREA ( #9073 ) ;
#6486 = ORIENTED_EDGE ( 'NONE', *, *, #8441, .F. ) ;
#6487 =( NAMED_UNIT ( * ) PLANE_ANGLE_UNIT ( ) SI_UNIT ( $, .RADIAN. ) );
#6488 = STYLED_ITEM ( 'NONE', ( #3686 ), #1774 ) ;
#6489 = COLOUR_RGB ( '',1.000000000000000000, 1.000000000000000000, 1.000000000000000000 ) ;
#6490 = EDGE_LOOP ( 'NONE', ( #3404, #12876, #5743, #3931, #131, #3894, #4644, #9564 ) ) ;
#6491 = FILL_AREA_STYLE_COLOUR ( '', #5744 ) ;
#6492 = MECHANICAL_DESIGN_GEOMETRIC_PRESENTATION_REPRESENTATION (  '', ( #1878 ), #198 ) ;
#6493 = VERTEX_POINT ( 'NONE', #3554 ) ;
#6494 =( NAMED_UNIT ( * ) PLANE_ANGLE_UNIT ( ) SI_UNIT ( $, .RADIAN. ) );
#6495 = DIRECTION ( 'NONE',  ( 1.000000000000000000, 0.000000000000000000, -0.000000000000000000 ) ) ;
#6496 =( NAMED_UNIT ( * ) PLANE_ANGLE_UNIT ( ) SI_UNIT ( $, .RADIAN. ) );
#6497 = EDGE_CURVE ( 'NONE', #7072, #10510, #2107, .T. ) ;
#6498 = PLANE ( 'NONE',  #794 ) ;
#6499 =( NAMED_UNIT ( * ) SI_UNIT ( $, .STERADIAN. ) SOLID_ANGLE_UNIT ( ) );
#6500 = LINE ( 'NONE', #48, #1057 ) ;
#6501 =( NAMED_UNIT ( * ) PLANE_ANGLE_UNIT ( ) SI_UNIT ( $, .RADIAN. ) );
#6502 =( NAMED_UNIT ( * ) SI_UNIT ( $, .STERADIAN. ) SOLID_ANGLE_UNIT ( ) );
#6503 = VECTOR ( 'NONE', #2676, 1000.000000000000000 ) ;
#6504 = ORIENTED_EDGE ( 'NONE', *, *, #11411, .T. ) ;
#6505 = ORIENTED_EDGE ( 'NONE', *, *, #4661, .T. ) ;
#6506 = ORIENTED_EDGE ( 'NONE', *, *, #11743, .F. ) ;
#6507 =( LENGTH_UNIT ( ) NAMED_UNIT ( * ) SI_UNIT ( .MILLI., .METRE. ) );
#6508 = FACE_OUTER_BOUND ( 'NONE', #2779, .T. ) ;
#6509 = AXIS2_PLACEMENT_3D ( 'NONE', #12433, #2221, #3240 ) ;
#6510 = SURFACE_STYLE_USAGE ( .BOTH. , #5646 ) ;
#6511 = CARTESIAN_POINT ( 'NONE',  ( -2.752999999999999226, 2.050000000000049560, 0.2999999999999999334 ) ) ;
#6512 = VECTOR ( 'NONE', #1216, 1000.000000000000000 ) ;
#6513 = VECTOR ( 'NONE', #6696, 1000.000000000000000 ) ;
#6514 = STYLED_ITEM ( 'NONE', ( #9135 ), #2769 ) ;
#6515 = CYLINDRICAL_SURFACE ( 'NONE', #7343, 0.4000000000000005218 ) ;
#6516 = CARTESIAN_POINT ( 'NONE',  ( 2.550000000000000266, -0.6000000000000094147, -0.8309401076758524685 ) ) ;
#6517 =( NAMED_UNIT ( * ) SI_UNIT ( $, .STERADIAN. ) SOLID_ANGLE_UNIT ( ) );
#6518 = CARTESIAN_POINT ( 'NONE',  ( 2.750000000000000000, -1.049999999999996714, -1.850000000000007860 ) ) ;
#6519 = EDGE_CURVE ( 'NONE', #4940, #11495, #11256, .T. ) ;
#6520 = EDGE_LOOP ( 'NONE', ( #10461, #9903, #1103, #5138 ) ) ;
#6521 = ADVANCED_FACE ( 'NONE', ( #3204 ), #8091, .F. ) ;
#6522 = CARTESIAN_POINT ( 'NONE',  ( 1.250000000000084599, 1.049999999999999378, 2.750000000000006661 ) ) ;
#6523 = FILL_AREA_STYLE_COLOUR ( '', #10721 ) ;
#6524 = UNCERTAINTY_MEASURE_WITH_UNIT (LENGTH_MEASURE( 1.000000000000000082E-05 ), #10831, 'distance_accuracy_value', 'NONE');
#6525 = DIRECTION ( 'NONE',  ( -0.000000000000000000, 0.000000000000000000, -1.000000000000000000 ) ) ;
#6526 = ORIENTED_EDGE ( 'NONE', *, *, #1654, .T. ) ;
#6527 = LINE ( 'NONE', #12869, #11355 ) ;
#6528 =( NAMED_UNIT ( * ) SI_UNIT ( $, .STERADIAN. ) SOLID_ANGLE_UNIT ( ) );
#6529 = PRESENTATION_LAYER_ASSIGNMENT (  '', '', ( #9028 ) ) ;
#6530 = EDGE_LOOP ( 'NONE', ( #6841, #8933, #4967, #2410 ) ) ;
#6531 = ORIENTED_EDGE ( 'NONE', *, *, #1864, .T. ) ;
#6532 = FACE_OUTER_BOUND ( 'NONE', #7988, .T. ) ;
#6533 = DIRECTION ( 'NONE',  ( -0.000000000000000000, 1.000000000000000000, 6.948158114726864825E-15 ) ) ;
#6534 = AXIS2_PLACEMENT_3D ( 'NONE', #10184, #1003, #5078 ) ;
#6535 = AXIS2_PLACEMENT_3D ( 'NONE', #7440, #5193, #8338 ) ;
#6536 = ADVANCED_FACE ( 'NONE', ( #6103 ), #2835, .F. ) ;
#6537 = PLANE ( 'NONE',  #13049 ) ;
#6538 = PLANE ( 'NONE',  #2777 ) ;
#6539 = PRESENTATION_STYLE_ASSIGNMENT (( #12723 ) ) ;
#6540 =( LENGTH_UNIT ( ) NAMED_UNIT ( * ) SI_UNIT ( .MILLI., .METRE. ) );
#6541 =( LENGTH_UNIT ( ) NAMED_UNIT ( * ) SI_UNIT ( .MILLI., .METRE. ) );
#6542 = CARTESIAN_POINT ( 'NONE',  ( -2.549999999999998490, 1.027999999999999359, 2.799999999999999822 ) ) ;
#6543 = VECTOR ( 'NONE', #631, 1000.000000000000000 ) ;
#6544 = ORIENTED_EDGE ( 'NONE', *, *, #12779, .T. ) ;
#6545 =( LENGTH_UNIT ( ) NAMED_UNIT ( * ) SI_UNIT ( .MILLI., .METRE. ) );
#6546 = MECHANICAL_DESIGN_GEOMETRIC_PRESENTATION_REPRESENTATION (  '', ( #2174 ), #4215 ) ;
#6547 = VECTOR ( 'NONE', #11432, 1000.000000000000000 ) ;
#6548 = CIRCLE ( 'NONE', #2962, 0.002999999999999964501 ) ;
#6549 = EDGE_CURVE ( 'NONE', #2171, #397, #12663, .T. ) ;
#6550 = VECTOR ( 'NONE', #8088, 1000.000000000000000 ) ;
#6551 = AXIS2_PLACEMENT_3D ( 'NONE', #10704, #3392, #11002 ) ;
#6552 = AXIS2_PLACEMENT_3D ( 'NONE', #10568, #4411, #5321 ) ;
#6553 = ORIENTED_EDGE ( 'NONE', *, *, #4932, .F. ) ;
#6554 = CARTESIAN_POINT ( 'NONE',  ( -2.549999999999998490, 1.027999999999999359, 2.799999999999999822 ) ) ;
#6555 = EDGE_CURVE ( 'NONE', #5177, #13, #2254, .T. ) ;
#6556 = ORIENTED_EDGE ( 'NONE', *, *, #3420, .F. ) ;
#6557 = SURFACE_SIDE_STYLE ('',( #5275 ) ) ;
#6558 =( LENGTH_UNIT ( ) NAMED_UNIT ( * ) SI_UNIT ( .MILLI., .METRE. ) );
#6559 = CARTESIAN_POINT ( 'NONE',  ( -0.1541181613051111621, -1.039999999999999147, 2.413550568363382443 ) ) ;
#6560 =( NAMED_UNIT ( * ) SI_UNIT ( $, .STERADIAN. ) SOLID_ANGLE_UNIT ( ) );
#6561 =( GEOMETRIC_REPRESENTATION_CONTEXT ( 3 ) GLOBAL_UNCERTAINTY_ASSIGNED_CONTEXT ( ( #2921 ) ) GLOBAL_UNIT_ASSIGNED_CONTEXT ( ( #2715, #12043, #2855 ) ) REPRESENTATION_CONTEXT ( 'NONE', 'WORKASPACE' ) );
#6562 = PRESENTATION_LAYER_ASSIGNMENT (  '', '', ( #6806 ) ) ;
#6563 = EDGE_CURVE ( 'NONE', #1792, #2681, #9925, .T. ) ;
#6564 = CARTESIAN_POINT ( 'NONE',  ( 2.350000000000000089, 0.6499999999999998002, -3.774999999999995914 ) ) ;
#6565 = VERTEX_POINT ( 'NONE', #8936 ) ;
#6566 = ORIENTED_EDGE ( 'NONE', *, *, #12758, .F. ) ;
#6567 =( NAMED_UNIT ( * ) PLANE_ANGLE_UNIT ( ) SI_UNIT ( $, .RADIAN. ) );
#6568 = DIRECTION ( 'NONE',  ( 1.000000000000000000, -5.467415585219941309E-33, 1.445602896647339163E-16 ) ) ;
#6569 = ORIENTED_EDGE ( 'NONE', *, *, #6427, .F. ) ;
#6570 = VECTOR ( 'NONE', #9479, 1000.000000000000000 ) ;
#6571 = ORIENTED_EDGE ( 'NONE', *, *, #8693, .F. ) ;
#6572 = MECHANICAL_DESIGN_GEOMETRIC_PRESENTATION_REPRESENTATION (  '', ( #13010 ), #7268 ) ;
#6573 = PRESENTATION_STYLE_ASSIGNMENT (( #2302 ) ) ;
#6574 = EDGE_CURVE ( 'NONE', #11495, #4736, #8358, .T. ) ;
#6575 = DIRECTION ( 'NONE',  ( 0.000000000000000000, 0.000000000000000000, -1.000000000000000000 ) ) ;
#6576 = ORIENTED_EDGE ( 'NONE', *, *, #8741, .F. ) ;
#6577 = DIRECTION ( 'NONE',  ( 0.2425356250363329969, -0.9701425001453319874, -6.740703484826196807E-15 ) ) ;
#6578 = SURFACE_SIDE_STYLE ('',( #9134 ) ) ;
#6579 = ORIENTED_EDGE ( 'NONE', *, *, #4116, .F. ) ;
#6580 = VECTOR ( 'NONE', #3667, 1000.000000000000000 ) ;
#6581 = UNCERTAINTY_MEASURE_WITH_UNIT (LENGTH_MEASURE( 1.000000000000000082E-05 ), #10483, 'distance_accuracy_value', 'NONE');
#6582 = ORIENTED_EDGE ( 'NONE', *, *, #11689, .T. ) ;
#6583 = CARTESIAN_POINT ( 'NONE',  ( 2.449999999999983746, -0.1499999999999995226, -0.3113248654051902209 ) ) ;
#6584 = FILL_AREA_STYLE ('',( #10703 ) ) ;
#6585 = FILL_AREA_STYLE ('',( #12633 ) ) ;
#6586 = SURFACE_SIDE_STYLE ('',( #4129 ) ) ;
#6587 = ADVANCED_FACE ( 'NONE', ( #5755 ), #1866, .F. ) ;
#6588 = SURFACE_STYLE_FILL_AREA ( #6114 ) ;
#6589 = ORIENTED_EDGE ( 'NONE', *, *, #6801, .T. ) ;
#6590 = FACE_OUTER_BOUND ( 'NONE', #503, .T. ) ;
#6591 =( GEOMETRIC_REPRESENTATION_CONTEXT ( 3 ) GLOBAL_UNCERTAINTY_ASSIGNED_CONTEXT ( ( #7448 ) ) GLOBAL_UNIT_ASSIGNED_CONTEXT ( ( #13148, #7018, #10110 ) ) REPRESENTATION_CONTEXT ( 'NONE', 'WORKASPACE' ) );
#6592 = PRESENTATION_STYLE_ASSIGNMENT (( #4797 ) ) ;
#6593 = VECTOR ( 'NONE', #11785, 1000.000000000000000 ) ;
#6594 = CARTESIAN_POINT ( 'NONE',  ( -2.552999999999998604, 1.027999999999999359, 2.200000000000000178 ) ) ;
#6595 = ORIENTED_EDGE ( 'NONE', *, *, #13156, .T. ) ;
#6596 = EDGE_CURVE ( 'NONE', #5304, #5231, #4976, .T. ) ;
#6597 = DIRECTION ( 'NONE',  ( -1.000000000000000000, 0.000000000000000000, 0.000000000000000000 ) ) ;
#6598 = LINE ( 'NONE', #6107, #658 ) ;
#6599 = ADVANCED_FACE ( 'NONE', ( #9131 ), #10104, .T. ) ;
#6600 = PLANE ( 'NONE',  #7424 ) ;
#6601 = CARTESIAN_POINT ( 'NONE',  ( -0.4070303008530175015, -1.039999999999999147, 2.535624061006541474 ) ) ;
#6602 = VERTEX_POINT ( 'NONE', #10181 ) ;
#6603 = DIRECTION ( 'NONE',  ( 1.000000000000000000, 0.000000000000000000, -0.000000000000000000 ) ) ;
#6604 = PRESENTATION_LAYER_ASSIGNMENT (  '', '', ( #10303 ) ) ;
#6605 = DIRECTION ( 'NONE',  ( -0.000000000000000000, 1.000000000000000000, 1.239088197126289831E-16 ) ) ;
#6606 = FACE_OUTER_BOUND ( 'NONE', #8705, .T. ) ;
#6607 = VERTEX_POINT ( 'NONE', #10134 ) ;
#6608 = CARTESIAN_POINT ( 'NONE',  ( 2.552999999999983949, 2.050000000000049560, -2.200000000000000178 ) ) ;
#6609 = STYLED_ITEM ( 'NONE', ( #470 ), #2907 ) ;
#6610 = UNCERTAINTY_MEASURE_WITH_UNIT (LENGTH_MEASURE( 1.000000000000000082E-05 ), #9897, 'distance_accuracy_value', 'NONE');
#6611 = DIRECTION ( 'NONE',  ( 0.000000000000000000, 0.000000000000000000, -1.000000000000000000 ) ) ;
#6612 = ORIENTED_EDGE ( 'NONE', *, *, #11947, .T. ) ;
#6613 = ORIENTED_EDGE ( 'NONE', *, *, #12066, .F. ) ;
#6614 = LINE ( 'NONE', #2970, #12864 ) ;
#6615 = ORIENTED_EDGE ( 'NONE', *, *, #1953, .T. ) ;
#6616 =( NAMED_UNIT ( * ) SI_UNIT ( $, .STERADIAN. ) SOLID_ANGLE_UNIT ( ) );
#6617 = FILL_AREA_STYLE ('',( #6491 ) ) ;
#6618 = FILL_AREA_STYLE ('',( #5536 ) ) ;
#6619 = EDGE_CURVE ( 'NONE', #11192, #5056, #4800, .T. ) ;
#6620 = ORIENTED_EDGE ( 'NONE', *, *, #87, .T. ) ;
#6621 = DIRECTION ( 'NONE',  ( -1.239088197126289831E-16, 1.239088197126289831E-16, -1.000000000000000000 ) ) ;
#6622 = CARTESIAN_POINT ( 'NONE',  ( -2.552999999999999048, 2.050000000000049560, 0.2999999999999999334 ) ) ;
#6623 = CARTESIAN_POINT ( 'NONE',  ( -2.752999999999999226, 2.050000000000049560, -2.200000000000000178 ) ) ;
#6624 = PRESENTATION_LAYER_ASSIGNMENT (  '', '', ( #6461 ) ) ;
#6625 = PRESENTATION_LAYER_ASSIGNMENT (  '', '', ( #10059 ) ) ;
#6626 = CARTESIAN_POINT ( 'NONE',  ( -1.500000000000000444, -0.8499999999999978684, 3.100000000000001421 ) ) ;
#6627 = SURFACE_SIDE_STYLE ('',( #7943 ) ) ;
#6628 = ORIENTED_EDGE ( 'NONE', *, *, #4876, .F. ) ;
#6629 = VECTOR ( 'NONE', #1055, 1000.000000000000000 ) ;
#6630 = ORIENTED_EDGE ( 'NONE', *, *, #3218, .T. ) ;
#6631 = EDGE_CURVE ( 'NONE', #12625, #11495, #8832, .T. ) ;
#6632 = CARTESIAN_POINT ( 'NONE',  ( 1.500000000000000000, -0.3500000000000002554, 3.574999999999995293 ) ) ;
#6633 = PRESENTATION_LAYER_ASSIGNMENT (  '', '', ( #10256 ) ) ;
#6634 =( GEOMETRIC_REPRESENTATION_CONTEXT ( 3 ) GLOBAL_UNCERTAINTY_ASSIGNED_CONTEXT ( ( #10307 ) ) GLOBAL_UNIT_ASSIGNED_CONTEXT ( ( #4212, #10714, #4948 ) ) REPRESENTATION_CONTEXT ( 'NONE', 'WORKASPACE' ) );
#6635 = FILL_AREA_STYLE_COLOUR ( '', #8674 ) ;
#6636 = ORIENTED_EDGE ( 'NONE', *, *, #11287, .T. ) ;
#6637 = VECTOR ( 'NONE', #4364, 1000.000000000000000 ) ;
#6638 = EDGE_CURVE ( 'NONE', #12942, #11314, #9767, .T. ) ;
#6639 = FILL_AREA_STYLE ('',( #9728 ) ) ;
#6640 = VERTEX_POINT ( 'NONE', #6100 ) ;
#6641 = VERTEX_POINT ( 'NONE', #6058 ) ;
#6642 = CARTESIAN_POINT ( 'NONE',  ( -2.499999999999998668, 0.8249999999999992895, 2.799999999999999822 ) ) ;
#6643 = MECHANICAL_DESIGN_GEOMETRIC_PRESENTATION_REPRESENTATION (  '', ( #4322 ), #9639 ) ;
#6644 = ADVANCED_FACE ( 'NONE', ( #12196 ), #4158, .F. ) ;
#6645 = CARTESIAN_POINT ( 'NONE',  ( -2.549999999999987388, -0.6000000000000094147, 0.4845299461620730108 ) ) ;
#6646 = EDGE_CURVE ( 'NONE', #1235, #4954, #5272, .T. ) ;
#6647 = LINE ( 'NONE', #10121, #3457 ) ;
#6648 = EDGE_LOOP ( 'NONE', ( #4788, #12790, #838, #4239 ) ) ;
#6649 = DIRECTION ( 'NONE',  ( 0.000000000000000000, 4.336808689942021187E-16, -1.000000000000000000 ) ) ;
#6650 = PRESENTATION_STYLE_ASSIGNMENT (( #7602 ) ) ;
#6651 = EDGE_LOOP ( 'NONE', ( #3788, #13019, #1829, #1883 ) ) ;
#6652 = AXIS2_PLACEMENT_3D ( 'NONE', #8655, #6664, #515 ) ;
#6653 = STYLED_ITEM ( 'NONE', ( #576 ), #7133 ) ;
#6654 = SURFACE_SIDE_STYLE ('',( #8193 ) ) ;
#6655 = VECTOR ( 'NONE', #121, 1000.000000000000000 ) ;
#6656 = ADVANCED_FACE ( 'NONE', ( #3518 ), #7132, .F. ) ;
#6657 =( LENGTH_UNIT ( ) NAMED_UNIT ( * ) SI_UNIT ( .MILLI., .METRE. ) );
#6658 = FILL_AREA_STYLE ('',( #13030 ) ) ;
#6659 = CIRCLE ( 'NONE', #7286, 0.4000000000000014655 ) ;
#6660 = VERTEX_POINT ( 'NONE', #1131 ) ;
#6661 = CARTESIAN_POINT ( 'NONE',  ( 2.350000000000000089, 0.6499999999999998002, -3.774999999999995914 ) ) ;
#6662 = ORIENTED_EDGE ( 'NONE', *, *, #2952, .T. ) ;
#6663 = DIRECTION ( 'NONE',  ( 0.000000000000000000, -4.336808689942021187E-16, 1.000000000000000000 ) ) ;
#6664 = DIRECTION ( 'NONE',  ( -1.000000000000000000, -0.000000000000000000, 0.000000000000000000 ) ) ;
#6665 = LINE ( 'NONE', #10153, #12606 ) ;
#6666 = FILL_AREA_STYLE ('',( #12939 ) ) ;
#6667 = FILL_AREA_STYLE_COLOUR ( '', #1745 ) ;
#6668 = EDGE_CURVE ( 'NONE', #8130, #4393, #11400, .T. ) ;
#6669 = CARTESIAN_POINT ( 'NONE',  ( -0.1541181613051111621, -1.039999999999999147, 2.413550568363382443 ) ) ;
#6670 = CARTESIAN_POINT ( 'NONE',  ( 2.552999999999984393, 2.050000000000049116, 2.799999999999999822 ) ) ;
#6671 = DIRECTION ( 'NONE',  ( -0.000000000000000000, -1.000000000000000000, -0.000000000000000000 ) ) ;
#6672 = ORIENTED_EDGE ( 'NONE', *, *, #12180, .F. ) ;
#6673 = ORIENTED_EDGE ( 'NONE', *, *, #926, .F. ) ;
#6674 = DIRECTION ( 'NONE',  ( 0.5035330287073043198, 0.000000000000000000, 0.8639759770970770747 ) ) ;
#6675 = SURFACE_STYLE_FILL_AREA ( #9873 ) ;
#6676 = FILL_AREA_STYLE_COLOUR ( '', #4581 ) ;
#6677 = MECHANICAL_DESIGN_GEOMETRIC_PRESENTATION_REPRESENTATION (  '', ( #2066 ), #9414 ) ;
#6678 = VECTOR ( 'NONE', #8445, 1000.000000000000000 ) ;
#6679 = ORIENTED_EDGE ( 'NONE', *, *, #2872, .T. ) ;
#6680 = SURFACE_STYLE_USAGE ( .BOTH. , #2570 ) ;
#6681 = CARTESIAN_POINT ( 'NONE',  ( -2.552999999999999048, 2.050000000000049560, -2.799999999999999822 ) ) ;
#6682 = UNCERTAINTY_MEASURE_WITH_UNIT (LENGTH_MEASURE( 1.000000000000000082E-05 ), #3740, 'distance_accuracy_value', 'NONE');
#6683 = DIRECTION ( 'NONE',  ( 0.000000000000000000, 0.000000000000000000, 1.000000000000000000 ) ) ;
#6684 = PRESENTATION_LAYER_ASSIGNMENT (  '', '', ( #6299 ) ) ;
#6685 = LINE ( 'NONE', #3538, #3955 ) ;
#6686 = SURFACE_STYLE_USAGE ( .BOTH. , #2657 ) ;
#6687 = EDGE_CURVE ( 'NONE', #12625, #10918, #127, .T. ) ;
#6688 = VECTOR ( 'NONE', #13160, 1000.000000000000000 ) ;
#6689 = VECTOR ( 'NONE', #4909, 1000.000000000000000 ) ;
#6690 = VERTEX_POINT ( 'NONE', #11227 ) ;
#6691 = DIRECTION ( 'NONE',  ( 0.000000000000000000, 0.000000000000000000, -1.000000000000000000 ) ) ;
#6692 = ORIENTED_EDGE ( 'NONE', *, *, #2469, .T. ) ;
#6693 = VECTOR ( 'NONE', #12440, 1000.000000000000000 ) ;
#6694 = CARTESIAN_POINT ( 'NONE',  ( -2.552999999999999048, 1.027999999999999581, 0.2999999999999999334 ) ) ;
#6695 = PRESENTATION_STYLE_ASSIGNMENT (( #884 ) ) ;
#6696 = DIRECTION ( 'NONE',  ( -1.000000000000000000, -0.000000000000000000, 1.734723475976807094E-15 ) ) ;
#6697 =( GEOMETRIC_REPRESENTATION_CONTEXT ( 3 ) GLOBAL_UNCERTAINTY_ASSIGNED_CONTEXT ( ( #10535 ) ) GLOBAL_UNIT_ASSIGNED_CONTEXT ( ( #11871, #3619, #4785 ) ) REPRESENTATION_CONTEXT ( 'NONE', 'WORKASPACE' ) );
#6698 = EDGE_LOOP ( 'NONE', ( #916, #462, #9416, #2571 ) ) ;
#6699 = VECTOR ( 'NONE', #8948, 1000.000000000000000 ) ;
#6700 = CARTESIAN_POINT ( 'NONE',  ( -2.749999999999999556, -0.8000000000000035971, 1.650000000000000355 ) ) ;
#6701 = AXIS2_PLACEMENT_3D ( 'NONE', #3138, #4249, #1095 ) ;
#6702 =( GEOMETRIC_REPRESENTATION_CONTEXT ( 3 ) GLOBAL_UNCERTAINTY_ASSIGNED_CONTEXT ( ( #5218 ) ) GLOBAL_UNIT_ASSIGNED_CONTEXT ( ( #5214, #12387, #4172 ) ) REPRESENTATION_CONTEXT ( 'NONE', 'WORKASPACE' ) );
#6703 = ORIENTED_EDGE ( 'NONE', *, *, #8795, .T. ) ;
#6704 = SURFACE_STYLE_FILL_AREA ( #9885 ) ;
#6705 = COLOUR_RGB ( '',0.7921568627450980005, 0.8196078431372548767, 0.9333333333333333481 ) ;
#6706 = ORIENTED_EDGE ( 'NONE', *, *, #34, .T. ) ;
#6707 = DIRECTION ( 'NONE',  ( -0.000000000000000000, -0.000000000000000000, 1.000000000000000000 ) ) ;
#6708 = DIRECTION ( 'NONE',  ( 0.000000000000000000, 0.000000000000000000, -1.000000000000000000 ) ) ;
#6709 =( NAMED_UNIT ( * ) PLANE_ANGLE_UNIT ( ) SI_UNIT ( $, .RADIAN. ) );
#6710 = DIRECTION ( 'NONE',  ( -0.000000000000000000, -0.000000000000000000, -1.000000000000000000 ) ) ;
#6711 = DIRECTION ( 'NONE',  ( 0.000000000000000000, 0.000000000000000000, -1.000000000000000000 ) ) ;
#6712 = LINE ( 'NONE', #9398, #7041 ) ;
#6713 = PRESENTATION_LAYER_ASSIGNMENT (  '', '', ( #5335 ) ) ;
#6714 = VERTEX_POINT ( 'NONE', #3007 ) ;
#6715 = AXIS2_PLACEMENT_3D ( 'NONE', #8500, #7615, #9548 ) ;
#6716 = LINE ( 'NONE', #11132, #12507 ) ;
#6717 = VECTOR ( 'NONE', #63, 1000.000000000000000 ) ;
#6718 = ORIENTED_EDGE ( 'NONE', *, *, #11378, .F. ) ;
#6719 = EDGE_CURVE ( 'NONE', #10249, #10584, #7716, .T. ) ;
#6720 = VECTOR ( 'NONE', #189, 1000.000000000000000 ) ;
#6721 = EDGE_LOOP ( 'NONE', ( #1647, #10520, #922, #13300 ) ) ;
#6722 = CARTESIAN_POINT ( 'NONE',  ( 2.550000000000000266, -1.049999999999999156, -1.649999999999994804 ) ) ;
#6723 = AXIS2_PLACEMENT_3D ( 'NONE', #4338, #7457, #3181 ) ;
#6724 = DIRECTION ( 'NONE',  ( -0.000000000000000000, 0.000000000000000000, 1.000000000000000000 ) ) ;
#6725 = SURFACE_STYLE_FILL_AREA ( #954 ) ;
#6726 = ORIENTED_EDGE ( 'NONE', *, *, #8704, .F. ) ;
#6727 = DIRECTION ( 'NONE',  ( 0.000000000000000000, -1.000000000000000000, 0.000000000000000000 ) ) ;
#6728 = EDGE_CURVE ( 'NONE', #7064, #7297, #12181, .T. ) ;
#6729 = ADVANCED_FACE ( 'NONE', ( #604 ), #12592, .F. ) ;
#6730 = SURFACE_STYLE_FILL_AREA ( #6658 ) ;
#6731 = CARTESIAN_POINT ( 'NONE',  ( -2.552999999999998604, 1.027999999999999359, 2.799999999999999822 ) ) ;
#6732 = VECTOR ( 'NONE', #10026, 1000.000000000000000 ) ;
#6733 = CARTESIAN_POINT ( 'NONE',  ( -1.500000000000000000, -1.050000000000000044, 3.572999999999987963 ) ) ;
#6734 = ORIENTED_EDGE ( 'NONE', *, *, #6687, .F. ) ;
#6735 = DIRECTION ( 'NONE',  ( -1.000000000000000000, -0.000000000000000000, -0.000000000000000000 ) ) ;
#6736 = PRESENTATION_LAYER_ASSIGNMENT (  '', '', ( #2545 ) ) ;
#6737 = CARTESIAN_POINT ( 'NONE',  ( -2.752999999999998781, 2.050000000000049116, 2.799999999999999822 ) ) ;
#6738 = DIRECTION ( 'NONE',  ( 0.000000000000000000, -6.776263578034472970E-17, 1.000000000000000000 ) ) ;
#6739 = SURFACE_STYLE_USAGE ( .BOTH. , #12839 ) ;
#6740 = ORIENTED_EDGE ( 'NONE', *, *, #2138, .T. ) ;
#6741 = CARTESIAN_POINT ( 'NONE',  ( -2.550000000000000266, -0.8499999999999978684, 1.650000000000002576 ) ) ;
#6742 = CYLINDRICAL_SURFACE ( 'NONE', #8387, 0.002999999999999964501 ) ;
#6743 =( GEOMETRIC_REPRESENTATION_CONTEXT ( 3 ) GLOBAL_UNCERTAINTY_ASSIGNED_CONTEXT ( ( #11611 ) ) GLOBAL_UNIT_ASSIGNED_CONTEXT ( ( #2669, #5050, #8072 ) ) REPRESENTATION_CONTEXT ( 'NONE', 'WORKASPACE' ) );
#6744 = ORIENTED_EDGE ( 'NONE', *, *, #12896, .T. ) ;
#6745 = SURFACE_STYLE_FILL_AREA ( #6844 ) ;
#6746 = FACE_OUTER_BOUND ( 'NONE', #8069, .T. ) ;
#6747 = ORIENTED_EDGE ( 'NONE', *, *, #5256, .T. ) ;
#6748 = FILL_AREA_STYLE_COLOUR ( '', #272 ) ;
#6749 = DIRECTION ( 'NONE',  ( -0.5197120637492902429, 0.000000000000000000, -0.8543414837133064266 ) ) ;
#6750 = ORIENTED_EDGE ( 'NONE', *, *, #7748, .F. ) ;
#6751 = ORIENTED_EDGE ( 'NONE', *, *, #5489, .T. ) ;
#6752 = PLANE ( 'NONE',  #8349 ) ;
#6753 = AXIS2_PLACEMENT_3D ( 'NONE', #7240, #3105, #8276 ) ;
#6754 = PLANE ( 'NONE',  #5528 ) ;
#6755 = CARTESIAN_POINT ( 'NONE',  ( 2.552999999999991054, 1.027999999999999581, -0.2999999999999999334 ) ) ;
#6756 = DIRECTION ( 'NONE',  ( 0.000000000000000000, 0.000000000000000000, 1.000000000000000000 ) ) ;
#6757 = UNCERTAINTY_MEASURE_WITH_UNIT (LENGTH_MEASURE( 1.000000000000000082E-05 ), #7138, 'distance_accuracy_value', 'NONE');
#6758 = MANIFOLD_SOLID_BREP ( 'Boss-Extrude5', #11940 ) ;
#6759 =( GEOMETRIC_REPRESENTATION_CONTEXT ( 3 ) GLOBAL_UNCERTAINTY_ASSIGNED_CONTEXT ( ( #1287 ) ) GLOBAL_UNIT_ASSIGNED_CONTEXT ( ( #12580, #1376, #2315 ) ) REPRESENTATION_CONTEXT ( 'NONE', 'WORKASPACE' ) );
#6760 = ORIENTED_EDGE ( 'NONE', *, *, #9240, .T. ) ;
#6761 = DIRECTION ( 'NONE',  ( -0.000000000000000000, -0.000000000000000000, 1.000000000000000000 ) ) ;
#6762 = LINE ( 'NONE', #8330, #6928 ) ;
#6763 = EDGE_CURVE ( 'NONE', #4045, #4867, #6712, .T. ) ;
#6764 = VECTOR ( 'NONE', #2892, 1000.000000000000000 ) ;
#6765 = CARTESIAN_POINT ( 'NONE',  ( 0.8499999999999998668, -0.8499999999999978684, 1.800000000000000044 ) ) ;
#6766 = VERTEX_POINT ( 'NONE', #10441 ) ;
#6767 = DIRECTION ( 'NONE',  ( 0.000000000000000000, -6.776263578034472970E-17, 1.000000000000000000 ) ) ;
#6768 = DIRECTION ( 'NONE',  ( -4.336808689942013003E-15, 0.000000000000000000, 1.000000000000000000 ) ) ;
#6769 = UNCERTAINTY_MEASURE_WITH_UNIT (LENGTH_MEASURE( 1.000000000000000082E-05 ), #9238, 'distance_accuracy_value', 'NONE');
#6770 = MECHANICAL_DESIGN_GEOMETRIC_PRESENTATION_REPRESENTATION (  '', ( #7305 ), #8166 ) ;
#6771 = DIRECTION ( 'NONE',  ( 0.000000000000000000, 1.000000000000000000, 0.000000000000000000 ) ) ;
#6772 = CARTESIAN_POINT ( 'NONE',  ( 2.549999999999985612, -0.1499999999999995226, -0.4845299461620740655 ) ) ;
#6773 = ORIENTED_EDGE ( 'NONE', *, *, #12057, .F. ) ;
#6774 = ADVANCED_FACE ( 'NONE', ( #3826 ), #9440, .F. ) ;
#6775 = CARTESIAN_POINT ( 'NONE',  ( 1.500000000000000000, -1.050000000000000044, 3.572999999999987963 ) ) ;
#6776 = CARTESIAN_POINT ( 'NONE',  ( -0.2499999999999835132, 0.8499999999999999778, -2.249999999999999556 ) ) ;
#6777 = DIRECTION ( 'NONE',  ( -1.000000000000000000, -0.000000000000000000, -0.000000000000000000 ) ) ;
#6778 = ORIENTED_EDGE ( 'NONE', *, *, #7439, .T. ) ;
#6779 = AXIS2_PLACEMENT_3D ( 'NONE', #5558, #6603, #9774 ) ;
#6780 = MECHANICAL_DESIGN_GEOMETRIC_PRESENTATION_REPRESENTATION (  '', ( #671 ), #10655 ) ;
#6781 = SURFACE_STYLE_USAGE ( .BOTH. , #6826 ) ;
#6782 = LINE ( 'NONE', #8162, #12880 ) ;
#6783 = DIRECTION ( 'NONE',  ( -0.000000000000000000, 4.336808689942021187E-16, -1.000000000000000000 ) ) ;
#6784 = LINE ( 'NONE', #313, #1032 ) ;
#6785 = ADVANCED_FACE ( 'NONE', ( #1431 ), #1217, .F. ) ;
#6786 = FILL_AREA_STYLE_COLOUR ( '', #2397 ) ;
#6787 = COLOUR_RGB ( '',1.000000000000000000, 1.000000000000000000, 1.000000000000000000 ) ;
#6788 = ORIENTED_EDGE ( 'NONE', *, *, #4492, .F. ) ;
#6789 = CARTESIAN_POINT ( 'NONE',  ( 2.549999999999990941, 1.028000000000000025, -2.200000000000000178 ) ) ;
#6790 = EDGE_CURVE ( 'NONE', #9300, #1707, #10246, .T. ) ;
#6791 = CARTESIAN_POINT ( 'NONE',  ( 2.550000000000000266, -0.6000000000000094147, -1.650000000000004796 ) ) ;
#6792 = CARTESIAN_POINT ( 'NONE',  ( 2.750000000000000000, 0.8000000000000001554, -3.500000000000000000 ) ) ;
#6793 = CARTESIAN_POINT ( 'NONE',  ( 1.500000000000000000, -1.050000000000000044, 3.500000000000006217 ) ) ;
#6794 =( NAMED_UNIT ( * ) PLANE_ANGLE_UNIT ( ) SI_UNIT ( $, .RADIAN. ) );
#6795 = MECHANICAL_DESIGN_GEOMETRIC_PRESENTATION_REPRESENTATION (  '', ( #7251 ), #8880 ) ;
#6796 =( GEOMETRIC_REPRESENTATION_CONTEXT ( 3 ) GLOBAL_UNCERTAINTY_ASSIGNED_CONTEXT ( ( #598 ) ) GLOBAL_UNIT_ASSIGNED_CONTEXT ( ( #7788, #5868, #9849 ) ) REPRESENTATION_CONTEXT ( 'NONE', 'WORKASPACE' ) );
#6797 = PLANE ( 'NONE',  #1160 ) ;
#6798 = CARTESIAN_POINT ( 'NONE',  ( -0.2326411701485553984, -1.039999999999999147, 2.864768817329522932 ) ) ;
#6799 = EDGE_LOOP ( 'NONE', ( #12995, #10725, #9935, #4389 ) ) ;
#6800 = FACE_OUTER_BOUND ( 'NONE', #5236, .T. ) ;
#6801 = EDGE_CURVE ( 'NONE', #8023, #10604, #3816, .T. ) ;
#6802 = CYLINDRICAL_SURFACE ( 'NONE', #2014, 0.4000000000000048517 ) ;
#6803 = VECTOR ( 'NONE', #5930, 1000.000000000000000 ) ;
#6804 = ORIENTED_EDGE ( 'NONE', *, *, #11932, .F. ) ;
#6805 =( NAMED_UNIT ( * ) PLANE_ANGLE_UNIT ( ) SI_UNIT ( $, .RADIAN. ) );
#6806 = STYLED_ITEM ( 'NONE', ( #2452 ), #955 ) ;
#6807 = EDGE_CURVE ( 'NONE', #3387, #9884, #2869, .T. ) ;
#6808 = CARTESIAN_POINT ( 'NONE',  ( -2.552999999999999048, 1.028000000000000025, -2.799999999999999822 ) ) ;
#6809 = PRESENTATION_LAYER_ASSIGNMENT (  '', '', ( #3889 ) ) ;
#6810 = PRESENTATION_STYLE_ASSIGNMENT (( #1049 ) ) ;
#6811 = SURFACE_STYLE_USAGE ( .BOTH. , #4623 ) ;
#6812 = CYLINDRICAL_SURFACE ( 'NONE', #7920, 0.002999999999999964501 ) ;
#6813 = ORIENTED_EDGE ( 'NONE', *, *, #5446, .F. ) ;
#6814 =( LENGTH_UNIT ( ) NAMED_UNIT ( * ) SI_UNIT ( .MILLI., .METRE. ) );
#6815 = SURFACE_STYLE_FILL_AREA ( #13079 ) ;
#6816 = ORIENTED_EDGE ( 'NONE', *, *, #9985, .F. ) ;
#6817 = CARTESIAN_POINT ( 'NONE',  ( 2.549999999999983835, -0.1499999999999995226, -0.04226497308104011641 ) ) ;
#6818 = CARTESIAN_POINT ( 'NONE',  ( 2.749999999999980460, -0.1499999999999995226, 0.3041451884327325272 ) ) ;
#6819 = PRESENTATION_LAYER_ASSIGNMENT (  '', '', ( #4321 ) ) ;
#6820 = ORIENTED_EDGE ( 'NONE', *, *, #808, .T. ) ;
#6821 = CARTESIAN_POINT ( 'NONE',  ( 2.649999999999982592, -0.1499999999999995226, -0.2154700538379264729 ) ) ;
#6822 = EDGE_CURVE ( 'NONE', #4225, #7964, #4278, .T. ) ;
#6823 = DIRECTION ( 'NONE',  ( 0.000000000000000000, 0.000000000000000000, -1.000000000000000000 ) ) ;
#6824 = PLANE ( 'NONE',  #8659 ) ;
#6825 = ORIENTED_EDGE ( 'NONE', *, *, #8723, .F. ) ;
#6826 = SURFACE_SIDE_STYLE ('',( #4523 ) ) ;
#6827 = FACE_OUTER_BOUND ( 'NONE', #10141, .T. ) ;
#6828 = COLOUR_RGB ( '',0.1098039215686274495, 0.1098039215686274495, 0.1098039215686274495 ) ;
#6829 = CARTESIAN_POINT ( 'NONE',  ( -1.500000000000000222, 0.05000000000000263262, -3.824999999999998401 ) ) ;
#6830 = COLOUR_RGB ( '',1.000000000000000000, 1.000000000000000000, 1.000000000000000000 ) ;
#6831 = ORIENTED_EDGE ( 'NONE', *, *, #5032, .F. ) ;
#6832 = UNCERTAINTY_MEASURE_WITH_UNIT (LENGTH_MEASURE( 1.000000000000000082E-05 ), #6545, 'distance_accuracy_value', 'NONE');
#6833 =( GEOMETRIC_REPRESENTATION_CONTEXT ( 3 ) GLOBAL_UNCERTAINTY_ASSIGNED_CONTEXT ( ( #9471 ) ) GLOBAL_UNIT_ASSIGNED_CONTEXT ( ( #8769, #1650, #10786 ) ) REPRESENTATION_CONTEXT ( 'NONE', 'WORKASPACE' ) );
#6834 =( LENGTH_UNIT ( ) NAMED_UNIT ( * ) SI_UNIT ( .MILLI., .METRE. ) );
#6835 = ORIENTED_EDGE ( 'NONE', *, *, #5519, .T. ) ;
#6836 = SURFACE_STYLE_USAGE ( .BOTH. , #12978 ) ;
#6837 = COLOUR_RGB ( '',1.000000000000000000, 1.000000000000000000, 1.000000000000000000 ) ;
#6838 = DIRECTION ( 'NONE',  ( -1.000000000000000000, 0.000000000000000000, 0.000000000000000000 ) ) ;
#6839 = SURFACE_STYLE_USAGE ( .BOTH. , #9889 ) ;
#6840 = ADVANCED_FACE ( 'NONE', ( #12795 ), #1357, .T. ) ;
#6841 = ORIENTED_EDGE ( 'NONE', *, *, #4324, .F. ) ;
#6842 = EDGE_CURVE ( 'NONE', #6843, #4367, #9746, .T. ) ;
#6843 = VERTEX_POINT ( 'NONE', #11692 ) ;
#6844 = FILL_AREA_STYLE ('',( #5770 ) ) ;
#6845 = VECTOR ( 'NONE', #173, 1000.000000000000000 ) ;
#6846 = FILL_AREA_STYLE ('',( #5818 ) ) ;
#6847 = UNCERTAINTY_MEASURE_WITH_UNIT (LENGTH_MEASURE( 1.000000000000000082E-05 ), #8324, 'distance_accuracy_value', 'NONE');
#6848 = PLANE ( 'NONE',  #7780 ) ;
#6849 = PRESENTATION_LAYER_ASSIGNMENT (  '', '', ( #13213 ) ) ;
#6850 = DIRECTION ( 'NONE',  ( -1.000000000000000000, 0.000000000000000000, -0.000000000000000000 ) ) ;
#6851 = PRESENTATION_STYLE_ASSIGNMENT (( #9035 ) ) ;
#6852 = EDGE_LOOP ( 'NONE', ( #1236, #5227, #13078, #5397 ) ) ;
#6853 = VERTEX_POINT ( 'NONE', #2475 ) ;
#6854 = PRESENTATION_STYLE_ASSIGNMENT (( #3879 ) ) ;
#6855 = LINE ( 'NONE', #7201, #8793 ) ;
#6856 = DIRECTION ( 'NONE',  ( 0.000000000000000000, 0.000000000000000000, 1.000000000000000000 ) ) ;
#6857 = VECTOR ( 'NONE', #7934, 1000.000000000000000 ) ;
#6858 = ADVANCED_FACE ( 'NONE', ( #6868 ), #417, .F. ) ;
#6859 = FILL_AREA_STYLE_COLOUR ( '', #2190 ) ;
#6860 = CARTESIAN_POINT ( 'NONE',  ( 0.2098559705573156131, -1.039999999999999147, 3.124166730570993700 ) ) ;
#6861 = STYLED_ITEM ( 'NONE', ( #6082 ), #2967 ) ;
#6862 =( NAMED_UNIT ( * ) SI_UNIT ( $, .STERADIAN. ) SOLID_ANGLE_UNIT ( ) );
#6863 = SURFACE_SIDE_STYLE ('',( #2057 ) ) ;
#6864 = DIRECTION ( 'NONE',  ( -0.000000000000000000, -1.000000000000000000, -0.000000000000000000 ) ) ;
#6865 = CARTESIAN_POINT ( 'NONE',  ( 2.552999999999983949, 2.050000000000049560, -0.2999999999999999334 ) ) ;
#6866 = EDGE_CURVE ( 'NONE', #7659, #3423, #3492, .T. ) ;
#6867 = CARTESIAN_POINT ( 'NONE',  ( 2.550000000000000266, -0.8499999999999976463, -1.649999999999994804 ) ) ;
#6868 = FACE_OUTER_BOUND ( 'NONE', #5217, .T. ) ;
#6869 = ORIENTED_EDGE ( 'NONE', *, *, #11877, .F. ) ;
#6870 = CARTESIAN_POINT ( 'NONE',  ( -2.549999999999975397, -0.6000000000000094147, -0.3041451884327346922 ) ) ;
#6871 = LINE ( 'NONE', #8050, #1110 ) ;
#6872 = EDGE_LOOP ( 'NONE', ( #1203, #12775, #5870, #12435 ) ) ;
#6873 = LINE ( 'NONE', #10885, #12968 ) ;
#6874 = ORIENTED_EDGE ( 'NONE', *, *, #11837, .T. ) ;
#6875 = DIRECTION ( 'NONE',  ( -0.000000000000000000, 1.000000000000000000, 1.239088197126289831E-16 ) ) ;
#6876 = EDGE_CURVE ( 'NONE', #8968, #7579, #5562, .T. ) ;
#6877 = EDGE_CURVE ( 'NONE', #5501, #8555, #103, .T. ) ;
#6878 = DIRECTION ( 'NONE',  ( 0.000000000000000000, 0.000000000000000000, 1.000000000000000000 ) ) ;
#6879 =( GEOMETRIC_REPRESENTATION_CONTEXT ( 3 ) GLOBAL_UNCERTAINTY_ASSIGNED_CONTEXT ( ( #235 ) ) GLOBAL_UNIT_ASSIGNED_CONTEXT ( ( #2257, #10444, #9271 ) ) REPRESENTATION_CONTEXT ( 'NONE', 'WORKASPACE' ) );
#6880 = PRESENTATION_LAYER_ASSIGNMENT (  '', '', ( #7857 ) ) ;
#6881 = ORIENTED_EDGE ( 'NONE', *, *, #10003, .F. ) ;
#6882 = VECTOR ( 'NONE', #5266, 1000.000000000000000 ) ;
#6884 = EDGE_CURVE ( 'NONE', #10918, #7105, #590, .T. ) ;
#6883 = PRESENTATION_STYLE_ASSIGNMENT (( #4603 ) ) ;
#6885 = DIRECTION ( 'NONE',  ( -0.000000000000000000, -0.000000000000000000, -1.000000000000000000 ) ) ;
#6886 = ORIENTED_EDGE ( 'NONE', *, *, #11592, .F. ) ;
#6887 = DIRECTION ( 'NONE',  ( -1.000000000000000000, 0.000000000000000000, 0.000000000000000000 ) ) ;
#6888 = DIRECTION ( 'NONE',  ( -0.000000000000000000, -0.000000000000000000, -1.000000000000000000 ) ) ;
#6889 = SURFACE_SIDE_STYLE ('',( #6730 ) ) ;
#6890 = MECHANICAL_DESIGN_GEOMETRIC_PRESENTATION_REPRESENTATION (  '', ( #9630 ), #11111 ) ;
#6891 = DIRECTION ( 'NONE',  ( 0.000000000000000000, 1.000000000000000000, 4.663235150475287444E-17 ) ) ;
#6892 = PRESENTATION_LAYER_ASSIGNMENT (  '', '', ( #10073 ) ) ;
#6893 = PRESENTATION_STYLE_ASSIGNMENT (( #12826 ) ) ;
#6894 =( NAMED_UNIT ( * ) PLANE_ANGLE_UNIT ( ) SI_UNIT ( $, .RADIAN. ) );
#6895 = ORIENTED_EDGE ( 'NONE', *, *, #10953, .T. ) ;
#6896 =( GEOMETRIC_REPRESENTATION_CONTEXT ( 3 ) GLOBAL_UNCERTAINTY_ASSIGNED_CONTEXT ( ( #10713 ) ) GLOBAL_UNIT_ASSIGNED_CONTEXT ( ( #3587, #4613, #4566 ) ) REPRESENTATION_CONTEXT ( 'NONE', 'WORKASPACE' ) );
#6897 = DIRECTION ( 'NONE',  ( 0.000000000000000000, -1.000000000000000000, 0.000000000000000000 ) ) ;
#6898 = VECTOR ( 'NONE', #117, 1000.000000000000000 ) ;
#6899 = PRESENTATION_STYLE_ASSIGNMENT (( #3601 ) ) ;
#6900 = SURFACE_STYLE_USAGE ( .BOTH. , #2781 ) ;
#6901 = ORIENTED_EDGE ( 'NONE', *, *, #6728, .F. ) ;
#6902 =( NAMED_UNIT ( * ) PLANE_ANGLE_UNIT ( ) SI_UNIT ( $, .RADIAN. ) );
#6903 =( GEOMETRIC_REPRESENTATION_CONTEXT ( 3 ) GLOBAL_UNCERTAINTY_ASSIGNED_CONTEXT ( ( #3226 ) ) GLOBAL_UNIT_ASSIGNED_CONTEXT ( ( #4546, #11730, #6616 ) ) REPRESENTATION_CONTEXT ( 'NONE', 'WORKASPACE' ) );
#6904 =( GEOMETRIC_REPRESENTATION_CONTEXT ( 3 ) GLOBAL_UNCERTAINTY_ASSIGNED_CONTEXT ( ( #8107 ) ) GLOBAL_UNIT_ASSIGNED_CONTEXT ( ( #8653, #6709, #4552 ) ) REPRESENTATION_CONTEXT ( 'NONE', 'WORKASPACE' ) );
#6905 = DIRECTION ( 'NONE',  ( -0.000000000000000000, -0.000000000000000000, -1.000000000000000000 ) ) ;
#6906 = SURFACE_STYLE_FILL_AREA ( #11417 ) ;
#6907 = SURFACE_STYLE_USAGE ( .BOTH. , #761 ) ;
#6908 = LINE ( 'NONE', #8286, #1638 ) ;
#6909 = EDGE_CURVE ( 'NONE', #1748, #2148, #11524, .T. ) ;
#6910 = SURFACE_SIDE_STYLE ('',( #11245 ) ) ;
#6911 = SURFACE_STYLE_USAGE ( .BOTH. , #10040 ) ;
#6912 = ORIENTED_EDGE ( 'NONE', *, *, #3571, .T. ) ;
#6913 = DIRECTION ( 'NONE',  ( -0.000000000000000000, -1.000000000000000000, -0.000000000000000000 ) ) ;
#6914 = SURFACE_STYLE_USAGE ( .BOTH. , #12071 ) ;
#6915 = FILL_AREA_STYLE ('',( #13009 ) ) ;
#6916 = AXIS2_PLACEMENT_3D ( 'NONE', #9182, #9226, #6195 ) ;
#6917 = COLOUR_RGB ( '',0.6941176470588235059, 0.09803921568627450844, 0.09803921568627450844 ) ;
#6918 = ORIENTED_EDGE ( 'NONE', *, *, #5786, .T. ) ;
#6919 = ADVANCED_FACE ( 'NONE', ( #11208 ), #3449, .F. ) ;
#6920 = DIRECTION ( 'NONE',  ( 0.000000000000000000, -1.000000000000000000, 0.000000000000000000 ) ) ;
#6921 = PLANE ( 'NONE',  #9878 ) ;
#6922 = MECHANICAL_DESIGN_GEOMETRIC_PRESENTATION_REPRESENTATION (  '', ( #892 ), #4935 ) ;
#6923 = FACE_OUTER_BOUND ( 'NONE', #321, .T. ) ;
#6924 = DIRECTION ( 'NONE',  ( 1.000000000000000000, 6.789524367814960934E-15, -0.000000000000000000 ) ) ;
#6925 = ORIENTED_EDGE ( 'NONE', *, *, #2619, .F. ) ;
#6926 = LINE ( 'NONE', #3252, #10956 ) ;
#6927 =( NAMED_UNIT ( * ) SI_UNIT ( $, .STERADIAN. ) SOLID_ANGLE_UNIT ( ) );
#6928 = VECTOR ( 'NONE', #10331, 1000.000000000000000 ) ;
#6929 = SURFACE_STYLE_FILL_AREA ( #2170 ) ;
#6930 = ORIENTED_EDGE ( 'NONE', *, *, #3379, .F. ) ;
#6931 = CARTESIAN_POINT ( 'NONE',  ( -2.552999999999999048, 2.050000000000049560, -0.2999999999999999334 ) ) ;
#6932 = EDGE_CURVE ( 'NONE', #6640, #10264, #414, .T. ) ;
#6933 = UNCERTAINTY_MEASURE_WITH_UNIT (LENGTH_MEASURE( 1.000000000000000082E-05 ), #8351, 'distance_accuracy_value', 'NONE');
#6934 = UNCERTAINTY_MEASURE_WITH_UNIT (LENGTH_MEASURE( 1.000000000000000082E-05 ), #11501, 'distance_accuracy_value', 'NONE');
#6935 = CARTESIAN_POINT ( 'NONE',  ( 2.750000000000000000, 0.05000000000000273670, -3.500000000000000000 ) ) ;
#6936 = PRESENTATION_STYLE_ASSIGNMENT (( #1553 ) ) ;
#6937 = DIRECTION ( 'NONE',  ( 1.000000000000000000, 0.000000000000000000, 0.000000000000000000 ) ) ;
#6938 = ORIENTED_EDGE ( 'NONE', *, *, #4609, .F. ) ;
#6939 = SURFACE_STYLE_USAGE ( .BOTH. , #12138 ) ;
#6940 = DIRECTION ( 'NONE',  ( 1.000000000000000000, 0.000000000000000000, 0.000000000000000000 ) ) ;
#6941 = DIRECTION ( 'NONE',  ( -1.000000000000000000, -0.000000000000000000, 0.000000000000000000 ) ) ;
#6942 = PRESENTATION_LAYER_ASSIGNMENT (  '', '', ( #934 ) ) ;
#6943 = ORIENTED_EDGE ( 'NONE', *, *, #10621, .F. ) ;
#6944 =( NAMED_UNIT ( * ) SI_UNIT ( $, .STERADIAN. ) SOLID_ANGLE_UNIT ( ) );
#6945 = VECTOR ( 'NONE', #3967, 1000.000000000000000 ) ;
#6946 = CARTESIAN_POINT ( 'NONE',  ( 2.499999999999999556, 0.8000000000000001554, -3.500000000000000000 ) ) ;
#6947 = ORIENTED_EDGE ( 'NONE', *, *, #11523, .F. ) ;
#6948 = PRESENTATION_LAYER_ASSIGNMENT (  '', '', ( #6269 ) ) ;
#6949 = CARTESIAN_POINT ( 'NONE',  ( 0.5000000000000000000, -0.3500000000000003664, 3.574999999999995293 ) ) ;
#6950 = PLANE ( 'NONE',  #8084 ) ;
#6951 = EDGE_CURVE ( 'NONE', #883, #2458, #1264, .T. ) ;
#6952 =( NAMED_UNIT ( * ) SI_UNIT ( $, .STERADIAN. ) SOLID_ANGLE_UNIT ( ) );
#6953 = LINE ( 'NONE', #3480, #2623 ) ;
#6954 = PLANE ( 'NONE',  #7832 ) ;
#6955 = ORIENTED_EDGE ( 'NONE', *, *, #7881, .T. ) ;
#6956 = CARTESIAN_POINT ( 'NONE',  ( 0.2999999999999998224, 0.6499999999999993561, -3.500000000000000000 ) ) ;
#6957 = ORIENTED_EDGE ( 'NONE', *, *, #3446, .F. ) ;
#6958 =( NAMED_UNIT ( * ) PLANE_ANGLE_UNIT ( ) SI_UNIT ( $, .RADIAN. ) );
#6959 = CARTESIAN_POINT ( 'NONE',  ( 2.499999999999992006, 1.024999999999999467, 2.799999999999999822 ) ) ;
#6960 = DIRECTION ( 'NONE',  ( 0.2425356250363329969, -0.9701425001453319874, 0.000000000000000000 ) ) ;
#6961 = FILL_AREA_STYLE_COLOUR ( '', #6787 ) ;
#6962 = CARTESIAN_POINT ( 'NONE',  ( 2.750000000000000000, 0.05000000000000186240, 3.500000000000006661 ) ) ;
#6963 = FILL_AREA_STYLE_COLOUR ( '', #4828 ) ;
#6964 = EDGE_LOOP ( 'NONE', ( #860, #9516, #2548, #4791 ) ) ;
#6965 = LINE ( 'NONE', #102, #11939 ) ;
#6966 = AXIS2_PLACEMENT_3D ( 'NONE', #4011, #3032, #11307 ) ;
#6967 = LINE ( 'NONE', #12454, #6637 ) ;
#6968 = DIRECTION ( 'NONE',  ( 1.000000000000000000, 0.000000000000000000, -0.000000000000000000 ) ) ;
#6969 = VERTEX_POINT ( 'NONE', #3709 ) ;
#6970 = EDGE_LOOP ( 'NONE', ( #4622, #12534, #6056, #9650 ) ) ;
#6971 = CARTESIAN_POINT ( 'NONE',  ( 2.749999999999983125, -0.1499999999999995226, 0.6999999999999979572 ) ) ;
#6972 = CARTESIAN_POINT ( 'NONE',  ( -0.2130186765629382140, -1.039999999999999147, 2.751416432946642399 ) ) ;
#6973 = STYLED_ITEM ( 'NONE', ( #2551 ), #2041 ) ;
#6974 = ORIENTED_EDGE ( 'NONE', *, *, #2941, .T. ) ;
#6975 = PRESENTATION_STYLE_ASSIGNMENT (( #10948 ) ) ;
#6976 = VERTEX_POINT ( 'NONE', #5675 ) ;
#6977 = DIRECTION ( 'NONE',  ( -0.000000000000000000, 1.000000000000000000, 1.239088197126289831E-16 ) ) ;
#6978 = EDGE_CURVE ( 'NONE', #4619, #1259, #7522, .T. ) ;
#6979 = CARTESIAN_POINT ( 'NONE',  ( -1.749999999999999334, 0.8500000000000001998, -2.750000000000000000 ) ) ;
#6980 = ORIENTED_EDGE ( 'NONE', *, *, #8489, .T. ) ;
#6981 = DIRECTION ( 'NONE',  ( 0.000000000000000000, -1.000000000000000000, 0.000000000000000000 ) ) ;
#6982 = CARTESIAN_POINT ( 'NONE',  ( -0.3895880843324730503, -1.039999999999999147, 2.413550568363381554 ) ) ;
#6983 =( GEOMETRIC_REPRESENTATION_CONTEXT ( 3 ) GLOBAL_UNCERTAINTY_ASSIGNED_CONTEXT ( ( #6437 ) ) GLOBAL_UNIT_ASSIGNED_CONTEXT ( ( #8233, #10275, #4112 ) ) REPRESENTATION_CONTEXT ( 'NONE', 'WORKASPACE' ) );
#6984 = PRESENTATION_LAYER_ASSIGNMENT (  '', '', ( #7252 ) ) ;
#6985 =( NAMED_UNIT ( * ) SI_UNIT ( $, .STERADIAN. ) SOLID_ANGLE_UNIT ( ) );
#6986 = EDGE_LOOP ( 'NONE', ( #2978, #13065, #12481, #9738 ) ) ;
#6987 = EDGE_CURVE ( 'NONE', #10437, #2568, #4118, .T. ) ;
#6988 = VECTOR ( 'NONE', #12473, 1000.000000000000000 ) ;
#6989 = PRESENTATION_STYLE_ASSIGNMENT (( #540 ) ) ;
#6990 = VERTEX_POINT ( 'NONE', #10892 ) ;
#6991 = SURFACE_SIDE_STYLE ('',( #6815 ) ) ;
#6992 = SURFACE_SIDE_STYLE ('',( #7077 ) ) ;
#6993 = VECTOR ( 'NONE', #1231, 1000.000000000000000 ) ;
#6994 = ORIENTED_EDGE ( 'NONE', *, *, #5192, .F. ) ;
#6995 = STYLED_ITEM ( 'NONE', ( #12004 ), #6858 ) ;
#6996 = MECHANICAL_DESIGN_GEOMETRIC_PRESENTATION_REPRESENTATION (  '', ( #5611 ), #615 ) ;
#6997 = DIRECTION ( 'NONE',  ( -0.000000000000000000, -1.000000000000000000, -0.000000000000000000 ) ) ;
#6998 = FACE_OUTER_BOUND ( 'NONE', #382, .T. ) ;
#6999 = EDGE_CURVE ( 'NONE', #216, #12385, #11993, .T. ) ;
#7000 = DIRECTION ( 'NONE',  ( -1.000000000000000000, -0.000000000000000000, -1.577021341797093123E-16 ) ) ;
#7001 = FILL_AREA_STYLE_COLOUR ( '', #549 ) ;
#7002 = DIRECTION ( 'NONE',  ( 0.000000000000000000, 1.000000000000000000, 0.000000000000000000 ) ) ;
#7003 = ADVANCED_FACE ( 'NONE', ( #8634 ), #8160, .T. ) ;
#7004 = DIRECTION ( 'NONE',  ( -1.000000000000000000, 0.000000000000000000, -0.000000000000000000 ) ) ;
#7005 = ORIENTED_EDGE ( 'NONE', *, *, #9122, .T. ) ;
#7006 = PLANE ( 'NONE',  #11694 ) ;
#7007 = VECTOR ( 'NONE', #4487, 1000.000000000000000 ) ;
#7008 = CARTESIAN_POINT ( 'NONE',  ( -2.550000000000000266, -0.8499999999999978684, 2.800000000000002487 ) ) ;
#7009 = CARTESIAN_POINT ( 'NONE',  ( 2.549999999999992717, 0.8249999999999996225, 0.2999999999999999334 ) ) ;
#7010 = AXIS2_PLACEMENT_3D ( 'NONE', #1151, #9192, #9323 ) ;
#7011 = LINE ( 'NONE', #9308, #6202 ) ;
#7012 = DIRECTION ( 'NONE',  ( 1.000000000000000000, 0.000000000000000000, 0.000000000000000000 ) ) ;
#7013 = ORIENTED_EDGE ( 'NONE', *, *, #10668, .T. ) ;
#7014 = EDGE_CURVE ( 'NONE', #2807, #1748, #5407, .T. ) ;
#7015 = UNCERTAINTY_MEASURE_WITH_UNIT (LENGTH_MEASURE( 1.000000000000000082E-05 ), #11092, 'distance_accuracy_value', 'NONE');
#7016 = CARTESIAN_POINT ( 'NONE',  ( -2.749999999999977796, -0.1499999999999995226, -0.6999999999999979572 ) ) ;
#7017 =( LENGTH_UNIT ( ) NAMED_UNIT ( * ) SI_UNIT ( .MILLI., .METRE. ) );
#7018 =( NAMED_UNIT ( * ) PLANE_ANGLE_UNIT ( ) SI_UNIT ( $, .RADIAN. ) );
#7019 =( GEOMETRIC_REPRESENTATION_CONTEXT ( 3 ) GLOBAL_UNCERTAINTY_ASSIGNED_CONTEXT ( ( #9229 ) ) GLOBAL_UNIT_ASSIGNED_CONTEXT ( ( #13187, #13014, #9036 ) ) REPRESENTATION_CONTEXT ( 'NONE', 'WORKASPACE' ) );
#7020 = ORIENTED_EDGE ( 'NONE', *, *, #8273, .F. ) ;
#7021 = DIRECTION ( 'NONE',  ( 1.577021341797093369E-16, 4.663235150475286828E-17, -1.000000000000000000 ) ) ;
#7022 = EDGE_LOOP ( 'NONE', ( #7840, #11560, #8389, #13144 ) ) ;
#7023 = COLOUR_RGB ( '',1.000000000000000000, 1.000000000000000000, 1.000000000000000000 ) ;
#7024 = UNCERTAINTY_MEASURE_WITH_UNIT (LENGTH_MEASURE( 1.000000000000000082E-05 ), #5250, 'distance_accuracy_value', 'NONE');
#7025 = MECHANICAL_DESIGN_GEOMETRIC_PRESENTATION_REPRESENTATION (  '', ( #5639 ), #7743 ) ;
#7026 = FILL_AREA_STYLE_COLOUR ( '', #11161 ) ;
#7027 = CARTESIAN_POINT ( 'NONE',  ( -0.3000000000000001554, 0.6499999999999993561, 3.850000000000006750 ) ) ;
#7028 = EDGE_CURVE ( 'NONE', #3633, #4135, #1421, .T. ) ;
#7029 =( NAMED_UNIT ( * ) PLANE_ANGLE_UNIT ( ) SI_UNIT ( $, .RADIAN. ) );
#7030 = FILL_AREA_STYLE ('',( #7121 ) ) ;
#7031 = PRESENTATION_STYLE_ASSIGNMENT (( #12791 ) ) ;
#7032 = ORIENTED_EDGE ( 'NONE', *, *, #8073, .F. ) ;
#7033 = LINE ( 'NONE', #8955, #120 ) ;
#7034 = VECTOR ( 'NONE', #10921, 1000.000000000000000 ) ;
#7035 = SURFACE_STYLE_FILL_AREA ( #471 ) ;
#7036 = VERTEX_POINT ( 'NONE', #10849 ) ;
#7037 =( LENGTH_UNIT ( ) NAMED_UNIT ( * ) SI_UNIT ( .MILLI., .METRE. ) );
#7038 = SURFACE_STYLE_USAGE ( .BOTH. , #4893 ) ;
#7039 = CARTESIAN_POINT ( 'NONE',  ( 2.549999999999986056, -0.6000000000000094147, -0.8309401076758556881 ) ) ;
#7040 = SURFACE_STYLE_USAGE ( .BOTH. , #2038 ) ;
#7041 = VECTOR ( 'NONE', #152, 1000.000000000000000 ) ;
#7042 = EDGE_LOOP ( 'NONE', ( #8666, #8359, #8325, #10508, #7387, #2820, #9499, #5339, #10294, #6980, #2634, #3310 ) ) ;
#7043 = DIRECTION ( 'NONE',  ( 6.994852725712935172E-17, 0.000000000000000000, 1.000000000000000000 ) ) ;
#7044 =( NAMED_UNIT ( * ) SI_UNIT ( $, .STERADIAN. ) SOLID_ANGLE_UNIT ( ) );
#7045 = DIRECTION ( 'NONE',  ( 0.000000000000000000, 0.000000000000000000, -1.000000000000000000 ) ) ;
#7046 = VECTOR ( 'NONE', #12064, 1000.000000000000000 ) ;
#7047 =( NAMED_UNIT ( * ) PLANE_ANGLE_UNIT ( ) SI_UNIT ( $, .RADIAN. ) );
#7048 = COLOUR_RGB ( '',0.1098039215686274495, 0.1098039215686274495, 0.1098039215686274495 ) ;
#7049 = ORIENTED_EDGE ( 'NONE', *, *, #3698, .F. ) ;
#7050 = LINE ( 'NONE', #3349, #3672 ) ;
#7051 = DIRECTION ( 'NONE',  ( 0.000000000000000000, -6.776263578034472970E-17, -1.000000000000000000 ) ) ;
#7052 = CARTESIAN_POINT ( 'NONE',  ( -2.750000000000014655, -0.8499999999999976463, -3.099999999999995648 ) ) ;
#7053 = VERTEX_POINT ( 'NONE', #12940 ) ;
#7054 = DIRECTION ( 'NONE',  ( -1.000000000000000000, 0.000000000000000000, 0.000000000000000000 ) ) ;
#7055 = SURFACE_STYLE_USAGE ( .BOTH. , #1097 ) ;
#7056 =( LENGTH_UNIT ( ) NAMED_UNIT ( * ) SI_UNIT ( .MILLI., .METRE. ) );
#7057 = PRESENTATION_STYLE_ASSIGNMENT (( #11755 ) ) ;
#7058 = FILL_AREA_STYLE ('',( #6023 ) ) ;
#7059 = ORIENTED_EDGE ( 'NONE', *, *, #4609, .T. ) ;
#7060 = CARTESIAN_POINT ( 'NONE',  ( -2.499999999999998668, 1.024999999999999467, 2.200000000000000178 ) ) ;
#7061 = VECTOR ( 'NONE', #10099, 1000.000000000000000 ) ;
#7062 = EDGE_CURVE ( 'NONE', #4930, #9278, #1100, .T. ) ;
#7063 = SURFACE_STYLE_FILL_AREA ( #6584 ) ;
#7064 = VERTEX_POINT ( 'NONE', #2605 ) ;
#7065 = CARTESIAN_POINT ( 'NONE',  ( -0.4179206746780296244, -1.039999999999999147, 2.864768817329522932 ) ) ;
#7066 = SURFACE_STYLE_USAGE ( .BOTH. , #13193 ) ;
#7067 = AXIS2_PLACEMENT_3D ( 'NONE', #3304, #2323, #3339 ) ;
#7068 = STYLED_ITEM ( 'NONE', ( #7484 ), #4432 ) ;
#7069 = ADVANCED_FACE ( 'NONE', ( #10235 ), #653, .F. ) ;
#7070 = DIRECTION ( 'NONE',  ( -0.000000000000000000, 1.000000000000000000, 1.239088197126289831E-16 ) ) ;
#7071 = COLOUR_RGB ( '',1.000000000000000000, 1.000000000000000000, 1.000000000000000000 ) ;
#7072 = VERTEX_POINT ( 'NONE', #7820 ) ;
#7073 = EDGE_CURVE ( 'NONE', #10434, #11337, #9407, .T. ) ;
#7074 = CARTESIAN_POINT ( 'NONE',  ( 1.500000000000000000, -0.8480000000000001981, -3.574999999999997957 ) ) ;
#7075 = COLOUR_RGB ( '',0.1098039215686274495, 0.1098039215686274495, 0.1098039215686274495 ) ;
#7076 = EDGE_LOOP ( 'NONE', ( #3880, #5853, #943, #6526 ) ) ;
#7077 = SURFACE_STYLE_FILL_AREA ( #12104 ) ;
#7078 = FACE_OUTER_BOUND ( 'NONE', #3846, .T. ) ;
#7079 = ORIENTED_EDGE ( 'NONE', *, *, #8304, .T. ) ;
#7080 = CARTESIAN_POINT ( 'NONE',  ( -2.552999999999998604, 2.050000000000049116, 2.799999999999999822 ) ) ;
#7081 =( GEOMETRIC_REPRESENTATION_CONTEXT ( 3 ) GLOBAL_UNCERTAINTY_ASSIGNED_CONTEXT ( ( #101 ) ) GLOBAL_UNIT_ASSIGNED_CONTEXT ( ( #2574, #1640, #670 ) ) REPRESENTATION_CONTEXT ( 'NONE', 'WORKASPACE' ) );
#7082 = CARTESIAN_POINT ( 'NONE',  ( -0.7500000000000000000, 0.6499999999999998002, -3.824999999999998845 ) ) ;
#7083 = MECHANICAL_DESIGN_GEOMETRIC_PRESENTATION_REPRESENTATION (  '', ( #12821 ), #5960 ) ;
#7084 = VECTOR ( 'NONE', #7054, 1000.000000000000000 ) ;
#7085 = LINE ( 'NONE', #2228, #9468 ) ;
#7086 = MECHANICAL_DESIGN_GEOMETRIC_PRESENTATION_REPRESENTATION (  '', ( #7794 ), #8040 ) ;
#7087 = ORIENTED_EDGE ( 'NONE', *, *, #8372, .F. ) ;
#7088 = CARTESIAN_POINT ( 'NONE',  ( -2.749999999999977796, -0.6000000000000094147, -0.3041451884327325272 ) ) ;
#7089 = COLOUR_RGB ( '',0.1098039215686274495, 0.1098039215686274495, 0.1098039215686274495 ) ;
#7090 = AXIS2_PLACEMENT_3D ( 'NONE', #9876, #5664, #11948 ) ;
#7091 = CARTESIAN_POINT ( 'NONE',  ( 1.250000000000032196, 1.049999999999999822, 0.2500000000000037748 ) ) ;
#7092 = ORIENTED_EDGE ( 'NONE', *, *, #2532, .F. ) ;
#7093 = PLANE ( 'NONE',  #8078 ) ;
#7094 = EDGE_CURVE ( 'NONE', #10515, #3238, #12937, .T. ) ;
#7095 =( NAMED_UNIT ( * ) PLANE_ANGLE_UNIT ( ) SI_UNIT ( $, .RADIAN. ) );
#7096 = CARTESIAN_POINT ( 'NONE',  ( -2.750000000000000000, 0.05000000000000186240, 3.500000000000006661 ) ) ;
#7097 = FILL_AREA_STYLE ('',( #12210 ) ) ;
#7098 = DIRECTION ( 'NONE',  ( 0.000000000000000000, 1.000000000000000000, 0.000000000000000000 ) ) ;
#7099 = DIRECTION ( 'NONE',  ( 1.000000000000000000, 0.000000000000000000, 0.000000000000000000 ) ) ;
#7100 = CARTESIAN_POINT ( 'NONE',  ( 2.750000000000000000, -1.049999999999999378, 3.100000000000001421 ) ) ;
#7101 = ORIENTED_EDGE ( 'NONE', *, *, #4305, .F. ) ;
#7102 = VECTOR ( 'NONE', #8291, 1000.000000000000000 ) ;
#7103 = VERTEX_POINT ( 'NONE', #3620 ) ;
#7104 = DIRECTION ( 'NONE',  ( 0.000000000000000000, -1.239088197126289831E-16, 1.000000000000000000 ) ) ;
#7105 = VERTEX_POINT ( 'NONE', #2677 ) ;
#7106 = PRESENTATION_LAYER_ASSIGNMENT (  '', '', ( #369 ) ) ;
#7107 = UNCERTAINTY_MEASURE_WITH_UNIT (LENGTH_MEASURE( 1.000000000000000082E-05 ), #4681, 'distance_accuracy_value', 'NONE');
#7108 = UNCERTAINTY_MEASURE_WITH_UNIT (LENGTH_MEASURE( 1.000000000000000082E-05 ), #11740, 'distance_accuracy_value', 'NONE');
#7109 =( LENGTH_UNIT ( ) NAMED_UNIT ( * ) SI_UNIT ( .MILLI., .METRE. ) );
#7110 = ORIENTED_EDGE ( 'NONE', *, *, #9384, .F. ) ;
#7111 = EDGE_CURVE ( 'NONE', #12018, #11195, #245, .T. ) ;
#7112 = VECTOR ( 'NONE', #9202, 1000.000000000000000 ) ;
#7113 = VECTOR ( 'NONE', #1726, 1000.000000000000000 ) ;
#7114 = ORIENTED_EDGE ( 'NONE', *, *, #401, .T. ) ;
#7115 = LINE ( 'NONE', #1229, #8409 ) ;
#7116 = SURFACE_STYLE_USAGE ( .BOTH. , #12234 ) ;
#7117 = CARTESIAN_POINT ( 'NONE',  ( -2.400000000000000355, -0.8499999999999976463, -3.099999999999995648 ) ) ;
#7118 =( NAMED_UNIT ( * ) PLANE_ANGLE_UNIT ( ) SI_UNIT ( $, .RADIAN. ) );
#7119 = PRESENTATION_LAYER_ASSIGNMENT (  '', '', ( #9169 ) ) ;
#7120 = CARTESIAN_POINT ( 'NONE',  ( -0.7500000000000008882, -2.199999999999997957, 4.036762042207656601E-15 ) ) ;
#7121 = FILL_AREA_STYLE_COLOUR ( '', #3270 ) ;
#7122 = VECTOR ( 'NONE', #12145, 1000.000000000000000 ) ;
#7123 = VECTOR ( 'NONE', #4361, 1000.000000000000000 ) ;
#7124 = VECTOR ( 'NONE', #4272, 1000.000000000000000 ) ;
#7125 = ORIENTED_EDGE ( 'NONE', *, *, #34, .F. ) ;
#7126 = PRESENTATION_LAYER_ASSIGNMENT (  '', '', ( #7308 ) ) ;
#7127 = DIRECTION ( 'NONE',  ( 0.000000000000000000, 0.000000000000000000, -1.000000000000000000 ) ) ;
#7128 = EDGE_CURVE ( 'NONE', #1746, #11913, #3317, .T. ) ;
#7129 = SURFACE_STYLE_USAGE ( .BOTH. , #13255 ) ;
#7130 = CARTESIAN_POINT ( 'NONE',  ( -2.750000000000000000, -1.049999999999999378, 2.800000000000001599 ) ) ;
#7131 = CARTESIAN_POINT ( 'NONE',  ( -2.399999999999999911, -0.8499999999999987566, -0.7749999999999983569 ) ) ;
#7132 = PLANE ( 'NONE',  #1849 ) ;
#7133 = ADVANCED_FACE ( 'NONE', ( #12787 ), #4926, .F. ) ;
#7134 = FILL_AREA_STYLE_COLOUR ( '', #7727 ) ;
#7135 = LINE ( 'NONE', #9089, #1853 ) ;
#7136 = ORIENTED_EDGE ( 'NONE', *, *, #6574, .F. ) ;
#7137 =( NAMED_UNIT ( * ) PLANE_ANGLE_UNIT ( ) SI_UNIT ( $, .RADIAN. ) );
#7138 =( LENGTH_UNIT ( ) NAMED_UNIT ( * ) SI_UNIT ( .MILLI., .METRE. ) );
#7139 = AXIS2_PLACEMENT_3D ( 'NONE', #9473, #220, #12585 ) ;
#7140 =( NAMED_UNIT ( * ) SI_UNIT ( $, .STERADIAN. ) SOLID_ANGLE_UNIT ( ) );
#7141 = VERTEX_POINT ( 'NONE', #10024 ) ;
#7142 = EDGE_CURVE ( 'NONE', #5304, #3177, #8783, .T. ) ;
#7143 = CARTESIAN_POINT ( 'NONE',  ( -1.749999999999999112, 0.8499999999999997558, -0.2499999999999957812 ) ) ;
#7144 = CARTESIAN_POINT ( 'NONE',  ( 2.549999999999990941, 1.027999999999999581, 0.2999999999999999334 ) ) ;
#7145 = FILL_AREA_STYLE_COLOUR ( '', #12624 ) ;
#7146 = CARTESIAN_POINT ( 'NONE',  ( -2.749999999999999556, -0.8499999999999990896, 1.650000000000000355 ) ) ;
#7147 = MECHANICAL_DESIGN_GEOMETRIC_PRESENTATION_REPRESENTATION (  '', ( #10574 ), #1402 ) ;
#7148 = SURFACE_STYLE_FILL_AREA ( #10318 ) ;
#7149 = CIRCLE ( 'NONE', #9697, 0.3999999999999984124 ) ;
#7150 = VERTEX_POINT ( 'NONE', #5957 ) ;
#7151 = VERTEX_POINT ( 'NONE', #6982 ) ;
#7152 = ORIENTED_EDGE ( 'NONE', *, *, #8227, .F. ) ;
#7153 = PRESENTATION_STYLE_ASSIGNMENT (( #5096 ) ) ;
#7154 = FILL_AREA_STYLE_COLOUR ( '', #13110 ) ;
#7155 = PRESENTATION_LAYER_ASSIGNMENT (  '', '', ( #3285 ) ) ;
#7156 = STYLED_ITEM ( 'NONE', ( #5130 ), #1830 ) ;
#7157 = FILL_AREA_STYLE_COLOUR ( '', #7419 ) ;
#7158 = DIRECTION ( 'NONE',  ( 0.000000000000000000, -0.000000000000000000, 1.000000000000000000 ) ) ;
#7159 = ORIENTED_EDGE ( 'NONE', *, *, #5346, .T. ) ;
#7160 = FACE_OUTER_BOUND ( 'NONE', #11802, .T. ) ;
#7161 = EDGE_CURVE ( 'NONE', #4283, #7072, #10383, .T. ) ;
#7162 = CARTESIAN_POINT ( 'NONE',  ( 2.750000000000000000, 0.05000000000000186240, 3.500000000000006661 ) ) ;
#7163 = SURFACE_STYLE_FILL_AREA ( #13135 ) ;
#7164 = FILL_AREA_STYLE ('',( #6088 ) ) ;
#7165 = ORIENTED_EDGE ( 'NONE', *, *, #11932, .T. ) ;
#7166 = MECHANICAL_DESIGN_GEOMETRIC_PRESENTATION_REPRESENTATION (  '', ( #94 ), #9899 ) ;
#7167 =( GEOMETRIC_REPRESENTATION_CONTEXT ( 3 ) GLOBAL_UNCERTAINTY_ASSIGNED_CONTEXT ( ( #9807 ) ) GLOBAL_UNIT_ASSIGNED_CONTEXT ( ( #1038, #6283, #9177 ) ) REPRESENTATION_CONTEXT ( 'NONE', 'WORKASPACE' ) );
#7168 = ORIENTED_EDGE ( 'NONE', *, *, #10953, .F. ) ;
#7169 = FILL_AREA_STYLE_COLOUR ( '', #1526 ) ;
#7170 = PRESENTATION_STYLE_ASSIGNMENT (( #5669 ) ) ;
#7171 = EDGE_CURVE ( 'NONE', #11133, #536, #2219, .T. ) ;
#7172 =( NAMED_UNIT ( * ) PLANE_ANGLE_UNIT ( ) SI_UNIT ( $, .RADIAN. ) );
#7173 = ORIENTED_EDGE ( 'NONE', *, *, #5991, .T. ) ;
#7174 = LINE ( 'NONE', #6583, #5550 ) ;
#7175 = VECTOR ( 'NONE', #8631, 1000.000000000000000 ) ;
#7176 = DIRECTION ( 'NONE',  ( -0.000000000000000000, 0.000000000000000000, -1.000000000000000000 ) ) ;
#7177 =( GEOMETRIC_REPRESENTATION_CONTEXT ( 3 ) GLOBAL_UNCERTAINTY_ASSIGNED_CONTEXT ( ( #5947 ) ) GLOBAL_UNIT_ASSIGNED_CONTEXT ( ( #9976, #5626, #4551 ) ) REPRESENTATION_CONTEXT ( 'NONE', 'WORKASPACE' ) );
#7178 = FILL_AREA_STYLE ('',( #7269 ) ) ;
#7179 = VECTOR ( 'NONE', #4000, 1000.000000000000000 ) ;
#7180 = EDGE_LOOP ( 'NONE', ( #6744, #7238, #2552, #8618, #5934, #1366, #13173, #9412, #6760, #9713, #11629, #1928, #9178, #6820, #12738, #10398 ) ) ;
#7181 = ORIENTED_EDGE ( 'NONE', *, *, #4237, .T. ) ;
#7182 = VECTOR ( 'NONE', #1335, 1000.000000000000114 ) ;
#7183 = DIRECTION ( 'NONE',  ( 0.000000000000000000, 0.000000000000000000, 1.000000000000000000 ) ) ;
#7184 = UNCERTAINTY_MEASURE_WITH_UNIT (LENGTH_MEASURE( 1.000000000000000082E-05 ), #3260, 'distance_accuracy_value', 'NONE');
#7185 = SURFACE_STYLE_FILL_AREA ( #10378 ) ;
#7186 = DIRECTION ( 'NONE',  ( 1.000000000000000000, 0.000000000000000000, 0.000000000000000000 ) ) ;
#7187 = DIRECTION ( 'NONE',  ( -1.569772199329106190E-32, 1.000000000000000000, 2.710505431213763057E-16 ) ) ;
#7188 = UNCERTAINTY_MEASURE_WITH_UNIT (LENGTH_MEASURE( 1.000000000000000082E-05 ), #11764, 'distance_accuracy_value', 'NONE');
#7189 =( LENGTH_UNIT ( ) NAMED_UNIT ( * ) SI_UNIT ( .MILLI., .METRE. ) );
#7190 = CARTESIAN_POINT ( 'NONE',  ( -2.749999999999978240, -0.6000000000000094147, -0.3041451884327324717 ) ) ;
#7191 = CARTESIAN_POINT ( 'NONE',  ( -0.3000000000000001554, 0.8499999999999993117, -3.850000000000000089 ) ) ;
#7192 = MECHANICAL_DESIGN_GEOMETRIC_PRESENTATION_REPRESENTATION (  '', ( #4167 ), #10107 ) ;
#7193 = FILL_AREA_STYLE_COLOUR ( '', #887 ) ;
#7194 = DIRECTION ( 'NONE',  ( 0.000000000000000000, -1.000000000000000000, 0.000000000000000000 ) ) ;
#7195 = EDGE_CURVE ( 'NONE', #6119, #2466, #5097, .T. ) ;
#7196 = VERTEX_POINT ( 'NONE', #9047 ) ;
#7197 = UNCERTAINTY_MEASURE_WITH_UNIT (LENGTH_MEASURE( 1.000000000000000082E-05 ), #13286, 'distance_accuracy_value', 'NONE');
#7198 = DIRECTION ( 'NONE',  ( 0.000000000000000000, 0.000000000000000000, 1.000000000000000000 ) ) ;
#7199 = PRESENTATION_STYLE_ASSIGNMENT (( #4942 ) ) ;
#7200 =( GEOMETRIC_REPRESENTATION_CONTEXT ( 3 ) GLOBAL_UNCERTAINTY_ASSIGNED_CONTEXT ( ( #11935 ) ) GLOBAL_UNIT_ASSIGNED_CONTEXT ( ( #13001, #4668, #1772 ) ) REPRESENTATION_CONTEXT ( 'NONE', 'WORKASPACE' ) );
#7201 = CARTESIAN_POINT ( 'NONE',  ( 2.549999999999992717, 0.8249999999999999556, -2.200000000000000178 ) ) ;
#7202 = ORIENTED_EDGE ( 'NONE', *, *, #12607, .F. ) ;
#7203 = ADVANCED_FACE ( 'NONE', ( #10871 ), #7985, .T. ) ;
#7204 = PRESENTATION_STYLE_ASSIGNMENT (( #5688 ) ) ;
#7205 = LINE ( 'NONE', #3720, #8637 ) ;
#7206 = DIRECTION ( 'NONE',  ( 0.000000000000000000, 0.000000000000000000, -1.000000000000000000 ) ) ;
#7207 = FACE_OUTER_BOUND ( 'NONE', #1761, .T. ) ;
#7208 = SURFACE_STYLE_USAGE ( .BOTH. , #1935 ) ;
#7209 = FACE_OUTER_BOUND ( 'NONE', #10707, .T. ) ;
#7210 = ORIENTED_EDGE ( 'NONE', *, *, #7062, .T. ) ;
#7211 = PRESENTATION_LAYER_ASSIGNMENT (  '', '', ( #6004 ) ) ;
#7212 = SURFACE_STYLE_USAGE ( .BOTH. , #8210 ) ;
#7213 = EDGE_CURVE ( 'NONE', #5350, #10207, #7354, .T. ) ;
#7214 =( NAMED_UNIT ( * ) PLANE_ANGLE_UNIT ( ) SI_UNIT ( $, .RADIAN. ) );
#7215 = FILL_AREA_STYLE_COLOUR ( '', #1692 ) ;
#7216 = VECTOR ( 'NONE', #764, 1000.000000000000000 ) ;
#7217 = EDGE_LOOP ( 'NONE', ( #10504, #4232, #12155, #4458 ) ) ;
#7218 =( LENGTH_UNIT ( ) NAMED_UNIT ( * ) SI_UNIT ( .MILLI., .METRE. ) );
#7219 = VECTOR ( 'NONE', #6179, 1000.000000000000000 ) ;
#7220 = COLOUR_RGB ( '',0.1098039215686274495, 0.1098039215686274495, 0.1098039215686274495 ) ;
#7221 = LINE ( 'NONE', #7313, #4475 ) ;
#7222 = VERTEX_POINT ( 'NONE', #3913 ) ;
#7223 = CARTESIAN_POINT ( 'NONE',  ( 2.750000000000000000, -0.5499999999999997113, -2.200000000000003286 ) ) ;
#7224 = STYLED_ITEM ( 'NONE', ( #882 ), #9195 ) ;
#7225 = FILL_AREA_STYLE ('',( #1039 ) ) ;
#7226 = CARTESIAN_POINT ( 'NONE',  ( 0.2500000000000427436, 0.8499999999999997558, 0.2500000000000029421 ) ) ;
#7227 = CARTESIAN_POINT ( 'NONE',  ( 2.550000000000000266, -1.049999999999999156, -1.649999999999994804 ) ) ;
#7228 =( NAMED_UNIT ( * ) SI_UNIT ( $, .STERADIAN. ) SOLID_ANGLE_UNIT ( ) );
#7229 = STYLED_ITEM ( 'NONE', ( #10123 ), #9881 ) ;
#7230 = PRESENTATION_LAYER_ASSIGNMENT (  '', '', ( #10228 ) ) ;
#7231 = ORIENTED_EDGE ( 'NONE', *, *, #7822, .T. ) ;
#7232 = DIRECTION ( 'NONE',  ( -0.000000000000000000, 1.000000000000000000, 0.000000000000000000 ) ) ;
#7233 = VECTOR ( 'NONE', #8355, 1000.000000000000000 ) ;
#7234 = CARTESIAN_POINT ( 'NONE',  ( 0.4416470588235294481, -0.5834117647058826295, -3.774999999999995914 ) ) ;
#7235 = CARTESIAN_POINT ( 'NONE',  ( 2.552999999999991054, 1.028000000000000025, -2.200000000000000178 ) ) ;
#7236 = ORIENTED_EDGE ( 'NONE', *, *, #9201, .F. ) ;
#7237 = PRESENTATION_STYLE_ASSIGNMENT (( #613 ) ) ;
#7238 = ORIENTED_EDGE ( 'NONE', *, *, #9504, .F. ) ;
#7239 = CARTESIAN_POINT ( 'NONE',  ( 0.2500000000000164868, 0.8499999999999993117, 2.750000000000005773 ) ) ;
#7240 = CARTESIAN_POINT ( 'NONE',  ( -2.750000000000014655, -1.049999999999999156, -3.099999999999995648 ) ) ;
#7241 = PRESENTATION_STYLE_ASSIGNMENT (( #6200 ) ) ;
#7242 = AXIS2_PLACEMENT_3D ( 'NONE', #5132, #4076, #5081 ) ;
#7243 = COLOUR_RGB ( '',1.000000000000000000, 1.000000000000000000, 1.000000000000000000 ) ;
#7244 = ORIENTED_EDGE ( 'NONE', *, *, #6884, .T. ) ;
#7245 = EDGE_CURVE ( 'NONE', #3817, #9136, #4271, .T. ) ;
#7246 = VECTOR ( 'NONE', #6180, 1000.000000000000000 ) ;
#7247 = FILL_AREA_STYLE ('',( #10330 ) ) ;
#7248 = LINE ( 'NONE', #10445, #13158 ) ;
#7249 = VECTOR ( 'NONE', #8632, 1000.000000000000000 ) ;
#7250 = ORIENTED_EDGE ( 'NONE', *, *, #2303, .T. ) ;
#7251 = STYLED_ITEM ( 'NONE', ( #7458 ), #11255 ) ;
#7252 = STYLED_ITEM ( 'NONE', ( #12510 ), #5362 ) ;
#7253 = PLANE ( 'NONE',  #4056 ) ;
#7254 = FACE_OUTER_BOUND ( 'NONE', #3323, .T. ) ;
#7255 = DIRECTION ( 'NONE',  ( -1.000000000000000000, 0.000000000000000000, 0.000000000000000000 ) ) ;
#7256 = EDGE_CURVE ( 'NONE', #4648, #12973, #12152, .T. ) ;
#7257 = EDGE_LOOP ( 'NONE', ( #9291, #4699, #1337, #3661, #11766, #3576, #2933, #8133 ) ) ;
#7258 = CARTESIAN_POINT ( 'NONE',  ( 2.750000000000000000, -0.8499999999999977573, 0.7750000000000007994 ) ) ;
#7259 = COLOUR_RGB ( '',1.000000000000000000, 1.000000000000000000, 1.000000000000000000 ) ;
#7260 = COLOUR_RGB ( '',1.000000000000000000, 1.000000000000000000, 1.000000000000000000 ) ;
#7261 = ORIENTED_EDGE ( 'NONE', *, *, #4787, .F. ) ;
#7262 = AXIS2_PLACEMENT_3D ( 'NONE', #6542, #367, #1537 ) ;
#7263 = VECTOR ( 'NONE', #6108, 1000.000000000000000 ) ;
#7264 = MECHANICAL_DESIGN_GEOMETRIC_PRESENTATION_REPRESENTATION (  '', ( #6806 ), #1338 ) ;
#7265 = SURFACE_SIDE_STYLE ('',( #3431 ) ) ;
#7266 = ORIENTED_EDGE ( 'NONE', *, *, #12434, .T. ) ;
#7267 = DIRECTION ( 'NONE',  ( 0.000000000000000000, 0.000000000000000000, 1.000000000000000000 ) ) ;
#7268 =( GEOMETRIC_REPRESENTATION_CONTEXT ( 3 ) GLOBAL_UNCERTAINTY_ASSIGNED_CONTEXT ( ( #11386 ) ) GLOBAL_UNIT_ASSIGNED_CONTEXT ( ( #3111, #10332, #4179 ) ) REPRESENTATION_CONTEXT ( 'NONE', 'WORKASPACE' ) );
#7269 = FILL_AREA_STYLE_COLOUR ( '', #3197 ) ;
#7270 = VERTEX_POINT ( 'NONE', #8953 ) ;
#7271 = DIRECTION ( 'NONE',  ( -1.000000000000000000, -0.000000000000000000, -0.000000000000000000 ) ) ;
#7272 = ORIENTED_EDGE ( 'NONE', *, *, #3125, .T. ) ;
#7273 = FILL_AREA_STYLE_COLOUR ( '', #6235 ) ;
#7274 = LINE ( 'NONE', #7318, #4200 ) ;
#7275 = EDGE_CURVE ( 'NONE', #9575, #1805, #4934, .T. ) ;
#7276 = ORIENTED_EDGE ( 'NONE', *, *, #7561, .T. ) ;
#7277 = ADVANCED_FACE ( 'NONE', ( #11515 ), #2665, .F. ) ;
#7278 = SURFACE_SIDE_STYLE ('',( #5180 ) ) ;
#7279 = DIRECTION ( 'NONE',  ( 0.000000000000000000, 0.000000000000000000, 1.000000000000000000 ) ) ;
#7280 = UNCERTAINTY_MEASURE_WITH_UNIT (LENGTH_MEASURE( 1.000000000000000082E-05 ), #1416, 'distance_accuracy_value', 'NONE');
#7281 = DIRECTION ( 'NONE',  ( 1.000000000000000000, 0.000000000000000000, -0.000000000000000000 ) ) ;
#7282 = DIRECTION ( 'NONE',  ( -0.000000000000000000, 4.336808689942021187E-16, -1.000000000000000000 ) ) ;
#7283 = FILL_AREA_STYLE_COLOUR ( '', #8248 ) ;
#7284 = PLANE ( 'NONE',  #11296 ) ;
#7285 = FILL_AREA_STYLE_COLOUR ( '', #1470 ) ;
#7286 = AXIS2_PLACEMENT_3D ( 'NONE', #585, #2587, #3735 ) ;
#7287 = FACE_OUTER_BOUND ( 'NONE', #7847, .T. ) ;
#7288 = ORIENTED_EDGE ( 'NONE', *, *, #11225, .T. ) ;
#7289 = PRESENTATION_STYLE_ASSIGNMENT (( #2218 ) ) ;
#7290 = ORIENTED_EDGE ( 'NONE', *, *, #8205, .T. ) ;
#7291 = ADVANCED_FACE ( 'NONE', ( #5885 ), #4774, .T. ) ;
#7292 =( LENGTH_UNIT ( ) NAMED_UNIT ( * ) SI_UNIT ( .MILLI., .METRE. ) );
#7293 = AXIS2_PLACEMENT_3D ( 'NONE', #3069, #6030, #13190 ) ;
#7294 = CARTESIAN_POINT ( 'NONE',  ( 1.500000000000000000, 0.05000000000000273670, -3.500000000000000000 ) ) ;
#7295 = CARTESIAN_POINT ( 'NONE',  ( 0.6143083776277784569, -1.049999999999999156, 2.864768817329525152 ) ) ;
#7296 = EDGE_CURVE ( 'NONE', #5411, #8209, #10047, .T. ) ;
#7297 = VERTEX_POINT ( 'NONE', #11060 ) ;
#7298 = CARTESIAN_POINT ( 'NONE',  ( -2.100000000000000089, -0.6999999999999977351, -2.899999999999995470 ) ) ;
#7299 = COLOUR_RGB ( '',1.000000000000000000, 1.000000000000000000, 1.000000000000000000 ) ;
#7300 = CARTESIAN_POINT ( 'NONE',  ( -2.499999999999999112, 1.025000000000000133, -2.200000000000000178 ) ) ;
#7301 = PRESENTATION_STYLE_ASSIGNMENT (( #5085 ) ) ;
#7302 = ORIENTED_EDGE ( 'NONE', *, *, #13062, .T. ) ;
#7303 = DIRECTION ( 'NONE',  ( 0.000000000000000000, -8.340016711426987336E-17, 1.000000000000000000 ) ) ;
#7304 = ORIENTED_EDGE ( 'NONE', *, *, #10804, .F. ) ;
#7305 = STYLED_ITEM ( 'NONE', ( #1071 ), #8817 ) ;
#7306 = DIRECTION ( 'NONE',  ( 0.000000000000000000, 0.000000000000000000, 1.000000000000000000 ) ) ;
#7307 = FACE_OUTER_BOUND ( 'NONE', #11230, .T. ) ;
#7308 = STYLED_ITEM ( 'NONE', ( #12650 ), #3229 ) ;
#7309 = ORIENTED_EDGE ( 'NONE', *, *, #2331, .F. ) ;
#7310 = SURFACE_STYLE_FILL_AREA ( #3365 ) ;
#7311 = COLOUR_RGB ( '',1.000000000000000000, 1.000000000000000000, 1.000000000000000000 ) ;
#7312 = ORIENTED_EDGE ( 'NONE', *, *, #12135, .T. ) ;
#7313 = CARTESIAN_POINT ( 'NONE',  ( -2.750000000000000000, -0.8499999999999978684, -2.624999999999999112 ) ) ;
#7314 = CARTESIAN_POINT ( 'NONE',  ( 2.552999999999983949, 2.050000000000049560, -2.200000000000000178 ) ) ;
#7315 = PLANE ( 'NONE',  #3942 ) ;
#7316 =( NAMED_UNIT ( * ) PLANE_ANGLE_UNIT ( ) SI_UNIT ( $, .RADIAN. ) );
#7317 = DIRECTION ( 'NONE',  ( 0.000000000000000000, 0.000000000000000000, 1.000000000000000000 ) ) ;
#7318 = CARTESIAN_POINT ( 'NONE',  ( -0.2499999999999835132, 1.050000000000000044, -2.749999999999999112 ) ) ;
#7319 = VERTEX_POINT ( 'NONE', #6829 ) ;
#7320 = CYLINDRICAL_SURFACE ( 'NONE', #10728, 0.4000000000000016875 ) ;
#7321 = CARTESIAN_POINT ( 'NONE',  ( 2.499999999999991562, 1.025000000000000133, -2.799999999999999822 ) ) ;
#7322 = SURFACE_STYLE_FILL_AREA ( #1225 ) ;
#7323 =( LENGTH_UNIT ( ) NAMED_UNIT ( * ) SI_UNIT ( .MILLI., .METRE. ) );
#7324 = VERTEX_POINT ( 'NONE', #5942 ) ;
#7325 = EDGE_CURVE ( 'NONE', #4348, #8611, #4265, .T. ) ;
#7326 = DIRECTION ( 'NONE',  ( -0.000000000000000000, 0.000000000000000000, -1.000000000000000000 ) ) ;
#7327 = ORIENTED_EDGE ( 'NONE', *, *, #11975, .F. ) ;
#7328 = DIRECTION ( 'NONE',  ( 0.000000000000000000, 0.000000000000000000, 1.000000000000000000 ) ) ;
#7329 = CARTESIAN_POINT ( 'NONE',  ( -2.750000000000000000, 0.7999999999999992673, 3.500000000000006217 ) ) ;
#7330 = MECHANICAL_DESIGN_GEOMETRIC_PRESENTATION_REPRESENTATION (  '', ( #12881 ), #8017 ) ;
#7331 =( GEOMETRIC_REPRESENTATION_CONTEXT ( 3 ) GLOBAL_UNCERTAINTY_ASSIGNED_CONTEXT ( ( #4219 ) ) GLOBAL_UNIT_ASSIGNED_CONTEXT ( ( #1282, #9234, #11584 ) ) REPRESENTATION_CONTEXT ( 'NONE', 'WORKASPACE' ) );
#7332 = CARTESIAN_POINT ( 'NONE',  ( 1.500000000000000000, -0.8499999999999978684, -3.099999999999995648 ) ) ;
#7333 = ORIENTED_EDGE ( 'NONE', *, *, #1844, .F. ) ;
#7334 = FACE_OUTER_BOUND ( 'NONE', #12654, .T. ) ;
#7335 = ORIENTED_EDGE ( 'NONE', *, *, #4938, .T. ) ;
#7336 = EDGE_CURVE ( 'NONE', #7151, #11927, #91, .T. ) ;
#7337 = COLOUR_RGB ( '',1.000000000000000000, 1.000000000000000000, 1.000000000000000000 ) ;
#7338 =( NAMED_UNIT ( * ) PLANE_ANGLE_UNIT ( ) SI_UNIT ( $, .RADIAN. ) );
#7339 = SURFACE_SIDE_STYLE ('',( #4186 ) ) ;
#7340 = SURFACE_STYLE_USAGE ( .BOTH. , #1018 ) ;
#7341 = VERTEX_POINT ( 'NONE', #8110 ) ;
#7342 = MECHANICAL_DESIGN_GEOMETRIC_PRESENTATION_REPRESENTATION (  '', ( #3883 ), #1767 ) ;
#7343 = AXIS2_PLACEMENT_3D ( 'NONE', #1479, #551, #2806 ) ;
#7344 = CIRCLE ( 'NONE', #7353, 0.3999999999999993006 ) ;
#7345 = ADVANCED_FACE ( 'NONE', ( #1243 ), #9556, .F. ) ;
#7346 = CARTESIAN_POINT ( 'NONE',  ( 2.499999999999999556, 0.8000000000000001554, -3.500000000000000000 ) ) ;
#7347 = CARTESIAN_POINT ( 'NONE',  ( 2.349999999999980993, -0.1499999999999995226, 0.3041451884327325272 ) ) ;
#7348 =( GEOMETRIC_REPRESENTATION_CONTEXT ( 3 ) GLOBAL_UNCERTAINTY_ASSIGNED_CONTEXT ( ( #12922 ) ) GLOBAL_UNIT_ASSIGNED_CONTEXT ( ( #9737, #3602, #8767 ) ) REPRESENTATION_CONTEXT ( 'NONE', 'WORKASPACE' ) );
#7349 =( NAMED_UNIT ( * ) PLANE_ANGLE_UNIT ( ) SI_UNIT ( $, .RADIAN. ) );
#7350 = VECTOR ( 'NONE', #6415, 1000.000000000000000 ) ;
#7351 = DIRECTION ( 'NONE',  ( 0.000000000000000000, 0.000000000000000000, -1.000000000000000000 ) ) ;
#7352 = STYLED_ITEM ( 'NONE', ( #2244 ), #12391 ) ;
#7353 = AXIS2_PLACEMENT_3D ( 'NONE', #7347, #98, #4228 ) ;
#7354 = LINE ( 'NONE', #12972, #2059 ) ;
#7355 = FILL_AREA_STYLE_COLOUR ( '', #9200 ) ;
#7356 = CIRCLE ( 'NONE', #4121, 0.002999999999999964501 ) ;
#7357 = ORIENTED_EDGE ( 'NONE', *, *, #8961, .F. ) ;
#7358 = PRESENTATION_STYLE_ASSIGNMENT (( #7340 ) ) ;
#7359 = EDGE_CURVE ( 'NONE', #3265, #2668, #11190, .T. ) ;
#7360 = UNCERTAINTY_MEASURE_WITH_UNIT (LENGTH_MEASURE( 1.000000000000000082E-05 ), #5690, 'distance_accuracy_value', 'NONE');
#7361 = SURFACE_STYLE_FILL_AREA ( #5996 ) ;
#7362 = UNCERTAINTY_MEASURE_WITH_UNIT (LENGTH_MEASURE( 1.000000000000000082E-05 ), #12337, 'distance_accuracy_value', 'NONE');
#7363 = ADVANCED_FACE ( 'NONE', ( #7828 ), #9595, .F. ) ;
#7364 = STYLED_ITEM ( 'NONE', ( #6883 ), #1759 ) ;
#7365 = DIRECTION ( 'NONE',  ( 1.577021341797093369E-16, 4.663235150475286828E-17, -1.000000000000000000 ) ) ;
#7366 = COLOUR_RGB ( '',1.000000000000000000, 1.000000000000000000, 1.000000000000000000 ) ;
#7367 = ORIENTED_EDGE ( 'NONE', *, *, #2762, .T. ) ;
#7368 = SURFACE_SIDE_STYLE ('',( #8630 ) ) ;
#7369 = FILL_AREA_STYLE_COLOUR ( '', #12613 ) ;
#7370 =( LENGTH_UNIT ( ) NAMED_UNIT ( * ) SI_UNIT ( .MILLI., .METRE. ) );
#7371 =( GEOMETRIC_REPRESENTATION_CONTEXT ( 3 ) GLOBAL_UNCERTAINTY_ASSIGNED_CONTEXT ( ( #1114 ) ) GLOBAL_UNIT_ASSIGNED_CONTEXT ( ( #11073, #10067, #1807 ) ) REPRESENTATION_CONTEXT ( 'NONE', 'WORKASPACE' ) );
#7372 = FACE_OUTER_BOUND ( 'NONE', #6490, .T. ) ;
#7373 = LINE ( 'NONE', #8608, #9583 ) ;
#7374 = SURFACE_STYLE_USAGE ( .BOTH. , #10395 ) ;
#7375 = VECTOR ( 'NONE', #5943, 1000.000000000000000 ) ;
#7376 = SURFACE_SIDE_STYLE ('',( #7148 ) ) ;
#7377 = VECTOR ( 'NONE', #442, 1000.000000000000000 ) ;
#7378 = VECTOR ( 'NONE', #646, 1000.000000000000000 ) ;
#7379 = ORIENTED_EDGE ( 'NONE', *, *, #1137, .F. ) ;
#7380 = CARTESIAN_POINT ( 'NONE',  ( -0.4963996375201484290, -1.039999999999999147, 2.755490688068241933 ) ) ;
#7381 = STYLED_ITEM ( 'NONE', ( #3381 ), #13291 ) ;
#7382 = COLOUR_RGB ( '',1.000000000000000000, 1.000000000000000000, 1.000000000000000000 ) ;
#7383 = CARTESIAN_POINT ( 'NONE',  ( -2.750000000000000000, 0.05000000000000181383, 3.825000000000005507 ) ) ;
#7384 = DIRECTION ( 'NONE',  ( 0.000000000000000000, 1.000000000000000000, 0.000000000000000000 ) ) ;
#7385 = EDGE_CURVE ( 'NONE', #5631, #7270, #9871, .T. ) ;
#7386 = VERTEX_POINT ( 'NONE', #3521 ) ;
#7387 = ORIENTED_EDGE ( 'NONE', *, *, #9907, .T. ) ;
#7388 = VERTEX_POINT ( 'NONE', #5567 ) ;
#7389 = CARTESIAN_POINT ( 'NONE',  ( 1.500000000000000000, 0.6499999999999998002, -3.774999999999995914 ) ) ;
#7390 = CARTESIAN_POINT ( 'NONE',  ( -2.750000000000000000, -1.050000000000000044, -3.500000000000000000 ) ) ;
#7391 =( GEOMETRIC_REPRESENTATION_CONTEXT ( 3 ) GLOBAL_UNCERTAINTY_ASSIGNED_CONTEXT ( ( #1363 ) ) GLOBAL_UNIT_ASSIGNED_CONTEXT ( ( #4415, #7452, #5324 ) ) REPRESENTATION_CONTEXT ( 'NONE', 'WORKASPACE' ) );
#7392 =( LENGTH_UNIT ( ) NAMED_UNIT ( * ) SI_UNIT ( .MILLI., .METRE. ) );
#7393 = VECTOR ( 'NONE', #203, 1000.000000000000114 ) ;
#7394 = VECTOR ( 'NONE', #7002, 1000.000000000000000 ) ;
#7395 = VERTEX_POINT ( 'NONE', #4590 ) ;
#7396 = FILL_AREA_STYLE_COLOUR ( '', #2540 ) ;
#7397 = VECTOR ( 'NONE', #3421, 1000.000000000000000 ) ;
#7398 = ORIENTED_EDGE ( 'NONE', *, *, #12740, .F. ) ;
#7399 = VECTOR ( 'NONE', #11564, 1000.000000000000000 ) ;
#7400 = ORIENTED_EDGE ( 'NONE', *, *, #12057, .T. ) ;
#7401 = PLANE ( 'NONE',  #10404 ) ;
#7402 = EDGE_CURVE ( 'NONE', #12843, #10846, #4916, .T. ) ;
#7403 = FACE_OUTER_BOUND ( 'NONE', #3479, .T. ) ;
#7404 = ORIENTED_EDGE ( 'NONE', *, *, #8159, .F. ) ;
#7405 = DIRECTION ( 'NONE',  ( -1.000000000000000000, -0.000000000000000000, -0.000000000000000000 ) ) ;
#7406 = LINE ( 'NONE', #859, #13157 ) ;
#7407 = STYLED_ITEM ( 'NONE', ( #2979 ), #9084 ) ;
#7408 = CARTESIAN_POINT ( 'NONE',  ( 2.750000000000000000, 0.05000000000000275752, -3.824999999999998845 ) ) ;
#7409 = ORIENTED_EDGE ( 'NONE', *, *, #8891, .T. ) ;
#7410 = DIRECTION ( 'NONE',  ( -3.195543245220436592E-15, 0.000000000000000000, -1.000000000000000000 ) ) ;
#7411 = SURFACE_SIDE_STYLE ('',( #448 ) ) ;
#7412 = ADVANCED_FACE ( 'NONE', ( #6827 ), #7577, .T. ) ;
#7413 =( GEOMETRIC_REPRESENTATION_CONTEXT ( 3 ) GLOBAL_UNCERTAINTY_ASSIGNED_CONTEXT ( ( #2252 ) ) GLOBAL_UNIT_ASSIGNED_CONTEXT ( ( #11657, #11532, #6499 ) ) REPRESENTATION_CONTEXT ( 'NONE', 'WORKASPACE' ) );
#7414 = LINE ( 'NONE', #9149, #2118 ) ;
#7415 = MECHANICAL_DESIGN_GEOMETRIC_PRESENTATION_REPRESENTATION (  '', ( #2597 ), #13064 ) ;
#7416 =( LENGTH_UNIT ( ) NAMED_UNIT ( * ) SI_UNIT ( .MILLI., .METRE. ) );
#7417 = FILL_AREA_STYLE ('',( #8364 ) ) ;
#7418 = EDGE_LOOP ( 'NONE', ( #4234, #10978, #7746, #1120 ) ) ;
#7419 = COLOUR_RGB ( '',1.000000000000000000, 1.000000000000000000, 1.000000000000000000 ) ;
#7420 =( NAMED_UNIT ( * ) PLANE_ANGLE_UNIT ( ) SI_UNIT ( $, .RADIAN. ) );
#7421 = SURFACE_SIDE_STYLE ('',( #13139 ) ) ;
#7422 = ORIENTED_EDGE ( 'NONE', *, *, #1331, .T. ) ;
#7423 = MECHANICAL_DESIGN_GEOMETRIC_PRESENTATION_REPRESENTATION (  '', ( #5335 ), #8790 ) ;
#7424 = AXIS2_PLACEMENT_3D ( 'NONE', #12765, #4884, #10660 ) ;
#7425 = CARTESIAN_POINT ( 'NONE',  ( 1.499999999999997780, -0.8499999999999976463, -3.099999999999995204 ) ) ;
#7426 = EDGE_CURVE ( 'NONE', #5198, #7742, #6359, .T. ) ;
#7427 = CARTESIAN_POINT ( 'NONE',  ( -2.400000000000000355, -0.04999999999999758804, -0.7749999999999979128 ) ) ;
#7428 = ORIENTED_EDGE ( 'NONE', *, *, #12410, .T. ) ;
#7429 = VECTOR ( 'NONE', #5948, 1000.000000000000000 ) ;
#7430 = DIRECTION ( 'NONE',  ( -1.000000000000000000, -0.000000000000000000, -0.000000000000000000 ) ) ;
#7431 = DIRECTION ( 'NONE',  ( 0.000000000000000000, 0.000000000000000000, 1.000000000000000000 ) ) ;
#7432 = PRESENTATION_LAYER_ASSIGNMENT (  '', '', ( #7696 ) ) ;
#7433 = VECTOR ( 'NONE', #634, 1000.000000000000000 ) ;
#7434 = MECHANICAL_DESIGN_GEOMETRIC_PRESENTATION_REPRESENTATION (  '', ( #3969 ), #9208 ) ;
#7435 = FACE_OUTER_BOUND ( 'NONE', #759, .T. ) ;
#7436 = UNCERTAINTY_MEASURE_WITH_UNIT (LENGTH_MEASURE( 1.000000000000000082E-05 ), #10652, 'distance_accuracy_value', 'NONE');
#7437 = ORIENTED_EDGE ( 'NONE', *, *, #6040, .F. ) ;
#7438 = FILL_AREA_STYLE_COLOUR ( '', #10684 ) ;
#7439 = EDGE_CURVE ( 'NONE', #10207, #12018, #5866, .T. ) ;
#7440 = CARTESIAN_POINT ( 'NONE',  ( 0.000000000000000000, 0.7999999999999997113, 9.912705577010316921E-17 ) ) ;
#7441 = FILL_AREA_STYLE_COLOUR ( '', #12262 ) ;
#7442 = EDGE_LOOP ( 'NONE', ( #2007, #10651, #4886, #815 ) ) ;
#7443 = CARTESIAN_POINT ( 'NONE',  ( -0.7500000000000006661, -0.6999999999999977351, -1.499999999999996003 ) ) ;
#7444 = PRESENTATION_STYLE_ASSIGNMENT (( #7208 ) ) ;
#7445 = VERTEX_POINT ( 'NONE', #10602 ) ;
#7446 =( LENGTH_UNIT ( ) NAMED_UNIT ( * ) SI_UNIT ( .MILLI., .METRE. ) );
#7447 = ORIENTED_EDGE ( 'NONE', *, *, #821, .F. ) ;
#7448 = UNCERTAINTY_MEASURE_WITH_UNIT (LENGTH_MEASURE( 1.000000000000000082E-05 ), #13148, 'distance_accuracy_value', 'NONE');
#7449 =( NAMED_UNIT ( * ) PLANE_ANGLE_UNIT ( ) SI_UNIT ( $, .RADIAN. ) );
#7450 = AXIS2_PLACEMENT_3D ( 'NONE', #12268, #5224, #6262 ) ;
#7451 =( NAMED_UNIT ( * ) PLANE_ANGLE_UNIT ( ) SI_UNIT ( $, .RADIAN. ) );
#7452 =( NAMED_UNIT ( * ) PLANE_ANGLE_UNIT ( ) SI_UNIT ( $, .RADIAN. ) );
#7453 = DIRECTION ( 'NONE',  ( 1.000000000000000000, 0.000000000000000000, 7.885106708985466847E-17 ) ) ;
#7454 = DIRECTION ( 'NONE',  ( 1.000000000000000000, -2.292003322033421167E-30, 4.915049848600955117E-14 ) ) ;
#7455 = DIRECTION ( 'NONE',  ( 0.000000000000000000, -1.000000000000000000, 0.000000000000000000 ) ) ;
#7456 = FACE_OUTER_BOUND ( 'NONE', #10371, .T. ) ;
#7457 = DIRECTION ( 'NONE',  ( 0.000000000000000000, -1.000000000000000000, -8.340016711426986103E-17 ) ) ;
#7458 = PRESENTATION_STYLE_ASSIGNMENT (( #2149 ) ) ;
#7459 = SURFACE_STYLE_USAGE ( .BOTH. , #12641 ) ;
#7460 =( NAMED_UNIT ( * ) SI_UNIT ( $, .STERADIAN. ) SOLID_ANGLE_UNIT ( ) );
#7461 = ORIENTED_EDGE ( 'NONE', *, *, #11013, .F. ) ;
#7462 = VERTEX_POINT ( 'NONE', #12667 ) ;
#7463 = DIRECTION ( 'NONE',  ( -0.5833189478673188599, 0.000000000000000000, -0.8122431932980196390 ) ) ;
#7464 = PRESENTATION_LAYER_ASSIGNMENT (  '', '', ( #9082 ) ) ;
#7465 = VECTOR ( 'NONE', #4423, 1000.000000000000000 ) ;
#7466 = VERTEX_POINT ( 'NONE', #3565 ) ;
#7467 = LINE ( 'NONE', #6798, #13206 ) ;
#7468 = ORIENTED_EDGE ( 'NONE', *, *, #3838, .F. ) ;
#7469 =( GEOMETRIC_REPRESENTATION_CONTEXT ( 3 ) GLOBAL_UNCERTAINTY_ASSIGNED_CONTEXT ( ( #6448 ) ) GLOBAL_UNIT_ASSIGNED_CONTEXT ( ( #10299, #3115, #1112 ) ) REPRESENTATION_CONTEXT ( 'NONE', 'WORKASPACE' ) );
#7470 = DIRECTION ( 'NONE',  ( -1.000000000000000000, -0.000000000000000000, -0.000000000000000000 ) ) ;
#7471 =( NAMED_UNIT ( * ) PLANE_ANGLE_UNIT ( ) SI_UNIT ( $, .RADIAN. ) );
#7472 = EDGE_CURVE ( 'NONE', #7874, #4023, #11804, .T. ) ;
#7473 = ADVANCED_FACE ( 'NONE', ( #899 ), #1427, .T. ) ;
#7474 = CARTESIAN_POINT ( 'NONE',  ( -2.749999999999999556, -0.8000000000000035971, 1.650000000000000355 ) ) ;
#7475 = CARTESIAN_POINT ( 'NONE',  ( 2.552999999999984393, 2.050000000000049116, 2.799999999999999822 ) ) ;
#7476 = ORIENTED_EDGE ( 'NONE', *, *, #12623, .F. ) ;
#7477 = VECTOR ( 'NONE', #10133, 1000.000000000000000 ) ;
#7478 = PLANE ( 'NONE',  #4911 ) ;
#7479 = DIRECTION ( 'NONE',  ( -0.000000000000000000, -1.000000000000000000, -0.000000000000000000 ) ) ;
#7480 = CIRCLE ( 'NONE', #10835, 0.002000000000000699135 ) ;
#7481 = EDGE_LOOP ( 'NONE', ( #1945, #12796, #5992, #5098 ) ) ;
#7482 = CARTESIAN_POINT ( 'NONE',  ( -1.500000000000000000, 0.05000000000000273670, -3.574999999999997957 ) ) ;
#7483 = AXIS2_PLACEMENT_3D ( 'NONE', #5170, #8228, #43 ) ;
#7484 = PRESENTATION_STYLE_ASSIGNMENT (( #6900 ) ) ;
#7485 = ORIENTED_EDGE ( 'NONE', *, *, #10569, .F. ) ;
#7486 = VERTEX_POINT ( 'NONE', #12921 ) ;
#7487 = CARTESIAN_POINT ( 'NONE',  ( 0.7676435197039063185, -1.049999999999999156, 3.124166730570996364 ) ) ;
#7488 = VECTOR ( 'NONE', #10192, 1000.000000000000000 ) ;
#7489 = FILL_AREA_STYLE_COLOUR ( '', #12520 ) ;
#7490 = STYLED_ITEM ( 'NONE', ( #4263 ), #10225 ) ;
#7491 = STYLED_ITEM ( 'NONE', ( #2082 ), #3703 ) ;
#7492 = ORIENTED_EDGE ( 'NONE', *, *, #3977, .T. ) ;
#7493 = ADVANCED_FACE ( 'NONE', ( #4748 ), #499, .F. ) ;
#7494 = CARTESIAN_POINT ( 'NONE',  ( 2.750000000000000000, -0.5499999999999997113, -2.200000000000003286 ) ) ;
#7495 = VECTOR ( 'NONE', #3612, 1000.000000000000000 ) ;
#7496 = PLANE ( 'NONE',  #11478 ) ;
#7498 = VERTEX_POINT ( 'NONE', #5707 ) ;
#7497 = PRESENTATION_STYLE_ASSIGNMENT (( #3715 ) ) ;
#7499 = EDGE_LOOP ( 'NONE', ( #1477, #11502, #6293, #11920 ) ) ;
#7500 = DIRECTION ( 'NONE',  ( 0.000000000000000000, 1.000000000000000000, 3.497426362856467586E-17 ) ) ;
#7501 = CARTESIAN_POINT ( 'NONE',  ( 0.7499999999999992228, -0.6999999999999978462, 4.093493551233061710E-15 ) ) ;
#7502 = SURFACE_STYLE_USAGE ( .BOTH. , #282 ) ;
#7503 = CARTESIAN_POINT ( 'NONE',  ( -2.499999999999999556, 0.8000000000000001554, -3.500000000000000000 ) ) ;
#7504 =( NAMED_UNIT ( * ) PLANE_ANGLE_UNIT ( ) SI_UNIT ( $, .RADIAN. ) );
#7505 = FILL_AREA_STYLE ('',( #5723 ) ) ;
#7506 = VERTEX_POINT ( 'NONE', #9829 ) ;
#7507 = FACE_OUTER_BOUND ( 'NONE', #4202, .T. ) ;
#7508 = EDGE_CURVE ( 'NONE', #1328, #9702, #4252, .T. ) ;
#7509 = LINE ( 'NONE', #2792, #4426 ) ;
#7510 =( NAMED_UNIT ( * ) PLANE_ANGLE_UNIT ( ) SI_UNIT ( $, .RADIAN. ) );
#7511 = VECTOR ( 'NONE', #2916, 1000.000000000000000 ) ;
#7512 = FILL_AREA_STYLE_COLOUR ( '', #5240 ) ;
#7513 = ORIENTED_EDGE ( 'NONE', *, *, #1547, .T. ) ;
#7514 = PRESENTATION_LAYER_ASSIGNMENT (  '', '', ( #4046 ) ) ;
#7515 = STYLED_ITEM ( 'NONE', ( #375 ), #4493 ) ;
#7516 = ORIENTED_EDGE ( 'NONE', *, *, #2090, .T. ) ;
#7517 = SURFACE_SIDE_STYLE ('',( #7310 ) ) ;
#7518 = EDGE_CURVE ( 'NONE', #4891, #3979, #6659, .T. ) ;
#7519 = SURFACE_STYLE_FILL_AREA ( #4602 ) ;
#7520 = CARTESIAN_POINT ( 'NONE',  ( -2.552999999999998604, 1.027999999999999359, 2.799999999999999822 ) ) ;
#7521 = DIRECTION ( 'NONE',  ( -1.000000000000000000, 0.000000000000000000, 0.000000000000000000 ) ) ;
#7522 = LINE ( 'NONE', #4692, #11671 ) ;
#7523 = STYLED_ITEM ( 'NONE', ( #10092 ), #6398 ) ;
#7524 = PRESENTATION_LAYER_ASSIGNMENT (  '', '', ( #1078 ) ) ;
#7525 = EDGE_CURVE ( 'NONE', #3366, #11192, #9233, .T. ) ;
#7526 = COLOUR_RGB ( '',1.000000000000000000, 1.000000000000000000, 1.000000000000000000 ) ;
#7527 = ORIENTED_EDGE ( 'NONE', *, *, #1787, .F. ) ;
#7528 = SURFACE_STYLE_USAGE ( .BOTH. , #8461 ) ;
#7529 = VECTOR ( 'NONE', #4919, 1000.000000000000000 ) ;
#7530 = AXIS2_PLACEMENT_3D ( 'NONE', #11795, #12818, #6674 ) ;
#7531 = UNCERTAINTY_MEASURE_WITH_UNIT (LENGTH_MEASURE( 1.000000000000000082E-05 ), #12404, 'distance_accuracy_value', 'NONE');
#7532 = FACE_OUTER_BOUND ( 'NONE', #10193, .T. ) ;
#7533 = DIRECTION ( 'NONE',  ( 0.000000000000000000, -1.000000000000000000, 4.336808689942029076E-16 ) ) ;
#7534 = MANIFOLD_SOLID_BREP ( 'LPattern1[4]', #10183 ) ;
#7535 = CARTESIAN_POINT ( 'NONE',  ( 0.5109984815446022566, -1.039999999999999147, 2.688210421060323707 ) ) ;
#7536 = MECHANICAL_DESIGN_GEOMETRIC_PRESENTATION_REPRESENTATION (  '', ( #13081 ), #11477 ) ;
#7537 = LINE ( 'NONE', #3936, #12643 ) ;
#7538 = DIRECTION ( 'NONE',  ( 0.1414463593365221095, 0.000000000000000000, -0.9899459214676544772 ) ) ;
#7539 = VERTEX_POINT ( 'NONE', #10878 ) ;
#7540 = EDGE_CURVE ( 'NONE', #9997, #2679, #1472, .T. ) ;
#7541 = PRESENTATION_STYLE_ASSIGNMENT (( #905 ) ) ;
#7542 = DIRECTION ( 'NONE',  ( 1.000000000000000000, -0.000000000000000000, -0.000000000000000000 ) ) ;
#7543 = VECTOR ( 'NONE', #12848, 1000.000000000000000 ) ;
#7544 = SURFACE_STYLE_FILL_AREA ( #7811 ) ;
#7545 = ORIENTED_EDGE ( 'NONE', *, *, #11169, .T. ) ;
#7546 = SURFACE_STYLE_USAGE ( .BOTH. , #12551 ) ;
#7547 = CARTESIAN_POINT ( 'NONE',  ( 2.552999999999991498, 1.027999999999999359, 2.799999999999999822 ) ) ;
#7548 = CARTESIAN_POINT ( 'NONE',  ( -2.649999999999984368, -0.6000000000000094147, 0.2154700538379264729 ) ) ;
#7549 = DIRECTION ( 'NONE',  ( -7.523163845262646182E-31, -1.000000000000000000, -4.336808689942021187E-16 ) ) ;
#7550 = ADVANCED_FACE ( 'NONE', ( #8 ), #6824, .F. ) ;
#7551 = SURFACE_SIDE_STYLE ('',( #13169 ) ) ;
#7552 = AXIS2_PLACEMENT_3D ( 'NONE', #2369, #4538, #6525 ) ;
#7553 = VERTEX_POINT ( 'NONE', #8862 ) ;
#7554 = SURFACE_SIDE_STYLE ('',( #11892 ) ) ;
#7555 = DIRECTION ( 'NONE',  ( -0.000000000000000000, 1.000000000000000000, 1.239088197126289831E-16 ) ) ;
#7556 = COLOUR_RGB ( '',0.6941176470588235059, 0.09803921568627450844, 0.09803921568627450844 ) ;
#7557 = AXIS2_PLACEMENT_3D ( 'NONE', #4471, #3414, #10579 ) ;
#7558 = SURFACE_STYLE_FILL_AREA ( #2465 ) ;
#7559 = ORIENTED_EDGE ( 'NONE', *, *, #5545, .T. ) ;
#7560 =( NAMED_UNIT ( * ) SI_UNIT ( $, .STERADIAN. ) SOLID_ANGLE_UNIT ( ) );
#7561 = EDGE_CURVE ( 'NONE', #8520, #10386, #6278, .T. ) ;
#7562 =( LENGTH_UNIT ( ) NAMED_UNIT ( * ) SI_UNIT ( .MILLI., .METRE. ) );
#7563 = LINE ( 'NONE', #5301, #12193 ) ;
#7564 = SURFACE_STYLE_FILL_AREA ( #7958 ) ;
#7565 = ORIENTED_EDGE ( 'NONE', *, *, #4483, .T. ) ;
#7566 = FILL_AREA_STYLE_COLOUR ( '', #2811 ) ;
#7567 = LINE ( 'NONE', #10470, #7399 ) ;
#7568 =( LENGTH_UNIT ( ) NAMED_UNIT ( * ) SI_UNIT ( .MILLI., .METRE. ) );
#7569 = COLOUR_RGB ( '',0.1098039215686274495, 0.1098039215686274495, 0.1098039215686274495 ) ;
#7570 = ORIENTED_EDGE ( 'NONE', *, *, #9907, .F. ) ;
#7571 = MECHANICAL_DESIGN_GEOMETRIC_PRESENTATION_REPRESENTATION (  '', ( #3165 ), #9333 ) ;
#7572 = CARTESIAN_POINT ( 'NONE',  ( 2.552999999999983949, 2.050000000000049560, 0.2999999999999999334 ) ) ;
#7573 = CARTESIAN_POINT ( 'NONE',  ( -2.350000000000000089, 0.05000000000000274364, -3.774999999999995914 ) ) ;
#7574 = LINE ( 'NONE', #4945, #7084 ) ;
#7575 = VECTOR ( 'NONE', #4435, 1000.000000000000000 ) ;
#7576 =( LENGTH_UNIT ( ) NAMED_UNIT ( * ) SI_UNIT ( .MILLI., .METRE. ) );
#7577 = PLANE ( 'NONE',  #7552 ) ;
#7578 =( GEOMETRIC_REPRESENTATION_CONTEXT ( 3 ) GLOBAL_UNCERTAINTY_ASSIGNED_CONTEXT ( ( #863 ) ) GLOBAL_UNIT_ASSIGNED_CONTEXT ( ( #12550, #10473, #10390 ) ) REPRESENTATION_CONTEXT ( 'NONE', 'WORKASPACE' ) );
#7579 = VERTEX_POINT ( 'NONE', #8102 ) ;
#7580 = EDGE_LOOP ( 'NONE', ( #8385, #3842, #2799, #13246 ) ) ;
#7581 = CARTESIAN_POINT ( 'NONE',  ( -0.7500000000000002220, 0.6499999999999998002, -3.574999999999997957 ) ) ;
#7582 = LINE ( 'NONE', #1867, #4832 ) ;
#7583 = EDGE_CURVE ( 'NONE', #4343, #10205, #5161, .T. ) ;
#7584 = PRESENTATION_STYLE_ASSIGNMENT (( #7502 ) ) ;
#7585 = VERTEX_POINT ( 'NONE', #3820 ) ;
#7586 =( NAMED_UNIT ( * ) SI_UNIT ( $, .STERADIAN. ) SOLID_ANGLE_UNIT ( ) );
#7587 = SURFACE_STYLE_USAGE ( .BOTH. , #9659 ) ;
#7588 = CARTESIAN_POINT ( 'NONE',  ( 2.649999999999982592, -0.6000000000000094147, -0.2154700538379264729 ) ) ;
#7589 = EDGE_LOOP ( 'NONE', ( #708, #7905, #10120, #1157 ) ) ;
#7590 = EDGE_CURVE ( 'NONE', #6230, #6766, #814, .T. ) ;
#7591 = VECTOR ( 'NONE', #10159, 1000.000000000000000 ) ;
#7592 = COLOUR_RGB ( '',0.6941176470588235059, 0.09803921568627450844, 0.09803921568627450844 ) ;
#7593 = LINE ( 'NONE', #119, #9020 ) ;
#7594 = EDGE_LOOP ( 'NONE', ( #12646, #5119, #8749, #7276 ) ) ;
#7595 = FILL_AREA_STYLE_COLOUR ( '', #5368 ) ;
#7596 =( NAMED_UNIT ( * ) SI_UNIT ( $, .STERADIAN. ) SOLID_ANGLE_UNIT ( ) );
#7597 = MECHANICAL_DESIGN_GEOMETRIC_PRESENTATION_REPRESENTATION (  '', ( #11529 ), #5494 ) ;
#7598 =( GEOMETRIC_REPRESENTATION_CONTEXT ( 3 ) GLOBAL_UNCERTAINTY_ASSIGNED_CONTEXT ( ( #7024 ) ) GLOBAL_UNIT_ASSIGNED_CONTEXT ( ( #5250, #9316, #12478 ) ) REPRESENTATION_CONTEXT ( 'NONE', 'WORKASPACE' ) );
#7599 =( NAMED_UNIT ( * ) PLANE_ANGLE_UNIT ( ) SI_UNIT ( $, .RADIAN. ) );
#7600 = LINE ( 'NONE', #5698, #10787 ) ;
#7601 = EDGE_CURVE ( 'NONE', #9938, #2839, #8684, .T. ) ;
#7602 = SURFACE_STYLE_USAGE ( .BOTH. , #5418 ) ;
#7603 = ORIENTED_EDGE ( 'NONE', *, *, #10555, .F. ) ;
#7604 = CARTESIAN_POINT ( 'NONE',  ( 0.5109984815446022566, -1.049999999999999156, 2.688210421060323707 ) ) ;
#7605 = PRESENTATION_STYLE_ASSIGNMENT (( #6781 ) ) ;
#7606 =( GEOMETRIC_REPRESENTATION_CONTEXT ( 3 ) GLOBAL_UNCERTAINTY_ASSIGNED_CONTEXT ( ( #2743 ) ) GLOBAL_UNIT_ASSIGNED_CONTEXT ( ( #400, #8771, #2500 ) ) REPRESENTATION_CONTEXT ( 'NONE', 'WORKASPACE' ) );
#7607 = CARTESIAN_POINT ( 'NONE',  ( 2.549999999999992717, 0.8249999999999999556, -2.799999999999999822 ) ) ;
#7608 = UNCERTAINTY_MEASURE_WITH_UNIT (LENGTH_MEASURE( 1.000000000000000082E-05 ), #5513, 'distance_accuracy_value', 'NONE');
#7609 = ORIENTED_EDGE ( 'NONE', *, *, #7947, .F. ) ;
#7610 = PRESENTATION_STYLE_ASSIGNMENT (( #8638 ) ) ;
#7611 = AXIS2_PLACEMENT_3D ( 'NONE', #8818, #3562, #6691 ) ;
#7612 = CARTESIAN_POINT ( 'NONE',  ( 0.2500000000000164868, 0.8499999999999995337, 2.250000000000006217 ) ) ;
#7613 =( NAMED_UNIT ( * ) PLANE_ANGLE_UNIT ( ) SI_UNIT ( $, .RADIAN. ) );
#7614 = CARTESIAN_POINT ( 'NONE',  ( 2.750000000000000000, -0.04999999999999828887, 0.7750000000000010214 ) ) ;
#7615 = DIRECTION ( 'NONE',  ( -1.000000000000000000, 0.000000000000000000, -0.000000000000000000 ) ) ;
#7616 = AXIS2_PLACEMENT_3D ( 'NONE', #10608, #11643, #5487 ) ;
#7617 = ADVANCED_FACE ( 'NONE', ( #5789 ), #5891, .F. ) ;
#7618 = VECTOR ( 'NONE', #3608, 1000.000000000000000 ) ;
#7619 = COLOUR_RGB ( '',1.000000000000000000, 1.000000000000000000, 1.000000000000000000 ) ;
#7620 = EDGE_CURVE ( 'NONE', #7319, #10035, #12691, .T. ) ;
#7621 =( NAMED_UNIT ( * ) SI_UNIT ( $, .STERADIAN. ) SOLID_ANGLE_UNIT ( ) );
#7622 = CARTESIAN_POINT ( 'NONE',  ( -2.549999999999998934, 0.8249999999999999556, -2.200000000000000178 ) ) ;
#7623 = CLOSED_SHELL ( 'NONE', ( #2232, #1489, #7900, #3294, #12959, #10824, #5563, #6331, #10420, #11846 ) ) ;
#7624 = ORIENTED_EDGE ( 'NONE', *, *, #12235, .T. ) ;
#7625 = UNCERTAINTY_MEASURE_WITH_UNIT (LENGTH_MEASURE( 1.000000000000000082E-05 ), #4865, 'distance_accuracy_value', 'NONE');
#7626 = FILL_AREA_STYLE ('',( #1252 ) ) ;
#7627 = STYLED_ITEM ( 'NONE', ( #1793 ), #1686 ) ;
#7628 = ORIENTED_EDGE ( 'NONE', *, *, #7171, .T. ) ;
#7629 = MECHANICAL_DESIGN_GEOMETRIC_PRESENTATION_REPRESENTATION (  '', ( #4235 ), #6315 ) ;
#7630 =( NAMED_UNIT ( * ) PLANE_ANGLE_UNIT ( ) SI_UNIT ( $, .RADIAN. ) );
#7631 = FACE_OUTER_BOUND ( 'NONE', #3524, .T. ) ;
#7632 = VECTOR ( 'NONE', #10259, 1000.000000000000000 ) ;
#7633 = ADVANCED_FACE ( 'NONE', ( #10289 ), #1789, .T. ) ;
#7634 = CARTESIAN_POINT ( 'NONE',  ( -1.249999999999999112, 0.8499999999999995337, 2.250000000000006217 ) ) ;
#7635 =( GEOMETRIC_REPRESENTATION_CONTEXT ( 3 ) GLOBAL_UNCERTAINTY_ASSIGNED_CONTEXT ( ( #11770 ) ) GLOBAL_UNIT_ASSIGNED_CONTEXT ( ( #3767, #12027, #2698 ) ) REPRESENTATION_CONTEXT ( 'NONE', 'WORKASPACE' ) );
#7636 = DIRECTION ( 'NONE',  ( -0.000000000000000000, 1.000000000000000000, -0.000000000000000000 ) ) ;
#7637 = VERTEX_POINT ( 'NONE', #9107 ) ;
#7638 = CARTESIAN_POINT ( 'NONE',  ( 1.500000000000000000, 0.6499999999999998002, 3.575000000000002398 ) ) ;
#7639 = DIRECTION ( 'NONE',  ( -0.000000000000000000, 4.336808689942021187E-16, -1.000000000000000000 ) ) ;
#7640 = CARTESIAN_POINT ( 'NONE',  ( -2.350000000000000089, 0.05000000000000274364, -3.774999999999995914 ) ) ;
#7641 = DIRECTION ( 'NONE',  ( 0.000000000000000000, 0.000000000000000000, 1.000000000000000000 ) ) ;
#7642 = DIRECTION ( 'NONE',  ( 0.000000000000000000, 4.336808689942021187E-16, -1.000000000000000000 ) ) ;
#7643 = EDGE_CURVE ( 'NONE', #4949, #11796, #4659, .T. ) ;
#7644 = SURFACE_SIDE_STYLE ('',( #10959 ) ) ;
#7645 = DIRECTION ( 'NONE',  ( 0.000000000000000000, -1.000000000000000000, 0.000000000000000000 ) ) ;
#7646 = LINE ( 'NONE', #6476, #8722 ) ;
#7647 = COLOUR_RGB ( '',0.1098039215686274495, 0.1098039215686274495, 0.1098039215686274495 ) ;
#7648 = ORIENTED_EDGE ( 'NONE', *, *, #787, .F. ) ;
#7649 = LINE ( 'NONE', #3361, #11794 ) ;
#7650 = CARTESIAN_POINT ( 'NONE',  ( -0.8500000000000000888, -0.8499999999999976463, 1.800000000000000044 ) ) ;
#7651 = VERTEX_POINT ( 'NONE', #4815 ) ;
#7652 = LINE ( 'NONE', #3199, #4243 ) ;
#7653 = MECHANICAL_DESIGN_GEOMETRIC_PRESENTATION_REPRESENTATION (  '', ( #8498 ), #7391 ) ;
#7654 =( LENGTH_UNIT ( ) NAMED_UNIT ( * ) SI_UNIT ( .MILLI., .METRE. ) );
#7655 = ORIENTED_EDGE ( 'NONE', *, *, #11022, .T. ) ;
#7656 = PRESENTATION_STYLE_ASSIGNMENT (( #6191 ) ) ;
#7657 = VECTOR ( 'NONE', #114, 1000.000000000000000 ) ;
#7658 = PRESENTATION_LAYER_ASSIGNMENT (  '', '', ( #10819 ) ) ;
#7659 = VERTEX_POINT ( 'NONE', #13141 ) ;
#7660 = CARTESIAN_POINT ( 'NONE',  ( -2.552999999999999048, 2.050000000000049560, -2.200000000000000178 ) ) ;
#7661 = SURFACE_SIDE_STYLE ('',( #4191 ) ) ;
#7662 = CARTESIAN_POINT ( 'NONE',  ( -0.6176470588235296599, 0.1205882352941173435, -3.574999999999997957 ) ) ;
#7663 = EDGE_CURVE ( 'NONE', #2422, #6026, #7741, .T. ) ;
#7664 = ORIENTED_EDGE ( 'NONE', *, *, #5346, .F. ) ;
#7665 = PRESENTATION_STYLE_ASSIGNMENT (( #6347 ) ) ;
#7666 = SURFACE_SIDE_STYLE ('',( #10317 ) ) ;
#7667 =( NAMED_UNIT ( * ) SI_UNIT ( $, .STERADIAN. ) SOLID_ANGLE_UNIT ( ) );
#7668 = CARTESIAN_POINT ( 'NONE',  ( 2.550000000000000266, -0.8000000000000035971, -1.650000000000006128 ) ) ;
#7669 = ORIENTED_EDGE ( 'NONE', *, *, #10600, .T. ) ;
#7670 = ORIENTED_EDGE ( 'NONE', *, *, #9924, .T. ) ;
#7671 = DIRECTION ( 'NONE',  ( 0.000000000000000000, -1.000000000000000000, 0.000000000000000000 ) ) ;
#7672 =( GEOMETRIC_REPRESENTATION_CONTEXT ( 3 ) GLOBAL_UNCERTAINTY_ASSIGNED_CONTEXT ( ( #3724 ) ) GLOBAL_UNIT_ASSIGNED_CONTEXT ( ( #6541, #1536, #2378 ) ) REPRESENTATION_CONTEXT ( 'NONE', 'WORKASPACE' ) );
#7673 = PRESENTATION_STYLE_ASSIGNMENT (( #11722 ) ) ;
#7674 = LINE ( 'NONE', #11425, #12465 ) ;
#7675 = ORIENTED_EDGE ( 'NONE', *, *, #11134, .T. ) ;
#7676 = FACE_OUTER_BOUND ( 'NONE', #7730, .T. ) ;
#7677 = CARTESIAN_POINT ( 'NONE',  ( -2.749999999999999556, -0.5499999999999997113, 2.199999999999998845 ) ) ;
#7678 = AXIS2_PLACEMENT_3D ( 'NONE', #1825, #10869, #625 ) ;
#7679 =( GEOMETRIC_REPRESENTATION_CONTEXT ( 3 ) GLOBAL_UNCERTAINTY_ASSIGNED_CONTEXT ( ( #1022 ) ) GLOBAL_UNIT_ASSIGNED_CONTEXT ( ( #931, #6041, #9086 ) ) REPRESENTATION_CONTEXT ( 'NONE', 'WORKASPACE' ) );
#7680 =( NAMED_UNIT ( * ) SI_UNIT ( $, .STERADIAN. ) SOLID_ANGLE_UNIT ( ) );
#7681 = CARTESIAN_POINT ( 'NONE',  ( -2.100000000000000089, -0.6999999999999977351, -2.899999999999995470 ) ) ;
#7682 = COLOUR_RGB ( '',1.000000000000000000, 1.000000000000000000, 1.000000000000000000 ) ;
#7683 = DIRECTION ( 'NONE',  ( -0.000000000000000000, 1.000000000000000000, 1.239088197126289831E-16 ) ) ;
#7684 = SURFACE_SIDE_STYLE ('',( #3928 ) ) ;
#7685 = CARTESIAN_POINT ( 'NONE',  ( -2.750000000000000000, 0.05000000000000273670, -3.500000000000000000 ) ) ;
#7686 = ADVANCED_FACE ( 'NONE', ( #7403 ), #2895, .F. ) ;
#7687 = DIRECTION ( 'NONE',  ( 0.000000000000000000, 1.000000000000000000, 0.000000000000000000 ) ) ;
#7688 = EDGE_LOOP ( 'NONE', ( #8134, #1015, #6750, #9736 ) ) ;
#7689 = PLANE ( 'NONE',  #12489 ) ;
#7690 =( GEOMETRIC_REPRESENTATION_CONTEXT ( 3 ) GLOBAL_UNCERTAINTY_ASSIGNED_CONTEXT ( ( #1777 ) ) GLOBAL_UNIT_ASSIGNED_CONTEXT ( ( #10272, #10426, #7946 ) ) REPRESENTATION_CONTEXT ( 'NONE', 'WORKASPACE' ) );
#7691 =( LENGTH_UNIT ( ) NAMED_UNIT ( * ) SI_UNIT ( .MILLI., .METRE. ) );
#7692 = EDGE_CURVE ( 'NONE', #4817, #1931, #5303, .T. ) ;
#7693 = FILL_AREA_STYLE ('',( #12732 ) ) ;
#7694 = FACE_OUTER_BOUND ( 'NONE', #2897, .T. ) ;
#7695 = CARTESIAN_POINT ( 'NONE',  ( 2.550000000000000266, -1.049999999999996714, -1.850000000000007860 ) ) ;
#7696 = STYLED_ITEM ( 'NONE', ( #6142 ), #11693 ) ;
#7697 = MECHANICAL_DESIGN_GEOMETRIC_PRESENTATION_REPRESENTATION (  '', ( #11552 ), #988 ) ;
#7698 = DIRECTION ( 'NONE',  ( -0.000000000000000000, -0.000000000000000000, -1.000000000000000000 ) ) ;
#7699 = FACE_OUTER_BOUND ( 'NONE', #12522, .T. ) ;
#7700 = PRESENTATION_STYLE_ASSIGNMENT (( #10375 ) ) ;
#7701 = DIRECTION ( 'NONE',  ( -1.000000000000000000, 0.000000000000000000, -0.000000000000000000 ) ) ;
#7703 = EDGE_CURVE ( 'NONE', #1311, #3033, #2731, .T. ) ;
#7702 = SURFACE_STYLE_FILL_AREA ( #12832 ) ;
#7704 = UNCERTAINTY_MEASURE_WITH_UNIT (LENGTH_MEASURE( 1.000000000000000082E-05 ), #6010, 'distance_accuracy_value', 'NONE');
#7705 = CYLINDRICAL_SURFACE ( 'NONE', #9900, 0.002000000000000699135 ) ;
#7706 = ORIENTED_EDGE ( 'NONE', *, *, #12314, .T. ) ;
#7707 = ADVANCED_FACE ( 'NONE', ( #2906 ), #10237, .T. ) ;
#7708 = CARTESIAN_POINT ( 'NONE',  ( -1.500000000000000000, 0.05000000000000274364, 3.500000000000006661 ) ) ;
#7709 = CARTESIAN_POINT ( 'NONE',  ( 2.400000000000000355, -0.04999999999999826111, -2.624999999999998668 ) ) ;
#7710 = CARTESIAN_POINT ( 'NONE',  ( 2.399999999999999911, 0.3000000000000020983, 3.100000000000001421 ) ) ;
#7711 =( GEOMETRIC_REPRESENTATION_CONTEXT ( 3 ) GLOBAL_UNCERTAINTY_ASSIGNED_CONTEXT ( ( #8672 ) ) GLOBAL_UNIT_ASSIGNED_CONTEXT ( ( #12084, #639, #7928 ) ) REPRESENTATION_CONTEXT ( 'NONE', 'WORKASPACE' ) );
#7712 =( GEOMETRIC_REPRESENTATION_CONTEXT ( 3 ) GLOBAL_UNCERTAINTY_ASSIGNED_CONTEXT ( ( #3566 ) ) GLOBAL_UNIT_ASSIGNED_CONTEXT ( ( #3113, #10298, #4136 ) ) REPRESENTATION_CONTEXT ( 'NONE', 'WORKASPACE' ) );
#7713 = COLOUR_RGB ( '',1.000000000000000000, 1.000000000000000000, 1.000000000000000000 ) ;
#7714 = EDGE_CURVE ( 'NONE', #3460, #828, #629, .T. ) ;
#7715 = SURFACE_STYLE_USAGE ( .BOTH. , #3517 ) ;
#7716 = LINE ( 'NONE', #1999, #11223 ) ;
#7717 = VERTEX_POINT ( 'NONE', #4041 ) ;
#7718 = FILL_AREA_STYLE ('',( #3432 ) ) ;
#7719 = FILL_AREA_STYLE ('',( #8560 ) ) ;
#7720 = VECTOR ( 'NONE', #464, 1000.000000000000000 ) ;
#7721 = VECTOR ( 'NONE', #11771, 1000.000000000000000 ) ;
#7722 = ORIENTED_EDGE ( 'NONE', *, *, #13302, .T. ) ;
#7723 = EDGE_CURVE ( 'NONE', #8555, #7874, #4988, .T. ) ;
#7724 = DIRECTION ( 'NONE',  ( 0.000000000000000000, -1.000000000000000000, 0.000000000000000000 ) ) ;
#7725 = ORIENTED_EDGE ( 'NONE', *, *, #8326, .F. ) ;
#7726 =( NAMED_UNIT ( * ) PLANE_ANGLE_UNIT ( ) SI_UNIT ( $, .RADIAN. ) );
#7727 = COLOUR_RGB ( '',1.000000000000000000, 1.000000000000000000, 1.000000000000000000 ) ;
#7728 = DIRECTION ( 'NONE',  ( 1.000000000000000000, 0.000000000000000000, 0.000000000000000000 ) ) ;
#7729 =( NAMED_UNIT ( * ) SI_UNIT ( $, .STERADIAN. ) SOLID_ANGLE_UNIT ( ) );
#7730 = EDGE_LOOP ( 'NONE', ( #1682, #605, #1658, #12799 ) ) ;
#7731 = DIRECTION ( 'NONE',  ( -1.000000000000000000, 0.000000000000000000, 0.000000000000000000 ) ) ;
#7732 = LINE ( 'NONE', #12548, #4169 ) ;
#7733 = COLOUR_RGB ( '',0.7921568627450980005, 0.8196078431372548767, 0.9333333333333333481 ) ;
#7734 = ORIENTED_EDGE ( 'NONE', *, *, #10823, .F. ) ;
#7735 = SURFACE_SIDE_STYLE ('',( #7519 ) ) ;
#7736 = CARTESIAN_POINT ( 'NONE',  ( -0.2499999999999835132, 1.049999999999999600, 2.250000000000007105 ) ) ;
#7737 =( NAMED_UNIT ( * ) SI_UNIT ( $, .STERADIAN. ) SOLID_ANGLE_UNIT ( ) );
#7738 = AXIS2_PLACEMENT_3D ( 'NONE', #8446, #7384, #247 ) ;
#7739 = DIRECTION ( 'NONE',  ( -0.000000000000000000, -0.000000000000000000, -1.000000000000000000 ) ) ;
#7740 = CARTESIAN_POINT ( 'NONE',  ( -0.3000000000000001554, 0.6499999999999993561, -3.850000000000000089 ) ) ;
#7741 = LINE ( 'NONE', #12169, #12530 ) ;
#7742 = VERTEX_POINT ( 'NONE', #12339 ) ;
#7743 =( GEOMETRIC_REPRESENTATION_CONTEXT ( 3 ) GLOBAL_UNCERTAINTY_ASSIGNED_CONTEXT ( ( #3890 ) ) GLOBAL_UNIT_ASSIGNED_CONTEXT ( ( #12699, #12655, #8546 ) ) REPRESENTATION_CONTEXT ( 'NONE', 'WORKASPACE' ) );
#7744 = COLOUR_RGB ( '',1.000000000000000000, 1.000000000000000000, 1.000000000000000000 ) ;
#7745 = SURFACE_SIDE_STYLE ('',( #13080 ) ) ;
#7746 = ORIENTED_EDGE ( 'NONE', *, *, #10961, .F. ) ;
#7747 = DIRECTION ( 'NONE',  ( 0.000000000000000000, 1.000000000000000000, -0.000000000000000000 ) ) ;
#7748 = EDGE_CURVE ( 'NONE', #6451, #9057, #13152, .T. ) ;
#7749 = PRESENTATION_STYLE_ASSIGNMENT (( #8004 ) ) ;
#7750 = CARTESIAN_POINT ( 'NONE',  ( -2.549999999999998934, 1.028000000000000025, -2.200000000000000178 ) ) ;
#7751 = DIRECTION ( 'NONE',  ( -1.000000000000000000, 0.000000000000000000, 0.000000000000000000 ) ) ;
#7752 = ORIENTED_EDGE ( 'NONE', *, *, #4746, .T. ) ;
#7753 = PLANE ( 'NONE',  #6288 ) ;
#7754 =( GEOMETRIC_REPRESENTATION_CONTEXT ( 3 ) GLOBAL_UNCERTAINTY_ASSIGNED_CONTEXT ( ( #2175 ) ) GLOBAL_UNIT_ASSIGNED_CONTEXT ( ( #13089, #11088, #1724 ) ) REPRESENTATION_CONTEXT ( 'NONE', 'WORKASPACE' ) );
#7755 =( NAMED_UNIT ( * ) PLANE_ANGLE_UNIT ( ) SI_UNIT ( $, .RADIAN. ) );
#7756 =( LENGTH_UNIT ( ) NAMED_UNIT ( * ) SI_UNIT ( .MILLI., .METRE. ) );
#7757 = ORIENTED_EDGE ( 'NONE', *, *, #2010, .T. ) ;
#7758 = ADVANCED_FACE ( 'NONE', ( #4008 ), #3189, .F. ) ;
#7759 = DIRECTION ( 'NONE',  ( 6.365179094826524742E-15, -1.000000000000000000, 0.000000000000000000 ) ) ;
#7760 = CARTESIAN_POINT ( 'NONE',  ( -1.500000000000000000, -0.8499999999999978684, 3.500000000000006661 ) ) ;
#7761 =( NAMED_UNIT ( * ) PLANE_ANGLE_UNIT ( ) SI_UNIT ( $, .RADIAN. ) );
#7762 = PRESENTATION_STYLE_ASSIGNMENT (( #1507 ) ) ;
#7763 = MECHANICAL_DESIGN_GEOMETRIC_PRESENTATION_REPRESENTATION (  '', ( #11184 ), #317 ) ;
#7764 = FILL_AREA_STYLE_COLOUR ( '', #1187 ) ;
#7765 = ORIENTED_EDGE ( 'NONE', *, *, #3783, .T. ) ;
#7766 = VECTOR ( 'NONE', #10335, 1000.000000000000000 ) ;
#7767 = COLOUR_RGB ( '',0.1098039215686274495, 0.1098039215686274495, 0.1098039215686274495 ) ;
#7768 = ORIENTED_EDGE ( 'NONE', *, *, #5183, .F. ) ;
#7769 = VECTOR ( 'NONE', #13295, 1000.000000000000000 ) ;
#7770 = ORIENTED_EDGE ( 'NONE', *, *, #3553, .T. ) ;
#7771 = ADVANCED_FACE ( 'NONE', ( #10923 ), #9239, .F. ) ;
#7772 = DIRECTION ( 'NONE',  ( -1.000000000000000000, 0.000000000000000000, 0.000000000000000000 ) ) ;
#7773 = DIRECTION ( 'NONE',  ( 1.000000000000000000, 8.673617379884032317E-15, -0.000000000000000000 ) ) ;
#7774 = DIRECTION ( 'NONE',  ( -1.000000000000000000, 0.000000000000000000, 0.000000000000000000 ) ) ;
#7775 = EDGE_CURVE ( 'NONE', #6641, #10515, #11563, .T. ) ;
#7776 = CARTESIAN_POINT ( 'NONE',  ( -1.249999999999999112, 0.8499999999999997558, 0.2500000000000029421 ) ) ;
#7777 = CARTESIAN_POINT ( 'NONE',  ( -2.750000000000000000, 0.000000000000000000, 0.000000000000000000 ) ) ;
#7778 = CARTESIAN_POINT ( 'NONE',  ( -2.549999999999998934, 1.028000000000000025, -2.799999999999999822 ) ) ;
#7779 = STYLED_ITEM ( 'NONE', ( #3733 ), #11468 ) ;
#7780 = AXIS2_PLACEMENT_3D ( 'NONE', #9937, #3796, #10993 ) ;
#7781 = DIRECTION ( 'NONE',  ( -1.000000000000000000, -0.000000000000000000, -0.000000000000000000 ) ) ;
#7782 = PRESENTATION_STYLE_ASSIGNMENT (( #12955 ) ) ;
#7783 = UNCERTAINTY_MEASURE_WITH_UNIT (LENGTH_MEASURE( 1.000000000000000082E-05 ), #5606, 'distance_accuracy_value', 'NONE');
#7784 = ORIENTED_EDGE ( 'NONE', *, *, #4237, .F. ) ;
#7785 = UNCERTAINTY_MEASURE_WITH_UNIT (LENGTH_MEASURE( 1.000000000000000082E-05 ), #7056, 'distance_accuracy_value', 'NONE');
#7786 = ORIENTED_EDGE ( 'NONE', *, *, #10329, .T. ) ;
#7787 = EDGE_CURVE ( 'NONE', #10900, #11777, #11087, .T. ) ;
#7788 =( LENGTH_UNIT ( ) NAMED_UNIT ( * ) SI_UNIT ( .MILLI., .METRE. ) );
#7789 = FILL_AREA_STYLE ('',( #8849 ) ) ;
#7790 = STYLED_ITEM ( 'NONE', ( #4816 ), #6521 ) ;
#7791 =( GEOMETRIC_REPRESENTATION_CONTEXT ( 3 ) GLOBAL_UNCERTAINTY_ASSIGNED_CONTEXT ( ( #765 ) ) GLOBAL_UNIT_ASSIGNED_CONTEXT ( ( #5299, #11371, #6383 ) ) REPRESENTATION_CONTEXT ( 'NONE', 'WORKASPACE' ) );
#7792 = LINE ( 'NONE', #7535, #9991 ) ;
#7793 = LINE ( 'NONE', #12069, #5046 ) ;
#7794 = STYLED_ITEM ( 'NONE', ( #2168 ), #254 ) ;
#7795 = PLANE ( 'NONE',  #10958 ) ;
#7796 = VERTEX_POINT ( 'NONE', #6426 ) ;
#7797 = DIRECTION ( 'NONE',  ( -0.5833189478673188599, 0.000000000000000000, -0.8122431932980196390 ) ) ;
#7798 = UNCERTAINTY_MEASURE_WITH_UNIT (LENGTH_MEASURE( 1.000000000000000082E-05 ), #7562, 'distance_accuracy_value', 'NONE');
#7799 = ORIENTED_EDGE ( 'NONE', *, *, #1753, .T. ) ;
#7800 = CARTESIAN_POINT ( 'NONE',  ( 0.000000000000000000, -0.8499999999999978684, -3.500000000000000000 ) ) ;
#7801 = AXIS2_PLACEMENT_3D ( 'NONE', #8125, #3973, #9980 ) ;
#7802 = AXIS2_PLACEMENT_3D ( 'NONE', #8836, #695, #11067 ) ;
#7803 = EDGE_CURVE ( 'NONE', #11195, #11314, #5613, .T. ) ;
#7804 = CARTESIAN_POINT ( 'NONE',  ( 0.2500000000000164868, 0.8499999999999995337, 2.250000000000006217 ) ) ;
#7805 = CARTESIAN_POINT ( 'NONE',  ( 2.750000000000000000, 0.05000000000000186240, 3.500000000000006661 ) ) ;
#7806 = LINE ( 'NONE', #1273, #10827 ) ;
#7807 = ORIENTED_EDGE ( 'NONE', *, *, #5612, .F. ) ;
#7808 = VECTOR ( 'NONE', #3752, 1000.000000000000000 ) ;
#7809 = LINE ( 'NONE', #7143, #2327 ) ;
#7810 = MECHANICAL_DESIGN_GEOMETRIC_PRESENTATION_REPRESENTATION (  '', ( #4516 ), #11655 ) ;
#7811 = FILL_AREA_STYLE ('',( #6748 ) ) ;
#7812 = VERTEX_POINT ( 'NONE', #487 ) ;
#7813 = ORIENTED_EDGE ( 'NONE', *, *, #3818, .F. ) ;
#7814 = CARTESIAN_POINT ( 'NONE',  ( 2.552999999999991054, 1.027999999999999581, 0.2999999999999999334 ) ) ;
#7815 = VERTEX_POINT ( 'NONE', #8368 ) ;
#7816 = ORIENTED_EDGE ( 'NONE', *, *, #3446, .T. ) ;
#7817 = ORIENTED_EDGE ( 'NONE', *, *, #2353, .T. ) ;
#7818 =( NAMED_UNIT ( * ) SI_UNIT ( $, .STERADIAN. ) SOLID_ANGLE_UNIT ( ) );
#7819 = CARTESIAN_POINT ( 'NONE',  ( -0.6555158172688070328, -1.039999999999999147, 2.413550568363380666 ) ) ;
#7820 = CARTESIAN_POINT ( 'NONE',  ( -2.499999999999999112, 0.8249999999999996225, 0.2999999999999999334 ) ) ;
#7821 = ADVANCED_FACE ( 'NONE', ( #12675 ), #12479, .F. ) ;
#7822 = EDGE_CURVE ( 'NONE', #7072, #2171, #4974, .T. ) ;
#7823 = DIRECTION ( 'NONE',  ( 1.000000000000000000, 0.000000000000000000, -0.000000000000000000 ) ) ;
#7824 = CARTESIAN_POINT ( 'NONE',  ( -2.649999999999985256, -0.1499999999999995226, 0.3113248654051880004 ) ) ;
#7825 = ORIENTED_EDGE ( 'NONE', *, *, #1864, .F. ) ;
#7826 = FACE_OUTER_BOUND ( 'NONE', #11607, .T. ) ;
#7827 = PRESENTATION_STYLE_ASSIGNMENT (( #236 ) ) ;
#7828 = FACE_OUTER_BOUND ( 'NONE', #13166, .T. ) ;
#7829 = COLOUR_RGB ( '',1.000000000000000000, 1.000000000000000000, 1.000000000000000000 ) ;
#7830 = DIRECTION ( 'NONE',  ( 0.000000000000000000, -1.000000000000000000, 0.000000000000000000 ) ) ;
#7831 =( LENGTH_UNIT ( ) NAMED_UNIT ( * ) SI_UNIT ( .MILLI., .METRE. ) );
#7832 = AXIS2_PLACEMENT_3D ( 'NONE', #4156, #10313, #7183 ) ;
#7833 = ORIENTED_EDGE ( 'NONE', *, *, #1522, .F. ) ;
#7834 = ORIENTED_EDGE ( 'NONE', *, *, #10685, .F. ) ;
#7835 = FILL_AREA_STYLE ('',( #1455 ) ) ;
#7836 = FILL_AREA_STYLE ('',( #1723 ) ) ;
#7837 = ADVANCED_FACE ( 'NONE', ( #8036 ), #9680, .F. ) ;
#7838 = CARTESIAN_POINT ( 'NONE',  ( -2.399999999999999911, 0.3000000000000020983, 3.100000000000001421 ) ) ;
#7839 = MECHANICAL_DESIGN_GEOMETRIC_PRESENTATION_REPRESENTATION (  '', ( #1123 ), #11445 ) ;
#7840 = ORIENTED_EDGE ( 'NONE', *, *, #10903, .T. ) ;
#7841 = DIRECTION ( 'NONE',  ( -0.000000000000000000, 4.336808689942021187E-16, -1.000000000000000000 ) ) ;
#7842 = SURFACE_SIDE_STYLE ('',( #11898 ) ) ;
#7843 = DIRECTION ( 'NONE',  ( -6.789524367814960934E-15, 1.000000000000000000, 0.000000000000000000 ) ) ;
#7844 = EDGE_CURVE ( 'NONE', #5231, #7796, #5596, .T. ) ;
#7845 = VERTEX_POINT ( 'NONE', #1548 ) ;
#7846 = SURFACE_SIDE_STYLE ('',( #7948 ) ) ;
#7847 = EDGE_LOOP ( 'NONE', ( #12456, #5598, #8244, #5551 ) ) ;
#7848 = FILL_AREA_STYLE_COLOUR ( '', #1270 ) ;
#7849 = SURFACE_STYLE_USAGE ( .BOTH. , #3525 ) ;
#7850 = PRESENTATION_STYLE_ASSIGNMENT (( #1129 ) ) ;
#7851 = EDGE_CURVE ( 'NONE', #9526, #4267, #12823, .T. ) ;
#7852 = DIRECTION ( 'NONE',  ( -1.000000000000000000, 0.000000000000000000, 0.000000000000000000 ) ) ;
#7853 = UNCERTAINTY_MEASURE_WITH_UNIT (LENGTH_MEASURE( 1.000000000000000082E-05 ), #7691, 'distance_accuracy_value', 'NONE');
#7854 = FACE_OUTER_BOUND ( 'NONE', #9100, .T. ) ;
#7855 = PLANE ( 'NONE',  #1520 ) ;
#7856 =( GEOMETRIC_REPRESENTATION_CONTEXT ( 3 ) GLOBAL_UNCERTAINTY_ASSIGNED_CONTEXT ( ( #1851 ) ) GLOBAL_UNIT_ASSIGNED_CONTEXT ( ( #4339, #6463, #283 ) ) REPRESENTATION_CONTEXT ( 'NONE', 'WORKASPACE' ) );
#7857 = STYLED_ITEM ( 'NONE', ( #3632 ), #4226 ) ;
#7858 = ORIENTED_EDGE ( 'NONE', *, *, #13052, .T. ) ;
#7859 = DIRECTION ( 'NONE',  ( 0.000000000000000000, -1.000000000000000000, 0.000000000000000000 ) ) ;
#7860 =( NAMED_UNIT ( * ) PLANE_ANGLE_UNIT ( ) SI_UNIT ( $, .RADIAN. ) );
#7861 = DIRECTION ( 'NONE',  ( 1.000000000000000000, 0.000000000000000000, 7.885106708985465615E-17 ) ) ;
#7862 = COLOUR_RGB ( '',1.000000000000000000, 1.000000000000000000, 1.000000000000000000 ) ;
#7863 = AXIS2_PLACEMENT_3D ( 'NONE', #11991, #8827, #2664 ) ;
#7864 = ORIENTED_EDGE ( 'NONE', *, *, #7663, .T. ) ;
#7865 = DIRECTION ( 'NONE',  ( 0.000000000000000000, 0.000000000000000000, 1.000000000000000000 ) ) ;
#7866 =( GEOMETRIC_REPRESENTATION_CONTEXT ( 3 ) GLOBAL_UNCERTAINTY_ASSIGNED_CONTEXT ( ( #11541 ) ) GLOBAL_UNIT_ASSIGNED_CONTEXT ( ( #7756, #8764, #4765 ) ) REPRESENTATION_CONTEXT ( 'NONE', 'WORKASPACE' ) );
#7867 = CARTESIAN_POINT ( 'NONE',  ( 0.7499999999999992228, -2.199999999999997957, 4.036762042207656601E-15 ) ) ;
#7868 = ORIENTED_EDGE ( 'NONE', *, *, #1425, .T. ) ;
#7869 = VECTOR ( 'NONE', #3743, 1000.000000000000000 ) ;
#7870 = VECTOR ( 'NONE', #407, 1000.000000000000000 ) ;
#7871 = EDGE_CURVE ( 'NONE', #3979, #11020, #9438, .T. ) ;
#7872 = VECTOR ( 'NONE', #1336, 1000.000000000000000 ) ;
#7873 = UNCERTAINTY_MEASURE_WITH_UNIT (LENGTH_MEASURE( 1.000000000000000082E-05 ), #12326, 'distance_accuracy_value', 'NONE');
#7874 = VERTEX_POINT ( 'NONE', #7329 ) ;
#7875 =( NAMED_UNIT ( * ) PLANE_ANGLE_UNIT ( ) SI_UNIT ( $, .RADIAN. ) );
#7876 = DIRECTION ( 'NONE',  ( -0.5035330287073043198, 0.000000000000000000, -0.8639759770970770747 ) ) ;
#7877 = PRESENTATION_LAYER_ASSIGNMENT (  '', '', ( #5782 ) ) ;
#7878 = PRESENTATION_LAYER_ASSIGNMENT (  '', '', ( #6306 ) ) ;
#7879 = CARTESIAN_POINT ( 'NONE',  ( -2.249999999999983569, -0.6000000000000094147, 0.3113248654051866127 ) ) ;
#7880 = CARTESIAN_POINT ( 'NONE',  ( -2.499999999999999556, 1.050000000000000044, -3.500000000000000000 ) ) ;
#7881 = EDGE_CURVE ( 'NONE', #13285, #3158, #7563, .T. ) ;
#7882 =( NAMED_UNIT ( * ) PLANE_ANGLE_UNIT ( ) SI_UNIT ( $, .RADIAN. ) );
#7883 = CARTESIAN_POINT ( 'NONE',  ( -2.750000000000014655, -1.049999999999999156, -3.099999999999995648 ) ) ;
#7884 = COLOUR_RGB ( '',1.000000000000000000, 1.000000000000000000, 1.000000000000000000 ) ;
#7885 = CARTESIAN_POINT ( 'NONE',  ( 2.550000000000000266, -0.5499999999999997113, -2.200000000000003286 ) ) ;
#7886 = EDGE_LOOP ( 'NONE', ( #11172, #2802, #10743, #5954 ) ) ;
#7887 = FILL_AREA_STYLE_COLOUR ( '', #3865 ) ;
#7888 = CARTESIAN_POINT ( 'NONE',  ( -0.7500000000000000000, 0.6499999999999998002, -3.824999999999998845 ) ) ;
#7889 = STYLED_ITEM ( 'NONE', ( #3040 ), #1504 ) ;
#7890 = ADVANCED_FACE ( 'NONE', ( #2251 ), #2416, .T. ) ;
#7891 =( LENGTH_UNIT ( ) NAMED_UNIT ( * ) SI_UNIT ( .MILLI., .METRE. ) );
#7892 = PLANE ( 'NONE',  #3953 ) ;
#7893 = SURFACE_SIDE_STYLE ('',( #11012 ) ) ;
#7894 = ORIENTED_EDGE ( 'NONE', *, *, #6719, .T. ) ;
#7895 =( NAMED_UNIT ( * ) SI_UNIT ( $, .STERADIAN. ) SOLID_ANGLE_UNIT ( ) );
#7896 = VECTOR ( 'NONE', #12809, 1000.000000000000000 ) ;
#7897 = ORIENTED_EDGE ( 'NONE', *, *, #8669, .F. ) ;
#7898 = FILL_AREA_STYLE_COLOUR ( '', #11816 ) ;
#7899 = EDGE_CURVE ( 'NONE', #7386, #7815, #4481, .T. ) ;
#7900 = ADVANCED_FACE ( 'NONE', ( #12986 ), #530, .F. ) ;
#7901 = FILL_AREA_STYLE_COLOUR ( '', #10240 ) ;
#7902 = ORIENTED_EDGE ( 'NONE', *, *, #1146, .F. ) ;
#7903 = FILL_AREA_STYLE_COLOUR ( '', #760 ) ;
#7904 = VECTOR ( 'NONE', #11577, 1000.000000000000000 ) ;
#7905 = ORIENTED_EDGE ( 'NONE', *, *, #12562, .F. ) ;
#7906 = CARTESIAN_POINT ( 'NONE',  ( -2.552999999999999048, 1.027999999999999581, 0.2999999999999999334 ) ) ;
#7907 = AXIS2_PLACEMENT_3D ( 'NONE', #7750, #9769, #12907 ) ;
#7908 =( NAMED_UNIT ( * ) SI_UNIT ( $, .STERADIAN. ) SOLID_ANGLE_UNIT ( ) );
#7909 = CARTESIAN_POINT ( 'NONE',  ( 2.549999999999992717, 0.8249999999999999556, -2.200000000000000178 ) ) ;
#7910 = AXIS2_PLACEMENT_3D ( 'NONE', #5822, #13168, #12996 ) ;
#7911 = ORIENTED_EDGE ( 'NONE', *, *, #5643, .T. ) ;
#7912 = CIRCLE ( 'NONE', #4755, 0.2000000000000005107 ) ;
#7913 = EDGE_CURVE ( 'NONE', #12385, #7925, #5916, .T. ) ;
#7914 = PRESENTATION_STYLE_ASSIGNMENT (( #1913 ) ) ;
#7915 = DIRECTION ( 'NONE',  ( 0.000000000000000000, 1.000000000000000000, 3.782100601693619904E-17 ) ) ;
#7916 = LINE ( 'NONE', #2519, #325 ) ;
#7917 = ORIENTED_EDGE ( 'NONE', *, *, #2805, .T. ) ;
#7918 = DIRECTION ( 'NONE',  ( -0.000000000000000000, 0.000000000000000000, -1.000000000000000000 ) ) ;
#7919 = CARTESIAN_POINT ( 'NONE',  ( -1.500000000000000000, -1.049999999999999378, -3.500000000000000000 ) ) ;
#7920 = AXIS2_PLACEMENT_3D ( 'NONE', #4655, #4738, #3664 ) ;
#7921 = ORIENTED_EDGE ( 'NONE', *, *, #4483, .F. ) ;
#7922 = DIRECTION ( 'NONE',  ( -1.008560160451632221E-16, -3.782100601693620520E-17, 1.000000000000000000 ) ) ;
#7923 = DIRECTION ( 'NONE',  ( -0.000000000000000000, 1.000000000000000000, 1.239088197126289831E-16 ) ) ;
#7924 =( LENGTH_UNIT ( ) NAMED_UNIT ( * ) SI_UNIT ( .MILLI., .METRE. ) );
#7925 = VERTEX_POINT ( 'NONE', #6681 ) ;
#7926 = PRESENTATION_LAYER_ASSIGNMENT (  '', '', ( #4028 ) ) ;
#7927 =( NAMED_UNIT ( * ) PLANE_ANGLE_UNIT ( ) SI_UNIT ( $, .RADIAN. ) );
#7928 =( NAMED_UNIT ( * ) SI_UNIT ( $, .STERADIAN. ) SOLID_ANGLE_UNIT ( ) );
#7929 = DIRECTION ( 'NONE',  ( -0.05208774746704859099, 0.000000000000000000, 0.9986425118949268098 ) ) ;
#7930 = UNCERTAINTY_MEASURE_WITH_UNIT (LENGTH_MEASURE( 1.000000000000000082E-05 ), #3005, 'distance_accuracy_value', 'NONE');
#7931 = ORIENTED_EDGE ( 'NONE', *, *, #11523, .T. ) ;
#7932 = DIRECTION ( 'NONE',  ( 1.000000000000000000, 0.000000000000000000, -1.734723475976807094E-15 ) ) ;
#7933 = ORIENTED_EDGE ( 'NONE', *, *, #3689, .T. ) ;
#7934 = DIRECTION ( 'NONE',  ( -0.000000000000000000, -0.000000000000000000, -1.000000000000000000 ) ) ;
#7935 = EDGE_CURVE ( 'NONE', #9016, #8126, #9923, .T. ) ;
#7936 = FILL_AREA_STYLE ('',( #8518 ) ) ;
#7937 = CARTESIAN_POINT ( 'NONE',  ( 2.350000000000000089, 0.05000000000000273670, -3.574999999999997957 ) ) ;
#7938 = ADVANCED_FACE ( 'NONE', ( #125 ), #2692, .F. ) ;
#7939 = AXIS2_PLACEMENT_3D ( 'NONE', #7885, #9026, #2750 ) ;
#7940 = MECHANICAL_DESIGN_GEOMETRIC_PRESENTATION_REPRESENTATION (  '', ( #7252 ), #8623 ) ;
#7941 =( LENGTH_UNIT ( ) NAMED_UNIT ( * ) SI_UNIT ( .MILLI., .METRE. ) );
#7942 =( LENGTH_UNIT ( ) NAMED_UNIT ( * ) SI_UNIT ( .MILLI., .METRE. ) );
#7943 = SURFACE_STYLE_FILL_AREA ( #2608 ) ;
#7944 = ORIENTED_EDGE ( 'NONE', *, *, #2109, .F. ) ;
#7945 = FACE_OUTER_BOUND ( 'NONE', #7886, .T. ) ;
#7946 =( NAMED_UNIT ( * ) SI_UNIT ( $, .STERADIAN. ) SOLID_ANGLE_UNIT ( ) );
#7947 = EDGE_CURVE ( 'NONE', #11845, #4343, #4463, .T. ) ;
#7948 = SURFACE_STYLE_FILL_AREA ( #10971 ) ;
#7949 = ORIENTED_EDGE ( 'NONE', *, *, #2561, .F. ) ;
#7950 = CARTESIAN_POINT ( 'NONE',  ( -2.549999999999983835, -0.6000000000000094147, 0.04226497308104060213 ) ) ;
#7951 = CARTESIAN_POINT ( 'NONE',  ( -0.2130186765629382140, -1.049999999999999156, 2.751416432946642399 ) ) ;
#7952 =( GEOMETRIC_REPRESENTATION_CONTEXT ( 3 ) GLOBAL_UNCERTAINTY_ASSIGNED_CONTEXT ( ( #10052 ) ) GLOBAL_UNIT_ASSIGNED_CONTEXT ( ( #10705, #5543, #7596 ) ) REPRESENTATION_CONTEXT ( 'NONE', 'WORKASPACE' ) );
#7953 = STYLED_ITEM ( 'NONE', ( #10126 ), #1218 ) ;
#7954 = DIRECTION ( 'NONE',  ( -1.000000000000000000, 0.000000000000000000, 0.000000000000000000 ) ) ;
#7955 = CARTESIAN_POINT ( 'NONE',  ( -2.749999999999999556, -0.8000000000000035971, 1.650000000000000355 ) ) ;
#7956 = ADVANCED_FACE ( 'NONE', ( #2877 ), #3678, .T. ) ;
#7957 = PLANE ( 'NONE',  #6096 ) ;
#7958 = FILL_AREA_STYLE ('',( #2881 ) ) ;
#7959 = SURFACE_STYLE_FILL_AREA ( #9801 ) ;
#7960 = ORIENTED_EDGE ( 'NONE', *, *, #3496, .F. ) ;
#7961 = DIRECTION ( 'NONE',  ( 0.000000000000000000, 1.239088197126289831E-16, -1.000000000000000000 ) ) ;
#7962 = DIRECTION ( 'NONE',  ( 1.000000000000000000, 0.000000000000000000, 0.000000000000000000 ) ) ;
#7963 = VECTOR ( 'NONE', #3014, 1000.000000000000000 ) ;
#7964 = VERTEX_POINT ( 'NONE', #8852 ) ;
#7965 = DIRECTION ( 'NONE',  ( -1.000000000000000000, 0.000000000000000000, 1.734723475976807094E-15 ) ) ;
#7966 =( LENGTH_UNIT ( ) NAMED_UNIT ( * ) SI_UNIT ( .MILLI., .METRE. ) );
#7967 = MECHANICAL_DESIGN_GEOMETRIC_PRESENTATION_REPRESENTATION (  '', ( #2893 ), #9302 ) ;
#7968 = VERTEX_POINT ( 'NONE', #9853 ) ;
#7969 = VECTOR ( 'NONE', #4264, 1000.000000000000000 ) ;
#7970 = DIRECTION ( 'NONE',  ( 1.000000000000000000, 0.000000000000000000, -0.000000000000000000 ) ) ;
#7971 = EDGE_CURVE ( 'NONE', #1122, #13093, #965, .T. ) ;
#7972 = SURFACE_STYLE_USAGE ( .BOTH. , #2849 ) ;
#7973 = CARTESIAN_POINT ( 'NONE',  ( -2.552999999999999048, 1.028000000000000025, -2.200000000000000178 ) ) ;
#7974 = SURFACE_STYLE_USAGE ( .BOTH. , #10929 ) ;
#7975 = ORIENTED_EDGE ( 'NONE', *, *, #3977, .F. ) ;
#7976 = ORIENTED_EDGE ( 'NONE', *, *, #4230, .T. ) ;
#7977 = VECTOR ( 'NONE', #2180, 1000.000000000000000 ) ;
#7978 = STYLED_ITEM ( 'NONE', ( #6989 ), #7534 ) ;
#7979 = CARTESIAN_POINT ( 'NONE',  ( -2.750000000000014655, -1.049999999999999378, 3.100000000000001421 ) ) ;
#7980 = PRODUCT_RELATED_PRODUCT_CATEGORY ( 'part', '', ( #1615 ) ) ;
#7981 = ORIENTED_EDGE ( 'NONE', *, *, #6549, .T. ) ;
#7982 = CARTESIAN_POINT ( 'NONE',  ( -2.499999999999999112, 1.024999999999999689, 0.2999999999999999334 ) ) ;
#7983 = PRESENTATION_LAYER_ASSIGNMENT (  '', '', ( #10985 ) ) ;
#7984 = DIRECTION ( 'NONE',  ( 0.000000000000000000, -3.497426362856467586E-17, 1.000000000000000000 ) ) ;
#7985 = PLANE ( 'NONE',  #11130 ) ;
#7986 = DIRECTION ( 'NONE',  ( 0.000000000000000000, 0.000000000000000000, 1.000000000000000000 ) ) ;
#7987 = EDGE_CURVE ( 'NONE', #10439, #6607, #445, .T. ) ;
#7988 = EDGE_LOOP ( 'NONE', ( #10116, #8403, #5811, #7817 ) ) ;
#7989 = DIRECTION ( 'NONE',  ( 8.673617379884032317E-15, -1.000000000000000000, -0.000000000000000000 ) ) ;
#7990 =( NAMED_UNIT ( * ) SI_UNIT ( $, .STERADIAN. ) SOLID_ANGLE_UNIT ( ) );
#7991 =( NAMED_UNIT ( * ) PLANE_ANGLE_UNIT ( ) SI_UNIT ( $, .RADIAN. ) );
#7992 = DIRECTION ( 'NONE',  ( 0.000000000000000000, -0.000000000000000000, -1.000000000000000000 ) ) ;
#7993 = PRESENTATION_LAYER_ASSIGNMENT (  '', '', ( #7305 ) ) ;
#7994 = SURFACE_STYLE_FILL_AREA ( #12855 ) ;
#7995 = SURFACE_SIDE_STYLE ('',( #10248 ) ) ;
#7996 = VERTEX_POINT ( 'NONE', #1637 ) ;
#7997 = SURFACE_SIDE_STYLE ('',( #5736 ) ) ;
#7998 = DIRECTION ( 'NONE',  ( 0.000000000000000000, -1.000000000000000000, -5.421010862427525128E-16 ) ) ;
#7999 = DIRECTION ( 'NONE',  ( 0.000000000000000000, 1.000000000000000000, 0.000000000000000000 ) ) ;
#8000 = DIRECTION ( 'NONE',  ( -0.000000000000000000, -0.000000000000000000, -1.000000000000000000 ) ) ;
#8001 = STYLED_ITEM ( 'NONE', ( #11857 ), #3026 ) ;
#8002 =( NAMED_UNIT ( * ) PLANE_ANGLE_UNIT ( ) SI_UNIT ( $, .RADIAN. ) );
#8003 = SURFACE_SIDE_STYLE ('',( #7163 ) ) ;
#8004 = SURFACE_STYLE_USAGE ( .BOTH. , #4075 ) ;
#8005 = ORIENTED_EDGE ( 'NONE', *, *, #4344, .T. ) ;
#8006 = CARTESIAN_POINT ( 'NONE',  ( 2.100000000000000089, 0.3000000000000021538, 1.400000000000004574 ) ) ;
#8007 = UNCERTAINTY_MEASURE_WITH_UNIT (LENGTH_MEASURE( 1.000000000000000082E-05 ), #1179, 'distance_accuracy_value', 'NONE');
#8008 = SURFACE_STYLE_USAGE ( .BOTH. , #12032 ) ;
#8009 = VECTOR ( 'NONE', #1515, 1000.000000000000000 ) ;
#8010 = LINE ( 'NONE', #2943, #13119 ) ;
#8011 = COLOUR_RGB ( '',1.000000000000000000, 1.000000000000000000, 1.000000000000000000 ) ;
#8012 = VERTEX_POINT ( 'NONE', #7880 ) ;
#8013 =( NAMED_UNIT ( * ) PLANE_ANGLE_UNIT ( ) SI_UNIT ( $, .RADIAN. ) );
#8014 = EDGE_CURVE ( 'NONE', #10584, #8219, #278, .T. ) ;
#8015 = CARTESIAN_POINT ( 'NONE',  ( -2.749999999999977796, -0.1499999999999995226, -0.6999999999999979572 ) ) ;
#8016 = DIRECTION ( 'NONE',  ( -1.000000000000000000, -0.000000000000000000, 1.734723475976807094E-15 ) ) ;
#8017 =( GEOMETRIC_REPRESENTATION_CONTEXT ( 3 ) GLOBAL_UNCERTAINTY_ASSIGNED_CONTEXT ( ( #8830 ) ) GLOBAL_UNIT_ASSIGNED_CONTEXT ( ( #4698, #8794, #11787 ) ) REPRESENTATION_CONTEXT ( 'NONE', 'WORKASPACE' ) );
#8018 = MECHANICAL_DESIGN_GEOMETRIC_PRESENTATION_REPRESENTATION (  '', ( #2266 ), #6796 ) ;
#8019 = SURFACE_STYLE_FILL_AREA ( #6156 ) ;
#8020 = EDGE_LOOP ( 'NONE', ( #1608, #3251, #11393, #6328, #8058, #199 ) ) ;
#8021 = ADVANCED_FACE ( 'NONE', ( #11397 ), #7093, .F. ) ;
#8022 = LINE ( 'NONE', #2533, #129 ) ;
#8023 = VERTEX_POINT ( 'NONE', #10997 ) ;
#8024 = DIRECTION ( 'NONE',  ( -0.000000000000000000, 1.000000000000000000, -0.000000000000000000 ) ) ;
#8025 = LINE ( 'NONE', #9517, #6256 ) ;
#8026 = DIRECTION ( 'NONE',  ( -1.000000000000000000, -0.000000000000000000, -0.000000000000000000 ) ) ;
#8028 = EDGE_CURVE ( 'NONE', #5586, #5668, #4628, .T. ) ;
#8027 = LINE ( 'NONE', #1521, #3993 ) ;
#8029 = DIRECTION ( 'NONE',  ( -0.000000000000000000, 1.000000000000000000, 1.239088197126289831E-16 ) ) ;
#8030 = UNCERTAINTY_MEASURE_WITH_UNIT (LENGTH_MEASURE( 1.000000000000000082E-05 ), #9355, 'distance_accuracy_value', 'NONE');
#8031 = VERTEX_POINT ( 'NONE', #4855 ) ;
#8032 = FILL_AREA_STYLE ('',( #2865 ) ) ;
#8033 = DIRECTION ( 'NONE',  ( -0.000000000000000000, -1.000000000000000000, -1.908195823574532611E-14 ) ) ;
#8034 = MECHANICAL_DESIGN_GEOMETRIC_PRESENTATION_REPRESENTATION (  '', ( #7523 ), #2275 ) ;
#8035 = PRESENTATION_LAYER_ASSIGNMENT (  '', '', ( #16 ) ) ;
#8036 = FACE_OUTER_BOUND ( 'NONE', #10037, .T. ) ;
#8037 = PLANE ( 'NONE',  #9533 ) ;
#8038 = VECTOR ( 'NONE', #7999, 1000.000000000000000 ) ;
#8039 = ORIENTED_EDGE ( 'NONE', *, *, #2762, .F. ) ;
#8040 =( GEOMETRIC_REPRESENTATION_CONTEXT ( 3 ) GLOBAL_UNCERTAINTY_ASSIGNED_CONTEXT ( ( #12281 ) ) GLOBAL_UNIT_ASSIGNED_CONTEXT ( ( #7891, #10922, #1687 ) ) REPRESENTATION_CONTEXT ( 'NONE', 'WORKASPACE' ) );
#8041 = SURFACE_SIDE_STYLE ('',( #12852 ) ) ;
#8042 = EDGE_LOOP ( 'NONE', ( #5828, #7917, #1081, #3295 ) ) ;
#8043 = LINE ( 'NONE', #8220, #1620 ) ;
#8044 = PRESENTATION_STYLE_ASSIGNMENT (( #5157 ) ) ;
#8045 = CARTESIAN_POINT ( 'NONE',  ( -2.549999999999999378, -0.8499999999999990896, 1.850000000000000533 ) ) ;
#8046 = EDGE_LOOP ( 'NONE', ( #5878, #3985, #374, #6692 ) ) ;
#8047 =( LENGTH_UNIT ( ) NAMED_UNIT ( * ) SI_UNIT ( .MILLI., .METRE. ) );
#8048 = AXIS2_PLACEMENT_3D ( 'NONE', #6700, #4776, #6878 ) ;
#8049 = AXIS2_PLACEMENT_3D ( 'NONE', #364, #12802, #2635 ) ;
#8050 = CARTESIAN_POINT ( 'NONE',  ( -2.750000000000014655, -0.8499999999999978684, 3.100000000000001421 ) ) ;
#8051 = DIRECTION ( 'NONE',  ( 1.000000000000000000, 0.000000000000000000, 0.000000000000000000 ) ) ;
#8052 = PRESENTATION_STYLE_ASSIGNMENT (( #12223 ) ) ;
#8053 = EDGE_CURVE ( 'NONE', #10305, #6641, #8816, .T. ) ;
#8054 = CARTESIAN_POINT ( 'NONE',  ( 2.549999999999991385, 1.027999999999999359, 2.799999999999999822 ) ) ;
#8055 =( LENGTH_UNIT ( ) NAMED_UNIT ( * ) SI_UNIT ( .MILLI., .METRE. ) );
#8056 = DIRECTION ( 'NONE',  ( -1.000000000000000000, 0.000000000000000000, 0.000000000000000000 ) ) ;
#8057 = VECTOR ( 'NONE', #868, 1000.000000000000000 ) ;
#8058 = ORIENTED_EDGE ( 'NONE', *, *, #9861, .F. ) ;
#8059 = CARTESIAN_POINT ( 'NONE',  ( -2.649999999999984368, -0.1499999999999995226, 0.2154700538379264729 ) ) ;
#8060 = SURFACE_STYLE_USAGE ( .BOTH. , #3054 ) ;
#8061 = EDGE_LOOP ( 'NONE', ( #4299, #12248, #8285, #3960 ) ) ;
#8062 = DIRECTION ( 'NONE',  ( 0.000000000000000000, 0.000000000000000000, -1.000000000000000000 ) ) ;
#8063 = CARTESIAN_POINT ( 'NONE',  ( -1.749999999999999112, 1.049999999999999822, 0.2500000000000037748 ) ) ;
#8064 = AXIS2_PLACEMENT_3D ( 'NONE', #3386, #6568, #4399 ) ;
#8065 = SURFACE_STYLE_USAGE ( .BOTH. , #7339 ) ;
#8066 = PRESENTATION_LAYER_ASSIGNMENT (  '', '', ( #4167 ) ) ;
#8067 = ORIENTED_EDGE ( 'NONE', *, *, #3081, .T. ) ;
#8068 = DIRECTION ( 'NONE',  ( 0.5197120637492901318, 0.000000000000000000, 0.8543414837133064266 ) ) ;
#8069 = EDGE_LOOP ( 'NONE', ( #86, #6506, #12622, #1486 ) ) ;
#8070 = LINE ( 'NONE', #4340, #10304 ) ;
#8071 = EDGE_LOOP ( 'NONE', ( #4562, #2400, #9358, #60 ) ) ;
#8072 =( NAMED_UNIT ( * ) SI_UNIT ( $, .STERADIAN. ) SOLID_ANGLE_UNIT ( ) );
#8073 = EDGE_CURVE ( 'NONE', #11517, #6086, #600, .T. ) ;
#8074 = LINE ( 'NONE', #12744, #12389 ) ;
#8075 = CARTESIAN_POINT ( 'NONE',  ( 0.7499999999999992228, -2.199999999999997957, 4.036762042207656601E-15 ) ) ;
#8076 = ORIENTED_EDGE ( 'NONE', *, *, #357, .F. ) ;
#8077 =( NAMED_UNIT ( * ) SI_UNIT ( $, .STERADIAN. ) SOLID_ANGLE_UNIT ( ) );
#8078 = AXIS2_PLACEMENT_3D ( 'NONE', #2879, #2833, #7043 ) ;
#8079 = PRESENTATION_STYLE_ASSIGNMENT (( #7849 ) ) ;
#8080 = FACE_OUTER_BOUND ( 'NONE', #7076, .T. ) ;
#8081 = ORIENTED_EDGE ( 'NONE', *, *, #7195, .T. ) ;
#8082 = CYLINDRICAL_SURFACE ( 'NONE', #13249, 0.1999999999999970690 ) ;
#8083 = DIRECTION ( 'NONE',  ( -1.000000000000000000, -0.000000000000000000, -0.000000000000000000 ) ) ;
#8084 = AXIS2_PLACEMENT_3D ( 'NONE', #3891, #9096, #7992 ) ;
#8085 = FILL_AREA_STYLE ('',( #2874 ) ) ;
#8086 = EDGE_CURVE ( 'NONE', #7996, #11530, #5419, .T. ) ;
#8087 = CARTESIAN_POINT ( 'NONE',  ( 2.550000000000000266, -0.8499999999999976463, -1.649999999999994804 ) ) ;
#8088 = DIRECTION ( 'NONE',  ( -0.000000000000000000, -0.000000000000000000, -1.000000000000000000 ) ) ;
#8089 = ORIENTED_EDGE ( 'NONE', *, *, #1080, .T. ) ;
#8090 = FILL_AREA_STYLE_COLOUR ( '', #12762 ) ;
#8091 = PLANE ( 'NONE',  #11882 ) ;
#8092 = ADVANCED_FACE ( 'NONE', ( #11535, #6074 ), #2928, .F. ) ;
#8093 = ORIENTED_EDGE ( 'NONE', *, *, #12999, .F. ) ;
#8094 = CARTESIAN_POINT ( 'NONE',  ( -2.400000000000000355, -0.8499999999999976463, -3.099999999999995648 ) ) ;
#8095 = DIRECTION ( 'NONE',  ( 1.000000000000000000, 0.000000000000000000, 0.000000000000000000 ) ) ;
#8096 =( GEOMETRIC_REPRESENTATION_CONTEXT ( 3 ) GLOBAL_UNCERTAINTY_ASSIGNED_CONTEXT ( ( #8344 ) ) GLOBAL_UNIT_ASSIGNED_CONTEXT ( ( #3271, #6375, #5244 ) ) REPRESENTATION_CONTEXT ( 'NONE', 'WORKASPACE' ) );
#8097 = DIRECTION ( 'NONE',  ( 0.000000000000000000, 0.000000000000000000, 1.000000000000000000 ) ) ;
#8098 =( NAMED_UNIT ( * ) PLANE_ANGLE_UNIT ( ) SI_UNIT ( $, .RADIAN. ) );
#8099 = EDGE_CURVE ( 'NONE', #12875, #5879, #267, .T. ) ;
#8100 =( NAMED_UNIT ( * ) SI_UNIT ( $, .STERADIAN. ) SOLID_ANGLE_UNIT ( ) );
#8101 = FILL_AREA_STYLE ('',( #3949 ) ) ;
#8102 = CARTESIAN_POINT ( 'NONE',  ( 2.550000000000000266, -0.8499999999999976463, -1.649999999999994804 ) ) ;
#8103 = COLOUR_RGB ( '',0.1098039215686274495, 0.1098039215686274495, 0.1098039215686274495 ) ;
#8104 = FACE_OUTER_BOUND ( 'NONE', #4217, .T. ) ;
#8105 = AXIS2_PLACEMENT_3D ( 'NONE', #11099, #9956, #3863 ) ;
#8106 = CIRCLE ( 'NONE', #7939, 0.4000000000000027978 ) ;
#8107 = UNCERTAINTY_MEASURE_WITH_UNIT (LENGTH_MEASURE( 1.000000000000000082E-05 ), #8653, 'distance_accuracy_value', 'NONE');
#8108 = ORIENTED_EDGE ( 'NONE', *, *, #10695, .F. ) ;
#8109 = EDGE_LOOP ( 'NONE', ( #6925, #10145, #12589, #6576, #8726, #7136, #4260, #7603 ) ) ;
#8110 = CARTESIAN_POINT ( 'NONE',  ( 1.250000000000032196, 0.8499999999999997558, 0.2500000000000037748 ) ) ;
#8111 = FILL_AREA_STYLE ('',( #4007 ) ) ;
#8112 = MECHANICAL_DESIGN_GEOMETRIC_PRESENTATION_REPRESENTATION (  '', ( #7156 ), #7690 ) ;
#8113 = COLOUR_RGB ( '',1.000000000000000000, 1.000000000000000000, 1.000000000000000000 ) ;
#8114 = CARTESIAN_POINT ( 'NONE',  ( -2.550000000000000266, -1.049999999999999378, 1.650000000000002576 ) ) ;
#8115 = ORIENTED_EDGE ( 'NONE', *, *, #11084, .F. ) ;
#8116 = FILL_AREA_STYLE_COLOUR ( '', #6057 ) ;
#8117 = EDGE_CURVE ( 'NONE', #3387, #4267, #7537, .T. ) ;
#8118 = DIRECTION ( 'NONE',  ( 1.000000000000000000, 0.000000000000000000, 0.000000000000000000 ) ) ;
#8119 = VECTOR ( 'NONE', #2389, 1000.000000000000000 ) ;
#8120 = ORIENTED_EDGE ( 'NONE', *, *, #4669, .T. ) ;
#8121 = PLANE ( 'NONE',  #963 ) ;
#8122 = STYLED_ITEM ( 'NONE', ( #830 ), #11636 ) ;
#8123 = PRESENTATION_LAYER_ASSIGNMENT (  '', '', ( #5343 ) ) ;
#8124 = SURFACE_STYLE_USAGE ( .BOTH. , #12006 ) ;
#8125 = CARTESIAN_POINT ( 'NONE',  ( -0.3000000000000001554, 0.8499999999999993117, -4.832455532033675283 ) ) ;
#8126 = VERTEX_POINT ( 'NONE', #4896 ) ;
#8127 = LINE ( 'NONE', #9143, #3296 ) ;
#8128 = EDGE_CURVE ( 'NONE', #9930, #9300, #6405, .T. ) ;
#8129 = PRESENTATION_STYLE_ASSIGNMENT (( #10276 ) ) ;
#8130 = VERTEX_POINT ( 'NONE', #4987 ) ;
#8131 = FILL_AREA_STYLE ('',( #11356 ) ) ;
#8132 = SURFACE_STYLE_FILL_AREA ( #10902 ) ;
#8133 = ORIENTED_EDGE ( 'NONE', *, *, #4266, .F. ) ;
#8134 = ORIENTED_EDGE ( 'NONE', *, *, #5823, .T. ) ;
#8135 = MECHANICAL_DESIGN_GEOMETRIC_PRESENTATION_REPRESENTATION (  '', ( #9913 ), #11317 ) ;
#8136 = CARTESIAN_POINT ( 'NONE',  ( -0.7500000000000000000, 0.6499999999999998002, -3.824999999999998845 ) ) ;
#8137 = DIRECTION ( 'NONE',  ( 0.000000000000000000, 4.565061778886370529E-16, -1.000000000000000000 ) ) ;
#8138 = CARTESIAN_POINT ( 'NONE',  ( -0.2499999999999835132, 0.8499999999999995337, 2.250000000000007105 ) ) ;
#8139 =( NAMED_UNIT ( * ) PLANE_ANGLE_UNIT ( ) SI_UNIT ( $, .RADIAN. ) );
#8140 =( NAMED_UNIT ( * ) PLANE_ANGLE_UNIT ( ) SI_UNIT ( $, .RADIAN. ) );
#8141 = SURFACE_STYLE_USAGE ( .BOTH. , #5973 ) ;
#8142 = ORIENTED_EDGE ( 'NONE', *, *, #4088, .T. ) ;
#8143 = CARTESIAN_POINT ( 'NONE',  ( 2.499999999999991562, 1.024999999999999689, -0.2999999999999999334 ) ) ;
#8144 =( LENGTH_UNIT ( ) NAMED_UNIT ( * ) SI_UNIT ( .MILLI., .METRE. ) );
#8145 = VECTOR ( 'NONE', #7830, 1000.000000000000000 ) ;
#8146 = CARTESIAN_POINT ( 'NONE',  ( -2.750000000000000000, 0.05000000000000186240, 3.500000000000006661 ) ) ;
#8147 =( NAMED_UNIT ( * ) SI_UNIT ( $, .STERADIAN. ) SOLID_ANGLE_UNIT ( ) );
#8148 = ORIENTED_EDGE ( 'NONE', *, *, #1350, .F. ) ;
#8149 = PRESENTATION_STYLE_ASSIGNMENT (( #12888 ) ) ;
#8150 = DIRECTION ( 'NONE',  ( -0.000000000000000000, 1.000000000000000000, 4.663235150475286828E-17 ) ) ;
#8151 =( GEOMETRIC_REPRESENTATION_CONTEXT ( 3 ) GLOBAL_UNCERTAINTY_ASSIGNED_CONTEXT ( ( #13015 ) ) GLOBAL_UNIT_ASSIGNED_CONTEXT ( ( #8671, #2531, #4258 ) ) REPRESENTATION_CONTEXT ( 'NONE', 'WORKASPACE' ) );
#8152 = VERTEX_POINT ( 'NONE', #12158 ) ;
#8153 = ADVANCED_FACE ( 'NONE', ( #10557 ), #6954, .F. ) ;
#8154 =( LENGTH_UNIT ( ) NAMED_UNIT ( * ) SI_UNIT ( .MILLI., .METRE. ) );
#8155 =( LENGTH_UNIT ( ) NAMED_UNIT ( * ) SI_UNIT ( .MILLI., .METRE. ) );
#8156 =( NAMED_UNIT ( * ) SI_UNIT ( $, .STERADIAN. ) SOLID_ANGLE_UNIT ( ) );
#8157 = PRESENTATION_LAYER_ASSIGNMENT (  '', '', ( #8412 ) ) ;
#8158 =( NAMED_UNIT ( * ) SI_UNIT ( $, .STERADIAN. ) SOLID_ANGLE_UNIT ( ) );
#8159 = EDGE_CURVE ( 'NONE', #6456, #3501, #3983, .T. ) ;
#8160 = CYLINDRICAL_SURFACE ( 'NONE', #1436, 0.2030000000000000693 ) ;
#8161 = CARTESIAN_POINT ( 'NONE',  ( -2.649999999999984368, -0.6000000000000094147, 0.2154700538379264729 ) ) ;
#8162 = CARTESIAN_POINT ( 'NONE',  ( -2.549999999999987388, -0.1499999999999995226, 0.4845299461620730108 ) ) ;
#8163 = ORIENTED_EDGE ( 'NONE', *, *, #4553, .F. ) ;
#8164 = LINE ( 'NONE', #789, #5412 ) ;
#8165 = VECTOR ( 'NONE', #11688, 1000.000000000000000 ) ;
#8166 =( GEOMETRIC_REPRESENTATION_CONTEXT ( 3 ) GLOBAL_UNCERTAINTY_ASSIGNED_CONTEXT ( ( #10711 ) ) GLOBAL_UNIT_ASSIGNED_CONTEXT ( ( #9224, #4109, #7044 ) ) REPRESENTATION_CONTEXT ( 'NONE', 'WORKASPACE' ) );
#8167 = CARTESIAN_POINT ( 'NONE',  ( 2.349999999999985434, -0.6000000000000094147, -0.8309401076758556881 ) ) ;
#8168 = COLOUR_RGB ( '',1.000000000000000000, 1.000000000000000000, 1.000000000000000000 ) ;
#8169 = ORIENTED_EDGE ( 'NONE', *, *, #800, .T. ) ;
#8170 = UNCERTAINTY_MEASURE_WITH_UNIT (LENGTH_MEASURE( 1.000000000000000082E-05 ), #12525, 'distance_accuracy_value', 'NONE');
#8171 = CARTESIAN_POINT ( 'NONE',  ( -2.449999999999984635, -0.1499999999999995226, -0.1309401076758484883 ) ) ;
#8172 = DIRECTION ( 'NONE',  ( -0.000000000000000000, -1.000000000000000000, -0.000000000000000000 ) ) ;
#8173 = MANIFOLD_SOLID_BREP ( 'LPattern1[3]', #7623 ) ;
#8174 = FACE_OUTER_BOUND ( 'NONE', #9157, .T. ) ;
#8175 = DIRECTION ( 'NONE',  ( 0.000000000000000000, 0.000000000000000000, -1.000000000000000000 ) ) ;
#8176 = ORIENTED_EDGE ( 'NONE', *, *, #10961, .T. ) ;
#8177 =( GEOMETRIC_REPRESENTATION_CONTEXT ( 3 ) GLOBAL_UNCERTAINTY_ASSIGNED_CONTEXT ( ( #9973 ) ) GLOBAL_UNIT_ASSIGNED_CONTEXT ( ( #539, #8904, #4680 ) ) REPRESENTATION_CONTEXT ( 'NONE', 'WORKASPACE' ) );
#8178 = CIRCLE ( 'NONE', #10309, 0.2000000000000000944 ) ;
#8179 = CARTESIAN_POINT ( 'NONE',  ( 2.499999999999992895, 0.8249999999999999556, -2.200000000000000178 ) ) ;
#8180 = FACE_OUTER_BOUND ( 'NONE', #10747, .T. ) ;
#8181 =( LENGTH_UNIT ( ) NAMED_UNIT ( * ) SI_UNIT ( .MILLI., .METRE. ) );
#8182 = COLOUR_RGB ( '',0.1098039215686274495, 0.1098039215686274495, 0.1098039215686274495 ) ;
#8183 = EDGE_LOOP ( 'NONE', ( #142, #2338, #612, #7770 ) ) ;
#8184 =( LENGTH_UNIT ( ) NAMED_UNIT ( * ) SI_UNIT ( .MILLI., .METRE. ) );
#8185 = SURFACE_STYLE_USAGE ( .BOTH. , #1007 ) ;
#8186 =( NAMED_UNIT ( * ) SI_UNIT ( $, .STERADIAN. ) SOLID_ANGLE_UNIT ( ) );
#8187 = PLANE ( 'NONE',  #1920 ) ;
#8188 =( NAMED_UNIT ( * ) PLANE_ANGLE_UNIT ( ) SI_UNIT ( $, .RADIAN. ) );
#8189 = ORIENTED_EDGE ( 'NONE', *, *, #169, .T. ) ;
#8190 = FACE_OUTER_BOUND ( 'NONE', #12609, .T. ) ;
#8191 = VECTOR ( 'NONE', #12612, 1000.000000000000000 ) ;
#8192 = VECTOR ( 'NONE', #12648, 1000.000000000000000 ) ;
#8193 = SURFACE_STYLE_FILL_AREA ( #8647 ) ;
#8194 = EDGE_CURVE ( 'NONE', #140, #3137, #8963, .T. ) ;
#8195 = UNCERTAINTY_MEASURE_WITH_UNIT (LENGTH_MEASURE( 1.000000000000000082E-05 ), #1426, 'distance_accuracy_value', 'NONE');
#8196 = VECTOR ( 'NONE', #995, 1000.000000000000000 ) ;
#8197 = ORIENTED_EDGE ( 'NONE', *, *, #7871, .T. ) ;
#8198 = CARTESIAN_POINT ( 'NONE',  ( 2.499999999999991562, 1.024999999999999689, 0.2999999999999999334 ) ) ;
#8199 =( NAMED_UNIT ( * ) PLANE_ANGLE_UNIT ( ) SI_UNIT ( $, .RADIAN. ) );
#8200 = AXIS2_PLACEMENT_3D ( 'NONE', #9426, #1118, #10467 ) ;
#8201 =( GEOMETRIC_REPRESENTATION_CONTEXT ( 3 ) GLOBAL_UNCERTAINTY_ASSIGNED_CONTEXT ( ( #3793 ) ) GLOBAL_UNIT_ASSIGNED_CONTEXT ( ( #7037, #10080, #3932 ) ) REPRESENTATION_CONTEXT ( 'NONE', 'WORKASPACE' ) );
#8202 = SURFACE_SIDE_STYLE ('',( #6121 ) ) ;
#8203 =( NAMED_UNIT ( * ) SI_UNIT ( $, .STERADIAN. ) SOLID_ANGLE_UNIT ( ) );
#8204 = ORIENTED_EDGE ( 'NONE', *, *, #11336, .T. ) ;
#8205 = EDGE_CURVE ( 'NONE', #1258, #4010, #10881, .T. ) ;
#8206 = DIRECTION ( 'NONE',  ( -0.000000000000000000, 1.000000000000000000, -0.000000000000000000 ) ) ;
#8207 = VERTEX_POINT ( 'NONE', #8314 ) ;
#8208 = VECTOR ( 'NONE', #10125, 1000.000000000000000 ) ;
#8209 = VERTEX_POINT ( 'NONE', #5169 ) ;
#8210 = SURFACE_SIDE_STYLE ('',( #359 ) ) ;
#8211 = PRESENTATION_LAYER_ASSIGNMENT (  '', '', ( #6138 ) ) ;
#8212 = CARTESIAN_POINT ( 'NONE',  ( -2.749999999999999556, -0.8499999999999987566, -0.7749999999999983569 ) ) ;
#8213 = PRESENTATION_LAYER_ASSIGNMENT (  '', '', ( #346 ) ) ;
#8214 = FILL_AREA_STYLE ('',( #7215 ) ) ;
#8215 = VECTOR ( 'NONE', #8271, 1000.000000000000000 ) ;
#8216 = AXIS2_PLACEMENT_3D ( 'NONE', #5502, #5465, #9674 ) ;
#8217 = EDGE_LOOP ( 'NONE', ( #421, #9947, #11082, #6589 ) ) ;
#8218 = PRESENTATION_STYLE_ASSIGNMENT (( #5836 ) ) ;
#8219 = VERTEX_POINT ( 'NONE', #7226 ) ;
#8220 = CARTESIAN_POINT ( 'NONE',  ( -0.7500000000000000000, 0.6499999999999998002, 3.774999999999995914 ) ) ;
#8221 = LINE ( 'NONE', #7380, #3070 ) ;
#8222 = DIRECTION ( 'NONE',  ( 0.000000000000000000, 0.000000000000000000, -1.000000000000000000 ) ) ;
#8223 = LINE ( 'NONE', #4611, #2443 ) ;
#8224 = ORIENTED_EDGE ( 'NONE', *, *, #5137, .F. ) ;
#8225 =( NAMED_UNIT ( * ) PLANE_ANGLE_UNIT ( ) SI_UNIT ( $, .RADIAN. ) );
#8226 = SURFACE_SIDE_STYLE ('',( #10392 ) ) ;
#8227 = EDGE_CURVE ( 'NONE', #6602, #2499, #8329, .T. ) ;
#8228 = DIRECTION ( 'NONE',  ( -7.523163845262646182E-31, -1.000000000000000000, -4.336808689942021187E-16 ) ) ;
#8229 =( NAMED_UNIT ( * ) SI_UNIT ( $, .STERADIAN. ) SOLID_ANGLE_UNIT ( ) );
#8230 = ADVANCED_FACE ( 'NONE', ( #7694 ), #12373, .F. ) ;
#8231 =( NAMED_UNIT ( * ) SI_UNIT ( $, .STERADIAN. ) SOLID_ANGLE_UNIT ( ) );
#8232 = SURFACE_STYLE_FILL_AREA ( #3055 ) ;
#8233 =( LENGTH_UNIT ( ) NAMED_UNIT ( * ) SI_UNIT ( .MILLI., .METRE. ) );
#8234 = DIRECTION ( 'NONE',  ( 0.000000000000000000, 0.000000000000000000, 1.000000000000000000 ) ) ;
#8235 = CARTESIAN_POINT ( 'NONE',  ( 2.752999999999991232, 1.027999999999999581, 0.2999999999999999334 ) ) ;
#8236 = ORIENTED_EDGE ( 'NONE', *, *, #4757, .F. ) ;
#8237 = VECTOR ( 'NONE', #11951, 1000.000000000000000 ) ;
#8238 = PLANE ( 'NONE',  #3202 ) ;
#8239 = LINE ( 'NONE', #10046, #10146 ) ;
#8240 = PRESENTATION_STYLE_ASSIGNMENT (( #10664 ) ) ;
#8241 = DIRECTION ( 'NONE',  ( -0.000000000000000000, 1.000000000000000000, 4.565061778886370529E-16 ) ) ;
#8242 = ORIENTED_EDGE ( 'NONE', *, *, #5509, .T. ) ;
#8243 = CARTESIAN_POINT ( 'NONE',  ( -2.550000000000000266, -1.049999999999999378, 1.650000000000002576 ) ) ;
#8244 = ORIENTED_EDGE ( 'NONE', *, *, #2201, .F. ) ;
#8245 = EDGE_CURVE ( 'NONE', #9248, #10960, #5406, .T. ) ;
#8246 = SURFACE_STYLE_FILL_AREA ( #13243 ) ;
#8247 = EDGE_LOOP ( 'NONE', ( #5023, #4821, #1965, #10837 ) ) ;
#8248 = COLOUR_RGB ( '',1.000000000000000000, 1.000000000000000000, 1.000000000000000000 ) ;
#8249 = CARTESIAN_POINT ( 'NONE',  ( 7.899322037525770302E-31, 0.8499999999999988676, 4.305831485013859128E-16 ) ) ;
#8250 = SURFACE_STYLE_USAGE ( .BOTH. , #8418 ) ;
#8251 = DIRECTION ( 'NONE',  ( 0.000000000000000000, -1.000000000000000000, 0.000000000000000000 ) ) ;
#8252 = FILL_AREA_STYLE ('',( #5105 ) ) ;
#8253 = AXIS2_PLACEMENT_3D ( 'NONE', #11412, #10523, #7453 ) ;
#8254 = CARTESIAN_POINT ( 'NONE',  ( 0.3489422312082006705, -1.039999999999999147, 2.413550568363382443 ) ) ;
#8255 = ORIENTED_EDGE ( 'NONE', *, *, #11618, .F. ) ;
#8256 = DIRECTION ( 'NONE',  ( 0.2425356250363329969, 0.9701425001453319874, 6.740703484826196807E-15 ) ) ;
#8257 = UNCERTAINTY_MEASURE_WITH_UNIT (LENGTH_MEASURE( 1.000000000000000082E-05 ), #2870, 'distance_accuracy_value', 'NONE');
#8258 = LINE ( 'NONE', #1344, #7123 ) ;
#8259 = ORIENTED_EDGE ( 'NONE', *, *, #4627, .T. ) ;
#8260 = ORIENTED_EDGE ( 'NONE', *, *, #2918, .F. ) ;
#8261 = DIRECTION ( 'NONE',  ( 1.000000000000000000, 0.000000000000000000, -1.734723475976807094E-15 ) ) ;
#8262 = EDGE_CURVE ( 'NONE', #567, #2499, #589, .T. ) ;
#8263 = FILL_AREA_STYLE ('',( #7273 ) ) ;
#8264 = PRESENTATION_STYLE_ASSIGNMENT (( #8842 ) ) ;
#8265 = VERTEX_POINT ( 'NONE', #1040 ) ;
#8266 = SURFACE_STYLE_USAGE ( .BOTH. , #6099 ) ;
#8267 = SURFACE_SIDE_STYLE ('',( #6725 ) ) ;
#8268 = CIRCLE ( 'NONE', #229, 0.4000000000000080158 ) ;
#8269 = UNCERTAINTY_MEASURE_WITH_UNIT (LENGTH_MEASURE( 1.000000000000000082E-05 ), #6376, 'distance_accuracy_value', 'NONE');
#8270 = PRESENTATION_STYLE_ASSIGNMENT (( #11852 ) ) ;
#8271 = DIRECTION ( 'NONE',  ( 1.275531967630005245E-16, 4.464361886705018606E-16, -1.000000000000000000 ) ) ;
#8272 = ORIENTED_EDGE ( 'NONE', *, *, #5446, .T. ) ;
#8273 = EDGE_CURVE ( 'NONE', #5047, #1888, #2863, .T. ) ;
#8274 = DIRECTION ( 'NONE',  ( -0.000000000000000000, 1.000000000000000000, 8.673617379884032317E-15 ) ) ;
#8275 = CARTESIAN_POINT ( 'NONE',  ( 0.000000000000000000, -0.04999999999999796274, -1.426581805901601290E-17 ) ) ;
#8276 = DIRECTION ( 'NONE',  ( 1.000000000000000000, 0.000000000000000000, 7.885106708985466847E-17 ) ) ;
#8277 = STYLED_ITEM ( 'NONE', ( #5052 ), #10686 ) ;
#8278 = PRESENTATION_LAYER_ASSIGNMENT (  '', '', ( #2597 ) ) ;
#8279 = CIRCLE ( 'NONE', #11601, 0.1999999999999987343 ) ;
#8280 = VERTEX_POINT ( 'NONE', #5242 ) ;
#8281 = EDGE_CURVE ( 'NONE', #2628, #3250, #5570, .T. ) ;
#8282 = DIRECTION ( 'NONE',  ( 0.000000000000000000, -4.336808689942021187E-16, 1.000000000000000000 ) ) ;
#8283 = FACE_OUTER_BOUND ( 'NONE', #7257, .T. ) ;
#8284 = LINE ( 'NONE', #8621, #5526 ) ;
#8285 = ORIENTED_EDGE ( 'NONE', *, *, #9004, .F. ) ;
#8286 = CARTESIAN_POINT ( 'NONE',  ( -0.7500000000000008882, -2.199999999999997957, 4.036762042207656601E-15 ) ) ;
#8287 = CARTESIAN_POINT ( 'NONE',  ( -2.749999999999999556, -0.6000000000000094147, 0.8309401076758483606 ) ) ;
#8288 =( GEOMETRIC_REPRESENTATION_CONTEXT ( 3 ) GLOBAL_UNCERTAINTY_ASSIGNED_CONTEXT ( ( #8743 ) ) GLOBAL_UNIT_ASSIGNED_CONTEXT ( ( #684, #588, #7895 ) ) REPRESENTATION_CONTEXT ( 'NONE', 'WORKASPACE' ) );
#8289 = AXIS2_PLACEMENT_3D ( 'NONE', #7144, #9236, #2935 ) ;
#8290 = ADVANCED_FACE ( 'NONE', ( #11381 ), #6152, .F. ) ;
#8291 = DIRECTION ( 'NONE',  ( -0.000000000000000000, 1.000000000000000000, -0.000000000000000000 ) ) ;
#8292 =( NAMED_UNIT ( * ) SI_UNIT ( $, .STERADIAN. ) SOLID_ANGLE_UNIT ( ) );
#8293 = ORIENTED_EDGE ( 'NONE', *, *, #6668, .T. ) ;
#8294 = MECHANICAL_DESIGN_GEOMETRIC_PRESENTATION_REPRESENTATION (  '', ( #1341 ), #6896 ) ;
#8295 = VECTOR ( 'NONE', #1445, 1000.000000000000000 ) ;
#8296 = FACE_OUTER_BOUND ( 'NONE', #8644, .T. ) ;
#8297 = DIRECTION ( 'NONE',  ( 1.000000000000000000, 0.000000000000000000, -9.048703177302543690E-15 ) ) ;
#8298 = PRESENTATION_STYLE_ASSIGNMENT (( #10585 ) ) ;
#8299 = AXIS2_PLACEMENT_3D ( 'NONE', #8254, #11210, #11519 ) ;
#8300 = AXIS2_PLACEMENT_3D ( 'NONE', #3919, #10115, #11257 ) ;
#8301 = ORIENTED_EDGE ( 'NONE', *, *, #4437, .T. ) ;
#8302 = DIRECTION ( 'NONE',  ( 1.000000000000000000, 0.000000000000000000, -0.000000000000000000 ) ) ;
#8303 = COLOUR_RGB ( '',1.000000000000000000, 1.000000000000000000, 1.000000000000000000 ) ;
#8304 = EDGE_CURVE ( 'NONE', #7637, #3979, #10233, .T. ) ;
#8305 = ORIENTED_EDGE ( 'NONE', *, *, #11499, .T. ) ;
#8306 = SURFACE_STYLE_FILL_AREA ( #1664 ) ;
#8307 = ORIENTED_EDGE ( 'NONE', *, *, #7195, .F. ) ;
#8308 = FACE_OUTER_BOUND ( 'NONE', #207, .T. ) ;
#8309 = ADVANCED_FACE ( 'NONE', ( #11522 ), #10571, .F. ) ;
#8310 = PRESENTATION_STYLE_ASSIGNMENT (( #10013 ) ) ;
#8311 = MECHANICAL_DESIGN_GEOMETRIC_PRESENTATION_REPRESENTATION (  '', ( #11983 ), #2123 ) ;
#8312 = CARTESIAN_POINT ( 'NONE',  ( 2.750000000000000888, -1.049999999999999378, 3.100000000000002309 ) ) ;
#8313 = ORIENTED_EDGE ( 'NONE', *, *, #7518, .T. ) ;
#8314 = CARTESIAN_POINT ( 'NONE',  ( 0.2500000000000164868, 1.050000000000000044, -2.750000000000000000 ) ) ;
#8315 = DIRECTION ( 'NONE',  ( 0.000000000000000000, 0.000000000000000000, 1.000000000000000000 ) ) ;
#8316 = MECHANICAL_DESIGN_GEOMETRIC_PRESENTATION_REPRESENTATION (  '', ( #9988 ), #11052 ) ;
#8317 = FILL_AREA_STYLE ('',( #2298 ) ) ;
#8318 = DIRECTION ( 'NONE',  ( -1.000000000000000000, 0.000000000000000000, 0.000000000000000000 ) ) ;
#8319 = CARTESIAN_POINT ( 'NONE',  ( 0.2098559705573156131, -1.039999999999999147, 3.124166730570993700 ) ) ;
#8320 = DIRECTION ( 'NONE',  ( 0.000000000000000000, 0.000000000000000000, 1.000000000000000000 ) ) ;
#8321 = AXIS2_PLACEMENT_3D ( 'NONE', #8899, #1684, #10920 ) ;
#8322 = FACE_OUTER_BOUND ( 'NONE', #10528, .T. ) ;
#8323 = CARTESIAN_POINT ( 'NONE',  ( 2.750000000000000000, -0.8499999999999978684, -2.624999999999999112 ) ) ;
#8324 =( LENGTH_UNIT ( ) NAMED_UNIT ( * ) SI_UNIT ( .MILLI., .METRE. ) );
#8325 = ORIENTED_EDGE ( 'NONE', *, *, #6207, .F. ) ;
#8326 = EDGE_CURVE ( 'NONE', #3355, #12743, #753, .T. ) ;
#8327 = ORIENTED_EDGE ( 'NONE', *, *, #6318, .F. ) ;
#8328 = CYLINDRICAL_SURFACE ( 'NONE', #2073, 0.002999999999999964501 ) ;
#8329 = LINE ( 'NONE', #7130, #8796 ) ;
#8330 = CARTESIAN_POINT ( 'NONE',  ( 2.249999999999982236, -0.1499999999999995226, -0.3113248654051922193 ) ) ;
#8331 = MECHANICAL_DESIGN_GEOMETRIC_PRESENTATION_REPRESENTATION (  '', ( #9169 ), #212 ) ;
#8332 =( LENGTH_UNIT ( ) NAMED_UNIT ( * ) SI_UNIT ( .MILLI., .METRE. ) );
#8333 = FACE_OUTER_BOUND ( 'NONE', #8515, .T. ) ;
#8334 = FILL_AREA_STYLE_COLOUR ( '', #12237 ) ;
#8335 = SURFACE_STYLE_USAGE ( .BOTH. , #6265 ) ;
#8336 = LINE ( 'NONE', #10111, #2871 ) ;
#8337 = LINE ( 'NONE', #7662, #8808 ) ;
#8338 = DIRECTION ( 'NONE',  ( 0.000000000000000000, -1.239088197126289831E-16, 1.000000000000000000 ) ) ;
#8339 = ORIENTED_EDGE ( 'NONE', *, *, #8245, .T. ) ;
#8340 = MECHANICAL_DESIGN_GEOMETRIC_PRESENTATION_REPRESENTATION (  '', ( #12198 ), #11511 ) ;
#8341 =( NAMED_UNIT ( * ) SI_UNIT ( $, .STERADIAN. ) SOLID_ANGLE_UNIT ( ) );
#8342 = EDGE_CURVE ( 'NONE', #11735, #4671, #9569, .T. ) ;
#8343 = ORIENTED_EDGE ( 'NONE', *, *, #4103, .F. ) ;
#8344 = UNCERTAINTY_MEASURE_WITH_UNIT (LENGTH_MEASURE( 1.000000000000000082E-05 ), #3271, 'distance_accuracy_value', 'NONE');
#8345 = MANIFOLD_SOLID_BREP ( 'LPattern1[1]', #12190 ) ;
#8346 = LINE ( 'NONE', #10495, #8191 ) ;
#8347 = LINE ( 'NONE', #9304, #2414 ) ;
#8348 = ORIENTED_EDGE ( 'NONE', *, *, #5388, .T. ) ;
#8349 = AXIS2_PLACEMENT_3D ( 'NONE', #601, #9839, #5674 ) ;
#8350 = DIRECTION ( 'NONE',  ( 0.000000000000000000, 0.000000000000000000, -1.000000000000000000 ) ) ;
#8351 =( LENGTH_UNIT ( ) NAMED_UNIT ( * ) SI_UNIT ( .MILLI., .METRE. ) );
#8352 = DIRECTION ( 'NONE',  ( 0.000000000000000000, -1.000000000000000000, 0.000000000000000000 ) ) ;
#8353 = CARTESIAN_POINT ( 'NONE',  ( 2.552999999999991054, 1.028000000000000025, -2.200000000000000178 ) ) ;
#8354 = ADVANCED_FACE ( 'NONE', ( #10381 ), #9405, .F. ) ;
#8355 = DIRECTION ( 'NONE',  ( -0.000000000000000000, -0.000000000000000000, -1.000000000000000000 ) ) ;
#8356 =( GEOMETRIC_REPRESENTATION_CONTEXT ( 3 ) GLOBAL_UNCERTAINTY_ASSIGNED_CONTEXT ( ( #6757 ) ) GLOBAL_UNIT_ASSIGNED_CONTEXT ( ( #7138, #3992, #11187 ) ) REPRESENTATION_CONTEXT ( 'NONE', 'WORKASPACE' ) );
#8357 = MECHANICAL_DESIGN_GEOMETRIC_PRESENTATION_REPRESENTATION (  '', ( #9515 ), #11856 ) ;
#8358 = LINE ( 'NONE', #3898, #7216 ) ;
#8359 = ORIENTED_EDGE ( 'NONE', *, *, #13165, .T. ) ;
#8360 = DIRECTION ( 'NONE',  ( 0.000000000000000000, -0.000000000000000000, -1.000000000000000000 ) ) ;
#8361 = SURFACE_SIDE_STYLE ('',( #3927 ) ) ;
#8362 = CARTESIAN_POINT ( 'NONE',  ( 2.550000000000000266, -1.049999999999999156, -1.850000000000007860 ) ) ;
#8363 = FACE_OUTER_BOUND ( 'NONE', #6271, .T. ) ;
#8364 = FILL_AREA_STYLE_COLOUR ( '', #2912 ) ;
#8365 = ORIENTED_EDGE ( 'NONE', *, *, #6253, .F. ) ;
#8366 = EDGE_LOOP ( 'NONE', ( #11466, #7765, #4085, #4744 ) ) ;
#8367 = SURFACE_STYLE_USAGE ( .BOTH. , #12523 ) ;
#8368 = CARTESIAN_POINT ( 'NONE',  ( -2.750000000000000000, -0.8499999999999978684, 3.100000000000001421 ) ) ;
#8369 = MECHANICAL_DESIGN_GEOMETRIC_PRESENTATION_REPRESENTATION (  '', ( #10852 ), #521 ) ;
#8370 = VECTOR ( 'NONE', #1014, 1000.000000000000000 ) ;
#8371 = ORIENTED_EDGE ( 'NONE', *, *, #13259, .F. ) ;
#8372 = EDGE_CURVE ( 'NONE', #8926, #8469, #6381, .T. ) ;
#8373 = ADVANCED_FACE ( 'NONE', ( #2854 ), #3311, .F. ) ;
#8374 = CARTESIAN_POINT ( 'NONE',  ( 2.750000000000000000, -0.8499999999999978684, 3.100000000000001421 ) ) ;
#8375 = DIRECTION ( 'NONE',  ( -1.000000000000000000, 0.000000000000000000, 0.000000000000000000 ) ) ;
#8376 = SURFACE_STYLE_USAGE ( .BOTH. , #12394 ) ;
#8377 = VERTEX_POINT ( 'NONE', #12590 ) ;
#8378 = DIRECTION ( 'NONE',  ( 0.000000000000000000, 1.000000000000000000, 1.908195823574532611E-14 ) ) ;
#8379 = MECHANICAL_DESIGN_GEOMETRIC_PRESENTATION_REPRESENTATION (  '', ( #987 ), #1673 ) ;
#8380 = CARTESIAN_POINT ( 'NONE',  ( 0.3650520561889786242, -1.039999999999999147, 2.947366081294554352 ) ) ;
#8381 = LINE ( 'NONE', #1962, #2596 ) ;
#8382 = FILL_AREA_STYLE_COLOUR ( '', #9894 ) ;
#8383 = EDGE_CURVE ( 'NONE', #3245, #5072, #3795, .T. ) ;
#8384 = PLANE ( 'NONE',  #9701 ) ;
#8385 = ORIENTED_EDGE ( 'NONE', *, *, #12410, .F. ) ;
#8386 = CARTESIAN_POINT ( 'NONE',  ( 2.649999999999983480, -0.1499999999999995226, -0.3113248654051880004 ) ) ;
#8387 = AXIS2_PLACEMENT_3D ( 'NONE', #813, #8000, #8056 ) ;
#8388 = DIRECTION ( 'NONE',  ( 1.000000000000000000, 0.000000000000000000, 0.000000000000000000 ) ) ;
#8389 = ORIENTED_EDGE ( 'NONE', *, *, #1080, .F. ) ;
#8390 = EDGE_CURVE ( 'NONE', #12756, #1239, #6685, .T. ) ;
#8391 = PRESENTATION_LAYER_ASSIGNMENT (  '', '', ( #10880 ) ) ;
#8392 = DIRECTION ( 'NONE',  ( -1.000000000000000000, 0.000000000000000000, -1.577021341797093369E-16 ) ) ;
#8393 = ORIENTED_EDGE ( 'NONE', *, *, #1350, .T. ) ;
#8394 = COLOUR_RGB ( '',1.000000000000000000, 1.000000000000000000, 1.000000000000000000 ) ;
#8395 = ORIENTED_EDGE ( 'NONE', *, *, #4052, .F. ) ;
#8396 = EDGE_CURVE ( 'NONE', #6690, #7386, #12629, .T. ) ;
#8397 = ORIENTED_EDGE ( 'NONE', *, *, #8451, .T. ) ;
#8398 = CARTESIAN_POINT ( 'NONE',  ( -0.2499999999999835132, 0.8499999999999995337, 2.250000000000007105 ) ) ;
#8399 =( NAMED_UNIT ( * ) SI_UNIT ( $, .STERADIAN. ) SOLID_ANGLE_UNIT ( ) );
#8400 =( NAMED_UNIT ( * ) PLANE_ANGLE_UNIT ( ) SI_UNIT ( $, .RADIAN. ) );
#8401 = CARTESIAN_POINT ( 'NONE',  ( -2.499999999999999112, 1.024999999999999689, 0.2999999999999999334 ) ) ;
#8402 = DIRECTION ( 'NONE',  ( 0.000000000000000000, 1.000000000000000000, 1.951563910473908297E-14 ) ) ;
#8403 = ORIENTED_EDGE ( 'NONE', *, *, #11663, .F. ) ;
#8404 =( NAMED_UNIT ( * ) PLANE_ANGLE_UNIT ( ) SI_UNIT ( $, .RADIAN. ) );
#8405 = DIRECTION ( 'NONE',  ( -0.000000000000000000, -0.000000000000000000, -1.000000000000000000 ) ) ;
#8406 =( GEOMETRIC_REPRESENTATION_CONTEXT ( 3 ) GLOBAL_UNCERTAINTY_ASSIGNED_CONTEXT ( ( #5352 ) ) GLOBAL_UNIT_ASSIGNED_CONTEXT ( ( #6341, #11498, #3319 ) ) REPRESENTATION_CONTEXT ( 'NONE', 'WORKASPACE' ) );
#8407 = FACE_BOUND ( 'NONE', #2600, .T. ) ;
#8408 = ORIENTED_EDGE ( 'NONE', *, *, #8014, .T. ) ;
#8409 = VECTOR ( 'NONE', #3316, 1000.000000000000000 ) ;
#8410 = EDGE_LOOP ( 'NONE', ( #10616, #4497, #12171, #9456 ) ) ;
#8411 = DIRECTION ( 'NONE',  ( -1.000000000000000000, -0.000000000000000000, -0.000000000000000000 ) ) ;
#8412 = STYLED_ITEM ( 'NONE', ( #7153 ), #5993 ) ;
#8413 = FILL_AREA_STYLE ('',( #1334 ) ) ;
#8414 = CARTESIAN_POINT ( 'NONE',  ( 1.500000000000000000, -1.050000000000000044, -3.500000000000000000 ) ) ;
#8415 = EDGE_CURVE ( 'NONE', #5906, #1875, #11666, .T. ) ;
#8416 = UNCERTAINTY_MEASURE_WITH_UNIT (LENGTH_MEASURE( 1.000000000000000082E-05 ), #3688, 'distance_accuracy_value', 'NONE');
#8417 = ADVANCED_FACE ( 'NONE', ( #8322 ), #10702, .F. ) ;
#8418 = SURFACE_SIDE_STYLE ('',( #2213 ) ) ;
#8419 = ORIENTED_EDGE ( 'NONE', *, *, #10532, .T. ) ;
#8420 = SURFACE_SIDE_STYLE ('',( #10642 ) ) ;
#8421 = ORIENTED_EDGE ( 'NONE', *, *, #8441, .T. ) ;
#8422 = PRESENTATION_LAYER_ASSIGNMENT (  '', '', ( #5394 ) ) ;
#8423 = COLOUR_RGB ( '',0.6941176470588235059, 0.09803921568627450844, 0.09803921568627450844 ) ;
#8424 = FACE_OUTER_BOUND ( 'NONE', #8366, .T. ) ;
#8425 = PRESENTATION_LAYER_ASSIGNMENT (  '', '', ( #9961 ) ) ;
#8426 = ORIENTED_EDGE ( 'NONE', *, *, #11810, .T. ) ;
#8427 = UNCERTAINTY_MEASURE_WITH_UNIT (LENGTH_MEASURE( 1.000000000000000082E-05 ), #7924, 'distance_accuracy_value', 'NONE');
#8428 = SURFACE_STYLE_USAGE ( .BOTH. , #9389 ) ;
#8429 = SURFACE_STYLE_FILL_AREA ( #8085 ) ;
#8430 = EDGE_LOOP ( 'NONE', ( #11644, #10189, #13282, #6012 ) ) ;
#8431 = VERTEX_POINT ( 'NONE', #9570 ) ;
#8432 = CARTESIAN_POINT ( 'NONE',  ( -0.8499999999999996447, -1.049999999999999156, -1.800000000000000044 ) ) ;
#8433 =( NAMED_UNIT ( * ) SI_UNIT ( $, .STERADIAN. ) SOLID_ANGLE_UNIT ( ) );
#8434 =( LENGTH_UNIT ( ) NAMED_UNIT ( * ) SI_UNIT ( .MILLI., .METRE. ) );
#8435 = CARTESIAN_POINT ( 'NONE',  ( 0.000000000000000000, -1.039999999999999147, 0.000000000000000000 ) ) ;
#8436 = ORIENTED_EDGE ( 'NONE', *, *, #3110, .T. ) ;
#8437 = CARTESIAN_POINT ( 'NONE',  ( 2.552999999999984393, 2.050000000000049116, 2.200000000000000178 ) ) ;
#8438 = DIRECTION ( 'NONE',  ( 0.000000000000000000, 0.000000000000000000, -1.000000000000000000 ) ) ;
#8439 = VECTOR ( 'NONE', #2431, 1000.000000000000114 ) ;
#8440 = VERTEX_POINT ( 'NONE', #12769 ) ;
#8441 = EDGE_CURVE ( 'NONE', #8450, #10935, #8465, .T. ) ;
#8442 = ORIENTED_EDGE ( 'NONE', *, *, #4856, .T. ) ;
#8443 = DIRECTION ( 'NONE',  ( 0.000000000000000000, 1.000000000000000000, 0.000000000000000000 ) ) ;
#8444 = ORIENTED_EDGE ( 'NONE', *, *, #13052, .F. ) ;
#8445 = DIRECTION ( 'NONE',  ( 0.000000000000000000, 0.000000000000000000, 1.000000000000000000 ) ) ;
#8446 = CARTESIAN_POINT ( 'NONE',  ( -2.549999999999998490, 0.8249999999999992895, 2.799999999999999822 ) ) ;
#8447 = MECHANICAL_DESIGN_GEOMETRIC_PRESENTATION_REPRESENTATION (  '', ( #10058 ), #12982 ) ;
#8448 = AXIS2_PLACEMENT_3D ( 'NONE', #8045, #5964, #3845 ) ;
#8449 = CARTESIAN_POINT ( 'NONE',  ( -0.2499999999999835132, 0.8499999999999999778, -2.249999999999999556 ) ) ;
#8450 = VERTEX_POINT ( 'NONE', #474 ) ;
#8451 = EDGE_CURVE ( 'NONE', #4514, #2830, #9558, .T. ) ;
#8452 = DIRECTION ( 'NONE',  ( 0.000000000000000000, -1.000000000000000000, 0.000000000000000000 ) ) ;
#8453 = CIRCLE ( 'NONE', #8970, 0.3999999999999999667 ) ;
#8454 = PLANE ( 'NONE',  #9038 ) ;
#8455 = FILL_AREA_STYLE ('',( #3427 ) ) ;
#8456 = DIRECTION ( 'NONE',  ( 0.000000000000000000, 0.000000000000000000, 1.000000000000000000 ) ) ;
#8457 = ORIENTED_EDGE ( 'NONE', *, *, #1466, .F. ) ;
#8458 = PRESENTATION_LAYER_ASSIGNMENT (  '', '', ( #11633 ) ) ;
#8459 = AXIS2_PLACEMENT_3D ( 'NONE', #2408, #11553, #5390 ) ;
#8460 = PRESENTATION_STYLE_ASSIGNMENT (( #6482 ) ) ;
#8461 = SURFACE_SIDE_STYLE ('',( #569 ) ) ;
#8462 = EDGE_CURVE ( 'NONE', #1937, #7445, #4101, .T. ) ;
#8463 = CARTESIAN_POINT ( 'NONE',  ( -0.2130186765629382140, -1.039999999999999147, 2.751416432946642399 ) ) ;
#8464 = VERTEX_POINT ( 'NONE', #1535 ) ;
#8465 = LINE ( 'NONE', #12721, #2838 ) ;
#8466 = CARTESIAN_POINT ( 'NONE',  ( 2.749999999999983125, -0.1499999999999995226, 0.6999999999999979572 ) ) ;
#8467 = MECHANICAL_DESIGN_GEOMETRIC_PRESENTATION_REPRESENTATION (  '', ( #12833 ), #3390 ) ;
#8468 = CARTESIAN_POINT ( 'NONE',  ( -0.3000000000000001554, 0.6499999999999993561, 3.850000000000006750 ) ) ;
#8469 = VERTEX_POINT ( 'NONE', #9663 ) ;
#8470 = EDGE_CURVE ( 'NONE', #3730, #5917, #11021, .T. ) ;
#8471 = LINE ( 'NONE', #7814, #6857 ) ;
#8472 = CARTESIAN_POINT ( 'NONE',  ( 2.750000000000000000, -1.049999999999999156, -1.649999999999994804 ) ) ;
#8473 = SURFACE_STYLE_USAGE ( .BOTH. , #9392 ) ;
#8474 = FACE_OUTER_BOUND ( 'NONE', #1942, .T. ) ;
#8475 = COLOUR_RGB ( '',1.000000000000000000, 1.000000000000000000, 1.000000000000000000 ) ;
#8476 =( NAMED_UNIT ( * ) PLANE_ANGLE_UNIT ( ) SI_UNIT ( $, .RADIAN. ) );
#8477 = DIRECTION ( 'NONE',  ( 0.000000000000000000, 0.000000000000000000, 1.000000000000000000 ) ) ;
#8478 = FILL_AREA_STYLE ('',( #5326 ) ) ;
#8479 = ADVANCED_FACE ( 'NONE', ( #7334 ), #557, .F. ) ;
#8480 =( LENGTH_UNIT ( ) NAMED_UNIT ( * ) SI_UNIT ( .MILLI., .METRE. ) );
#8481 = AXIS2_PLACEMENT_3D ( 'NONE', #7805, #8821, #9740 ) ;
#8482 = LINE ( 'NONE', #867, #11672 ) ;
#8483 = VERTEX_POINT ( 'NONE', #4462 ) ;
#8484 = CARTESIAN_POINT ( 'NONE',  ( 2.552999999999983949, 2.050000000000049560, 0.2999999999999999334 ) ) ;
#8485 = LINE ( 'NONE', #3535, #9751 ) ;
#8486 = APPLICATION_PROTOCOL_DEFINITION ( 'draft international standard', 'automotive_design', 1998, #1276 ) ;
#8487 = FILL_AREA_STYLE ('',( #10279 ) ) ;
#8488 = DIRECTION ( 'NONE',  ( 0.000000000000000000, -1.000000000000000000, 0.000000000000000000 ) ) ;
#8489 = EDGE_CURVE ( 'NONE', #1931, #6640, #398, .T. ) ;
#8490 = PRESENTATION_STYLE_ASSIGNMENT (( #12421 ) ) ;
#8491 = ORIENTED_EDGE ( 'NONE', *, *, #9972, .F. ) ;
#8492 = CARTESIAN_POINT ( 'NONE',  ( -2.349999999999990763, -0.1499999999999995226, 0.8309401076758556881 ) ) ;
#8493 = ORIENTED_EDGE ( 'NONE', *, *, #253, .T. ) ;
#8494 = COLOUR_RGB ( '',1.000000000000000000, 1.000000000000000000, 1.000000000000000000 ) ;
#8495 = VERTEX_POINT ( 'NONE', #599 ) ;
#8496 = DIRECTION ( 'NONE',  ( 1.734723475976807094E-15, -1.239088197126289831E-16, 1.000000000000000000 ) ) ;
#8497 =( NAMED_UNIT ( * ) SI_UNIT ( $, .STERADIAN. ) SOLID_ANGLE_UNIT ( ) );
#8498 = STYLED_ITEM ( 'NONE', ( #9095 ), #8345 ) ;
#8499 =( NAMED_UNIT ( * ) SI_UNIT ( $, .STERADIAN. ) SOLID_ANGLE_UNIT ( ) );
#8500 = CARTESIAN_POINT ( 'NONE',  ( -2.449999999999985523, -0.1499999999999995226, 0.3113248654051866127 ) ) ;
#8501 = VECTOR ( 'NONE', #2741, 1000.000000000000000 ) ;
#8502 = DIRECTION ( 'NONE',  ( 0.000000000000000000, 4.336808689942021187E-16, -1.000000000000000000 ) ) ;
#8503 = DIRECTION ( 'NONE',  ( 0.000000000000000000, 0.000000000000000000, 1.000000000000000000 ) ) ;
#8504 = ORIENTED_EDGE ( 'NONE', *, *, #223, .T. ) ;
#8505 = CARTESIAN_POINT ( 'NONE',  ( 0.6143083776277784569, -1.039999999999999147, 2.864768817329525152 ) ) ;
#8506 = UNCERTAINTY_MEASURE_WITH_UNIT (LENGTH_MEASURE( 1.000000000000000082E-05 ), #697, 'distance_accuracy_value', 'NONE');
#8507 = CARTESIAN_POINT ( 'NONE',  ( -2.750000000000000000, 1.049999999999999378, 3.500000000000006217 ) ) ;
#8508 = UNCERTAINTY_MEASURE_WITH_UNIT (LENGTH_MEASURE( 1.000000000000000082E-05 ), #5620, 'distance_accuracy_value', 'NONE');
#8509 = SURFACE_STYLE_FILL_AREA ( #4617 ) ;
#8510 = PRESENTATION_LAYER_ASSIGNMENT (  '', '', ( #6440 ) ) ;
#8511 = LINE ( 'NONE', #1084, #3684 ) ;
#8512 = FACE_OUTER_BOUND ( 'NONE', #5322, .T. ) ;
#8513 = LINE ( 'NONE', #6818, #7061 ) ;
#8514 = LINE ( 'NONE', #6324, #8196 ) ;
#8515 = EDGE_LOOP ( 'NONE', ( #704, #2673, #3210, #4878 ) ) ;
#8516 = PLANE ( 'NONE',  #2349 ) ;
#8517 = EDGE_CURVE ( 'NONE', #5582, #1058, #7174, .T. ) ;
#8518 = FILL_AREA_STYLE_COLOUR ( '', #4535 ) ;
#8519 = SURFACE_STYLE_FILL_AREA ( #52 ) ;
#8520 = VERTEX_POINT ( 'NONE', #11690 ) ;
#8521 = DIRECTION ( 'NONE',  ( -1.000000000000000000, -0.000000000000000000, -0.000000000000000000 ) ) ;
#8522 = STYLED_ITEM ( 'NONE', ( #9189 ), #9542 ) ;
#8523 = ORIENTED_EDGE ( 'NONE', *, *, #9527, .T. ) ;
#8524 = SURFACE_SIDE_STYLE ('',( #13277 ) ) ;
#8525 = COLOUR_RGB ( '',1.000000000000000000, 1.000000000000000000, 1.000000000000000000 ) ;
#8526 = EDGE_CURVE ( 'NONE', #3334, #10968, #244, .T. ) ;
#8527 = VECTOR ( 'NONE', #7271, 1000.000000000000000 ) ;
#8528 = ORIENTED_EDGE ( 'NONE', *, *, #5670, .F. ) ;
#8529 = DIRECTION ( 'NONE',  ( 0.000000000000000000, -1.000000000000000000, -6.938893903907271765E-15 ) ) ;
#8530 = CARTESIAN_POINT ( 'NONE',  ( -2.100000000000000533, -0.6999999999999979572, 1.400000000000004574 ) ) ;
#8531 = MECHANICAL_DESIGN_GEOMETRIC_PRESENTATION_REPRESENTATION (  '', ( #7857 ), #7598 ) ;
#8532 = DIRECTION ( 'NONE',  ( 0.5122628712702833598, 0.000000000000000000, 0.8588287086013863814 ) ) ;
#8533 = SURFACE_STYLE_FILL_AREA ( #10053 ) ;
#8534 = CARTESIAN_POINT ( 'NONE',  ( 2.350000000000000089, 0.05000000000000274364, 3.774999999999995914 ) ) ;
#8535 =( NAMED_UNIT ( * ) SI_UNIT ( $, .STERADIAN. ) SOLID_ANGLE_UNIT ( ) );
#8536 = DIRECTION ( 'NONE',  ( -1.000000000000000000, 0.000000000000000000, 0.000000000000000000 ) ) ;
#8537 = ORIENTED_EDGE ( 'NONE', *, *, #7359, .T. ) ;
#8538 = VECTOR ( 'NONE', #4377, 1000.000000000000000 ) ;
#8539 = CARTESIAN_POINT ( 'NONE',  ( -2.550000000000000266, -1.049999999999999378, 2.600000000000002309 ) ) ;
#8540 = COLOUR_RGB ( '',1.000000000000000000, 1.000000000000000000, 1.000000000000000000 ) ;
#8541 = FACE_OUTER_BOUND ( 'NONE', #7217, .T. ) ;
#8542 = ORIENTED_EDGE ( 'NONE', *, *, #204, .T. ) ;
#8543 =( GEOMETRIC_REPRESENTATION_CONTEXT ( 3 ) GLOBAL_UNCERTAINTY_ASSIGNED_CONTEXT ( ( #13091 ) ) GLOBAL_UNIT_ASSIGNED_CONTEXT ( ( #7966, #1827, #722 ) ) REPRESENTATION_CONTEXT ( 'NONE', 'WORKASPACE' ) );
#8544 = FILL_AREA_STYLE ('',( #6635 ) ) ;
#8545 = EDGE_CURVE ( 'NONE', #8280, #9067, #9242, .T. ) ;
#8546 =( NAMED_UNIT ( * ) SI_UNIT ( $, .STERADIAN. ) SOLID_ANGLE_UNIT ( ) );
#8547 = ORIENTED_EDGE ( 'NONE', *, *, #4230, .F. ) ;
#8548 =( NAMED_UNIT ( * ) PLANE_ANGLE_UNIT ( ) SI_UNIT ( $, .RADIAN. ) );
#8549 = CARTESIAN_POINT ( 'NONE',  ( -2.549999999999998934, 1.024999999999999689, 0.2999999999999999334 ) ) ;
#8550 = DIRECTION ( 'NONE',  ( -0.000000000000000000, 1.000000000000000000, 6.938893903907270187E-15 ) ) ;
#8551 = AXIS2_PLACEMENT_3D ( 'NONE', #1491, #2477, #4422 ) ;
#8552 = LINE ( 'NONE', #9831, #7433 ) ;
#8553 = ORIENTED_EDGE ( 'NONE', *, *, #3331, .F. ) ;
#8554 = COLOUR_RGB ( '',1.000000000000000000, 1.000000000000000000, 1.000000000000000000 ) ;
#8555 = VERTEX_POINT ( 'NONE', #1711 ) ;
#8556 = ADVANCED_FACE ( 'NONE', ( #10868 ), #11959, .F. ) ;
#8557 = DIRECTION ( 'NONE',  ( -1.000000000000000000, 2.022355872382427376E-31, -4.336808689942013003E-15 ) ) ;
#8558 = EDGE_CURVE ( 'NONE', #11580, #1931, #572, .T. ) ;
#8559 = SURFACE_STYLE_USAGE ( .BOTH. , #3385 ) ;
#8560 = FILL_AREA_STYLE_COLOUR ( '', #386 ) ;
#8561 = FILL_AREA_STYLE_COLOUR ( '', #5990 ) ;
#8562 =( GEOMETRIC_REPRESENTATION_CONTEXT ( 3 ) GLOBAL_UNCERTAINTY_ASSIGNED_CONTEXT ( ( #8915 ) ) GLOBAL_UNIT_ASSIGNED_CONTEXT ( ( #3984, #8225, #6151 ) ) REPRESENTATION_CONTEXT ( 'NONE', 'WORKASPACE' ) );
#8563 = ORIENTED_EDGE ( 'NONE', *, *, #11126, .T. ) ;
#8564 = VECTOR ( 'NONE', #13201, 1000.000000000000000 ) ;
#8565 = ORIENTED_EDGE ( 'NONE', *, *, #6719, .F. ) ;
#8566 = COLOUR_RGB ( '',1.000000000000000000, 1.000000000000000000, 1.000000000000000000 ) ;
#8567 = ADVANCED_FACE ( 'NONE', ( #7507 ), #8922, .T. ) ;
#8568 = FILL_AREA_STYLE ('',( #510 ) ) ;
#8569 = PRESENTATION_LAYER_ASSIGNMENT (  '', '', ( #7381 ) ) ;
#8570 = CARTESIAN_POINT ( 'NONE',  ( -2.550000000000000266, -0.8000000000000024869, 1.850000000000000533 ) ) ;
#8571 = FILL_AREA_STYLE ('',( #1266 ) ) ;
#8572 = DIRECTION ( 'NONE',  ( 0.000000000000000000, -6.938893903907271765E-15, 1.000000000000000000 ) ) ;
#8573 = FILL_AREA_STYLE ('',( #6667 ) ) ;
#8574 = CARTESIAN_POINT ( 'NONE',  ( -2.552999999999999048, 2.050000000000049560, -2.799999999999999822 ) ) ;
#8575 = EDGE_CURVE ( 'NONE', #7151, #6186, #2044, .T. ) ;
#8576 = PLANE ( 'NONE',  #5106 ) ;
#8577 = DIRECTION ( 'NONE',  ( -0.000000000000000000, -0.000000000000000000, -1.000000000000000000 ) ) ;
#8578 = ORIENTED_EDGE ( 'NONE', *, *, #450, .F. ) ;
#8579 = FILL_AREA_STYLE ('',( #2387 ) ) ;
#8580 = ORIENTED_EDGE ( 'NONE', *, *, #531, .T. ) ;
#8581 = STYLED_ITEM ( 'NONE', ( #8052 ), #7771 ) ;
#8582 = UNCERTAINTY_MEASURE_WITH_UNIT (LENGTH_MEASURE( 1.000000000000000082E-05 ), #10951, 'distance_accuracy_value', 'NONE');
#8583 = COLOUR_RGB ( '',1.000000000000000000, 1.000000000000000000, 1.000000000000000000 ) ;
#8584 = UNCERTAINTY_MEASURE_WITH_UNIT (LENGTH_MEASURE( 1.000000000000000082E-05 ), #1688, 'distance_accuracy_value', 'NONE');
#8585 = ORIENTED_EDGE ( 'NONE', *, *, #9018, .F. ) ;
#8586 = SURFACE_SIDE_STYLE ('',( #2411 ) ) ;
#8587 = LINE ( 'NONE', #6775, #4890 ) ;
#8588 = ORIENTED_EDGE ( 'NONE', *, *, #13067, .F. ) ;
#8589 = PRESENTATION_LAYER_ASSIGNMENT (  '', '', ( #6514 ) ) ;
#8590 = CARTESIAN_POINT ( 'NONE',  ( -0.4963996375201484290, -1.039999999999999147, 2.755490688068241933 ) ) ;
#8591 = CARTESIAN_POINT ( 'NONE',  ( 2.550000000000000266, -0.5499999999999997113, -2.600000000000006750 ) ) ;
#8592 = EDGE_CURVE ( 'NONE', #9837, #10149, #561, .T. ) ;
#8593 = DIRECTION ( 'NONE',  ( 0.000000000000000000, 0.000000000000000000, 1.000000000000000000 ) ) ;
#8594 = PLANE ( 'NONE',  #587 ) ;
#8595 = DIRECTION ( 'NONE',  ( -1.000000000000000000, -0.000000000000000000, 0.000000000000000000 ) ) ;
#8596 = PRESENTATION_STYLE_ASSIGNMENT (( #7459 ) ) ;
#8597 = ORIENTED_EDGE ( 'NONE', *, *, #3698, .T. ) ;
#8598 = UNCERTAINTY_MEASURE_WITH_UNIT (LENGTH_MEASURE( 1.000000000000000082E-05 ), #9071, 'distance_accuracy_value', 'NONE');
#8599 = DIRECTION ( 'NONE',  ( -0.000000000000000000, 0.000000000000000000, -1.000000000000000000 ) ) ;
#8600 = LINE ( 'NONE', #5684, #554 ) ;
#8601 = LINE ( 'NONE', #1558, #3442 ) ;
#8602 = ORIENTED_EDGE ( 'NONE', *, *, #9436, .T. ) ;
#8603 = CIRCLE ( 'NONE', #12533, 0.1999999999999999833 ) ;
#8604 = AXIS2_PLACEMENT_3D ( 'NONE', #7520, #10595, #6394 ) ;
#8605 = PRESENTATION_LAYER_ASSIGNMENT (  '', '', ( #9515 ) ) ;
#8606 = ORIENTED_EDGE ( 'NONE', *, *, #11810, .F. ) ;
#8607 = VECTOR ( 'NONE', #3858, 1000.000000000000000 ) ;
#8608 = CARTESIAN_POINT ( 'NONE',  ( -2.100000000000000089, 0.3000000000000023204, -2.899999999999995470 ) ) ;
#8609 = FACE_OUTER_BOUND ( 'NONE', #9848, .T. ) ;
#8610 = FILL_AREA_STYLE_COLOUR ( '', #13120 ) ;
#8611 = VERTEX_POINT ( 'NONE', #12938 ) ;
#8612 = CARTESIAN_POINT ( 'NONE',  ( 2.750000000000000000, 0.05000000000000186240, 3.500000000000006661 ) ) ;
#8613 = DIRECTION ( 'NONE',  ( -1.000000000000000000, 0.000000000000000000, 0.000000000000000000 ) ) ;
#8614 = ADVANCED_FACE ( 'NONE', ( #12610 ), #3762, .F. ) ;
#8615 =( NAMED_UNIT ( * ) SI_UNIT ( $, .STERADIAN. ) SOLID_ANGLE_UNIT ( ) );
#8616 =( GEOMETRIC_REPRESENTATION_CONTEXT ( 3 ) GLOBAL_UNCERTAINTY_ASSIGNED_CONTEXT ( ( #10886 ) ) GLOBAL_UNIT_ASSIGNED_CONTEXT ( ( #2602, #3617, #5540 ) ) REPRESENTATION_CONTEXT ( 'NONE', 'WORKASPACE' ) );
#8617 = DIRECTION ( 'NONE',  ( 1.000000000000000000, 1.535339560257679314E-32, -1.239088197126289831E-16 ) ) ;
#8618 = ORIENTED_EDGE ( 'NONE', *, *, #3838, .T. ) ;
#8619 = EDGE_CURVE ( 'NONE', #3714, #791, #4745, .T. ) ;
#8620 = ORIENTED_EDGE ( 'NONE', *, *, #1763, .T. ) ;
#8621 = CARTESIAN_POINT ( 'NONE',  ( -1.500000000000000000, 0.05000000000000273670, 3.572999999999989740 ) ) ;
#8622 = CARTESIAN_POINT ( 'NONE',  ( 2.749999999999993339, -0.1499999999999995226, -0.8309401076758518023 ) ) ;
#8623 =( GEOMETRIC_REPRESENTATION_CONTEXT ( 3 ) GLOBAL_UNCERTAINTY_ASSIGNED_CONTEXT ( ( #4288 ) ) GLOBAL_UNIT_ASSIGNED_CONTEXT ( ( #3268, #10474, #4330 ) ) REPRESENTATION_CONTEXT ( 'NONE', 'WORKASPACE' ) );
#8624 = ORIENTED_EDGE ( 'NONE', *, *, #10973, .T. ) ;
#8625 = CARTESIAN_POINT ( 'NONE',  ( 1.500000000000000000, -0.8500000000000000888, 3.572999999999989740 ) ) ;
#8626 = PRESENTATION_STYLE_ASSIGNMENT (( #10638 ) ) ;
#8627 = EDGE_CURVE ( 'NONE', #10493, #7498, #9717, .T. ) ;
#8628 = ADVANCED_FACE ( 'NONE', ( #7826 ), #7957, .F. ) ;
#8629 = FILL_AREA_STYLE_COLOUR ( '', #12341 ) ;
#8630 = SURFACE_STYLE_FILL_AREA ( #3351 ) ;
#8631 = DIRECTION ( 'NONE',  ( 0.000000000000000000, -4.336808689942021187E-16, 1.000000000000000000 ) ) ;
#8632 = DIRECTION ( 'NONE',  ( 0.000000000000000000, 1.000000000000000000, 0.000000000000000000 ) ) ;
#8633 = SURFACE_STYLE_USAGE ( .BOTH. , #2406 ) ;
#8634 = FACE_OUTER_BOUND ( 'NONE', #6698, .T. ) ;
#8635 = STYLED_ITEM ( 'NONE', ( #6539 ), #6919 ) ;
#8636 =( GEOMETRIC_REPRESENTATION_CONTEXT ( 3 ) GLOBAL_UNCERTAINTY_ASSIGNED_CONTEXT ( ( #2588 ) ) GLOBAL_UNIT_ASSIGNED_CONTEXT ( ( #12068, #6060, #2929 ) ) REPRESENTATION_CONTEXT ( 'NONE', 'WORKASPACE' ) );
#8637 = VECTOR ( 'NONE', #3636, 1000.000000000000000 ) ;
#8638 = SURFACE_STYLE_USAGE ( .BOTH. , #7666 ) ;
#8639 = ORIENTED_EDGE ( 'NONE', *, *, #4058, .F. ) ;
#8640 =( NAMED_UNIT ( * ) SI_UNIT ( $, .STERADIAN. ) SOLID_ANGLE_UNIT ( ) );
#8641 = CARTESIAN_POINT ( 'NONE',  ( 2.550000000000000266, -1.049999999999999156, -1.649999999999994804 ) ) ;
#8642 = MECHANICAL_DESIGN_GEOMETRIC_PRESENTATION_REPRESENTATION (  '', ( #7352 ), #3997 ) ;
#8643 = SURFACE_STYLE_FILL_AREA ( #12632 ) ;
#8644 = EDGE_LOOP ( 'NONE', ( #5861, #7960, #4863, #8436 ) ) ;
#8645 = EDGE_CURVE ( 'NONE', #4511, #11530, #9868, .T. ) ;
#8646 = VECTOR ( 'NONE', #12203, 1000.000000000000000 ) ;
#8647 = FILL_AREA_STYLE ('',( #4504 ) ) ;
#8648 = SURFACE_STYLE_FILL_AREA ( #8111 ) ;
#8649 = SURFACE_STYLE_FILL_AREA ( #12165 ) ;
#8650 = ORIENTED_EDGE ( 'NONE', *, *, #3305, .T. ) ;
#8651 = CARTESIAN_POINT ( 'NONE',  ( 1.250000000000032196, 0.8500000000000001998, -2.749999999999999112 ) ) ;
#8652 = CARTESIAN_POINT ( 'NONE',  ( -1.749999999999999112, 0.8499999999999997558, -0.2499999999999957812 ) ) ;
#8653 =( LENGTH_UNIT ( ) NAMED_UNIT ( * ) SI_UNIT ( .MILLI., .METRE. ) );
#8654 = FILL_AREA_STYLE_COLOUR ( '', #2056 ) ;
#8655 = CARTESIAN_POINT ( 'NONE',  ( 1.250000000000032196, 0.8499999999999997558, -0.2499999999999957812 ) ) ;
#8656 = CARTESIAN_POINT ( 'NONE',  ( -1.500000000000000000, -1.050000000000000044, 3.500000000000006217 ) ) ;
#8657 = SURFACE_STYLE_USAGE ( .BOTH. , #6586 ) ;
#8658 = CARTESIAN_POINT ( 'NONE',  ( 2.549999999999999822, -1.049999999999999156, -1.850000000000007860 ) ) ;
#8659 = AXIS2_PLACEMENT_3D ( 'NONE', #680, #1741, #8905 ) ;
#8660 = EDGE_LOOP ( 'NONE', ( #4918, #2120, #4854, #6874 ) ) ;
#8661 = DIRECTION ( 'NONE',  ( -0.8588287086013864924, 0.000000000000000000, 0.5122628712702834708 ) ) ;
#8662 = DIRECTION ( 'NONE',  ( -0.000000000000000000, 1.000000000000000000, 1.239088197126289831E-16 ) ) ;
#8663 = PRESENTATION_STYLE_ASSIGNMENT (( #3470 ) ) ;
#8664 = LINE ( 'NONE', #12403, #4150 ) ;
#8665 = LINE ( 'NONE', #5282, #1782 ) ;
#8666 = ORIENTED_EDGE ( 'NONE', *, *, #2, .T. ) ;
#8667 = PRESENTATION_LAYER_ASSIGNMENT (  '', '', ( #10901 ) ) ;
#8668 = DIRECTION ( 'NONE',  ( -1.000000000000000000, -0.000000000000000000, -0.000000000000000000 ) ) ;
#8669 = EDGE_CURVE ( 'NONE', #4671, #3830, #4262, .T. ) ;
#8670 = ORIENTED_EDGE ( 'NONE', *, *, #2765, .T. ) ;
#8671 =( LENGTH_UNIT ( ) NAMED_UNIT ( * ) SI_UNIT ( .MILLI., .METRE. ) );
#8672 = UNCERTAINTY_MEASURE_WITH_UNIT (LENGTH_MEASURE( 1.000000000000000082E-05 ), #12084, 'distance_accuracy_value', 'NONE');
#8673 = CYLINDRICAL_SURFACE ( 'NONE', #12063, 0.002999999999999964501 ) ;
#8674 = COLOUR_RGB ( '',0.1098039215686274495, 0.1098039215686274495, 0.1098039215686274495 ) ;
#8675 = ORIENTED_EDGE ( 'NONE', *, *, #10856, .T. ) ;
#8676 = COLOUR_RGB ( '',1.000000000000000000, 1.000000000000000000, 1.000000000000000000 ) ;
#8677 = FILL_AREA_STYLE_COLOUR ( '', #9388 ) ;
#8678 = ORIENTED_EDGE ( 'NONE', *, *, #3259, .F. ) ;
#8679 = ADVANCED_FACE ( 'NONE', ( #7160 ), #5919, .F. ) ;
#8680 =( NAMED_UNIT ( * ) SI_UNIT ( $, .STERADIAN. ) SOLID_ANGLE_UNIT ( ) );
#8681 = SURFACE_SIDE_STYLE ('',( #2707 ) ) ;
#8682 =( LENGTH_UNIT ( ) NAMED_UNIT ( * ) SI_UNIT ( .MILLI., .METRE. ) );
#8683 =( GEOMETRIC_REPRESENTATION_CONTEXT ( 3 ) GLOBAL_UNCERTAINTY_ASSIGNED_CONTEXT ( ( #3001 ) ) GLOBAL_UNIT_ASSIGNED_CONTEXT ( ( #360, #3441, #7586 ) ) REPRESENTATION_CONTEXT ( 'NONE', 'WORKASPACE' ) );
#8684 = CIRCLE ( 'NONE', #10103, 0.2030000000000000693 ) ;
#8685 = ORIENTED_EDGE ( 'NONE', *, *, #5071, .F. ) ;
#8686 = CARTESIAN_POINT ( 'NONE',  ( 0.6635848415983804927, -1.039999999999999147, 2.947366081294554352 ) ) ;
#8687 = SURFACE_STYLE_FILL_AREA ( #12143 ) ;
#8688 = EDGE_LOOP ( 'NONE', ( #6054, #7437, #3434, #2522 ) ) ;
#8689 = DIRECTION ( 'NONE',  ( 0.000000000000000000, 0.000000000000000000, -1.000000000000000000 ) ) ;
#8690 = ADVANCED_FACE ( 'NONE', ( #10855 ), #1908, .T. ) ;
#8691 = SURFACE_SIDE_STYLE ('',( #5115 ) ) ;
#8692 = ORIENTED_EDGE ( 'NONE', *, *, #7871, .F. ) ;
#8693 = EDGE_CURVE ( 'NONE', #10010, #2125, #5228, .T. ) ;
#8694 = VECTOR ( 'NONE', #7455, 1000.000000000000000 ) ;
#8695 = COLOUR_RGB ( '',0.7921568627450980005, 0.8196078431372548767, 0.9333333333333333481 ) ;
#8696 = ORIENTED_EDGE ( 'NONE', *, *, #9256, .T. ) ;
#8697 = LINE ( 'NONE', #6421, #12705 ) ;
#8698 = CARTESIAN_POINT ( 'NONE',  ( 0.7500000000000000000, 0.6499999999999998002, 3.774999999999995914 ) ) ;
#8699 = EDGE_LOOP ( 'NONE', ( #996, #2182, #9360, #927 ) ) ;
#8700 = STYLED_ITEM ( 'NONE', ( #7301 ), #4645 ) ;
#8701 = FILL_AREA_STYLE_COLOUR ( '', #4853 ) ;
#8702 =( NAMED_UNIT ( * ) SI_UNIT ( $, .STERADIAN. ) SOLID_ANGLE_UNIT ( ) );
#8703 = FACE_OUTER_BOUND ( 'NONE', #9191, .T. ) ;
#8704 = EDGE_CURVE ( 'NONE', #12766, #2679, #11173, .T. ) ;
#8705 = EDGE_LOOP ( 'NONE', ( #8947, #13294, #10455, #9091 ) ) ;
#8706 = DIRECTION ( 'NONE',  ( 1.000000000000000000, 0.000000000000000000, 0.000000000000000000 ) ) ;
#8707 = LINE ( 'NONE', #8641, #10970 ) ;
#8708 = VERTEX_POINT ( 'NONE', #4157 ) ;
#8709 = AXIS2_PLACEMENT_3D ( 'NONE', #11278, #13260, #1043 ) ;
#8710 =( GEOMETRIC_REPRESENTATION_CONTEXT ( 3 ) GLOBAL_UNCERTAINTY_ASSIGNED_CONTEXT ( ( #4368 ) ) GLOBAL_UNIT_ASSIGNED_CONTEXT ( ( #4037, #12259, #3061 ) ) REPRESENTATION_CONTEXT ( 'NONE', 'WORKASPACE' ) );
#8711 = CARTESIAN_POINT ( 'NONE',  ( -0.3000000000000001554, 0.8499999999999993117, -3.850000000000000089 ) ) ;
#8712 = VERTEX_POINT ( 'NONE', #3987 ) ;
#8713 = FACE_OUTER_BOUND ( 'NONE', #6964, .T. ) ;
#8714 = FILL_AREA_STYLE_COLOUR ( '', #5931 ) ;
#8715 = PRESENTATION_LAYER_ASSIGNMENT (  '', '', ( #4061 ) ) ;
#8716 = FILL_AREA_STYLE ('',( #620 ) ) ;
#8717 = VERTEX_POINT ( 'NONE', #8171 ) ;
#8718 = DIRECTION ( 'NONE',  ( -0.000000000000000000, -0.000000000000000000, -1.000000000000000000 ) ) ;
#8719 = SURFACE_SIDE_STYLE ('',( #4650 ) ) ;
#8720 = CARTESIAN_POINT ( 'NONE',  ( 2.400000000000000355, 0.3000000000000023204, -3.099999999999995648 ) ) ;
#8721 = MECHANICAL_DESIGN_GEOMETRIC_PRESENTATION_REPRESENTATION (  '', ( #3292 ), #6148 ) ;
#8722 = VECTOR ( 'NONE', #12538, 1000.000000000000000 ) ;
#8723 = EDGE_CURVE ( 'NONE', #11716, #2655, #1549, .T. ) ;
#8724 = CARTESIAN_POINT ( 'NONE',  ( 2.750000000000000000, -1.049999999999999156, -1.649999999999994804 ) ) ;
#8725 = ORIENTED_EDGE ( 'NONE', *, *, #13259, .T. ) ;
#8726 = ORIENTED_EDGE ( 'NONE', *, *, #1886, .F. ) ;
#8727 = SURFACE_SIDE_STYLE ('',( #11135 ) ) ;
#8728 = PLANE ( 'NONE',  #8048 ) ;
#8729 = LINE ( 'NONE', #13280, #13059 ) ;
#8730 = SURFACE_STYLE_USAGE ( .BOTH. , #11776 ) ;
#8731 = AXIS2_PLACEMENT_3D ( 'NONE', #9912, #4716, #5882 ) ;
#8732 = DIRECTION ( 'NONE',  ( -0.000000000000000000, 4.336808689942021187E-16, -1.000000000000000000 ) ) ;
#8733 = VERTEX_POINT ( 'NONE', #11181 ) ;
#8734 = DIRECTION ( 'NONE',  ( -1.000000000000000000, -0.000000000000000000, -0.000000000000000000 ) ) ;
#8735 = CARTESIAN_POINT ( 'NONE',  ( -2.750000000000000000, 0.05000000000000273670, -3.500000000000000000 ) ) ;
#8736 = ORIENTED_EDGE ( 'NONE', *, *, #5302, .F. ) ;
#8737 = DIRECTION ( 'NONE',  ( -4.336808689942013003E-15, 0.000000000000000000, 1.000000000000000000 ) ) ;
#8738 = CARTESIAN_POINT ( 'NONE',  ( 2.749999999999999556, -1.049999999999999156, -2.799999999999994937 ) ) ;
#8739 = SURFACE_STYLE_USAGE ( .BOTH. , #12890 ) ;
#8740 = ADVANCED_FACE ( 'NONE', ( #12596 ), #4989, .F. ) ;
#8741 = EDGE_CURVE ( 'NONE', #826, #7659, #8127, .T. ) ;
#8742 = FILL_AREA_STYLE_COLOUR ( '', #3906 ) ;
#8743 = UNCERTAINTY_MEASURE_WITH_UNIT (LENGTH_MEASURE( 1.000000000000000082E-05 ), #684, 'distance_accuracy_value', 'NONE');
#8744 = COLOUR_RGB ( '',0.1098039215686274495, 0.1098039215686274495, 0.1098039215686274495 ) ;
#8745 = UNCERTAINTY_MEASURE_WITH_UNIT (LENGTH_MEASURE( 1.000000000000000082E-05 ), #3533, 'distance_accuracy_value', 'NONE');
#8746 = VERTEX_POINT ( 'NONE', #7131 ) ;
#8747 = LINE ( 'NONE', #5907, #7808 ) ;
#8748 = COLOUR_RGB ( '',0.1098039215686274495, 0.1098039215686274495, 0.1098039215686274495 ) ;
#8749 = ORIENTED_EDGE ( 'NONE', *, *, #11994, .F. ) ;
#8750 = PLANE ( 'NONE',  #10491 ) ;
#8751 = DIRECTION ( 'NONE',  ( 0.000000000000000000, 0.000000000000000000, 1.000000000000000000 ) ) ;
#8752 = DIRECTION ( 'NONE',  ( 1.000000000000000000, 0.000000000000000000, 0.000000000000000000 ) ) ;
#8753 = ORIENTED_EDGE ( 'NONE', *, *, #2861, .F. ) ;
#8754 = FILL_AREA_STYLE ('',( #5648 ) ) ;
#8755 = LINE ( 'NONE', #998, #1876 ) ;
#8756 = ADVANCED_FACE ( 'NONE', ( #897 ), #7320, .T. ) ;
#8757 = DIRECTION ( 'NONE',  ( 0.000000000000000000, 1.000000000000000000, 0.000000000000000000 ) ) ;
#8758 = VECTOR ( 'NONE', #4417, 1000.000000000000000 ) ;
#8759 = MECHANICAL_DESIGN_GEOMETRIC_PRESENTATION_REPRESENTATION (  '', ( #218 ), #9423 ) ;
#8760 = ORIENTED_EDGE ( 'NONE', *, *, #7583, .T. ) ;
#8761 = CARTESIAN_POINT ( 'NONE',  ( 0.8500000000000003109, -0.8499999999999978684, -1.800000000000000044 ) ) ;
#8762 = COLOUR_RGB ( '',0.1098039215686274495, 0.1098039215686274495, 0.1098039215686274495 ) ;
#8763 = CARTESIAN_POINT ( 'NONE',  ( 0.2999999999999998224, 0.8499999999999993117, -3.850000000000000089 ) ) ;
#8764 =( NAMED_UNIT ( * ) PLANE_ANGLE_UNIT ( ) SI_UNIT ( $, .RADIAN. ) );
#8765 = EDGE_CURVE ( 'NONE', #12216, #6420, #10838, .T. ) ;
#8766 = ORIENTED_EDGE ( 'NONE', *, *, #11480, .F. ) ;
#8767 =( NAMED_UNIT ( * ) SI_UNIT ( $, .STERADIAN. ) SOLID_ANGLE_UNIT ( ) );
#8768 = CARTESIAN_POINT ( 'NONE',  ( -1.749999999999999112, 1.049999999999999378, 2.750000000000006661 ) ) ;
#8769 =( LENGTH_UNIT ( ) NAMED_UNIT ( * ) SI_UNIT ( .MILLI., .METRE. ) );
#8770 = EDGE_LOOP ( 'NONE', ( #8242, #5979, #3019, #1582 ) ) ;
#8771 =( NAMED_UNIT ( * ) PLANE_ANGLE_UNIT ( ) SI_UNIT ( $, .RADIAN. ) );
#8772 = LINE ( 'NONE', #1530, #7495 ) ;
#8773 = EDGE_CURVE ( 'NONE', #4122, #12840, #1224, .T. ) ;
#8774 = SURFACE_STYLE_FILL_AREA ( #3318 ) ;
#8775 = ORIENTED_EDGE ( 'NONE', *, *, #7803, .T. ) ;
#8776 = VECTOR ( 'NONE', #5391, 1000.000000000000000 ) ;
#8777 = FILL_AREA_STYLE ('',( #591 ) ) ;
#8778 = PRESENTATION_LAYER_ASSIGNMENT (  '', '', ( #6024 ) ) ;
#8779 = STYLED_ITEM ( 'NONE', ( #9393 ), #4089 ) ;
#8780 = DIRECTION ( 'NONE',  ( -0.000000000000000000, -0.000000000000000000, -1.000000000000000000 ) ) ;
#8781 = CARTESIAN_POINT ( 'NONE',  ( 2.750000000000000000, -0.8499999999999978684, -2.624999999999999112 ) ) ;
#8782 = EDGE_LOOP ( 'NONE', ( #9817, #6033, #13155, #5436 ) ) ;
#8783 = LINE ( 'NONE', #8965, #11821 ) ;
#8784 = CARTESIAN_POINT ( 'NONE',  ( 1.750000000000032196, 0.8500000000000001998, -2.750000000000000000 ) ) ;
#8785 = CARTESIAN_POINT ( 'NONE',  ( 2.750000000000000000, 0.05000000000000181383, 3.825000000000005507 ) ) ;
#8786 = DIRECTION ( 'NONE',  ( -1.000000000000000000, 0.000000000000000000, 0.000000000000000000 ) ) ;
#8787 = LINE ( 'NONE', #6251, #418 ) ;
#8788 = ORIENTED_EDGE ( 'NONE', *, *, #10486, .T. ) ;
#8789 = ORIENTED_EDGE ( 'NONE', *, *, #2092, .T. ) ;
#8790 =( GEOMETRIC_REPRESENTATION_CONTEXT ( 3 ) GLOBAL_UNCERTAINTY_ASSIGNED_CONTEXT ( ( #3148 ) ) GLOBAL_UNIT_ASSIGNED_CONTEXT ( ( #8996, #8013, #9322 ) ) REPRESENTATION_CONTEXT ( 'NONE', 'WORKASPACE' ) );
#8791 = CARTESIAN_POINT ( 'NONE',  ( -2.749999999999999556, -0.8499999999999990896, 2.600000000000002309 ) ) ;
#8792 = MECHANICAL_DESIGN_GEOMETRIC_PRESENTATION_REPRESENTATION (  '', ( #5584 ), #5100 ) ;
#8793 = VECTOR ( 'NONE', #93, 1000.000000000000000 ) ;
#8794 =( NAMED_UNIT ( * ) PLANE_ANGLE_UNIT ( ) SI_UNIT ( $, .RADIAN. ) );
#8795 = EDGE_CURVE ( 'NONE', #12933, #10755, #8755, .T. ) ;
#8796 = VECTOR ( 'NONE', #40, 1000.000000000000000 ) ;
#8797 = CARTESIAN_POINT ( 'NONE',  ( 0.2500000000000164868, 0.8499999999999993117, 2.750000000000005773 ) ) ;
#8798 = DIRECTION ( 'NONE',  ( 0.000000000000000000, -1.000000000000000000, 0.000000000000000000 ) ) ;
#8799 = PRESENTATION_LAYER_ASSIGNMENT (  '', '', ( #7779 ) ) ;
#8800 = AXIS2_PLACEMENT_3D ( 'NONE', #1171, #72, #11447 ) ;
#8801 = VECTOR ( 'NONE', #11824, 1000.000000000000000 ) ;
#8802 =( NAMED_UNIT ( * ) SI_UNIT ( $, .STERADIAN. ) SOLID_ANGLE_UNIT ( ) );
#8803 = COLOUR_RGB ( '',1.000000000000000000, 1.000000000000000000, 1.000000000000000000 ) ;
#8804 = ORIENTED_EDGE ( 'NONE', *, *, #1128, .T. ) ;
#8805 = VECTOR ( 'NONE', #8835, 1000.000000000000000 ) ;
#8806 = PRESENTATION_STYLE_ASSIGNMENT (( #12179 ) ) ;
#8807 = FILL_AREA_STYLE_COLOUR ( '', #10905 ) ;
#8809 = EDGE_CURVE ( 'NONE', #8968, #3769, #10029, .T. ) ;
#8808 = VECTOR ( 'NONE', #4717, 999.9999999999998863 ) ;
#8810 = LINE ( 'NONE', #3575, #1751 ) ;
#8811 = ORIENTED_EDGE ( 'NONE', *, *, #12581, .F. ) ;
#8812 = SURFACE_SIDE_STYLE ('',( #11981 ) ) ;
#8813 = FILL_AREA_STYLE ('',( #10966 ) ) ;
#8814 = DIRECTION ( 'NONE',  ( -1.000000000000000000, -0.000000000000000000, 0.000000000000000000 ) ) ;
#8815 = MECHANICAL_DESIGN_GEOMETRIC_PRESENTATION_REPRESENTATION (  '', ( #7889 ), #10872 ) ;
#8816 = LINE ( 'NONE', #13041, #1430 ) ;
#8817 = ADVANCED_FACE ( 'NONE', ( #6027 ), #3094, .T. ) ;
#8818 = CARTESIAN_POINT ( 'NONE',  ( 2.649999999999983480, -0.1499999999999995226, -0.3113248654051880004 ) ) ;
#8819 = VERTEX_POINT ( 'NONE', #12160 ) ;
#8820 = DIRECTION ( 'NONE',  ( -0.000000000000000000, -0.000000000000000000, -1.000000000000000000 ) ) ;
#8821 = DIRECTION ( 'NONE',  ( 0.000000000000000000, -1.000000000000000000, -1.668003342285397221E-16 ) ) ;
#8822 = ORIENTED_EDGE ( 'NONE', *, *, #9186, .T. ) ;
#8823 = LINE ( 'NONE', #5488, #11066 ) ;
#8824 = LINE ( 'NONE', #4436, #7872 ) ;
#8825 = SURFACE_STYLE_FILL_AREA ( #4277 ) ;
#8826 = ORIENTED_EDGE ( 'NONE', *, *, #3868, .F. ) ;
#8827 = DIRECTION ( 'NONE',  ( 0.000000000000000000, 0.2833461410174016315, -0.9590177080589006309 ) ) ;
#8828 = PRESENTATION_LAYER_ASSIGNMENT (  '', '', ( #356 ) ) ;
#8829 = VECTOR ( 'NONE', #1597, 1000.000000000000000 ) ;
#8830 = UNCERTAINTY_MEASURE_WITH_UNIT (LENGTH_MEASURE( 1.000000000000000082E-05 ), #4698, 'distance_accuracy_value', 'NONE');
#8831 = CARTESIAN_POINT ( 'NONE',  ( -2.552999999999999048, 1.028000000000000025, -2.799999999999999822 ) ) ;
#8832 = LINE ( 'NONE', #11362, #10906 ) ;
#8833 = ORIENTED_EDGE ( 'NONE', *, *, #3560, .F. ) ;
#8834 = ADVANCED_FACE ( 'NONE', ( #5382 ), #4203, .F. ) ;
#8835 = DIRECTION ( 'NONE',  ( -1.000000000000000000, -0.000000000000000000, -0.000000000000000000 ) ) ;
#8836 = CARTESIAN_POINT ( 'NONE',  ( 2.549999999999992717, 0.8249999999999999556, -2.200000000000000178 ) ) ;
#8837 = ORIENTED_EDGE ( 'NONE', *, *, #8262, .T. ) ;
#8838 = DIRECTION ( 'NONE',  ( -1.000000000000000000, 0.000000000000000000, 0.000000000000000000 ) ) ;
#8839 = MECHANICAL_DESIGN_GEOMETRIC_PRESENTATION_REPRESENTATION (  '', ( #4957 ), #3072 ) ;
#8840 = CARTESIAN_POINT ( 'NONE',  ( 2.499999999999991562, 1.024999999999999689, 0.2999999999999999334 ) ) ;
#8841 = VECTOR ( 'NONE', #12303, 1000.000000000000000 ) ;
#8842 = SURFACE_STYLE_USAGE ( .BOTH. , #10761 ) ;
#8843 = ORIENTED_EDGE ( 'NONE', *, *, #2191, .F. ) ;
#8844 = UNCERTAINTY_MEASURE_WITH_UNIT (LENGTH_MEASURE( 1.000000000000000082E-05 ), #8155, 'distance_accuracy_value', 'NONE');
#8845 = COLOUR_RGB ( '',1.000000000000000000, 1.000000000000000000, 1.000000000000000000 ) ;
#8846 = COLOUR_RGB ( '',1.000000000000000000, 1.000000000000000000, 1.000000000000000000 ) ;
#8847 = SURFACE_SIDE_STYLE ('',( #10859 ) ) ;
#8848 = EDGE_LOOP ( 'NONE', ( #8725, #9963, #2150, #6259 ) ) ;
#8849 = FILL_AREA_STYLE_COLOUR ( '', #12368 ) ;
#8850 = EDGE_CURVE ( 'NONE', #982, #6969, #11648, .T. ) ;
#8851 = PLANE ( 'NONE',  #9049 ) ;
#8852 = CARTESIAN_POINT ( 'NONE',  ( 2.552999999999991054, 1.028000000000000025, -2.799999999999999822 ) ) ;
#8853 = FACE_OUTER_BOUND ( 'NONE', #9422, .T. ) ;
#8854 = ORIENTED_EDGE ( 'NONE', *, *, #8073, .T. ) ;
#8855 = DIRECTION ( 'NONE',  ( -0.000000000000000000, 1.000000000000000000, 1.239088197126289831E-16 ) ) ;
#8856 = VECTOR ( 'NONE', #192, 1000.000000000000000 ) ;
#8857 =( GEOMETRIC_REPRESENTATION_CONTEXT ( 3 ) GLOBAL_UNCERTAINTY_ASSIGNED_CONTEXT ( ( #1020 ) ) GLOBAL_UNIT_ASSIGNED_CONTEXT ( ( #6329, #12469, #8433 ) ) REPRESENTATION_CONTEXT ( 'NONE', 'WORKASPACE' ) );
#8858 = DIRECTION ( 'NONE',  ( -0.000000000000000000, 1.000000000000000000, 4.663235150475286828E-17 ) ) ;
#8859 = ORIENTED_EDGE ( 'NONE', *, *, #10753, .T. ) ;
#8860 = SURFACE_SIDE_STYLE ('',( #9204 ) ) ;
#8861 = CARTESIAN_POINT ( 'NONE',  ( -2.649999999999985256, -0.1499999999999995226, 0.3113248654051880004 ) ) ;
#8862 = CARTESIAN_POINT ( 'NONE',  ( 2.750000000000000000, 0.05000000000000181383, 3.825000000000005507 ) ) ;
#8863 = AXIS2_PLACEMENT_3D ( 'NONE', #5792, #12956, #7962 ) ;
#8864 = MECHANICAL_DESIGN_GEOMETRIC_PRESENTATION_REPRESENTATION (  '', ( #9961 ), #5573 ) ;
#8865 = PLANE ( 'NONE',  #12397 ) ;
#8866 = ORIENTED_EDGE ( 'NONE', *, *, #5705, .T. ) ;
#8867 = DIRECTION ( 'NONE',  ( -0.000000000000000000, -1.000000000000000000, -0.000000000000000000 ) ) ;
#8868 = FACE_OUTER_BOUND ( 'NONE', #10589, .T. ) ;
#8869 = ORIENTED_EDGE ( 'NONE', *, *, #7213, .F. ) ;
#8870 = PRESENTATION_STYLE_ASSIGNMENT (( #4284 ) ) ;
#8871 = ORIENTED_EDGE ( 'NONE', *, *, #7062, .F. ) ;
#8872 = CARTESIAN_POINT ( 'NONE',  ( 1.500000000000000000, 0.6499999999999998002, -3.574999999999997957 ) ) ;
#8873 = DIRECTION ( 'NONE',  ( -0.000000000000000000, 0.000000000000000000, -1.000000000000000000 ) ) ;
#8874 = EDGE_CURVE ( 'NONE', #5072, #1370, #7011, .T. ) ;
#8875 = PLANE ( 'NONE',  #2661 ) ;
#8876 = ORIENTED_EDGE ( 'NONE', *, *, #12947, .F. ) ;
#8877 = DIRECTION ( 'NONE',  ( 0.000000000000000000, 0.000000000000000000, 1.000000000000000000 ) ) ;
#8878 =( NAMED_UNIT ( * ) PLANE_ANGLE_UNIT ( ) SI_UNIT ( $, .RADIAN. ) );
#8879 = ADVANCED_FACE ( 'NONE', ( #10516 ), #5361, .F. ) ;
#8880 =( GEOMETRIC_REPRESENTATION_CONTEXT ( 3 ) GLOBAL_UNCERTAINTY_ASSIGNED_CONTEXT ( ( #12195 ) ) GLOBAL_UNIT_ASSIGNED_CONTEXT ( ( #12505, #1255, #4323 ) ) REPRESENTATION_CONTEXT ( 'NONE', 'WORKASPACE' ) );
#8881 = VECTOR ( 'NONE', #5749, 1000.000000000000000 ) ;
#8882 = AXIS2_PLACEMENT_3D ( 'NONE', #4933, #11036, #851 ) ;
#8883 = SURFACE_SIDE_STYLE ('',( #6745 ) ) ;
#8884 = VECTOR ( 'NONE', #3857, 1000.000000000000000 ) ;
#8885 = EDGE_LOOP ( 'NONE', ( #3555, #8843, #5985, #11944 ) ) ;
#8886 = EDGE_CURVE ( 'NONE', #12091, #11337, #3141, .T. ) ;
#8887 = FILL_AREA_STYLE ('',( #1765 ) ) ;
#8888 = CARTESIAN_POINT ( 'NONE',  ( 0.000000000000000000, 0.8499999999999997558, -2.478176394252579538E-17 ) ) ;
#8889 =( GEOMETRIC_REPRESENTATION_CONTEXT ( 3 ) GLOBAL_UNCERTAINTY_ASSIGNED_CONTEXT ( ( #11055 ) ) GLOBAL_UNIT_ASSIGNED_CONTEXT ( ( #9996, #7095, #8229 ) ) REPRESENTATION_CONTEXT ( 'NONE', 'WORKASPACE' ) );
#8890 = DIRECTION ( 'NONE',  ( -0.000000000000000000, 1.000000000000000000, 1.239088197126289831E-16 ) ) ;
#8891 = EDGE_CURVE ( 'NONE', #12973, #7651, #5082, .T. ) ;
#8892 = STYLED_ITEM ( 'NONE', ( #12264 ), #318 ) ;
#8893 = ADVANCED_FACE ( 'NONE', ( #1890 ), #7315, .F. ) ;
#8894 = SURFACE_STYLE_USAGE ( .BOTH. , #3806 ) ;
#8895 = LINE ( 'NONE', #6066, #11616 ) ;
#8896 = EDGE_LOOP ( 'NONE', ( #4406, #7110, #9768, #10238 ) ) ;
#8897 = CARTESIAN_POINT ( 'NONE',  ( -0.7500000000000006661, -2.199999999999997957, -1.499999999999996003 ) ) ;
#8898 = CARTESIAN_POINT ( 'NONE',  ( 2.750000000000000888, -1.049999999999999156, -3.099999999999995204 ) ) ;
#8899 = CARTESIAN_POINT ( 'NONE',  ( -2.549999999999998934, 1.027999999999999581, 0.2999999999999999334 ) ) ;
#8900 = SURFACE_SIDE_STYLE ('',( #1011 ) ) ;
#8901 =( GEOMETRIC_REPRESENTATION_CONTEXT ( 3 ) GLOBAL_UNCERTAINTY_ASSIGNED_CONTEXT ( ( #5433 ) ) GLOBAL_UNIT_ASSIGNED_CONTEXT ( ( #8332, #8199, #2184 ) ) REPRESENTATION_CONTEXT ( 'NONE', 'WORKASPACE' ) );
#8902 =( LENGTH_UNIT ( ) NAMED_UNIT ( * ) SI_UNIT ( .MILLI., .METRE. ) );
#8903 = EDGE_CURVE ( 'NONE', #10149, #2679, #10842, .T. ) ;
#8904 =( NAMED_UNIT ( * ) PLANE_ANGLE_UNIT ( ) SI_UNIT ( $, .RADIAN. ) );
#8905 = DIRECTION ( 'NONE',  ( 0.04722778896040855795, 0.000000000000000000, -0.9988841454092216576 ) ) ;
#8906 = LINE ( 'NONE', #3887, #6171 ) ;
#8907 = FACE_OUTER_BOUND ( 'NONE', #6298, .T. ) ;
#8908 = ORIENTED_EDGE ( 'NONE', *, *, #7787, .T. ) ;
#8909 = FACE_OUTER_BOUND ( 'NONE', #3107, .T. ) ;
#8910 = VERTEX_POINT ( 'NONE', #6285 ) ;
#8911 = SURFACE_SIDE_STYLE ('',( #1407 ) ) ;
#8912 =( GEOMETRIC_REPRESENTATION_CONTEXT ( 3 ) GLOBAL_UNCERTAINTY_ASSIGNED_CONTEXT ( ( #5691 ) ) GLOBAL_UNIT_ASSIGNED_CONTEXT ( ( #4496, #11637, #11599 ) ) REPRESENTATION_CONTEXT ( 'NONE', 'WORKASPACE' ) );
#8913 = SURFACE_SIDE_STYLE ('',( #6244 ) ) ;
#8914 = UNCERTAINTY_MEASURE_WITH_UNIT (LENGTH_MEASURE( 1.000000000000000082E-05 ), #10315, 'distance_accuracy_value', 'NONE');
#8915 = UNCERTAINTY_MEASURE_WITH_UNIT (LENGTH_MEASURE( 1.000000000000000082E-05 ), #3984, 'distance_accuracy_value', 'NONE');
#8916 = EDGE_LOOP ( 'NONE', ( #8753, #11154, #8597, #6706 ) ) ;
#8917 =( NAMED_UNIT ( * ) SI_UNIT ( $, .STERADIAN. ) SOLID_ANGLE_UNIT ( ) );
#8918 = LINE ( 'NONE', #11971, #9377 ) ;
#8919 = ORIENTED_EDGE ( 'NONE', *, *, #7385, .T. ) ;
#8920 = ORIENTED_EDGE ( 'NONE', *, *, #12390, .F. ) ;
#8921 = AXIS2_PLACEMENT_3D ( 'NONE', #1195, #3154, #10415 ) ;
#8922 = PLANE ( 'NONE',  #4715 ) ;
#8923 = DIRECTION ( 'NONE',  ( -1.000000000000000000, -0.000000000000000000, -0.000000000000000000 ) ) ;
#8924 = EDGE_CURVE ( 'NONE', #8023, #6565, #2194, .T. ) ;
#8925 = PLANE ( 'NONE',  #7801 ) ;
#8926 = VERTEX_POINT ( 'NONE', #4246 ) ;
#8927 = VECTOR ( 'NONE', #13296, 1000.000000000000000 ) ;
#8928 = PRESENTATION_STYLE_ASSIGNMENT (( #11526 ) ) ;
#8929 = VECTOR ( 'NONE', #5439, 1000.000000000000114 ) ;
#8930 = DIRECTION ( 'NONE',  ( -0.000000000000000000, -0.000000000000000000, -1.000000000000000000 ) ) ;
#8931 = MECHANICAL_DESIGN_GEOMETRIC_PRESENTATION_REPRESENTATION (  '', ( #4021 ), #7754 ) ;
#8932 = LINE ( 'NONE', #7695, #11650 ) ;
#8933 = ORIENTED_EDGE ( 'NONE', *, *, #12079, .F. ) ;
#8934 = DIRECTION ( 'NONE',  ( -1.204669080539449344E-16, -0.000000000000000000, 1.000000000000000000 ) ) ;
#8935 = CARTESIAN_POINT ( 'NONE',  ( -2.752999999999999226, 2.050000000000049560, -2.200000000000000178 ) ) ;
#8936 = CARTESIAN_POINT ( 'NONE',  ( -2.749999999999999556, -0.1499999999999978018, 2.199999999999995737 ) ) ;
#8937 = MECHANICAL_DESIGN_GEOMETRIC_PRESENTATION_REPRESENTATION (  '', ( #8001 ), #2243 ) ;
#8938 = ORIENTED_EDGE ( 'NONE', *, *, #413, .F. ) ;
#8939 = VECTOR ( 'NONE', #1755, 1000.000000000000000 ) ;
#8940 = CARTESIAN_POINT ( 'NONE',  ( 0.2500000000000427436, 0.8499999999999997558, -0.2499999999999966416 ) ) ;
#8941 =( NAMED_UNIT ( * ) SI_UNIT ( $, .STERADIAN. ) SOLID_ANGLE_UNIT ( ) );
#8942 = SURFACE_SIDE_STYLE ('',( #10791 ) ) ;
#8943 = EDGE_CURVE ( 'NONE', #9278, #3387, #4400, .T. ) ;
#8944 = ADVANCED_FACE ( 'NONE', ( #4251 ), #12684, .F. ) ;
#8945 = COLOUR_RGB ( '',1.000000000000000000, 1.000000000000000000, 1.000000000000000000 ) ;
#8946 = CARTESIAN_POINT ( 'NONE',  ( -2.750000000000014655, -0.8499999999999976463, -3.099999999999995648 ) ) ;
#8947 = ORIENTED_EDGE ( 'NONE', *, *, #1137, .T. ) ;
#8948 = DIRECTION ( 'NONE',  ( 1.000000000000000000, 0.000000000000000000, -1.734723475976807094E-15 ) ) ;
#8949 = DIRECTION ( 'NONE',  ( 0.000000000000000000, 1.000000000000000000, 0.000000000000000000 ) ) ;
#8950 = CARTESIAN_POINT ( 'NONE',  ( 1.750000000000032196, 0.8499999999999997558, -0.2499999999999966416 ) ) ;
#8951 = PRESENTATION_STYLE_ASSIGNMENT (( #6326 ) ) ;
#8952 = EDGE_CURVE ( 'NONE', #3028, #536, #12446, .T. ) ;
#8953 = CARTESIAN_POINT ( 'NONE',  ( -2.549999999999998934, 0.8249999999999999556, -2.799999999999999822 ) ) ;
#8954 = VERTEX_POINT ( 'NONE', #8612 ) ;
#8955 = CARTESIAN_POINT ( 'NONE',  ( 2.449999999999983746, -0.1499999999999995226, -0.3113248654051902209 ) ) ;
#8956 = MECHANICAL_DESIGN_GEOMETRIC_PRESENTATION_REPRESENTATION (  '', ( #8277 ), #7413 ) ;
#8957 = PRESENTATION_LAYER_ASSIGNMENT (  '', '', ( #9442 ) ) ;
#8958 = EDGE_LOOP ( 'NONE', ( #8837, #7152, #11177, #10109 ) ) ;
#8959 = VECTOR ( 'NONE', #11955, 1000.000000000000000 ) ;
#8960 = ADVANCED_FACE ( 'NONE', ( #5067 ), #9856, .T. ) ;
#8961 = EDGE_CURVE ( 'NONE', #4393, #11379, #12600, .T. ) ;
#8962 = CARTESIAN_POINT ( 'NONE',  ( -2.100000000000000533, 0.3000000000000021538, 1.400000000000004574 ) ) ;
#8963 = LINE ( 'NONE', #13175, #5259 ) ;
#8964 = CARTESIAN_POINT ( 'NONE',  ( 2.750000000000000000, -0.8499999999999977573, 0.7750000000000007994 ) ) ;
#8965 = CARTESIAN_POINT ( 'NONE',  ( -0.8499999999999996447, -0.8499999999999978684, -1.800000000000000044 ) ) ;
#8966 = VECTOR ( 'NONE', #4204, 1000.000000000000000 ) ;
#8967 = AXIS2_PLACEMENT_3D ( 'NONE', #501, #7671, #458 ) ;
#8968 = VERTEX_POINT ( 'NONE', #6457 ) ;
#8969 = DIRECTION ( 'NONE',  ( -1.000000000000000000, -0.000000000000000000, -1.577021341797093123E-16 ) ) ;
#8970 = AXIS2_PLACEMENT_3D ( 'NONE', #2671, #2722, #9836 ) ;
#8971 = CARTESIAN_POINT ( 'NONE',  ( 0.2999999999999998224, 0.8499999999999993117, -3.500000000000000000 ) ) ;
#8972 = VECTOR ( 'NONE', #13126, 1000.000000000000114 ) ;
#8973 = SURFACE_STYLE_FILL_AREA ( #8568 ) ;
#8974 = MECHANICAL_DESIGN_GEOMETRIC_PRESENTATION_REPRESENTATION (  '', ( #13251 ), #12146 ) ;
#8975 = ORIENTED_EDGE ( 'NONE', *, *, #9565, .T. ) ;
#8976 = CARTESIAN_POINT ( 'NONE',  ( 1.250000000000032196, 1.050000000000000044, -2.749999999999999112 ) ) ;
#8977 = MECHANICAL_DESIGN_GEOMETRIC_PRESENTATION_REPRESENTATION (  '', ( #628 ), #1345 ) ;
#8978 =( GEOMETRIC_REPRESENTATION_CONTEXT ( 3 ) GLOBAL_UNCERTAINTY_ASSIGNED_CONTEXT ( ( #5864 ) ) GLOBAL_UNIT_ASSIGNED_CONTEXT ( ( #5148, #13200, #8203 ) ) REPRESENTATION_CONTEXT ( 'NONE', 'WORKASPACE' ) );
#8979 =( LENGTH_UNIT ( ) NAMED_UNIT ( * ) SI_UNIT ( .MILLI., .METRE. ) );
#8980 = PRESENTATION_STYLE_ASSIGNMENT (( #2618 ) ) ;
#8981 = ORIENTED_EDGE ( 'NONE', *, *, #10621, .T. ) ;
#8982 = EDGE_CURVE ( 'NONE', #4135, #4413, #3613, .T. ) ;
#8983 = CARTESIAN_POINT ( 'NONE',  ( 0.8499999999999998668, -0.8499999999999978684, 1.800000000000000044 ) ) ;
#8984 = FILL_AREA_STYLE_COLOUR ( '', #7075 ) ;
#8985 = EDGE_LOOP ( 'NONE', ( #5726, #4468, #1764, #298, #7244, #3916, #8339, #1852 ) ) ;
#8986 = LINE ( 'NONE', #3397, #10581 ) ;
#8987 = CARTESIAN_POINT ( 'NONE',  ( -0.2499999999999572842, 0.8499999999999997558, -0.2499999999999957812 ) ) ;
#8988 = VERTEX_POINT ( 'NONE', #2474 ) ;
#8989 = FILL_AREA_STYLE_COLOUR ( '', #9025 ) ;
#8990 = CARTESIAN_POINT ( 'NONE',  ( 2.750000000000000000, -0.04999999999999826111, -2.624999999999998668 ) ) ;
#8991 = SURFACE_STYLE_USAGE ( .BOTH. , #2796 ) ;
#8992 = DIRECTION ( 'NONE',  ( 1.000000000000000000, 0.000000000000000000, -0.000000000000000000 ) ) ;
#8993 = UNCERTAINTY_MEASURE_WITH_UNIT (LENGTH_MEASURE( 1.000000000000000082E-05 ), #7942, 'distance_accuracy_value', 'NONE');
#8994 = PRESENTATION_LAYER_ASSIGNMENT (  '', '', ( #6995 ) ) ;
#8995 = ORIENTED_EDGE ( 'NONE', *, *, #7913, .F. ) ;
#8996 =( LENGTH_UNIT ( ) NAMED_UNIT ( * ) SI_UNIT ( .MILLI., .METRE. ) );
#8997 =( GEOMETRIC_REPRESENTATION_CONTEXT ( 3 ) GLOBAL_UNCERTAINTY_ASSIGNED_CONTEXT ( ( #3637 ) ) GLOBAL_UNIT_ASSIGNED_CONTEXT ( ( #10045, #3995, #7140 ) ) REPRESENTATION_CONTEXT ( 'NONE', 'WORKASPACE' ) );
#8998 = ORIENTED_EDGE ( 'NONE', *, *, #12066, .T. ) ;
#8999 = SURFACE_STYLE_FILL_AREA ( #1859 ) ;
#9000 = LINE ( 'NONE', #8212, #9773 ) ;
#9001 = SURFACE_STYLE_FILL_AREA ( #11222 ) ;
#9002 = ORIENTED_EDGE ( 'NONE', *, *, #10025, .F. ) ;
#9003 =( LENGTH_UNIT ( ) NAMED_UNIT ( * ) SI_UNIT ( .MILLI., .METRE. ) );
#9004 = EDGE_CURVE ( 'NONE', #9106, #11120, #13230, .T. ) ;
#9005 = SURFACE_STYLE_FILL_AREA ( #2053 ) ;
#9006 =( NAMED_UNIT ( * ) PLANE_ANGLE_UNIT ( ) SI_UNIT ( $, .RADIAN. ) );
#9007 = ORIENTED_EDGE ( 'NONE', *, *, #6327, .T. ) ;
#9008 =( LENGTH_UNIT ( ) NAMED_UNIT ( * ) SI_UNIT ( .MILLI., .METRE. ) );
#9009 = UNCERTAINTY_MEASURE_WITH_UNIT (LENGTH_MEASURE( 1.000000000000000082E-05 ), #9915, 'distance_accuracy_value', 'NONE');
#9010 = ORIENTED_EDGE ( 'NONE', *, *, #9667, .F. ) ;
#9011 = CARTESIAN_POINT ( 'NONE',  ( -0.5000000000000000000, -0.3500000000000003664, 3.774999999999995914 ) ) ;
#9012 = DIRECTION ( 'NONE',  ( 1.000000000000000000, 4.243452729884350584E-16, -0.000000000000000000 ) ) ;
#9013 = SURFACE_STYLE_USAGE ( .BOTH. , #6889 ) ;
#9014 = MECHANICAL_DESIGN_GEOMETRIC_PRESENTATION_REPRESENTATION (  '', ( #12862 ), #4095 ) ;
#9015 = STYLED_ITEM ( 'NONE', ( #6592 ), #2573 ) ;
#9016 = VERTEX_POINT ( 'NONE', #6623 ) ;
#9017 = COLOUR_RGB ( '',1.000000000000000000, 1.000000000000000000, 1.000000000000000000 ) ;
#9018 = EDGE_CURVE ( 'NONE', #6853, #11659, #82, .T. ) ;
#9019 = ORIENTED_EDGE ( 'NONE', *, *, #7073, .F. ) ;
#9020 = VECTOR ( 'NONE', #2216, 1000.000000000000227 ) ;
#9021 = ORIENTED_EDGE ( 'NONE', *, *, #12135, .F. ) ;
#9022 =( LENGTH_UNIT ( ) NAMED_UNIT ( * ) SI_UNIT ( .MILLI., .METRE. ) );
#9023 = FILL_AREA_STYLE_COLOUR ( '', #12295 ) ;
#9024 = DIRECTION ( 'NONE',  ( -1.000000000000000000, 0.000000000000000000, 0.000000000000000000 ) ) ;
#9025 = COLOUR_RGB ( '',1.000000000000000000, 1.000000000000000000, 1.000000000000000000 ) ;
#9026 = DIRECTION ( 'NONE',  ( 1.000000000000000000, 0.000000000000000000, -0.000000000000000000 ) ) ;
#9027 =( NAMED_UNIT ( * ) PLANE_ANGLE_UNIT ( ) SI_UNIT ( $, .RADIAN. ) );
#9028 = STYLED_ITEM ( 'NONE', ( #6975 ), #9144 ) ;
#9029 = CARTESIAN_POINT ( 'NONE',  ( 2.752999999999985015, 2.050000000000049116, 2.799999999999999822 ) ) ;
#9030 = FILL_AREA_STYLE ('',( #13098 ) ) ;
#9031 = VERTEX_POINT ( 'NONE', #3408 ) ;
#9032 = CARTESIAN_POINT ( 'NONE',  ( -2.550000000000000266, -1.049999999999999378, 1.650000000000002576 ) ) ;
#9033 = ORIENTED_EDGE ( 'NONE', *, *, #10459, .F. ) ;
#9034 = COLOUR_RGB ( '',0.1098039215686274495, 0.1098039215686274495, 0.1098039215686274495 ) ;
#9035 = SURFACE_STYLE_USAGE ( .BOTH. , #12031 ) ;
#9036 =( NAMED_UNIT ( * ) SI_UNIT ( $, .STERADIAN. ) SOLID_ANGLE_UNIT ( ) );
#9037 = ORIENTED_EDGE ( 'NONE', *, *, #6170, .T. ) ;
#9038 = AXIS2_PLACEMENT_3D ( 'NONE', #11630, #1373, #2309 ) ;
#9039 = CARTESIAN_POINT ( 'NONE',  ( -0.2499999999999835132, 0.8500000000000001998, -2.749999999999999112 ) ) ;
#9040 = DIRECTION ( 'NONE',  ( -1.000000000000000000, 0.000000000000000000, -1.577021341797093369E-16 ) ) ;
#9041 = MECHANICAL_DESIGN_GEOMETRIC_PRESENTATION_REPRESENTATION (  '', ( #3285 ), #2103 ) ;
#9042 = PRESENTATION_LAYER_ASSIGNMENT (  '', '', ( #2174 ) ) ;
#9043 = EDGE_LOOP ( 'NONE', ( #9557, #6556, #8491, #11043 ) ) ;
#9044 = ORIENTED_EDGE ( 'NONE', *, *, #5970, .F. ) ;
#9045 = DIRECTION ( 'NONE',  ( 1.000000000000000000, -0.000000000000000000, -0.000000000000000000 ) ) ;
#9046 = EDGE_CURVE ( 'NONE', #1842, #12411, #7149, .T. ) ;
#9047 = CARTESIAN_POINT ( 'NONE',  ( -0.7500000000000002220, 0.6499999999999996891, 3.775000000000000355 ) ) ;
#9048 =( GEOMETRIC_REPRESENTATION_CONTEXT ( 3 ) GLOBAL_UNCERTAINTY_ASSIGNED_CONTEXT ( ( #6832 ) ) GLOBAL_UNIT_ASSIGNED_CONTEXT ( ( #6545, #7599, #3412 ) ) REPRESENTATION_CONTEXT ( 'NONE', 'WORKASPACE' ) );
#9049 = AXIS2_PLACEMENT_3D ( 'NONE', #2784, #8752, #2615 ) ;
#9050 = CARTESIAN_POINT ( 'NONE',  ( 0.2999999999999998224, 0.6499999999999993561, -3.850000000000000089 ) ) ;
#9051 = PRESENTATION_STYLE_ASSIGNMENT (( #5722 ) ) ;
#9052 = PRESENTATION_STYLE_ASSIGNMENT (( #3389 ) ) ;
#9053 = EDGE_CURVE ( 'NONE', #9784, #3730, #2823, .T. ) ;
#9054 = ORIENTED_EDGE ( 'NONE', *, *, #11967, .T. ) ;
#9055 = CARTESIAN_POINT ( 'NONE',  ( 1.250000000000084599, 1.049999999999999378, 2.750000000000006661 ) ) ;
#9056 = FILL_AREA_STYLE_COLOUR ( '', #2426 ) ;
#9057 = VERTEX_POINT ( 'NONE', #10662 ) ;
#9058 = AXIS2_PLACEMENT_3D ( 'NONE', #10803, #5717, #5814 ) ;
#9059 = MECHANICAL_DESIGN_GEOMETRIC_PRESENTATION_REPRESENTATION (  '', ( #3123 ), #9551 ) ;
#9060 = FILL_AREA_STYLE ('',( #2925 ) ) ;
#9061 = SURFACE_SIDE_STYLE ('',( #5779 ) ) ;
#9062 =( NAMED_UNIT ( * ) PLANE_ANGLE_UNIT ( ) SI_UNIT ( $, .RADIAN. ) );
#9063 = SURFACE_STYLE_FILL_AREA ( #4470 ) ;
#9064 = SURFACE_STYLE_USAGE ( .BOTH. , #12021 ) ;
#9065 = SURFACE_SIDE_STYLE ('',( #7564 ) ) ;
#9066 = CIRCLE ( 'NONE', #12957, 0.4000000000000048517 ) ;
#9067 = VERTEX_POINT ( 'NONE', #12722 ) ;
#9068 = CARTESIAN_POINT ( 'NONE',  ( -0.2499999999999572842, 0.8499999999999997558, 0.2500000000000037748 ) ) ;
#9069 = FACE_OUTER_BOUND ( 'NONE', #11078, .T. ) ;
#9070 = DIRECTION ( 'NONE',  ( -0.000000000000000000, -0.000000000000000000, -1.000000000000000000 ) ) ;
#9071 =( LENGTH_UNIT ( ) NAMED_UNIT ( * ) SI_UNIT ( .MILLI., .METRE. ) );
#9072 = AXIS2_PLACEMENT_3D ( 'NONE', #1885, #11110, #833 ) ;
#9073 = FILL_AREA_STYLE ('',( #5088 ) ) ;
#9074 = FILL_AREA_STYLE_COLOUR ( '', #7526 ) ;
#9075 = DIRECTION ( 'NONE',  ( -1.000000000000000000, 0.000000000000000000, -0.000000000000000000 ) ) ;
#9076 = ORIENTED_EDGE ( 'NONE', *, *, #12218, .T. ) ;
#9077 = UNCERTAINTY_MEASURE_WITH_UNIT (LENGTH_MEASURE( 1.000000000000000082E-05 ), #12851, 'distance_accuracy_value', 'NONE');
#9078 = SURFACE_STYLE_FILL_AREA ( #2543 ) ;
#9079 = VERTEX_POINT ( 'NONE', #8656 ) ;
#9080 = DIRECTION ( 'NONE',  ( 0.000000000000000000, -1.000000000000000000, 4.336808689942029569E-16 ) ) ;
#9081 = EDGE_LOOP ( 'NONE', ( #11250, #1621, #7725, #9688, #174, #9716, #8348, #3281, #12251, #9037, #7302, #5819, #5531, #7272, #3569, #11064 ) ) ;
#9082 = STYLED_ITEM ( 'NONE', ( #10745 ), #7821 ) ;
#9083 = PLANE ( 'NONE',  #9072 ) ;
#9084 = ADVANCED_FACE ( 'NONE', ( #5694 ), #6812, .F. ) ;
#9085 = CARTESIAN_POINT ( 'NONE',  ( 0.4514923337687044569, -1.049999999999999156, 2.586871583535974572 ) ) ;
#9086 =( NAMED_UNIT ( * ) SI_UNIT ( $, .STERADIAN. ) SOLID_ANGLE_UNIT ( ) );
#9087 = FACE_OUTER_BOUND ( 'NONE', #1385, .T. ) ;
#9088 =( GEOMETRIC_REPRESENTATION_CONTEXT ( 3 ) GLOBAL_UNCERTAINTY_ASSIGNED_CONTEXT ( ( #12036 ) ) GLOBAL_UNIT_ASSIGNED_CONTEXT ( ( #6310, #4181, #8292 ) ) REPRESENTATION_CONTEXT ( 'NONE', 'WORKASPACE' ) );
#9089 = CARTESIAN_POINT ( 'NONE',  ( 2.550000000000000266, -1.049999999999999156, -2.799999999999994937 ) ) ;
#9090 = EDGE_CURVE ( 'NONE', #7053, #3033, #11952, .T. ) ;
#9091 = ORIENTED_EDGE ( 'NONE', *, *, #2260, .T. ) ;
#9092 = FILL_AREA_STYLE_COLOUR ( '', #4818 ) ;
#9093 = PLANE ( 'NONE',  #7067 ) ;
#9094 = ORIENTED_EDGE ( 'NONE', *, *, #10112, .T. ) ;
#9095 = PRESENTATION_STYLE_ASSIGNMENT (( #11574 ) ) ;
#9096 = DIRECTION ( 'NONE',  ( 0.000000000000000000, -1.000000000000000000, 0.000000000000000000 ) ) ;
#9097 = PRESENTATION_LAYER_ASSIGNMENT (  '', '', ( #2923 ) ) ;
#9098 = VECTOR ( 'NONE', #7852, 1000.000000000000000 ) ;
#9099 =( LENGTH_UNIT ( ) NAMED_UNIT ( * ) SI_UNIT ( .MILLI., .METRE. ) );
#9100 = EDGE_LOOP ( 'NONE', ( #2486, #5325, #9076, #12085 ) ) ;
#9101 =( NAMED_UNIT ( * ) SI_UNIT ( $, .STERADIAN. ) SOLID_ANGLE_UNIT ( ) );
#9102 = CARTESIAN_POINT ( 'NONE',  ( -1.500000000000000000, -1.050000000000000044, -3.099999999999995648 ) ) ;
#9103 =( NAMED_UNIT ( * ) SI_UNIT ( $, .STERADIAN. ) SOLID_ANGLE_UNIT ( ) );
#9104 =( NAMED_UNIT ( * ) SI_UNIT ( $, .STERADIAN. ) SOLID_ANGLE_UNIT ( ) );
#9105 = CARTESIAN_POINT ( 'NONE',  ( 0.2500000000000164868, 0.8500000000000001998, -2.750000000000000000 ) ) ;
#9106 = VERTEX_POINT ( 'NONE', #8738 ) ;
#9107 = CARTESIAN_POINT ( 'NONE',  ( -2.449999999999987743, -0.1499999999999995226, 0.6577350269189665699 ) ) ;
#9108 = ORIENTED_EDGE ( 'NONE', *, *, #9113, .T. ) ;
#9109 = FACE_OUTER_BOUND ( 'NONE', #8020, .T. ) ;
#9110 = LINE ( 'NONE', #492, #9272 ) ;
#9111 = CIRCLE ( 'NONE', #1162, 0.1999999999999982903 ) ;
#9112 = ORIENTED_EDGE ( 'NONE', *, *, #7643, .F. ) ;
#9113 = EDGE_CURVE ( 'NONE', #8495, #12683, #11481, .T. ) ;
#9114 = CARTESIAN_POINT ( 'NONE',  ( -0.2499999999999835132, 0.8500000000000001998, -2.749999999999999112 ) ) ;
#9115 = AXIS2_PLACEMENT_3D ( 'NONE', #11310, #4146, #3084 ) ;
#9116 =( GEOMETRIC_REPRESENTATION_CONTEXT ( 3 ) GLOBAL_UNCERTAINTY_ASSIGNED_CONTEXT ( ( #5617 ) ) GLOBAL_UNIT_ASSIGNED_CONTEXT ( ( #5377, #9454, #2351 ) ) REPRESENTATION_CONTEXT ( 'NONE', 'WORKASPACE' ) );
#9117 = ORIENTED_EDGE ( 'NONE', *, *, #5850, .F. ) ;
#9118 = LINE ( 'NONE', #9901, #9916 ) ;
#9119 = VERTEX_POINT ( 'NONE', #4691 ) ;
#9120 = LINE ( 'NONE', #11731, #5277 ) ;
#9121 = CARTESIAN_POINT ( 'NONE',  ( -2.549999999999998934, 0.8249999999999999556, -2.200000000000000178 ) ) ;
#9122 = EDGE_CURVE ( 'NONE', #1653, #12923, #9066, .T. ) ;
#9123 = DIRECTION ( 'NONE',  ( 0.000000000000000000, -1.000000000000000000, -4.663235150475287444E-17 ) ) ;
#9124 = VECTOR ( 'NONE', #276, 1000.000000000000000 ) ;
#9125 = ORIENTED_EDGE ( 'NONE', *, *, #99, .F. ) ;
#9126 = DIRECTION ( 'NONE',  ( 0.000000000000000000, 0.000000000000000000, 1.000000000000000000 ) ) ;
#9127 = MECHANICAL_DESIGN_GEOMETRIC_PRESENTATION_REPRESENTATION (  '', ( #6138 ), #1152 ) ;
#9128 = SURFACE_STYLE_USAGE ( .BOTH. , #10167 ) ;
#9129 = STYLED_ITEM ( 'NONE', ( #4205 ), #595 ) ;
#9130 =( NAMED_UNIT ( * ) SI_UNIT ( $, .STERADIAN. ) SOLID_ANGLE_UNIT ( ) );
#9131 = FACE_OUTER_BOUND ( 'NONE', #8699, .T. ) ;
#9132 = ORIENTED_EDGE ( 'NONE', *, *, #756, .T. ) ;
#9133 =( GEOMETRIC_REPRESENTATION_CONTEXT ( 3 ) GLOBAL_UNCERTAINTY_ASSIGNED_CONTEXT ( ( #2342 ) ) GLOBAL_UNIT_ASSIGNED_CONTEXT ( ( #8902, #11985, #13012 ) ) REPRESENTATION_CONTEXT ( 'NONE', 'WORKASPACE' ) );
#9134 = SURFACE_STYLE_FILL_AREA ( #3490 ) ;
#9135 = PRESENTATION_STYLE_ASSIGNMENT (( #10310 ) ) ;
#9136 = VERTEX_POINT ( 'NONE', #6793 ) ;
#9137 = DIRECTION ( 'NONE',  ( -0.000000000000000000, -0.000000000000000000, 1.000000000000000000 ) ) ;
#9138 = STYLED_ITEM ( 'NONE', ( #8044 ), #12028 ) ;
#9139 = PRESENTATION_LAYER_ASSIGNMENT (  '', '', ( #3215 ) ) ;
#9140 = PLANE ( 'NONE',  #459 ) ;
#9141 = EDGE_CURVE ( 'NONE', #2114, #10843, #8279, .T. ) ;
#9142 = UNCERTAINTY_MEASURE_WITH_UNIT (LENGTH_MEASURE( 1.000000000000000082E-05 ), #2065, 'distance_accuracy_value', 'NONE');
#9143 = CARTESIAN_POINT ( 'NONE',  ( 2.752999999999984571, 2.050000000000049560, -2.799999999999999822 ) ) ;
#9144 = ADVANCED_FACE ( 'NONE', ( #10345 ), #6752, .F. ) ;
#9145 = CARTESIAN_POINT ( 'NONE',  ( 2.549999999999991385, 1.027999999999999359, 2.200000000000000178 ) ) ;
#9146 = ORIENTED_EDGE ( 'NONE', *, *, #6909, .T. ) ;
#9147 = SURFACE_SIDE_STYLE ('',( #844 ) ) ;
#9148 = VECTOR ( 'NONE', #3854, 1000.000000000000000 ) ;
#9149 = CARTESIAN_POINT ( 'NONE',  ( -1.500000000000000000, -1.050000000000000044, -3.099999999999995648 ) ) ;
#9150 = COLOUR_RGB ( '',1.000000000000000000, 1.000000000000000000, 1.000000000000000000 ) ;
#9151 =( LENGTH_UNIT ( ) NAMED_UNIT ( * ) SI_UNIT ( .MILLI., .METRE. ) );
#9152 = ORIENTED_EDGE ( 'NONE', *, *, #6132, .F. ) ;
#9153 = SURFACE_STYLE_USAGE ( .BOTH. , #6112 ) ;
#9154 = CARTESIAN_POINT ( 'NONE',  ( -2.449999999999985523, -0.1499999999999995226, 0.2154700538379286379 ) ) ;
#9155 = STYLED_ITEM ( 'NONE', ( #3067 ), #7617 ) ;
#9156 = LINE ( 'NONE', #5306, #3383 ) ;
#9157 = EDGE_LOOP ( 'NONE', ( #7400, #2790, #1559, #11904 ) ) ;
#9158 = UNCERTAINTY_MEASURE_WITH_UNIT (LENGTH_MEASURE( 1.000000000000000082E-05 ), #4703, 'distance_accuracy_value', 'NONE');
#9159 = LINE ( 'NONE', #12635, #8694 ) ;
#9160 = PRESENTATION_STYLE_ASSIGNMENT (( #7055 ) ) ;
#9161 = EDGE_LOOP ( 'NONE', ( #659, #13069, #6406, #2022, #12019, #10975, #1383, #6104, #10809, #3549, #2973, #67, #10370, #5450, #5254, #5616, #7013, #12511, #12197, #8493, #7492, #8854, #681, #10790 ) ) ;
#9162 = CARTESIAN_POINT ( 'NONE',  ( 2.749999999999999556, -1.049999999999999156, -2.799999999999994937 ) ) ;
#9163 = EDGE_CURVE ( 'NONE', #1841, #11192, #1380, .T. ) ;
#9164 = CARTESIAN_POINT ( 'NONE',  ( -0.2499999999999572842, 0.8499999999999997558, -0.2499999999999957812 ) ) ;
#9165 = LINE ( 'NONE', #12870, #1823 ) ;
#9166 = PLANE ( 'NONE',  #9379 ) ;
#9167 = ORIENTED_EDGE ( 'NONE', *, *, #8645, .T. ) ;
#9168 = DIRECTION ( 'NONE',  ( 0.000000000000000000, -6.776263578034472970E-17, -1.000000000000000000 ) ) ;
#9169 = STYLED_ITEM ( 'NONE', ( #7850 ), #8230 ) ;
#9170 = PRESENTATION_STYLE_ASSIGNMENT (( #11058 ) ) ;
#9171 = CARTESIAN_POINT ( 'NONE',  ( -0.3895880843324730503, -1.049999999999999156, 2.413550568363381554 ) ) ;
#9172 = DIRECTION ( 'NONE',  ( -7.523163845262646182E-31, -1.000000000000000000, -4.336808689942021187E-16 ) ) ;
#9173 = ORIENTED_EDGE ( 'NONE', *, *, #6951, .F. ) ;
#9174 = MECHANICAL_DESIGN_GEOMETRIC_PRESENTATION_REPRESENTATION (  '', ( #9596 ), #8683 ) ;
#9175 = CARTESIAN_POINT ( 'NONE',  ( -1.749999999999999112, 1.049999999999999822, 0.2500000000000037748 ) ) ;
#9176 = EDGE_CURVE ( 'NONE', #6086, #6602, #12282, .T. ) ;
#9177 =( NAMED_UNIT ( * ) SI_UNIT ( $, .STERADIAN. ) SOLID_ANGLE_UNIT ( ) );
#9178 = ORIENTED_EDGE ( 'NONE', *, *, #1108, .T. ) ;
#9179 = CARTESIAN_POINT ( 'NONE',  ( -0.1541181613051111621, -1.049999999999999156, 2.413550568363382443 ) ) ;
#9180 = ORIENTED_EDGE ( 'NONE', *, *, #3394, .T. ) ;
#9181 = FACE_OUTER_BOUND ( 'NONE', #6345, .T. ) ;
#9182 = CARTESIAN_POINT ( 'NONE',  ( 2.350000000000000089, 0.05000000000000274364, 3.774999999999995914 ) ) ;
#9183 = SURFACE_SIDE_STYLE ('',( #10200 ) ) ;
#9184 = MECHANICAL_DESIGN_GEOMETRIC_PRESENTATION_REPRESENTATION (  '', ( #8522 ), #1390 ) ;
#9185 = DIRECTION ( 'NONE',  ( -0.000000000000000000, -0.000000000000000000, -1.000000000000000000 ) ) ;
#9186 = EDGE_CURVE ( 'NONE', #7553, #2422, #3917, .T. ) ;
#9187 = PLANE ( 'NONE',  #12647 ) ;
#9188 = CARTESIAN_POINT ( 'NONE',  ( 0.6635848415983804927, -1.049999999999999156, 2.947366081294554352 ) ) ;
#9189 = PRESENTATION_STYLE_ASSIGNMENT (( #5443 ) ) ;
#9190 = MECHANICAL_DESIGN_GEOMETRIC_PRESENTATION_REPRESENTATION (  '', ( #692 ), #4643 ) ;
#9191 = EDGE_LOOP ( 'NONE', ( #6569, #7092, #1997, #6955 ) ) ;
#9192 = DIRECTION ( 'NONE',  ( -1.734723475976807094E-15, 1.239088197126289831E-16, -1.000000000000000000 ) ) ;
#9193 = PRESENTATION_LAYER_ASSIGNMENT (  '', '', ( #11706 ) ) ;
#9194 = PRESENTATION_LAYER_ASSIGNMENT (  '', '', ( #6973 ) ) ;
#9195 = ADVANCED_FACE ( 'NONE', ( #717 ), #12805, .T. ) ;
#9196 = SURFACE_STYLE_USAGE ( .BOTH. , #8202 ) ;
#9197 = VECTOR ( 'NONE', #7303, 1000.000000000000000 ) ;
#9198 = ORIENTED_EDGE ( 'NONE', *, *, #1367, .T. ) ;
#9199 = FILL_AREA_STYLE ('',( #13275 ) ) ;
#9200 = COLOUR_RGB ( '',0.6941176470588235059, 0.09803921568627450844, 0.09803921568627450844 ) ;
#9201 = EDGE_CURVE ( 'NONE', #2308, #1447, #6647, .T. ) ;
#9202 = DIRECTION ( 'NONE',  ( -0.000000000000000000, 1.000000000000000000, 3.782100601693619904E-17 ) ) ;
#9203 = PRESENTATION_STYLE_ASSIGNMENT (( #6680 ) ) ;
#9204 = SURFACE_STYLE_FILL_AREA ( #2757 ) ;
#9205 = ORIENTED_EDGE ( 'NONE', *, *, #3125, .F. ) ;
#9206 = DIRECTION ( 'NONE',  ( 0.000000000000000000, -4.336808689942021187E-16, 1.000000000000000000 ) ) ;
#9207 = MECHANICAL_DESIGN_GEOMETRIC_PRESENTATION_REPRESENTATION (  '', ( #7779 ), #9464 ) ;
#9208 =( GEOMETRIC_REPRESENTATION_CONTEXT ( 3 ) GLOBAL_UNCERTAINTY_ASSIGNED_CONTEXT ( ( #4790 ) ) GLOBAL_UNIT_ASSIGNED_CONTEXT ( ( #1085, #5117, #3130 ) ) REPRESENTATION_CONTEXT ( 'NONE', 'WORKASPACE' ) );
#9209 = DIRECTION ( 'NONE',  ( -0.000000000000000000, -0.000000000000000000, -1.000000000000000000 ) ) ;
#9210 = DIRECTION ( 'NONE',  ( -6.573332287317840031E-15, 0.000000000000000000, -1.000000000000000000 ) ) ;
#9211 = UNCERTAINTY_MEASURE_WITH_UNIT (LENGTH_MEASURE( 1.000000000000000082E-05 ), #6814, 'distance_accuracy_value', 'NONE');
#9212 = EDGE_CURVE ( 'NONE', #4225, #11716, #6181, .T. ) ;
#9213 = CARTESIAN_POINT ( 'NONE',  ( -2.550000000000000266, -0.8499999999999976463, 1.850000000000000533 ) ) ;
#9214 = VECTOR ( 'NONE', #6334, 1000.000000000000000 ) ;
#9215 = COLOUR_RGB ( '',1.000000000000000000, 1.000000000000000000, 1.000000000000000000 ) ;
#9216 = ORIENTED_EDGE ( 'NONE', *, *, #12856, .F. ) ;
#9217 = EDGE_LOOP ( 'NONE', ( #11202, #5162, #8371, #6773 ) ) ;
#9218 = VERTEX_POINT ( 'NONE', #5018 ) ;
#9219 =( GEOMETRIC_REPRESENTATION_CONTEXT ( 3 ) GLOBAL_UNCERTAINTY_ASSIGNED_CONTEXT ( ( #5523 ) ) GLOBAL_UNIT_ASSIGNED_CONTEXT ( ( #7189, #2128, #8231 ) ) REPRESENTATION_CONTEXT ( 'NONE', 'WORKASPACE' ) );
#9220 = PLANE ( 'NONE',  #6478 ) ;
#9221 = CYLINDRICAL_SURFACE ( 'NONE', #7293, 0.2000000000000000944 ) ;
#9222 = FILL_AREA_STYLE ('',( #10220 ) ) ;
#9223 =( LENGTH_UNIT ( ) NAMED_UNIT ( * ) SI_UNIT ( .MILLI., .METRE. ) );
#9224 =( LENGTH_UNIT ( ) NAMED_UNIT ( * ) SI_UNIT ( .MILLI., .METRE. ) );
#9225 = FILL_AREA_STYLE_COLOUR ( '', #8168 ) ;
#9226 = DIRECTION ( 'NONE',  ( 0.000000000000000000, 1.000000000000000000, -6.776263578034472970E-17 ) ) ;
#9227 = ORIENTED_EDGE ( 'NONE', *, *, #13087, .T. ) ;
#9228 = FILL_AREA_STYLE ('',( #1180 ) ) ;
#9229 = UNCERTAINTY_MEASURE_WITH_UNIT (LENGTH_MEASURE( 1.000000000000000082E-05 ), #13187, 'distance_accuracy_value', 'NONE');
#9230 = CARTESIAN_POINT ( 'NONE',  ( 2.549999999999999822, -0.8499999999999990896, -1.850000000000004086 ) ) ;
#9231 = DIRECTION ( 'NONE',  ( 1.000000000000000000, 0.000000000000000000, 0.000000000000000000 ) ) ;
#9232 = MECHANICAL_DESIGN_GEOMETRIC_PRESENTATION_REPRESENTATION (  '', ( #7381 ), #9921 ) ;
#9233 = LINE ( 'NONE', #5657, #6513 ) ;
#9234 =( NAMED_UNIT ( * ) PLANE_ANGLE_UNIT ( ) SI_UNIT ( $, .RADIAN. ) );
#9235 = LINE ( 'NONE', #12605, #11972 ) ;
#9236 = DIRECTION ( 'NONE',  ( -0.000000000000000000, -0.000000000000000000, -1.000000000000000000 ) ) ;
#9237 = ORIENTED_EDGE ( 'NONE', *, *, #2109, .T. ) ;
#9238 =( LENGTH_UNIT ( ) NAMED_UNIT ( * ) SI_UNIT ( .MILLI., .METRE. ) );
#9239 = PLANE ( 'NONE',  #6753 ) ;
#9240 = EDGE_CURVE ( 'NONE', #2539, #4341, #11789, .T. ) ;
#9241 = EDGE_LOOP ( 'NONE', ( #7290, #12853, #904, #2360, #3607, #1438, #8343, #9173, #7049, #7648, #10720, #2470, #3360, #12626, #12058, #8542 ) ) ;
#9242 = LINE ( 'NONE', #651, #1082 ) ;
#9243 = PRESENTATION_STYLE_ASSIGNMENT (( #9999 ) ) ;
#9244 = DIRECTION ( 'NONE',  ( 0.000000000000000000, -4.336808689942029569E-16, -1.000000000000000000 ) ) ;
#9245 = VECTOR ( 'NONE', #7861, 1000.000000000000000 ) ;
#9246 = PRESENTATION_LAYER_ASSIGNMENT (  '', '', ( #2904 ) ) ;
#9247 = FACE_OUTER_BOUND ( 'NONE', #42, .T. ) ;
#9248 = VERTEX_POINT ( 'NONE', #2812 ) ;
#9249 = DIRECTION ( 'NONE',  ( -1.000000000000000000, -0.000000000000000000, -0.000000000000000000 ) ) ;
#9250 = ORIENTED_EDGE ( 'NONE', *, *, #4876, .T. ) ;
#9251 = COLOUR_RGB ( '',1.000000000000000000, 1.000000000000000000, 1.000000000000000000 ) ;
#9252 = LINE ( 'NONE', #835, #12468 ) ;
#9253 = FILL_AREA_STYLE ('',( #7157 ) ) ;
#9254 = CARTESIAN_POINT ( 'NONE',  ( 2.550000000000000266, -1.049999999999999156, -1.649999999999994804 ) ) ;
#9255 = DIRECTION ( 'NONE',  ( 1.000000000000000000, 0.000000000000000000, -0.000000000000000000 ) ) ;
#9256 = EDGE_CURVE ( 'NONE', #7462, #7466, #542, .T. ) ;
#9257 = FACE_OUTER_BOUND ( 'NONE', #10498, .T. ) ;
#9258 = ORIENTED_EDGE ( 'NONE', *, *, #12277, .F. ) ;
#9259 = LINE ( 'NONE', #10889, #9419 ) ;
#9260 = LINE ( 'NONE', #11252, #6547 ) ;
#9261 = CARTESIAN_POINT ( 'NONE',  ( -0.2499999999999835132, 0.8499999999999993117, 2.750000000000006661 ) ) ;
#9262 = STYLED_ITEM ( 'NONE', ( #4887 ), #9399 ) ;
#9263 = DIRECTION ( 'NONE',  ( -1.000000000000000000, -0.000000000000000000, -0.000000000000000000 ) ) ;
#9264 = SURFACE_STYLE_FILL_AREA ( #9343 ) ;
#9265 = SURFACE_STYLE_USAGE ( .BOTH. , #3095 ) ;
#9266 = ADVANCED_FACE ( 'NONE', ( #8424 ), #8121, .F. ) ;
#9267 = CARTESIAN_POINT ( 'NONE',  ( -1.249999999999999112, 0.8499999999999995337, 2.250000000000006217 ) ) ;
#9268 = STYLED_ITEM ( 'NONE', ( #13002 ), #9944 ) ;
#9269 = LINE ( 'NONE', #9608, #12495 ) ;
#9270 = SURFACE_SIDE_STYLE ('',( #1176 ) ) ;
#9271 =( NAMED_UNIT ( * ) SI_UNIT ( $, .STERADIAN. ) SOLID_ANGLE_UNIT ( ) );
#9272 = VECTOR ( 'NONE', #10778, 1000.000000000000000 ) ;
#9273 = VERTEX_POINT ( 'NONE', #4882 ) ;
#9274 = CARTESIAN_POINT ( 'NONE',  ( 0.000000000000000000, -2.199999999999997957, -1.073276104080610294E-16 ) ) ;
#9275 = CARTESIAN_POINT ( 'NONE',  ( -0.4963996375201484290, -1.049999999999999156, 2.755490688068241933 ) ) ;
#9276 = SURFACE_STYLE_USAGE ( .BOTH. , #967 ) ;
#9277 = SURFACE_STYLE_FILL_AREA ( #11527 ) ;
#9278 = VERTEX_POINT ( 'NONE', #2864 ) ;
#9279 = PRESENTATION_LAYER_ASSIGNMENT (  '', '', ( #5584 ) ) ;
#9280 = VECTOR ( 'NONE', #7405, 1000.000000000000000 ) ;
#9281 = EDGE_CURVE ( 'NONE', #3355, #6173, #8268, .T. ) ;
#9282 = COLOUR_RGB ( '',1.000000000000000000, 1.000000000000000000, 1.000000000000000000 ) ;
#9283 = EDGE_LOOP ( 'NONE', ( #11224, #10808, #4652, #6465 ) ) ;
#9284 = CARTESIAN_POINT ( 'NONE',  ( 1.250000000000032196, 0.8499999999999997558, -0.2499999999999957812 ) ) ;
#9285 = DIRECTION ( 'NONE',  ( -1.000000000000000000, 0.000000000000000000, 0.000000000000000000 ) ) ;
#9286 = PRESENTATION_LAYER_ASSIGNMENT (  '', '', ( #3969 ) ) ;
#9287 = DIRECTION ( 'NONE',  ( 0.000000000000000000, -1.000000000000000000, -3.497426362856467586E-17 ) ) ;
#9288 = ORIENTED_EDGE ( 'NONE', *, *, #5903, .F. ) ;
#9289 = EDGE_CURVE ( 'NONE', #7742, #9136, #1369, .T. ) ;
#9290 = CARTESIAN_POINT ( 'NONE',  ( 1.250000000000032196, 0.8499999999999999778, -2.249999999999999556 ) ) ;
#9291 = ORIENTED_EDGE ( 'NONE', *, *, #7359, .F. ) ;
#9292 = PRESENTATION_STYLE_ASSIGNMENT (( #11037 ) ) ;
#9293 = ORIENTED_EDGE ( 'NONE', *, *, #1943, .F. ) ;
#9294 = PLANE ( 'NONE',  #1475 ) ;
#9295 = AXIS2_PLACEMENT_3D ( 'NONE', #7778, #12001, #10987 ) ;
#9296 =( GEOMETRIC_REPRESENTATION_CONTEXT ( 3 ) GLOBAL_UNCERTAINTY_ASSIGNED_CONTEXT ( ( #12690 ) ) GLOBAL_UNIT_ASSIGNED_CONTEXT ( ( #7218, #7172, #11313 ) ) REPRESENTATION_CONTEXT ( 'NONE', 'WORKASPACE' ) );
#9297 = DIRECTION ( 'NONE',  ( -1.000000000000000000, -0.000000000000000000, -0.000000000000000000 ) ) ;
#9298 = VECTOR ( 'NONE', #864, 1000.000000000000000 ) ;
#9299 = UNCERTAINTY_MEASURE_WITH_UNIT (LENGTH_MEASURE( 1.000000000000000082E-05 ), #1355, 'distance_accuracy_value', 'NONE');
#9300 = VERTEX_POINT ( 'NONE', #10066 ) ;
#9301 = FILL_AREA_STYLE ('',( #11316 ) ) ;
#9302 =( GEOMETRIC_REPRESENTATION_CONTEXT ( 3 ) GLOBAL_UNCERTAINTY_ASSIGNED_CONTEXT ( ( #9957 ) ) GLOBAL_UNIT_ASSIGNED_CONTEXT ( ( #9415, #3375, #9366 ) ) REPRESENTATION_CONTEXT ( 'NONE', 'WORKASPACE' ) );
#9303 = VECTOR ( 'NONE', #3234, 1000.000000000000000 ) ;
#9304 = CARTESIAN_POINT ( 'NONE',  ( -0.2326411701485553984, -1.039999999999999147, 2.864768817329522932 ) ) ;
#9305 = ORIENTED_EDGE ( 'NONE', *, *, #3966, .F. ) ;
#9306 = DIRECTION ( 'NONE',  ( -0.000000000000000000, 1.000000000000000000, 4.663235150475286828E-17 ) ) ;
#9307 = EDGE_CURVE ( 'NONE', #1707, #6456, #10828, .T. ) ;
#9308 = CARTESIAN_POINT ( 'NONE',  ( 1.250000000000032196, 1.050000000000000044, -2.249999999999999556 ) ) ;
#9309 =( LENGTH_UNIT ( ) NAMED_UNIT ( * ) SI_UNIT ( .MILLI., .METRE. ) );
#9310 =( NAMED_UNIT ( * ) SI_UNIT ( $, .STERADIAN. ) SOLID_ANGLE_UNIT ( ) );
#9311 = ORIENTED_EDGE ( 'NONE', *, *, #1511, .T. ) ;
#9312 = VECTOR ( 'NONE', #9329, 1000.000000000000000 ) ;
#9313 = LINE ( 'NONE', #825, #1983 ) ;
#9314 = DIRECTION ( 'NONE',  ( 0.000000000000000000, -0.000000000000000000, 1.000000000000000000 ) ) ;
#9315 = FACE_OUTER_BOUND ( 'NONE', #6402, .T. ) ;
#9316 =( NAMED_UNIT ( * ) PLANE_ANGLE_UNIT ( ) SI_UNIT ( $, .RADIAN. ) );
#9317 = EDGE_LOOP ( 'NONE', ( #1298, #8272, #9418, #1324 ) ) ;
#9318 = PRESENTATION_LAYER_ASSIGNMENT (  '', '', ( #9400 ) ) ;
#9319 =( NAMED_UNIT ( * ) SI_UNIT ( $, .STERADIAN. ) SOLID_ANGLE_UNIT ( ) );
#9320 = MECHANICAL_DESIGN_GEOMETRIC_PRESENTATION_REPRESENTATION (  '', ( #10901 ), #10021 ) ;
#9321 = ORIENTED_EDGE ( 'NONE', *, *, #4588, .T. ) ;
#9322 =( NAMED_UNIT ( * ) SI_UNIT ( $, .STERADIAN. ) SOLID_ANGLE_UNIT ( ) );
#9323 = DIRECTION ( 'NONE',  ( -1.000000000000000000, 0.000000000000000000, 1.734723475976807094E-15 ) ) ;
#9324 = EDGE_CURVE ( 'NONE', #4917, #2890, #10654, .T. ) ;
#9325 = FACE_OUTER_BOUND ( 'NONE', #11091, .T. ) ;
#9326 = LINE ( 'NONE', #6642, #7249 ) ;
#9327 = ORIENTED_EDGE ( 'NONE', *, *, #655, .T. ) ;
#9328 = ADVANCED_FACE ( 'NONE', ( #7945 ), #11118, .F. ) ;
#9329 = DIRECTION ( 'NONE',  ( 0.000000000000000000, -1.000000000000000000, 0.000000000000000000 ) ) ;
#9330 = DIRECTION ( 'NONE',  ( -0.000000000000000000, -1.000000000000000000, -0.000000000000000000 ) ) ;
#9331 = FILL_AREA_STYLE_COLOUR ( '', #5585 ) ;
#9332 = PLANE ( 'NONE',  #5079 ) ;
#9333 =( GEOMETRIC_REPRESENTATION_CONTEXT ( 3 ) GLOBAL_UNCERTAINTY_ASSIGNED_CONTEXT ( ( #3395 ) ) GLOBAL_UNIT_ASSIGNED_CONTEXT ( ( #4834, #2637, #7818 ) ) REPRESENTATION_CONTEXT ( 'NONE', 'WORKASPACE' ) );
#9334 = CARTESIAN_POINT ( 'NONE',  ( 2.400000000000000355, 0.3000000000000023204, -3.099999999999995648 ) ) ;
#9335 = COLOUR_RGB ( '',1.000000000000000000, 1.000000000000000000, 1.000000000000000000 ) ;
#9336 = FACE_BOUND ( 'NONE', #12453, .T. ) ;
#9337 = VERTEX_POINT ( 'NONE', #9011 ) ;
#9338 = LINE ( 'NONE', #2006, #6629 ) ;
#9339 = EDGE_LOOP ( 'NONE', ( #376, #10737, #6679, #8081 ) ) ;
#9340 =( GEOMETRIC_REPRESENTATION_CONTEXT ( 3 ) GLOBAL_UNCERTAINTY_ASSIGNED_CONTEXT ( ( #35 ) ) GLOBAL_UNIT_ASSIGNED_CONTEXT ( ( #3531, #11686, #10609 ) ) REPRESENTATION_CONTEXT ( 'NONE', 'WORKASPACE' ) );
#9341 = SURFACE_SIDE_STYLE ('',( #10410 ) ) ;
#9342 = DIRECTION ( 'NONE',  ( -0.000000000000000000, -0.000000000000000000, 1.000000000000000000 ) ) ;
#9343 = FILL_AREA_STYLE ('',( #4199 ) ) ;
#9344 = FILL_AREA_STYLE ('',( #12374 ) ) ;
#9345 =( NAMED_UNIT ( * ) SI_UNIT ( $, .STERADIAN. ) SOLID_ANGLE_UNIT ( ) );
#9346 = LINE ( 'NONE', #10509, #12882 ) ;
#9347 = VECTOR ( 'NONE', #2239, 1000.000000000000000 ) ;
#9348 = SURFACE_STYLE_USAGE ( .BOTH. , #8361 ) ;
#9349 = VECTOR ( 'NONE', #1468, 1000.000000000000000 ) ;
#9350 = FILL_AREA_STYLE_COLOUR ( '', #10938 ) ;
#9351 = DIRECTION ( 'NONE',  ( 1.000000000000000000, 0.000000000000000000, -0.000000000000000000 ) ) ;
#9352 = EDGE_LOOP ( 'NONE', ( #8224, #8547, #6254, #2009 ) ) ;
#9353 = EDGE_CURVE ( 'NONE', #11015, #5454, #5055, .T. ) ;
#9354 = ORIENTED_EDGE ( 'NONE', *, *, #4344, .F. ) ;
#9355 =( LENGTH_UNIT ( ) NAMED_UNIT ( * ) SI_UNIT ( .MILLI., .METRE. ) );
#9356 = STYLED_ITEM ( 'NONE', ( #11774 ), #11182 ) ;
#9357 = MECHANICAL_DESIGN_GEOMETRIC_PRESENTATION_REPRESENTATION (  '', ( #3191 ), #11463 ) ;
#9358 = ORIENTED_EDGE ( 'NONE', *, *, #5623, .F. ) ;
#9359 =( NAMED_UNIT ( * ) SI_UNIT ( $, .STERADIAN. ) SOLID_ANGLE_UNIT ( ) );
#9360 = ORIENTED_EDGE ( 'NONE', *, *, #6233, .F. ) ;
#9361 = EDGE_CURVE ( 'NONE', #11120, #9472, #7135, .T. ) ;
#9362 = FILL_AREA_STYLE ('',( #5219 ) ) ;
#9363 = VECTOR ( 'NONE', #1495, 1000.000000000000000 ) ;
#9364 = ORIENTED_EDGE ( 'NONE', *, *, #7583, .F. ) ;
#9365 = DIRECTION ( 'NONE',  ( -7.228014483236695816E-17, -7.228014483236695816E-17, 1.000000000000000000 ) ) ;
#9366 =( NAMED_UNIT ( * ) SI_UNIT ( $, .STERADIAN. ) SOLID_ANGLE_UNIT ( ) );
#9367 = PRESENTATION_LAYER_ASSIGNMENT (  '', '', ( #7523 ) ) ;
#9368 = STYLED_ITEM ( 'NONE', ( #4689 ), #577 ) ;
#9369 = UNCERTAINTY_MEASURE_WITH_UNIT (LENGTH_MEASURE( 1.000000000000000082E-05 ), #2732, 'distance_accuracy_value', 'NONE');
#9370 = CARTESIAN_POINT ( 'NONE',  ( 2.349999999999985434, -0.1499999999999995226, -0.8309401076758556881 ) ) ;
#9371 = CARTESIAN_POINT ( 'NONE',  ( 0.3650520561889786242, -1.039999999999999147, 2.947366081294554352 ) ) ;
#9372 = ORIENTED_EDGE ( 'NONE', *, *, #135, .T. ) ;
#9373 = PRESENTATION_LAYER_ASSIGNMENT (  '', '', ( #5437 ) ) ;
#9374 = COLOUR_RGB ( '',0.6941176470588235059, 0.09803921568627450844, 0.09803921568627450844 ) ;
#9375 = ORIENTED_EDGE ( 'NONE', *, *, #983, .F. ) ;
#9376 = FILL_AREA_STYLE ('',( #2238 ) ) ;
#9377 = VECTOR ( 'NONE', #2612, 1000.000000000000000 ) ;
#9378 = MECHANICAL_DESIGN_GEOMETRIC_PRESENTATION_REPRESENTATION (  '', ( #3214 ), #5966 ) ;
#9379 = AXIS2_PLACEMENT_3D ( 'NONE', #11305, #4963, #7158 ) ;
#9380 = EDGE_LOOP ( 'NONE', ( #9926, #10446, #10659, #1642, #10957, #11042, #7266, #2011 ) ) ;
#9381 = PLANE ( 'NONE',  #8200 ) ;
#9382 = FACE_OUTER_BOUND ( 'NONE', #2526, .T. ) ;
#9383 = EDGE_LOOP ( 'NONE', ( #11260, #6630, #10765, #7706, #11853 ) ) ;
#9384 = EDGE_CURVE ( 'NONE', #3090, #10767, #3114, .T. ) ;
#9385 = EDGE_LOOP ( 'NONE', ( #3126, #11423, #10762, #5112 ) ) ;
#9386 = ORIENTED_EDGE ( 'NONE', *, *, #6354, .T. ) ;
#9387 = UNCERTAINTY_MEASURE_WITH_UNIT (LENGTH_MEASURE( 1.000000000000000082E-05 ), #3335, 'distance_accuracy_value', 'NONE');
#9388 = COLOUR_RGB ( '',0.1098039215686274495, 0.1098039215686274495, 0.1098039215686274495 ) ;
#9389 = SURFACE_SIDE_STYLE ('',( #2099 ) ) ;
#9390 = VECTOR ( 'NONE', #5804, 1000.000000000000000 ) ;
#9391 = VECTOR ( 'NONE', #645, 1000.000000000000000 ) ;
#9392 = SURFACE_SIDE_STYLE ('',( #8825 ) ) ;
#9393 = PRESENTATION_STYLE_ASSIGNMENT (( #12260 ) ) ;
#9394 = ORIENTED_EDGE ( 'NONE', *, *, #21, .F. ) ;
#9395 =( LENGTH_UNIT ( ) NAMED_UNIT ( * ) SI_UNIT ( .MILLI., .METRE. ) );
#9396 = FACE_OUTER_BOUND ( 'NONE', #355, .T. ) ;
#9397 = FILL_AREA_STYLE_COLOUR ( '', #5865 ) ;
#9398 = CARTESIAN_POINT ( 'NONE',  ( -0.2999999999999999334, 1.049999999999999378, 3.500000000000006217 ) ) ;
#9399 = ADVANCED_FACE ( 'NONE', ( #7631 ), #9294, .F. ) ;
#9400 = STYLED_ITEM ( 'NONE', ( #10433 ), #7633 ) ;
#9401 = FILL_AREA_STYLE_COLOUR ( '', #2193 ) ;
#9402 = DIRECTION ( 'NONE',  ( 1.445602896647339163E-16, 7.228014483236695816E-17, -1.000000000000000000 ) ) ;
#9403 = SURFACE_STYLE_USAGE ( .BOTH. , #2299 ) ;
#9404 = STYLED_ITEM ( 'NONE', ( #834 ), #12959 ) ;
#9405 = CYLINDRICAL_SURFACE ( 'NONE', #5473, 0.002999999999999964501 ) ;
#9406 = DIRECTION ( 'NONE',  ( 0.000000000000000000, -1.000000000000000000, -1.239088197126289831E-16 ) ) ;
#9407 = LINE ( 'NONE', #698, #9245 ) ;
#9408 = CARTESIAN_POINT ( 'NONE',  ( 0.7499999999999993339, -0.6999999999999977351, -1.499999999999996003 ) ) ;
#9409 = DIRECTION ( 'NONE',  ( 0.000000000000000000, 0.000000000000000000, 1.000000000000000000 ) ) ;
#9410 = ORIENTED_EDGE ( 'NONE', *, *, #9053, .T. ) ;
#9411 = EDGE_CURVE ( 'NONE', #12743, #3265, #6965, .T. ) ;
#9412 = ORIENTED_EDGE ( 'NONE', *, *, #113, .T. ) ;
#9413 = CARTESIAN_POINT ( 'NONE',  ( -1.749999999999999112, 1.049999999999999378, 2.750000000000006661 ) ) ;
#9414 =( GEOMETRIC_REPRESENTATION_CONTEXT ( 3 ) GLOBAL_UNCERTAINTY_ASSIGNED_CONTEXT ( ( #3564 ) ) GLOBAL_UNIT_ASSIGNED_CONTEXT ( ( #9022, #12204, #12417 ) ) REPRESENTATION_CONTEXT ( 'NONE', 'WORKASPACE' ) );
#9415 =( LENGTH_UNIT ( ) NAMED_UNIT ( * ) SI_UNIT ( .MILLI., .METRE. ) );
#9416 = ORIENTED_EDGE ( 'NONE', *, *, #6884, .F. ) ;
#9417 = FILL_AREA_STYLE ('',( #11596 ) ) ;
#9418 = ORIENTED_EDGE ( 'NONE', *, *, #8693, .T. ) ;
#9419 = VECTOR ( 'NONE', #4831, 1000.000000000000000 ) ;
#9420 = PLANE ( 'NONE',  #6087 ) ;
#9421 = DIRECTION ( 'NONE',  ( 1.445602896647339163E-16, 7.228014483236695816E-17, -1.000000000000000000 ) ) ;
#9422 = EDGE_LOOP ( 'NONE', ( #11880, #12123, #7813, #10675 ) ) ;
#9423 =( GEOMETRIC_REPRESENTATION_CONTEXT ( 3 ) GLOBAL_UNCERTAINTY_ASSIGNED_CONTEXT ( ( #1870 ) ) GLOBAL_UNIT_ASSIGNED_CONTEXT ( ( #13037, #6902, #1766 ) ) REPRESENTATION_CONTEXT ( 'NONE', 'WORKASPACE' ) );
#9424 = CARTESIAN_POINT ( 'NONE',  ( 2.249999999999982236, -0.1499999999999995226, -0.3113248654051922193 ) ) ;
#9425 = EDGE_CURVE ( 'NONE', #1271, #2001, #12269, .T. ) ;
#9426 = CARTESIAN_POINT ( 'NONE',  ( 0.6635848415983804927, -1.039999999999999147, 2.947366081294554352 ) ) ;
#9427 = ORIENTED_EDGE ( 'NONE', *, *, #7296, .T. ) ;
#9428 = VECTOR ( 'NONE', #1251, 1000.000000000000000 ) ;
#9429 = ORIENTED_EDGE ( 'NONE', *, *, #3031, .F. ) ;
#9430 = PRESENTATION_STYLE_ASSIGNMENT (( #11908 ) ) ;
#9431 = COLOUR_RGB ( '',0.1098039215686274495, 0.1098039215686274495, 0.1098039215686274495 ) ;
#9432 = ORIENTED_EDGE ( 'NONE', *, *, #10142, .F. ) ;
#9433 = DIRECTION ( 'NONE',  ( -1.000000000000000000, -0.000000000000000000, -0.000000000000000000 ) ) ;
#9434 = AXIS2_PLACEMENT_3D ( 'NONE', #9439, #3227, #3352 ) ;
#9435 = FILL_AREA_STYLE_COLOUR ( '', #12189 ) ;
#9436 = EDGE_CURVE ( 'NONE', #4050, #12081, #12101, .T. ) ;
#9437 = DIRECTION ( 'NONE',  ( -1.000000000000000000, 0.000000000000000000, 0.000000000000000000 ) ) ;
#9438 = CIRCLE ( 'NONE', #6509, 0.2000000000000003164 ) ;
#9439 = CARTESIAN_POINT ( 'NONE',  ( 1.500000000000000000, 0.6499999999999998002, -3.574999999999997957 ) ) ;
#9440 = PLANE ( 'NONE',  #5610 ) ;
#9441 =( GEOMETRIC_REPRESENTATION_CONTEXT ( 3 ) GLOBAL_UNCERTAINTY_ASSIGNED_CONTEXT ( ( #4618 ) ) GLOBAL_UNIT_ASSIGNED_CONTEXT ( ( #9670, #12811, #3668 ) ) REPRESENTATION_CONTEXT ( 'NONE', 'WORKASPACE' ) );
#9442 = STYLED_ITEM ( 'NONE', ( #2069 ), #3761 ) ;
#9443 = ORIENTED_EDGE ( 'NONE', *, *, #3545, .F. ) ;
#9444 =( NAMED_UNIT ( * ) SI_UNIT ( $, .STERADIAN. ) SOLID_ANGLE_UNIT ( ) );
#9445 = PLANE ( 'NONE',  #944 ) ;
#9446 = VECTOR ( 'NONE', #10989, 1000.000000000000000 ) ;
#9447 = PRESENTATION_STYLE_ASSIGNMENT (( #4654 ) ) ;
#9448 = ORIENTED_EDGE ( 'NONE', *, *, #4894, .F. ) ;
#9449 = CARTESIAN_POINT ( 'NONE',  ( -1.500000000000000000, -0.8500000000000000888, 3.099999999999989431 ) ) ;
#9450 = DIRECTION ( 'NONE',  ( -1.000000000000000000, -0.000000000000000000, -0.000000000000000000 ) ) ;
#9451 = FILL_AREA_STYLE_COLOUR ( '', #5284 ) ;
#9452 =( GEOMETRIC_REPRESENTATION_CONTEXT ( 3 ) GLOBAL_UNCERTAINTY_ASSIGNED_CONTEXT ( ( #5139 ) ) GLOBAL_UNIT_ASSIGNED_CONTEXT ( ( #4233, #264, #10429 ) ) REPRESENTATION_CONTEXT ( 'NONE', 'WORKASPACE' ) );
#9453 = STYLED_ITEM ( 'NONE', ( #273 ), #1977 ) ;
#9454 =( NAMED_UNIT ( * ) PLANE_ANGLE_UNIT ( ) SI_UNIT ( $, .RADIAN. ) );
#9455 = LINE ( 'NONE', #2696, #4161 ) ;
#9456 = ORIENTED_EDGE ( 'NONE', *, *, #5808, .T. ) ;
#9457 = EDGE_CURVE ( 'NONE', #6420, #8495, #3753, .T. ) ;
#9458 = PLANE ( 'NONE',  #6351 ) ;
#9459 = LINE ( 'NONE', #10081, #12681 ) ;
#9460 = CARTESIAN_POINT ( 'NONE',  ( 0.2500000000000164868, 0.8499999999999995337, 2.250000000000006217 ) ) ;
#9461 = ORIENTED_EDGE ( 'NONE', *, *, #10486, .F. ) ;
#9462 = FILL_AREA_STYLE ('',( #2274 ) ) ;
#9463 = FILL_AREA_STYLE ('',( #11591 ) ) ;
#9464 =( GEOMETRIC_REPRESENTATION_CONTEXT ( 3 ) GLOBAL_UNCERTAINTY_ASSIGNED_CONTEXT ( ( #12998 ) ) GLOBAL_UNIT_ASSIGNED_CONTEXT ( ( #960, #7137, #9103 ) ) REPRESENTATION_CONTEXT ( 'NONE', 'WORKASPACE' ) );
#9465 =( GEOMETRIC_REPRESENTATION_CONTEXT ( 3 ) GLOBAL_UNCERTAINTY_ASSIGNED_CONTEXT ( ( #7798 ) ) GLOBAL_UNIT_ASSIGNED_CONTEXT ( ( #7562, #9581, #4480 ) ) REPRESENTATION_CONTEXT ( 'NONE', 'WORKASPACE' ) );
#9466 = ADVANCED_FACE ( 'NONE', ( #8907 ), #1158, .T. ) ;
#9467 =( NAMED_UNIT ( * ) PLANE_ANGLE_UNIT ( ) SI_UNIT ( $, .RADIAN. ) );
#9468 = VECTOR ( 'NONE', #9365, 1000.000000000000000 ) ;
#9469 = EDGE_CURVE ( 'NONE', #2539, #1235, #6164, .T. ) ;
#9470 = CARTESIAN_POINT ( 'NONE',  ( -0.7500000000000008882, -2.199999999999997957, 4.036762042207656601E-15 ) ) ;
#9471 = UNCERTAINTY_MEASURE_WITH_UNIT (LENGTH_MEASURE( 1.000000000000000082E-05 ), #8769, 'distance_accuracy_value', 'NONE');
#9472 = VERTEX_POINT ( 'NONE', #2146 ) ;
#9473 = CARTESIAN_POINT ( 'NONE',  ( 2.750000000000000000, -0.04999999999999828887, 0.7750000000000010214 ) ) ;
#9474 = STYLED_ITEM ( 'NONE', ( #11715 ), #1625 ) ;
#9475 = CARTESIAN_POINT ( 'NONE',  ( 2.550000000000000266, -1.049999999999999156, -2.799999999999994937 ) ) ;
#9476 = VERTEX_POINT ( 'NONE', #3164 ) ;
#9477 = SURFACE_SIDE_STYLE ('',( #4980 ) ) ;
#9478 = ADVANCED_FACE ( 'NONE', ( #4059 ), #9332, .F. ) ;
#9479 = DIRECTION ( 'NONE',  ( 1.000000000000000000, 0.000000000000000000, -1.734723475976807094E-15 ) ) ;
#9480 = PRESENTATION_LAYER_ASSIGNMENT (  '', '', ( #10436 ) ) ;
#9481 = CARTESIAN_POINT ( 'NONE',  ( -2.499999999999999556, 0.8000000000000001554, -3.500000000000000000 ) ) ;
#9482 = EDGE_LOOP ( 'NONE', ( #9258, #6673, #10513, #10334 ) ) ;
#9483 = VECTOR ( 'NONE', #3704, 1000.000000000000000 ) ;
#9484 = PRESENTATION_STYLE_ASSIGNMENT (( #10232 ) ) ;
#9485 = DIRECTION ( 'NONE',  ( 0.000000000000000000, 3.497426362856467586E-17, -1.000000000000000000 ) ) ;
#9486 = ORIENTED_EDGE ( 'NONE', *, *, #6185, .T. ) ;
#9487 = SURFACE_SIDE_STYLE ('',( #12463 ) ) ;
#9488 = CARTESIAN_POINT ( 'NONE',  ( -2.749999999999999556, -0.5499999999999997113, 2.600000000000002309 ) ) ;
#9489 =( NAMED_UNIT ( * ) SI_UNIT ( $, .STERADIAN. ) SOLID_ANGLE_UNIT ( ) );
#9490 = DIRECTION ( 'NONE',  ( -0.000000000000000000, -0.000000000000000000, -1.000000000000000000 ) ) ;
#9491 = FILL_AREA_STYLE_COLOUR ( '', #8423 ) ;
#9492 = SURFACE_SIDE_STYLE ('',( #829 ) ) ;
#9493 = EDGE_LOOP ( 'NONE', ( #3856, #11297, #6504, #2767 ) ) ;
#9494 = CARTESIAN_POINT ( 'NONE',  ( -1.500000000000000000, 0.05000000000000274364, 3.774999999999995914 ) ) ;
#9495 = PRESENTATION_LAYER_ASSIGNMENT (  '', '', ( #5815 ) ) ;
#9496 = VECTOR ( 'NONE', #4053, 1000.000000000000000 ) ;
#9497 = DIRECTION ( 'NONE',  ( 0.000000000000000000, -1.000000000000000000, 0.000000000000000000 ) ) ;
#9498 = FACE_BOUND ( 'NONE', #7580, .T. ) ;
#9499 = ORIENTED_EDGE ( 'NONE', *, *, #11635, .T. ) ;
#9500 = VECTOR ( 'NONE', #11333, 1000.000000000000000 ) ;
#9501 = MECHANICAL_DESIGN_GEOMETRIC_PRESENTATION_REPRESENTATION (  '', ( #10715 ), #9088 ) ;
#9502 = CARTESIAN_POINT ( 'NONE',  ( 0.2500000000000164868, 0.8500000000000001998, -2.750000000000000000 ) ) ;
#9503 = SURFACE_SIDE_STYLE ('',( #12311 ) ) ;
#9504 = EDGE_CURVE ( 'NONE', #9218, #3334, #9346, .T. ) ;
#9505 = SURFACE_STYLE_FILL_AREA ( #143 ) ;
#9506 = SURFACE_SIDE_STYLE ('',( #2052 ) ) ;
#9507 = DIRECTION ( 'NONE',  ( 3.465730829687636645E-32, -1.000000000000000000, -5.421010862427526114E-16 ) ) ;
#9508 = VECTOR ( 'NONE', #9955, 1000.000000000000000 ) ;
#9509 = ORIENTED_EDGE ( 'NONE', *, *, #2523, .F. ) ;
#9510 =( NAMED_UNIT ( * ) SI_UNIT ( $, .STERADIAN. ) SOLID_ANGLE_UNIT ( ) );
#9511 = AXIS2_PLACEMENT_3D ( 'NONE', #11488, #8352, #12420 ) ;
#9512 = DIRECTION ( 'NONE',  ( 0.000000000000000000, 0.000000000000000000, -1.000000000000000000 ) ) ;
#9513 = SURFACE_SIDE_STYLE ('',( #786 ) ) ;
#9514 =( GEOMETRIC_REPRESENTATION_CONTEXT ( 3 ) GLOBAL_UNCERTAINTY_ASSIGNED_CONTEXT ( ( #3963 ) ) GLOBAL_UNIT_ASSIGNED_CONTEXT ( ( #7017, #5003, #13189 ) ) REPRESENTATION_CONTEXT ( 'NONE', 'WORKASPACE' ) );
#9515 = STYLED_ITEM ( 'NONE', ( #1778 ), #3561 ) ;
#9516 = ORIENTED_EDGE ( 'NONE', *, *, #1238, .T. ) ;
#9517 = CARTESIAN_POINT ( 'NONE',  ( 2.750000000000000000, 0.05000000000000275752, -3.824999999999998845 ) ) ;
#9518 = VECTOR ( 'NONE', #3103, 1000.000000000000000 ) ;
#9519 = EDGE_LOOP ( 'NONE', ( #10017, #1794, #7902, #8650 ) ) ;
#9520 = CARTESIAN_POINT ( 'NONE',  ( 1.500000000000000000, -0.8480000000000001981, -3.572999999999995957 ) ) ;
#9521 = ADVANCED_FACE ( 'NONE', ( #7456 ), #6177, .F. ) ;
#9522 = DIRECTION ( 'NONE',  ( 1.000000000000000000, 8.673617379884032317E-15, -0.000000000000000000 ) ) ;
#9523 = DIRECTION ( 'NONE',  ( -0.000000000000000000, 0.000000000000000000, 1.000000000000000000 ) ) ;
#9524 = LINE ( 'NONE', #2166, #1702 ) ;
#9525 = DIRECTION ( 'NONE',  ( 0.000000000000000000, 0.000000000000000000, -1.000000000000000000 ) ) ;
#9526 = VERTEX_POINT ( 'NONE', #7482 ) ;
#9527 = EDGE_CURVE ( 'NONE', #6565, #1653, #691, .T. ) ;
#9528 = VECTOR ( 'NONE', #11835, 1000.000000000000000 ) ;
#9529 = VERTEX_POINT ( 'NONE', #6314 ) ;
#9530 = ORIENTED_EDGE ( 'NONE', *, *, #8128, .T. ) ;
#9531 = DIRECTION ( 'NONE',  ( 0.000000000000000000, -0.000000000000000000, -1.000000000000000000 ) ) ;
#9532 = FACE_OUTER_BOUND ( 'NONE', #3401, .T. ) ;
#9533 = AXIS2_PLACEMENT_3D ( 'NONE', #5961, #845, #10952 ) ;
#9534 = STYLED_ITEM ( 'NONE', ( #5683 ), #4540 ) ;
#9535 = CARTESIAN_POINT ( 'NONE',  ( -2.749999999999999556, -0.04999999999999763661, -0.7749999999999980238 ) ) ;
#9536 = UNCERTAINTY_MEASURE_WITH_UNIT (LENGTH_MEASURE( 1.000000000000000082E-05 ), #12930, 'distance_accuracy_value', 'NONE');
#9537 = UNCERTAINTY_MEASURE_WITH_UNIT (LENGTH_MEASURE( 1.000000000000000082E-05 ), #1101, 'distance_accuracy_value', 'NONE');
#9538 = ORIENTED_EDGE ( 'NONE', *, *, #12586, .T. ) ;
#9539 = PRESENTATION_STYLE_ASSIGNMENT (( #9064 ) ) ;
#9540 = EDGE_CURVE ( 'NONE', #3158, #4735, #8258, .T. ) ;
#9541 = PRESENTATION_STYLE_ASSIGNMENT (( #8060 ) ) ;
#9542 = ADVANCED_FACE ( 'NONE', ( #8104 ), #8516, .F. ) ;
#9543 = DIRECTION ( 'NONE',  ( -6.505213034913027393E-15, -1.000000000000000000, -6.505213034913027393E-15 ) ) ;
#9544 = PRESENTATION_STYLE_ASSIGNMENT (( #151 ) ) ;
#9545 = VECTOR ( 'NONE', #7728, 1000.000000000000000 ) ;
#9546 = LINE ( 'NONE', #10366, #6993 ) ;
#9547 = PLANE ( 'NONE',  #4871 ) ;
#9548 = DIRECTION ( 'NONE',  ( -0.000000000000000000, 0.000000000000000000, 1.000000000000000000 ) ) ;
#9549 = ORIENTED_EDGE ( 'NONE', *, *, #5316, .F. ) ;
#9550 = STYLED_ITEM ( 'NONE', ( #12668 ), #6346 ) ;
#9551 =( GEOMETRIC_REPRESENTATION_CONTEXT ( 3 ) GLOBAL_UNCERTAINTY_ASSIGNED_CONTEXT ( ( #5773 ) ) GLOBAL_UNIT_ASSIGNED_CONTEXT ( ( #10620, #11654, #8399 ) ) REPRESENTATION_CONTEXT ( 'NONE', 'WORKASPACE' ) );
#9552 = DIRECTION ( 'NONE',  ( 0.000000000000000000, 0.000000000000000000, -1.000000000000000000 ) ) ;
#9553 = DIRECTION ( 'NONE',  ( -4.336808689942013003E-15, 0.000000000000000000, 1.000000000000000000 ) ) ;
#9554 = MECHANICAL_DESIGN_GEOMETRIC_PRESENTATION_REPRESENTATION (  '', ( #5264 ), #5024 ) ;
#9555 =( NAMED_UNIT ( * ) PLANE_ANGLE_UNIT ( ) SI_UNIT ( $, .RADIAN. ) );
#9556 = PLANE ( 'NONE',  #8064 ) ;
#9557 = ORIENTED_EDGE ( 'NONE', *, *, #8982, .T. ) ;
#9558 = LINE ( 'NONE', #7776, #2674 ) ;
#9559 = UNCERTAINTY_MEASURE_WITH_UNIT (LENGTH_MEASURE( 1.000000000000000082E-05 ), #11922, 'distance_accuracy_value', 'NONE');
#9560 = VECTOR ( 'NONE', #1781, 1000.000000000000000 ) ;
#9561 = CARTESIAN_POINT ( 'NONE',  ( 0.2500000000000167089, 1.050000000000000044, -2.250000000000000444 ) ) ;
#9562 = MECHANICAL_DESIGN_GEOMETRIC_PRESENTATION_REPRESENTATION (  '', ( #356 ), #3813 ) ;
#9563 = ORIENTED_EDGE ( 'NONE', *, *, #1679, .F. ) ;
#9564 = ORIENTED_EDGE ( 'NONE', *, *, #6407, .F. ) ;
#9565 = EDGE_CURVE ( 'NONE', #9574, #2900, #349, .T. ) ;
#9566 = LINE ( 'NONE', #3253, #4108 ) ;
#9567 = FILL_AREA_STYLE ('',( #3438 ) ) ;
#9568 = SURFACE_STYLE_USAGE ( .BOTH. , #319 ) ;
#9569 = LINE ( 'NONE', #7547, #9896 ) ;
#9570 = CARTESIAN_POINT ( 'NONE',  ( -2.752999999999998337, 1.027999999999999359, 2.200000000000000178 ) ) ;
#9571 = DIRECTION ( 'NONE',  ( 0.000000000000000000, -1.000000000000000000, 0.000000000000000000 ) ) ;
#9572 =( NAMED_UNIT ( * ) PLANE_ANGLE_UNIT ( ) SI_UNIT ( $, .RADIAN. ) );
#9573 =( GEOMETRIC_REPRESENTATION_CONTEXT ( 3 ) GLOBAL_UNCERTAINTY_ASSIGNED_CONTEXT ( ( #3654 ) ) GLOBAL_UNIT_ASSIGNED_CONTEXT ( ( #1874, #3864, #919 ) ) REPRESENTATION_CONTEXT ( 'NONE', 'WORKASPACE' ) );
#9574 = VERTEX_POINT ( 'NONE', #9424 ) ;
#9575 = VERTEX_POINT ( 'NONE', #8466 ) ;
#9576 = LINE ( 'NONE', #10983, #11044 ) ;
#9577 = SURFACE_STYLE_USAGE ( .BOTH. , #10624 ) ;
#9578 = MECHANICAL_DESIGN_GEOMETRIC_PRESENTATION_REPRESENTATION (  '', ( #13202 ), #562 ) ;
#9579 = EDGE_CURVE ( 'NONE', #5739, #4393, #7792, .T. ) ;
#9580 = ORIENTED_EDGE ( 'NONE', *, *, #11626, .T. ) ;
#9581 =( NAMED_UNIT ( * ) PLANE_ANGLE_UNIT ( ) SI_UNIT ( $, .RADIAN. ) );
#9582 = LINE ( 'NONE', #947, #7046 ) ;
#9583 = VECTOR ( 'NONE', #12679, 1000.000000000000000 ) ;
#9584 = COLOUR_RGB ( '',1.000000000000000000, 1.000000000000000000, 1.000000000000000000 ) ;
#9585 = ORIENTED_EDGE ( 'NONE', *, *, #5600, .F. ) ;
#9586 = DIRECTION ( 'NONE',  ( -1.000000000000000000, -0.000000000000000000, -0.000000000000000000 ) ) ;
#9587 = FILL_AREA_STYLE ('',( #8677 ) ) ;
#9588 = PLANE ( 'NONE',  #11493 ) ;
#9589 = CARTESIAN_POINT ( 'NONE',  ( 2.100000000000000089, -0.6999999999999977351, -2.899999999999995470 ) ) ;
#9590 = ADVANCED_FACE ( 'NONE', ( #5665 ), #7401, .F. ) ;
#9591 =( NAMED_UNIT ( * ) SI_UNIT ( $, .STERADIAN. ) SOLID_ANGLE_UNIT ( ) );
#9592 = VECTOR ( 'NONE', #8172, 1000.000000000000000 ) ;
#9593 = ORIENTED_EDGE ( 'NONE', *, *, #991, .T. ) ;
#9594 = DIRECTION ( 'NONE',  ( 0.000000000000000000, 1.000000000000000000, 0.000000000000000000 ) ) ;
#9595 = PLANE ( 'NONE',  #2716 ) ;
#9596 = STYLED_ITEM ( 'NONE', ( #775 ), #3170 ) ;
#9597 = PRESENTATION_STYLE_ASSIGNMENT (( #8730 ) ) ;
#9598 = COLOUR_RGB ( '',1.000000000000000000, 1.000000000000000000, 1.000000000000000000 ) ;
#9599 = FACE_OUTER_BOUND ( 'NONE', #1150, .T. ) ;
#9600 = VECTOR ( 'NONE', #8222, 1000.000000000000000 ) ;
#9601 = EDGE_LOOP ( 'NONE', ( #4685, #11958, #3736, #857, #5604, #2083, #9146, #7367 ) ) ;
#9602 = DIRECTION ( 'NONE',  ( 1.000000000000000000, 0.000000000000000000, -0.000000000000000000 ) ) ;
#9603 = EDGE_CURVE ( 'NONE', #1875, #1122, #10154, .T. ) ;
#9604 = SURFACE_STYLE_FILL_AREA ( #8754 ) ;
#9605 =( NAMED_UNIT ( * ) SI_UNIT ( $, .STERADIAN. ) SOLID_ANGLE_UNIT ( ) );
#9606 = ORIENTED_EDGE ( 'NONE', *, *, #10088, .F. ) ;
#9607 = ADVANCED_FACE ( 'NONE', ( #1348 ), #12502, .F. ) ;
#9608 = CARTESIAN_POINT ( 'NONE',  ( 2.249999999999982681, -0.1499999999999995226, -0.2154700538379264729 ) ) ;
#9609 = LINE ( 'NONE', #1093, #13297 ) ;
#9610 = CARTESIAN_POINT ( 'NONE',  ( 0.2500000000000164868, 1.050000000000000044, -2.750000000000000000 ) ) ;
#9611 = CARTESIAN_POINT ( 'NONE',  ( -2.750000000000000000, 0.05000000000000275752, -3.824999999999998845 ) ) ;
#9612 = VECTOR ( 'NONE', #13248, 1000.000000000000000 ) ;
#9613 = EDGE_CURVE ( 'NONE', #3193, #5070, #6953, .T. ) ;
#9614 = ORIENTED_EDGE ( 'NONE', *, *, #9256, .F. ) ;
#9615 = SURFACE_SIDE_STYLE ('',( #3000 ) ) ;
#9616 = DIRECTION ( 'NONE',  ( 0.000000000000000000, 0.000000000000000000, 1.000000000000000000 ) ) ;
#9617 = STYLED_ITEM ( 'NONE', ( #6810 ), #10619 ) ;
#9618 = LINE ( 'NONE', #11094, #642 ) ;
#9619 = MECHANICAL_DESIGN_GEOMETRIC_PRESENTATION_REPRESENTATION (  '', ( #11608 ), #1661 ) ;
#9620 = FILL_AREA_STYLE_COLOUR ( '', #6917 ) ;
#9621 = DIRECTION ( 'NONE',  ( -1.239088197126289831E-16, 0.000000000000000000, -1.000000000000000000 ) ) ;
#9622 =( NAMED_UNIT ( * ) SI_UNIT ( $, .STERADIAN. ) SOLID_ANGLE_UNIT ( ) );
#9623 = EDGE_LOOP ( 'NONE', ( #8563, #9375, #3152, #2157 ) ) ;
#9624 = EDGE_CURVE ( 'NONE', #158, #2466, #1994, .T. ) ;
#9625 = COLOUR_RGB ( '',1.000000000000000000, 1.000000000000000000, 1.000000000000000000 ) ;
#9626 = CARTESIAN_POINT ( 'NONE',  ( 2.749999999999980460, -0.1499999999999995226, 0.3041451884327325272 ) ) ;
#9627 = VECTOR ( 'NONE', #11745, 1000.000000000000000 ) ;
#9628 = CARTESIAN_POINT ( 'NONE',  ( -1.749999999999999334, 1.050000000000000044, -2.750000000000000000 ) ) ;
#9629 = EDGE_LOOP ( 'NONE', ( #8260, #1165, #5185, #243 ) ) ;
#9630 = STYLED_ITEM ( 'NONE', ( #5197 ), #9682 ) ;
#9631 = AXIS2_PLACEMENT_3D ( 'NONE', #9643, #9692, #2495 ) ;
#9632 = PLANE ( 'NONE',  #165 ) ;
#9633 = STYLED_ITEM ( 'NONE', ( #13046 ), #368 ) ;
#9634 = UNCERTAINTY_MEASURE_WITH_UNIT (LENGTH_MEASURE( 1.000000000000000082E-05 ), #3444, 'distance_accuracy_value', 'NONE');
#9635 = CARTESIAN_POINT ( 'NONE',  ( 1.500000000000000000, 0.05000000000000273670, 3.574999999999997957 ) ) ;
#9636 = CARTESIAN_POINT ( 'NONE',  ( 1.500000000000000000, -0.8499999999999978684, -3.099999999999995648 ) ) ;
#9637 = LINE ( 'NONE', #6355, #1655 ) ;
#9638 = AXIS2_PLACEMENT_3D ( 'NONE', #7677, #7542, #4452 ) ;
#9639 =( GEOMETRIC_REPRESENTATION_CONTEXT ( 3 ) GLOBAL_UNCERTAINTY_ASSIGNED_CONTEXT ( ( #12611 ) ) GLOBAL_UNIT_ASSIGNED_CONTEXT ( ( #12352, #10463, #1155 ) ) REPRESENTATION_CONTEXT ( 'NONE', 'WORKASPACE' ) );
#9640 = LINE ( 'NONE', #1181, #2601 ) ;
#9641 = COLOUR_RGB ( '',0.1098039215686274495, 0.1098039215686274495, 0.1098039215686274495 ) ;
#9642 = ORIENTED_EDGE ( 'NONE', *, *, #1367, .F. ) ;
#9643 = CARTESIAN_POINT ( 'NONE',  ( 2.750000000000000000, 0.05000000000000273670, -3.850000000000000089 ) ) ;
#9644 = FILL_AREA_STYLE ('',( #1648 ) ) ;
#9645 = EDGE_CURVE ( 'NONE', #9529, #1534, #2945, .T. ) ;
#9646 = SURFACE_STYLE_USAGE ( .BOTH. , #4495 ) ;
#9647 = DIRECTION ( 'NONE',  ( -1.000000000000000000, 0.000000000000000000, -0.000000000000000000 ) ) ;
#9648 = FACE_OUTER_BOUND ( 'NONE', #12537, .T. ) ;
#9649 = SURFACE_SIDE_STYLE ('',( #6483 ) ) ;
#9650 = ORIENTED_EDGE ( 'NONE', *, *, #2287, .T. ) ;
#9651 = FACE_BOUND ( 'NONE', #9, .T. ) ;
#9652 = EDGE_LOOP ( 'NONE', ( #8804, #3068, #11986, #2755 ) ) ;
#9653 = VECTOR ( 'NONE', #7051, 1000.000000000000000 ) ;
#9654 = ORIENTED_EDGE ( 'NONE', *, *, #11545, .F. ) ;
#9655 =( GEOMETRIC_REPRESENTATION_CONTEXT ( 3 ) GLOBAL_UNCERTAINTY_ASSIGNED_CONTEXT ( ( #5292 ) ) GLOBAL_UNIT_ASSIGNED_CONTEXT ( ( #746, #8878, #3749 ) ) REPRESENTATION_CONTEXT ( 'NONE', 'WORKASPACE' ) );
#9656 = SURFACE_STYLE_USAGE ( .BOTH. , #6654 ) ;
#9657 = DIRECTION ( 'NONE',  ( 1.000000000000000000, 0.000000000000000000, 0.000000000000000000 ) ) ;
#9658 = AXIS2_PLACEMENT_3D ( 'NONE', #9729, #12702, #2621 ) ;
#9659 = SURFACE_SIDE_STYLE ('',( #10202 ) ) ;
#9660 = DIRECTION ( 'NONE',  ( -1.000000000000000000, -0.000000000000000000, -0.000000000000000000 ) ) ;
#9661 = SURFACE_SIDE_STYLE ('',( #7035 ) ) ;
#9662 = EDGE_LOOP ( 'NONE', ( #9825, #1737, #1010, #12283 ) ) ;
#9663 = CARTESIAN_POINT ( 'NONE',  ( -2.499999999999999112, 1.025000000000000133, -2.799999999999999822 ) ) ;
#9664 = DIRECTION ( 'NONE',  ( -0.000000000000000000, 1.000000000000000000, 7.228014483236731463E-15 ) ) ;
#9665 = ADVANCED_FACE ( 'NONE', ( #5334 ), #1519, .F. ) ;
#9666 = LINE ( 'NONE', #8686, #4214 ) ;
#9667 = EDGE_CURVE ( 'NONE', #3466, #11195, #9666, .T. ) ;
#9668 =( NAMED_UNIT ( * ) PLANE_ANGLE_UNIT ( ) SI_UNIT ( $, .RADIAN. ) );
#9669 = SURFACE_STYLE_FILL_AREA ( #5791 ) ;
#9670 =( LENGTH_UNIT ( ) NAMED_UNIT ( * ) SI_UNIT ( .MILLI., .METRE. ) );
#9671 = EDGE_LOOP ( 'NONE', ( #5720, #1230, #13057, #11162 ) ) ;
#9672 = LINE ( 'NONE', #3998, #12729 ) ;
#9673 = VERTEX_POINT ( 'NONE', #9561 ) ;
#9674 = DIRECTION ( 'NONE',  ( 0.000000000000000000, -0.000000000000000000, -1.000000000000000000 ) ) ;
#9675 = CARTESIAN_POINT ( 'NONE',  ( -2.552999999999999048, 1.028000000000000025, -2.200000000000000178 ) ) ;
#9676 = AXIS2_PLACEMENT_3D ( 'NONE', #3269, #10475, #6495 ) ;
#9677 = FACE_OUTER_BOUND ( 'NONE', #3078, .T. ) ;
#9678 = VERTEX_POINT ( 'NONE', #10744 ) ;
#9679 = PRESENTATION_STYLE_ASSIGNMENT (( #2115 ) ) ;
#9680 = PLANE ( 'NONE',  #7738 ) ;
#9681 = LINE ( 'NONE', #3216, #1048 ) ;
#9682 = ADVANCED_FACE ( 'NONE', ( #3895 ), #9741, .F. ) ;
#9683 = PLANE ( 'NONE',  #3121 ) ;
#9684 = LINE ( 'NONE', #3691, #4725 ) ;
#9685 = ORIENTED_EDGE ( 'NONE', *, *, #2805, .F. ) ;
#9686 = MECHANICAL_DESIGN_GEOMETRIC_PRESENTATION_REPRESENTATION (  '', ( #9015 ), #4624 ) ;
#9687 =( NAMED_UNIT ( * ) SI_UNIT ( $, .STERADIAN. ) SOLID_ANGLE_UNIT ( ) );
#9688 = ORIENTED_EDGE ( 'NONE', *, *, #9281, .T. ) ;
#9689 = FILL_AREA_STYLE ('',( #11631 ) ) ;
#9690 = SURFACE_STYLE_USAGE ( .BOTH. , #575 ) ;
#9691 = EDGE_CURVE ( 'NONE', #7445, #10471, #3249, .T. ) ;
#9692 = DIRECTION ( 'NONE',  ( 0.000000000000000000, 0.000000000000000000, 1.000000000000000000 ) ) ;
#9693 = DIRECTION ( 'NONE',  ( -1.000000000000000000, -6.365179094826524742E-15, 0.000000000000000000 ) ) ;
#9694 = CARTESIAN_POINT ( 'NONE',  ( 2.350000000000000089, 0.05000000000000274364, -3.774999999999995914 ) ) ;
#9695 = CARTESIAN_POINT ( 'NONE',  ( 2.400000000000000355, -0.04999999999999826111, -2.624999999999998668 ) ) ;
#9696 = VERTEX_POINT ( 'NONE', #7581 ) ;
#9697 = AXIS2_PLACEMENT_3D ( 'NONE', #7548, #9571, #3448 ) ;
#9698 = ORIENTED_EDGE ( 'NONE', *, *, #5719, .F. ) ;
#9699 = CARTESIAN_POINT ( 'NONE',  ( -2.552999999999999048, 1.027999999999999581, -0.2999999999999999334 ) ) ;
#9700 = STYLED_ITEM ( 'NONE', ( #5881 ), #10158 ) ;
#9701 = AXIS2_PLACEMENT_3D ( 'NONE', #8505, #12582, #6439 ) ;
#9702 = VERTEX_POINT ( 'NONE', #4498 ) ;
#9703 = SURFACE_STYLE_FILL_AREA ( #1042 ) ;
#9704 = SURFACE_STYLE_USAGE ( .BOTH. , #4459 ) ;
#9705 = VECTOR ( 'NONE', #11742, 1000.000000000000000 ) ;
#9706 = ORIENTED_EDGE ( 'NONE', *, *, #10685, .T. ) ;
#9707 = CARTESIAN_POINT ( 'NONE',  ( 2.750000000000000000, -0.8499999999999990896, -2.600000000000008971 ) ) ;
#9708 = VECTOR ( 'NONE', #4477, 1000.000000000000000 ) ;
#9709 = ORIENTED_EDGE ( 'NONE', *, *, #6474, .F. ) ;
#9710 =( NAMED_UNIT ( * ) PLANE_ANGLE_UNIT ( ) SI_UNIT ( $, .RADIAN. ) );
#9711 = FILL_AREA_STYLE ('',( #7595 ) ) ;
#9712 = PRESENTATION_LAYER_ASSIGNMENT (  '', '', ( #978 ) ) ;
#9713 = ORIENTED_EDGE ( 'NONE', *, *, #5776, .T. ) ;
#9714 = PLANE ( 'NONE',  #5753 ) ;
#9715 = MANIFOLD_SOLID_BREP ( 'Cut-Extrude9', #3958 ) ;
#9716 = ORIENTED_EDGE ( 'NONE', *, *, #4922, .T. ) ;
#9717 = LINE ( 'NONE', #9908, #6198 ) ;
#9718 = EDGE_CURVE ( 'NONE', #1239, #4917, #9978, .T. ) ;
#9719 = SURFACE_SIDE_STYLE ('',( #2643 ) ) ;
#9720 = COLOUR_RGB ( '',1.000000000000000000, 1.000000000000000000, 1.000000000000000000 ) ;
#9721 = CARTESIAN_POINT ( 'NONE',  ( -0.5000000000000000000, -0.3500000000000003664, -3.774999999999995914 ) ) ;
#9722 = MECHANICAL_DESIGN_GEOMETRIC_PRESENTATION_REPRESENTATION (  '', ( #5782 ), #9048 ) ;
#9723 = ORIENTED_EDGE ( 'NONE', *, *, #6631, .F. ) ;
#9724 = DIRECTION ( 'NONE',  ( -1.000000000000000000, 0.000000000000000000, 0.000000000000000000 ) ) ;
#9725 = COLOUR_RGB ( '',0.1098039215686274495, 0.1098039215686274495, 0.1098039215686274495 ) ;
#9726 = FILL_AREA_STYLE ('',( #8714 ) ) ;
#9727 = EDGE_CURVE ( 'NONE', #13210, #8968, #8707, .T. ) ;
#9728 = FILL_AREA_STYLE_COLOUR ( '', #2882 ) ;
#9729 = CARTESIAN_POINT ( 'NONE',  ( -0.3000000000000001554, 0.8499999999999993117, -4.832455532033675283 ) ) ;
#9730 = DIRECTION ( 'NONE',  ( -0.000000000000000000, -1.000000000000000000, -4.663235150475286828E-17 ) ) ;
#9731 = COLOUR_RGB ( '',1.000000000000000000, 1.000000000000000000, 1.000000000000000000 ) ;
#9732 = AXIS2_PLACEMENT_3D ( 'NONE', #839, #11025, #3836 ) ;
#9733 = PRESENTATION_LAYER_ASSIGNMENT (  '', '', ( #3981 ) ) ;
#9734 = EDGE_CURVE ( 'NONE', #4993, #3265, #5980, .T. ) ;
#9735 = ADVANCED_FACE ( 'NONE', ( #13031, #9651, #12396, #5484 ), #8865, .T. ) ;
#9736 = ORIENTED_EDGE ( 'NONE', *, *, #10695, .T. ) ;
#9737 =( LENGTH_UNIT ( ) NAMED_UNIT ( * ) SI_UNIT ( .MILLI., .METRE. ) );
#9738 = ORIENTED_EDGE ( 'NONE', *, *, #597, .T. ) ;
#9739 = FACE_OUTER_BOUND ( 'NONE', #8985, .T. ) ;
#9740 = DIRECTION ( 'NONE',  ( 0.000000000000000000, 1.668003342285397221E-16, -1.000000000000000000 ) ) ;
#9741 = PLANE ( 'NONE',  #699 ) ;
#9742 = PRESENTATION_LAYER_ASSIGNMENT (  '', '', ( #2893 ) ) ;
#9743 = SURFACE_STYLE_USAGE ( .BOTH. , #9061 ) ;
#9744 = VECTOR ( 'NONE', #2292, 1000.000000000000000 ) ;
#9745 = CARTESIAN_POINT ( 'NONE',  ( 1.500000000000000000, -0.3500000000000003664, -3.774999999999995914 ) ) ;
#9746 = LINE ( 'NONE', #12770, #12167 ) ;
#9747 = EDGE_LOOP ( 'NONE', ( #5607, #10117, #1346, #10079 ) ) ;
#9748 = DIRECTION ( 'NONE',  ( -1.000000000000000000, -0.000000000000000000, -0.000000000000000000 ) ) ;
#9749 = ORIENTED_EDGE ( 'NONE', *, *, #12367, .F. ) ;
#9750 = FACE_OUTER_BOUND ( 'NONE', #163, .T. ) ;
#9751 = VECTOR ( 'NONE', #5713, 1000.000000000000000 ) ;
#9752 = ORIENTED_EDGE ( 'NONE', *, *, #12305, .T. ) ;
#9753 = ADVANCED_FACE ( 'NONE', ( #10458 ), #1652, .F. ) ;
#9754 = DIRECTION ( 'NONE',  ( 0.000000000000000000, 0.000000000000000000, -1.000000000000000000 ) ) ;
#9755 = DIRECTION ( 'NONE',  ( 0.000000000000000000, 0.000000000000000000, 1.000000000000000000 ) ) ;
#9756 = AXIS2_PLACEMENT_3D ( 'NONE', #4296, #10489, #5375 ) ;
#9757 = ORIENTED_EDGE ( 'NONE', *, *, #10988, .F. ) ;
#9758 = CARTESIAN_POINT ( 'NONE',  ( 2.549999999999986056, -0.1499999999999995226, -0.8309401076758556881 ) ) ;
#9759 = FILL_AREA_STYLE ('',( #5636 ) ) ;
#9760 = LINE ( 'NONE', #2831, #11228 ) ;
#9761 = CLOSED_SHELL ( 'NONE', ( #4767, #7837, #4629, #11112, #1294, #9932, #9328, #955, #6840, #3814 ) ) ;
#9762 = STYLED_ITEM ( 'NONE', ( #918 ), #5833 ) ;
#9763 = DIRECTION ( 'NONE',  ( -1.000000000000000000, -0.000000000000000000, 0.000000000000000000 ) ) ;
#9764 = CARTESIAN_POINT ( 'NONE',  ( 1.500000000000000000, -0.8480000000000001981, 3.574999999999991740 ) ) ;
#9765 = EDGE_CURVE ( 'NONE', #2948, #3366, #6136, .T. ) ;
#9766 = CARTESIAN_POINT ( 'NONE',  ( -0.7500000000000008882, -2.199999999999997957, 4.036762042207656601E-15 ) ) ;
#9767 = LINE ( 'NONE', #44, #9592 ) ;
#9768 = ORIENTED_EDGE ( 'NONE', *, *, #10270, .F. ) ;
#9769 = DIRECTION ( 'NONE',  ( -0.000000000000000000, -0.000000000000000000, -1.000000000000000000 ) ) ;
#9770 = LINE ( 'NONE', #4600, #9789 ) ;
#9771 = CARTESIAN_POINT ( 'NONE',  ( -0.2499999999999835132, 1.049999999999999378, 2.750000000000006661 ) ) ;
#9772 = VECTOR ( 'NONE', #1991, 1000.000000000000000 ) ;
#9773 = VECTOR ( 'NONE', #6447, 1000.000000000000000 ) ;
#9774 = DIRECTION ( 'NONE',  ( -0.000000000000000000, 0.000000000000000000, -1.000000000000000000 ) ) ;
#9775 = ORIENTED_EDGE ( 'NONE', *, *, #7336, .F. ) ;
#9776 = MECHANICAL_DESIGN_GEOMETRIC_PRESENTATION_REPRESENTATION (  '', ( #5394 ), #8857 ) ;
#9777 = FILL_AREA_STYLE_COLOUR ( '', #7744 ) ;
#9778 =( LENGTH_UNIT ( ) NAMED_UNIT ( * ) SI_UNIT ( .MILLI., .METRE. ) );
#9779 = PLANE ( 'NONE',  #4574 ) ;
#9780 = SURFACE_STYLE_USAGE ( .BOTH. , #12962 ) ;
#9781 =( NAMED_UNIT ( * ) SI_UNIT ( $, .STERADIAN. ) SOLID_ANGLE_UNIT ( ) );
#9782 = PRESENTATION_LAYER_ASSIGNMENT (  '', '', ( #7491 ) ) ;
#9783 = LINE ( 'NONE', #12867, #798 ) ;
#9784 = VERTEX_POINT ( 'NONE', #12037 ) ;
#9785 = FACE_OUTER_BOUND ( 'NONE', #6390, .T. ) ;
#9786 = ORIENTED_EDGE ( 'NONE', *, *, #2918, .T. ) ;
#9787 = PRESENTATION_STYLE_ASSIGNMENT (( #7038 ) ) ;
#9788 = FACE_OUTER_BOUND ( 'NONE', #2726, .T. ) ;
#9789 = VECTOR ( 'NONE', #8734, 1000.000000000000000 ) ;
#9790 = ORIENTED_EDGE ( 'NONE', *, *, #7851, .T. ) ;
#9791 = UNCERTAINTY_MEASURE_WITH_UNIT (LENGTH_MEASURE( 1.000000000000000082E-05 ), #10622, 'distance_accuracy_value', 'NONE');
#9792 =( NAMED_UNIT ( * ) PLANE_ANGLE_UNIT ( ) SI_UNIT ( $, .RADIAN. ) );
#9793 = VECTOR ( 'NONE', #3902, 1000.000000000000000 ) ;
#9794 =( NAMED_UNIT ( * ) PLANE_ANGLE_UNIT ( ) SI_UNIT ( $, .RADIAN. ) );
#9795 = FILL_AREA_STYLE ('',( #5712 ) ) ;
#9796 = DIRECTION ( 'NONE',  ( -0.1705736038900110274, 0.000000000000000000, 0.9853449373980532888 ) ) ;
#9797 = VERTEX_POINT ( 'NONE', #4683 ) ;
#9798 = EDGE_CURVE ( 'NONE', #11120, #9119, #8552, .T. ) ;
#9799 = VECTOR ( 'NONE', #6460, 1000.000000000000000 ) ;
#9800 = VERTEX_POINT ( 'NONE', #2801 ) ;
#9801 = FILL_AREA_STYLE ('',( #2638 ) ) ;
#9802 = ADVANCED_FACE ( 'NONE', ( #11903 ), #5892, .F. ) ;
#9803 = STYLED_ITEM ( 'NONE', ( #10656 ), #11026 ) ;
#9804 = STYLED_ITEM ( 'NONE', ( #12753 ), #4629 ) ;
#9805 = CARTESIAN_POINT ( 'NONE',  ( 0.2999999999999998224, 0.8499999999999993117, -3.850000000000000089 ) ) ;
#9806 = EDGE_CURVE ( 'NONE', #1534, #7150, #1817, .T. ) ;
#9807 = UNCERTAINTY_MEASURE_WITH_UNIT (LENGTH_MEASURE( 1.000000000000000082E-05 ), #1038, 'distance_accuracy_value', 'NONE');
#9808 = ORIENTED_EDGE ( 'NONE', *, *, #10241, .T. ) ;
#9809 = CARTESIAN_POINT ( 'NONE',  ( 2.552999999999991498, 1.027999999999999359, 2.200000000000000178 ) ) ;
#9810 = DIRECTION ( 'NONE',  ( 2.168404344971017940E-15, 4.663235150475286828E-17, -1.000000000000000000 ) ) ;
#9811 = LINE ( 'NONE', #3162, #7766 ) ;
#9812 = ORIENTED_EDGE ( 'NONE', *, *, #7142, .T. ) ;
#9813 = AXIS2_PLACEMENT_3D ( 'NONE', #2789, #812, #3853 ) ;
#9814 = PRESENTATION_LAYER_ASSIGNMENT (  '', '', ( #9129 ) ) ;
#9815 = SURFACE_STYLE_USAGE ( .BOTH. , #10814 ) ;
#9816 = FACE_OUTER_BOUND ( 'NONE', #6530, .T. ) ;
#9817 = ORIENTED_EDGE ( 'NONE', *, *, #4391, .T. ) ;
#9818 = DIRECTION ( 'NONE',  ( 1.000000000000000000, 0.000000000000000000, -0.000000000000000000 ) ) ;
#9819 = EDGE_CURVE ( 'NONE', #2681, #12459, #9313, .T. ) ;
#9820 = ADVANCED_FACE ( 'NONE', ( #12383 ), #3954, .F. ) ;
#9821 = SURFACE_STYLE_USAGE ( .BOTH. , #6863 ) ;
#9822 = FILL_AREA_STYLE ('',( #8989 ) ) ;
#9823 = AXIS2_PLACEMENT_3D ( 'NONE', #842, #4931, #6891 ) ;
#9824 = AXIS2_PLACEMENT_3D ( 'NONE', #3877, #2988, #1025 ) ;
#9825 = ORIENTED_EDGE ( 'NONE', *, *, #11679, .T. ) ;
#9826 = CARTESIAN_POINT ( 'NONE',  ( -2.552999999999998604, 2.050000000000049116, 2.200000000000000178 ) ) ;
#9827 = EDGE_CURVE ( 'NONE', #9574, #9875, #6762, .T. ) ;
#9828 = PLANE ( 'NONE',  #7 ) ;
#9829 = CARTESIAN_POINT ( 'NONE',  ( -0.2499999999999572842, 1.049999999999999822, 0.2500000000000037748 ) ) ;
#9830 = EDGE_LOOP ( 'NONE', ( #12340, #8869, #3674, #11485 ) ) ;
#9831 = CARTESIAN_POINT ( 'NONE',  ( 2.550000000000000266, -1.049999999999999156, -1.649999999999994804 ) ) ;
#9832 = FACE_OUTER_BOUND ( 'NONE', #9043, .T. ) ;
#9833 = DIRECTION ( 'NONE',  ( -0.000000000000000000, 1.000000000000000000, -0.000000000000000000 ) ) ;
#9834 = COLOUR_RGB ( '',1.000000000000000000, 1.000000000000000000, 1.000000000000000000 ) ;
#9835 = CARTESIAN_POINT ( 'NONE',  ( 2.449999999999984190, -0.6000000000000094147, -0.2154700538379285546 ) ) ;
#9836 = DIRECTION ( 'NONE',  ( 0.000000000000000000, 0.000000000000000000, -1.000000000000000000 ) ) ;
#9837 = VERTEX_POINT ( 'NONE', #732 ) ;
#9838 = DIRECTION ( 'NONE',  ( -0.000000000000000000, -0.000000000000000000, 1.000000000000000000 ) ) ;
#9839 = DIRECTION ( 'NONE',  ( 0.000000000000000000, -1.000000000000000000, -0.000000000000000000 ) ) ;
#9840 = DIRECTION ( 'NONE',  ( -0.000000000000000000, 1.000000000000000000, 3.782100601693619904E-17 ) ) ;
#9841 = EDGE_CURVE ( 'NONE', #791, #10846, #4036, .T. ) ;
#9842 = CARTESIAN_POINT ( 'NONE',  ( 0.7500000000000000000, 0.6499999999999998002, -3.824999999999998845 ) ) ;
#9843 = DIRECTION ( 'NONE',  ( -1.000000000000000000, 0.000000000000000000, 0.000000000000000000 ) ) ;
#9844 = LINE ( 'NONE', #10897, #12099 ) ;
#9845 = EDGE_LOOP ( 'NONE', ( #1453, #12696, #4184, #210 ) ) ;
#9846 = PRESENTATION_STYLE_ASSIGNMENT (( #1733 ) ) ;
#9847 = FACE_OUTER_BOUND ( 'NONE', #2262, .T. ) ;
#9848 = EDGE_LOOP ( 'NONE', ( #4302, #9723, #6472, #8142 ) ) ;
#9849 =( NAMED_UNIT ( * ) SI_UNIT ( $, .STERADIAN. ) SOLID_ANGLE_UNIT ( ) );
#9850 = DIRECTION ( 'NONE',  ( -1.000000000000000000, 0.000000000000000000, -2.168404344971017940E-15 ) ) ;
#9851 = STYLED_ITEM ( 'NONE', ( #1898 ), #8417 ) ;
#9852 = CARTESIAN_POINT ( 'NONE',  ( -1.249999999999999112, 0.8499999999999997558, -0.2499999999999966416 ) ) ;
#9853 = CARTESIAN_POINT ( 'NONE',  ( 2.552999999999991054, 1.027999999999999581, 0.2999999999999999334 ) ) ;
#9854 = FACE_OUTER_BOUND ( 'NONE', #9623, .T. ) ;
#9855 = CARTESIAN_POINT ( 'NONE',  ( 2.350000000000000089, 0.05000000000000274364, -3.774999999999995914 ) ) ;
#9856 = CYLINDRICAL_SURFACE ( 'NONE', #5831, 0.2019999999999999296 ) ;
#9857 = ORIENTED_EDGE ( 'NONE', *, *, #13203, .T. ) ;
#9858 = CARTESIAN_POINT ( 'NONE',  ( -1.249999999999999112, 0.8499999999999995337, 2.250000000000006217 ) ) ;
#9859 = EDGE_LOOP ( 'NONE', ( #3754, #9448, #12817, #4714 ) ) ;
#9860 = FILL_AREA_STYLE ('',( #2699 ) ) ;
#9861 = EDGE_CURVE ( 'NONE', #1136, #9837, #3871, .T. ) ;
#9862 = VERTEX_POINT ( 'NONE', #2140 ) ;
#9863 = LINE ( 'NONE', #10292, #5374 ) ;
#9864 = ADVANCED_FACE ( 'NONE', ( #8868 ), #5935, .T. ) ;
#9865 = DIRECTION ( 'NONE',  ( 0.000000000000000000, -1.000000000000000000, 0.000000000000000000 ) ) ;
#9866 =( NAMED_UNIT ( * ) PLANE_ANGLE_UNIT ( ) SI_UNIT ( $, .RADIAN. ) );
#9867 = EDGE_LOOP ( 'NONE', ( #12899, #1975, #7101, #6370 ) ) ;
#9868 = CIRCLE ( 'NONE', #12358, 0.3999999999999999667 ) ;
#9869 = FILL_AREA_STYLE ('',( #10977 ) ) ;
#9870 =( GEOMETRIC_REPRESENTATION_CONTEXT ( 3 ) GLOBAL_UNCERTAINTY_ASSIGNED_CONTEXT ( ( #4959 ) ) GLOBAL_UNIT_ASSIGNED_CONTEXT ( ( #11207, #12357, #6135 ) ) REPRESENTATION_CONTEXT ( 'NONE', 'WORKASPACE' ) );
#9871 = LINE ( 'NONE', #7622, #1718 ) ;
#9872 = EDGE_CURVE ( 'NONE', #71, #1500, #27, .T. ) ;
#9873 = FILL_AREA_STYLE ('',( #5893 ) ) ;
#9874 = ORIENTED_EDGE ( 'NONE', *, *, #11679, .F. ) ;
#9875 = VERTEX_POINT ( 'NONE', #1196 ) ;
#9876 = CARTESIAN_POINT ( 'NONE',  ( -2.649999999999984368, -0.1499999999999995226, 0.2154700538379264729 ) ) ;
#9877 = MECHANICAL_DESIGN_GEOMETRIC_PRESENTATION_REPRESENTATION (  '', ( #6024 ), #9441 ) ;
#9878 = AXIS2_PLACEMENT_3D ( 'NONE', #8275, #11193, #3062 ) ;
#9879 = UNCERTAINTY_MEASURE_WITH_UNIT (LENGTH_MEASURE( 1.000000000000000082E-05 ), #5855, 'distance_accuracy_value', 'NONE');
#9880 = ADVANCED_FACE ( 'NONE', ( #5628 ), #4176, .F. ) ;
#9881 = MANIFOLD_SOLID_BREP ( 'Boss-Extrude12[1]', #9761 ) ;
#9882 = CARTESIAN_POINT ( 'NONE',  ( -2.749999999999977796, -0.1499999999999995226, -0.6999999999999979572 ) ) ;
#9883 = SURFACE_STYLE_USAGE ( .BOTH. , #4733 ) ;
#9884 = VERTEX_POINT ( 'NONE', #6475 ) ;
#9885 = FILL_AREA_STYLE ('',( #1889 ) ) ;
#9886 = SURFACE_STYLE_FILL_AREA ( #8032 ) ;
#9887 =( NAMED_UNIT ( * ) SI_UNIT ( $, .STERADIAN. ) SOLID_ANGLE_UNIT ( ) );
#9888 = DIRECTION ( 'NONE',  ( -0.000000000000000000, 1.000000000000000000, -0.000000000000000000 ) ) ;
#9889 = SURFACE_SIDE_STYLE ('',( #7994 ) ) ;
#9890 = PRESENTATION_STYLE_ASSIGNMENT (( #13267 ) ) ;
#9891 = EDGE_LOOP ( 'NONE', ( #449, #11724, #3419, #8859 ) ) ;
#9892 = PRESENTATION_LAYER_ASSIGNMENT (  '', '', ( #3023 ) ) ;
#9893 = MECHANICAL_DESIGN_GEOMETRIC_PRESENTATION_REPRESENTATION (  '', ( #2276 ), #3885 ) ;
#9894 = COLOUR_RGB ( '',1.000000000000000000, 1.000000000000000000, 1.000000000000000000 ) ;
#9895 = EDGE_CURVE ( 'NONE', #12076, #12393, #6908, .T. ) ;
#9896 = VECTOR ( 'NONE', #4280, 1000.000000000000000 ) ;
#9897 =( LENGTH_UNIT ( ) NAMED_UNIT ( * ) SI_UNIT ( .MILLI., .METRE. ) );
#9898 = SURFACE_STYLE_USAGE ( .BOTH. , #3415 ) ;
#9899 =( GEOMETRIC_REPRESENTATION_CONTEXT ( 3 ) GLOBAL_UNCERTAINTY_ASSIGNED_CONTEXT ( ( #10377 ) ) GLOBAL_UNIT_ASSIGNED_CONTEXT ( ( #4379, #11697, #12726 ) ) REPRESENTATION_CONTEXT ( 'NONE', 'WORKASPACE' ) );
#9900 = AXIS2_PLACEMENT_3D ( 'NONE', #11734, #4649, #1442 ) ;
#9901 = CARTESIAN_POINT ( 'NONE',  ( -0.5138308425403714796, -1.039999999999999147, 3.124166730570991035 ) ) ;
#9902 = SURFACE_STYLE_FILL_AREA ( #13054 ) ;
#9903 = ORIENTED_EDGE ( 'NONE', *, *, #706, .T. ) ;
#9904 = ORIENTED_EDGE ( 'NONE', *, *, #1393, .T. ) ;
#9905 = VECTOR ( 'NONE', #6169, 1000.000000000000000 ) ;
#9906 =( NAMED_UNIT ( * ) SI_UNIT ( $, .STERADIAN. ) SOLID_ANGLE_UNIT ( ) );
#9907 = EDGE_CURVE ( 'NONE', #12906, #8708, #12227, .T. ) ;
#9908 = CARTESIAN_POINT ( 'NONE',  ( 1.250000000000084599, 0.8499999999999993117, 2.750000000000006661 ) ) ;
#9909 =( NAMED_UNIT ( * ) PLANE_ANGLE_UNIT ( ) SI_UNIT ( $, .RADIAN. ) );
#9910 = SURFACE_SIDE_STYLE ('',( #13208 ) ) ;
#9911 = CARTESIAN_POINT ( 'NONE',  ( 1.500000000000000000, -1.050000000000000044, -3.099999999999995648 ) ) ;
#9912 = CARTESIAN_POINT ( 'NONE',  ( 0.5109984815446022566, -1.039999999999999147, 2.688210421060323707 ) ) ;
#9913 = STYLED_ITEM ( 'NONE', ( #11259 ), #1489 ) ;
#9914 = PRESENTATION_STYLE_ASSIGNMENT (( #12324 ) ) ;
#9915 =( LENGTH_UNIT ( ) NAMED_UNIT ( * ) SI_UNIT ( .MILLI., .METRE. ) );
#9916 = VECTOR ( 'NONE', #10036, 1000.000000000000000 ) ;
#9917 = VECTOR ( 'NONE', #12931, 1000.000000000000227 ) ;
#9918 = CIRCLE ( 'NONE', #11718, 0.2000000000000003164 ) ;
#9919 = VECTOR ( 'NONE', #10438, 1000.000000000000000 ) ;
#9920 = ORIENTED_EDGE ( 'NONE', *, *, #11945, .F. ) ;
#9921 =( GEOMETRIC_REPRESENTATION_CONTEXT ( 3 ) GLOBAL_UNCERTAINTY_ASSIGNED_CONTEXT ( ( #6275 ) ) GLOBAL_UNIT_ASSIGNED_CONTEXT ( ( #10319, #11368, #5211 ) ) REPRESENTATION_CONTEXT ( 'NONE', 'WORKASPACE' ) );
#9922 = FILL_AREA_STYLE ('',( #7898 ) ) ;
#9923 = LINE ( 'NONE', #8935, #8829 ) ;
#9924 = EDGE_CURVE ( 'NONE', #1464, #2848, #12688, .T. ) ;
#9925 = LINE ( 'NONE', #6860, #1296 ) ;
#9926 = ORIENTED_EDGE ( 'NONE', *, *, #10270, .T. ) ;
#9927 = VECTOR ( 'NONE', #8261, 1000.000000000000000 ) ;
#9928 = CARTESIAN_POINT ( 'NONE',  ( -0.5138308425403714796, -1.039999999999999147, 3.124166730570991035 ) ) ;
#9929 = PRESENTATION_STYLE_ASSIGNMENT (( #7546 ) ) ;
#9930 = VERTEX_POINT ( 'NONE', #9460 ) ;
#9931 = DIRECTION ( 'NONE',  ( 1.000000000000000000, 0.000000000000000000, 0.000000000000000000 ) ) ;
#9932 = ADVANCED_FACE ( 'NONE', ( #8853 ), #2403, .F. ) ;
#9933 = MECHANICAL_DESIGN_GEOMETRIC_PRESENTATION_REPRESENTATION (  '', ( #2904 ), #10628 ) ;
#9934 = CARTESIAN_POINT ( 'NONE',  ( -1.749999999999999112, 0.8499999999999993117, 2.750000000000006661 ) ) ;
#9935 = ORIENTED_EDGE ( 'NONE', *, *, #11005, .T. ) ;
#9936 = MECHANICAL_DESIGN_GEOMETRIC_PRESENTATION_REPRESENTATION (  '', ( #6514 ), #10636 ) ;
#9937 = CARTESIAN_POINT ( 'NONE',  ( 0.000000000000000000, -0.6999999999999978462, -2.362796182348372987E-17 ) ) ;
#9938 = VERTEX_POINT ( 'NONE', #172 ) ;
#9939 = FILL_AREA_STYLE_COLOUR ( '', #8676 ) ;
#9940 = EDGE_CURVE ( 'NONE', #1663, #4993, #5160, .T. ) ;
#9941 = CARTESIAN_POINT ( 'NONE',  ( -2.499999999999998668, 0.7999999999999992673, 3.500000000000006217 ) ) ;
#9942 = VECTOR ( 'NONE', #80, 999.9999999999998863 ) ;
#9943 = SURFACE_SIDE_STYLE ('',( #10258 ) ) ;
#9944 = ADVANCED_FACE ( 'NONE', ( #643 ), #8454, .F. ) ;
#9945 = CARTESIAN_POINT ( 'NONE',  ( 2.750000000000000000, -0.04999999999999826111, -2.624999999999998668 ) ) ;
#9946 = CARTESIAN_POINT ( 'NONE',  ( -2.499999999999999112, 0.8249999999999996225, -0.2999999999999999334 ) ) ;
#9947 = ORIENTED_EDGE ( 'NONE', *, *, #204, .F. ) ;
#9948 = CARTESIAN_POINT ( 'NONE',  ( 2.750000000000000000, 1.050000000000000044, -3.500000000000000000 ) ) ;
#9949 = FILL_AREA_STYLE ('',( #11887 ) ) ;
#9950 = PRESENTATION_STYLE_ASSIGNMENT (( #8141 ) ) ;
#9951 = AXIS2_PLACEMENT_3D ( 'NONE', #7080, #1846, #13070 ) ;
#9952 = CARTESIAN_POINT ( 'NONE',  ( -0.6925805273749674473, -1.039999999999999147, 3.124166730570991035 ) ) ;
#9953 = CARTESIAN_POINT ( 'NONE',  ( -2.550000000000000266, -0.8000000000000024869, 1.850000000000000533 ) ) ;
#9954 = VERTEX_POINT ( 'NONE', #12572 ) ;
#9955 = DIRECTION ( 'NONE',  ( -1.000000000000000000, 0.000000000000000000, 0.000000000000000000 ) ) ;
#9956 = DIRECTION ( 'NONE',  ( -1.000000000000000000, -0.000000000000000000, -0.000000000000000000 ) ) ;
#9957 = UNCERTAINTY_MEASURE_WITH_UNIT (LENGTH_MEASURE( 1.000000000000000082E-05 ), #9415, 'distance_accuracy_value', 'NONE');
#9958 = CARTESIAN_POINT ( 'NONE',  ( -2.549999999999998934, 1.027999999999999581, -0.2999999999999999334 ) ) ;
#9959 = AXIS2_PLACEMENT_3D ( 'NONE', #1463, #8718, #5653 ) ;
#9960 = PRESENTATION_STYLE_ASSIGNMENT (( #4031 ) ) ;
#9961 = STYLED_ITEM ( 'NONE', ( #12184 ), #3621 ) ;
#9962 =( NAMED_UNIT ( * ) SI_UNIT ( $, .STERADIAN. ) SOLID_ANGLE_UNIT ( ) );
#9963 = ORIENTED_EDGE ( 'NONE', *, *, #6050, .F. ) ;
#9964 = VECTOR ( 'NONE', #12185, 1000.000000000000000 ) ;
#9965 = DIRECTION ( 'NONE',  ( 1.000000000000000000, 0.000000000000000000, -0.000000000000000000 ) ) ;
#9966 = ORIENTED_EDGE ( 'NONE', *, *, #7971, .F. ) ;
#9967 = ORIENTED_EDGE ( 'NONE', *, *, #1547, .F. ) ;
#9968 = PLANE ( 'NONE',  #5884 ) ;
#9969 = MECHANICAL_DESIGN_GEOMETRIC_PRESENTATION_REPRESENTATION (  '', ( #6973 ), #13151 ) ;
#9970 = SURFACE_SIDE_STYLE ('',( #6204 ) ) ;
#9971 = CARTESIAN_POINT ( 'NONE',  ( -2.552999999999999048, 2.050000000000049560, 0.2999999999999999334 ) ) ;
#9972 = EDGE_CURVE ( 'NONE', #3633, #8483, #7085, .T. ) ;
#9973 = UNCERTAINTY_MEASURE_WITH_UNIT (LENGTH_MEASURE( 1.000000000000000082E-05 ), #539, 'distance_accuracy_value', 'NONE');
#9974 = ORIENTED_EDGE ( 'NONE', *, *, #1787, .T. ) ;
#9975 =( LENGTH_UNIT ( ) NAMED_UNIT ( * ) SI_UNIT ( .MILLI., .METRE. ) );
#9976 =( LENGTH_UNIT ( ) NAMED_UNIT ( * ) SI_UNIT ( .MILLI., .METRE. ) );
#9977 = PRESENTATION_LAYER_ASSIGNMENT (  '', '', ( #9356 ) ) ;
#9978 = LINE ( 'NONE', #6741, #8881 ) ;
#9979 = AXIS2_PLACEMENT_3D ( 'NONE', #10904, #6850, #6724 ) ;
#9980 = DIRECTION ( 'NONE',  ( 0.000000000000000000, -0.000000000000000000, 1.000000000000000000 ) ) ;
#9981 = VECTOR ( 'NONE', #8206, 1000.000000000000000 ) ;
#9982 =( NAMED_UNIT ( * ) SI_UNIT ( $, .STERADIAN. ) SOLID_ANGLE_UNIT ( ) );
#9983 = VERTEX_POINT ( 'NONE', #11589 ) ;
#9984 = LINE ( 'NONE', #12477, #848 ) ;
#9985 = EDGE_CURVE ( 'NONE', #5454, #4131, #9156, .T. ) ;
#9986 = FILL_AREA_STYLE_COLOUR ( '', #6363 ) ;
#9987 = CARTESIAN_POINT ( 'NONE',  ( 2.499999999999991562, 1.025000000000000133, -2.200000000000000178 ) ) ;
#9988 = STYLED_ITEM ( 'NONE', ( #10559 ), #6785 ) ;
#9989 = STYLED_ITEM ( 'NONE', ( #10591 ), #1439 ) ;
#9990 =( NAMED_UNIT ( * ) PLANE_ANGLE_UNIT ( ) SI_UNIT ( $, .RADIAN. ) );
#9991 = VECTOR ( 'NONE', #11513, 1000.000000000000000 ) ;
#9992 = DIRECTION ( 'NONE',  ( 0.000000000000000000, 0.000000000000000000, -1.000000000000000000 ) ) ;
#9993 = VECTOR ( 'NONE', #268, 999.9999999999998863 ) ;
#9994 = ORIENTED_EDGE ( 'NONE', *, *, #11253, .F. ) ;
#9995 = DIRECTION ( 'NONE',  ( 1.204669080539449344E-16, 0.000000000000000000, -1.000000000000000000 ) ) ;
#9996 =( LENGTH_UNIT ( ) NAMED_UNIT ( * ) SI_UNIT ( .MILLI., .METRE. ) );
#9997 = VERTEX_POINT ( 'NONE', #11549 ) ;
#9998 = DIRECTION ( 'NONE',  ( 1.000000000000000000, -0.000000000000000000, -0.000000000000000000 ) ) ;
#9999 = SURFACE_STYLE_USAGE ( .BOTH. , #8812 ) ;
#10000 = CARTESIAN_POINT ( 'NONE',  ( 1.500000000000000000, 0.6499999999999998002, 3.775000000000000355 ) ) ;
#10001 = AXIS2_PLACEMENT_3D ( 'NONE', #12657, #4310, #11506 ) ;
#10002 =( NAMED_UNIT ( * ) PLANE_ANGLE_UNIT ( ) SI_UNIT ( $, .RADIAN. ) );
#10003 = EDGE_CURVE ( 'NONE', #10968, #10105, #5461, .T. ) ;
#10004 = CARTESIAN_POINT ( 'NONE',  ( 2.750000000000000000, -1.049999999999999378, 3.500000000000006217 ) ) ;
#10005 = DIRECTION ( 'NONE',  ( 0.000000000000000000, -1.000000000000000000, -3.782100601693620520E-17 ) ) ;
#10006 = ORIENTED_EDGE ( 'NONE', *, *, #12314, .F. ) ;
#10007 = VECTOR ( 'NONE', #12053, 1000.000000000000000 ) ;
#10008 = SURFACE_STYLE_FILL_AREA ( #8214 ) ;
#10009 = LINE ( 'NONE', #10875, #707 ) ;
#10010 = VERTEX_POINT ( 'NONE', #9502 ) ;
#10011 = ORIENTED_EDGE ( 'NONE', *, *, #5204, .F. ) ;
#10012 = DIRECTION ( 'NONE',  ( 1.000000000000000000, 0.000000000000000000, -0.000000000000000000 ) ) ;
#10013 = SURFACE_STYLE_USAGE ( .BOTH. , #779 ) ;
#10014 = MECHANICAL_DESIGN_GEOMETRIC_PRESENTATION_REPRESENTATION (  '', ( #9400 ), #9573 ) ;
#10015 = CARTESIAN_POINT ( 'NONE',  ( -0.4070303008530175015, -1.039999999999999147, 2.535624061006541474 ) ) ;
#10016 = VECTOR ( 'NONE', #8577, 1000.000000000000000 ) ;
#10017 = ORIENTED_EDGE ( 'NONE', *, *, #11480, .T. ) ;
#10018 = DIRECTION ( 'NONE',  ( 0.000000000000000000, -0.000000000000000000, -1.000000000000000000 ) ) ;
#10019 = CARTESIAN_POINT ( 'NONE',  ( 2.750000000000000000, -0.6000000000000094147, -0.8309401076758524685 ) ) ;
#10020 = ORIENTED_EDGE ( 'NONE', *, *, #5015, .F. ) ;
#10021 =( GEOMETRIC_REPRESENTATION_CONTEXT ( 3 ) GLOBAL_UNCERTAINTY_ASSIGNED_CONTEXT ( ( #1527 ) ) GLOBAL_UNIT_ASSIGNED_CONTEXT ( ( #5184, #3326, #9319 ) ) REPRESENTATION_CONTEXT ( 'NONE', 'WORKASPACE' ) );
#10022 = SURFACE_STYLE_FILL_AREA ( #9362 ) ;
#10023 = CARTESIAN_POINT ( 'NONE',  ( 0.000000000000000000, 0.3000000000000022093, 2.389908014618590046E-17 ) ) ;
#10024 = CARTESIAN_POINT ( 'NONE',  ( -1.249999999999999112, 0.8499999999999999778, -2.250000000000000444 ) ) ;
#10025 = EDGE_CURVE ( 'NONE', #3730, #3257, #6116, .T. ) ;
#10026 = DIRECTION ( 'NONE',  ( -1.000000000000000000, -0.000000000000000000, 1.734723475976807094E-15 ) ) ;
#10027 = DIRECTION ( 'NONE',  ( 0.000000000000000000, 0.000000000000000000, 1.000000000000000000 ) ) ;
#10028 = ORIENTED_EDGE ( 'NONE', *, *, #6563, .F. ) ;
#10029 = LINE ( 'NONE', #7227, #12444 ) ;
#10030 = ORIENTED_EDGE ( 'NONE', *, *, #9985, .T. ) ;
#10031 = FILL_AREA_STYLE_COLOUR ( '', #8748 ) ;
#10032 = DIRECTION ( 'NONE',  ( -1.000000000000000000, 0.000000000000000000, 0.000000000000000000 ) ) ;
#10033 =( GEOMETRIC_REPRESENTATION_CONTEXT ( 3 ) GLOBAL_UNCERTAINTY_ASSIGNED_CONTEXT ( ( #8914 ) ) GLOBAL_UNIT_ASSIGNED_CONTEXT ( ( #10315, #10271, #11277 ) ) REPRESENTATION_CONTEXT ( 'NONE', 'WORKASPACE' ) );
#10034 = VECTOR ( 'NONE', #8706, 1000.000000000000000 ) ;
#10035 = VERTEX_POINT ( 'NONE', #10456 ) ;
#10036 = DIRECTION ( 'NONE',  ( -0.000000000000000000, -1.000000000000000000, -0.000000000000000000 ) ) ;
#10037 = EDGE_LOOP ( 'NONE', ( #2708, #3119, #4873, #489 ) ) ;
#10038 = CARTESIAN_POINT ( 'NONE',  ( 2.499999999999992895, 0.8249999999999996225, 0.2999999999999999334 ) ) ;
#10039 = FILL_AREA_STYLE_COLOUR ( '', #11413 ) ;
#10040 = SURFACE_SIDE_STYLE ('',( #2122 ) ) ;
#10041 = MECHANICAL_DESIGN_GEOMETRIC_PRESENTATION_REPRESENTATION (  '', ( #6861 ), #7578 ) ;
#10042 = ORIENTED_EDGE ( 'NONE', *, *, #7472, .F. ) ;
#10043 = DIRECTION ( 'NONE',  ( -1.000000000000000000, -0.000000000000000000, -0.000000000000000000 ) ) ;
#10044 = LINE ( 'NONE', #8761, #10690 ) ;
#10045 =( LENGTH_UNIT ( ) NAMED_UNIT ( * ) SI_UNIT ( .MILLI., .METRE. ) );
#10046 = CARTESIAN_POINT ( 'NONE',  ( -0.7500000000000008882, -2.199999999999997957, 4.036762042207656601E-15 ) ) ;
#10047 = LINE ( 'NONE', #827, #10517 ) ;
#10048 = LINE ( 'NONE', #9154, #1409 ) ;
#10049 = FILL_AREA_STYLE_COLOUR ( '', #11329 ) ;
#10050 = ORIENTED_EDGE ( 'NONE', *, *, #8390, .F. ) ;
#10051 = PRESENTATION_STYLE_ASSIGNMENT (( #8250 ) ) ;
#10052 = UNCERTAINTY_MEASURE_WITH_UNIT (LENGTH_MEASURE( 1.000000000000000082E-05 ), #10705, 'distance_accuracy_value', 'NONE');
#10053 = FILL_AREA_STYLE ('',( #10373 ) ) ;
#10054 = EDGE_CURVE ( 'NONE', #12768, #2807, #305, .T. ) ;
#10055 = FILL_AREA_STYLE ('',( #4822 ) ) ;
#10056 = PRESENTATION_STYLE_ASSIGNMENT (( #1699 ) ) ;
#10057 = LINE ( 'NONE', #3, #2209 ) ;
#10058 = STYLED_ITEM ( 'NONE', ( #12577 ), #10909 ) ;
#10059 = STYLED_ITEM ( 'NONE', ( #9846 ), #4557 ) ;
#10060 = ORIENTED_EDGE ( 'NONE', *, *, #12879, .F. ) ;
#10061 = LINE ( 'NONE', #6126, #1260 ) ;
#10062 = PLANE ( 'NONE',  #104 ) ;
#10063 = PLANE ( 'NONE',  #5516 ) ;
#10064 = EDGE_CURVE ( 'NONE', #12081, #11767, #11884, .T. ) ;
#10065 = FILL_AREA_STYLE ('',( #3832 ) ) ;
#10066 = CARTESIAN_POINT ( 'NONE',  ( -0.2499999999999835132, 0.8499999999999995337, 2.250000000000007105 ) ) ;
#10067 =( NAMED_UNIT ( * ) PLANE_ANGLE_UNIT ( ) SI_UNIT ( $, .RADIAN. ) );
#10068 = FILL_AREA_STYLE ('',( #13112 ) ) ;
#10069 = SURFACE_STYLE_FILL_AREA ( #10663 ) ;
#10070 = STYLED_ITEM ( 'NONE', ( #8490 ), #6729 ) ;
#10071 = EDGE_LOOP ( 'NONE', ( #6544, #4663, #7897, #1177 ) ) ;
#10072 = FILL_AREA_STYLE ('',( #9092 ) ) ;
#10073 = STYLED_ITEM ( 'NONE', ( #4410 ), #668 ) ;
#10074 = FILL_AREA_STYLE_COLOUR ( '', #8103 ) ;
#10075 = LINE ( 'NONE', #1389, #3030 ) ;
#10076 = COLOUR_RGB ( '',0.6941176470588235059, 0.09803921568627450844, 0.09803921568627450844 ) ;
#10077 = PRESENTATION_LAYER_ASSIGNMENT (  '', '', ( #1341 ) ) ;
#10078 = VECTOR ( 'NONE', #1752, 1000.000000000000000 ) ;
#10079 = ORIENTED_EDGE ( 'NONE', *, *, #12498, .T. ) ;
#10080 =( NAMED_UNIT ( * ) PLANE_ANGLE_UNIT ( ) SI_UNIT ( $, .RADIAN. ) );
#10081 = CARTESIAN_POINT ( 'NONE',  ( 2.752999999999984571, 2.050000000000049560, -2.200000000000000178 ) ) ;
#10082 = MECHANICAL_DESIGN_GEOMETRIC_PRESENTATION_REPRESENTATION (  '', ( #10511 ), #4583 ) ;
#10083 =( GEOMETRIC_REPRESENTATION_CONTEXT ( 3 ) GLOBAL_UNCERTAINTY_ASSIGNED_CONTEXT ( ( #11236 ) ) GLOBAL_UNIT_ASSIGNED_CONTEXT ( ( #740, #9006, #1708 ) ) REPRESENTATION_CONTEXT ( 'NONE', 'WORKASPACE' ) );
#10084 =( NAMED_UNIT ( * ) PLANE_ANGLE_UNIT ( ) SI_UNIT ( $, .RADIAN. ) );
#10085 = VECTOR ( 'NONE', #5342, 1000.000000000000114 ) ;
#10086 = EDGE_LOOP ( 'NONE', ( #3167, #11263, #7309, #694 ) ) ;
#10087 = DIRECTION ( 'NONE',  ( 0.000000000000000000, 0.000000000000000000, 1.000000000000000000 ) ) ;
#10088 = EDGE_CURVE ( 'NONE', #5627, #5485, #3851, .T. ) ;
#10089 = DIRECTION ( 'NONE',  ( 0.000000000000000000, -1.000000000000000000, 0.000000000000000000 ) ) ;
#10090 =( NAMED_UNIT ( * ) SI_UNIT ( $, .STERADIAN. ) SOLID_ANGLE_UNIT ( ) );
#10091 = ADVANCED_FACE ( 'NONE', ( #8474 ), #7753, .F. ) ;
#10092 = PRESENTATION_STYLE_ASSIGNMENT (( #5730 ) ) ;
#10093 = FILL_AREA_STYLE ('',( #11048 ) ) ;
#10094 = CARTESIAN_POINT ( 'NONE',  ( -1.749999999999999334, 0.8500000000000001998, -2.750000000000000000 ) ) ;
#10095 = CARTESIAN_POINT ( 'NONE',  ( -2.749999999999999556, -0.6000000000000094147, 1.650000000000000355 ) ) ;
#10096 = SURFACE_STYLE_FILL_AREA ( #9463 ) ;
#10097 = VERTEX_POINT ( 'NONE', #9413 ) ;
#10098 = DIRECTION ( 'NONE',  ( -0.000000000000000000, 1.000000000000000000, 1.239088197126289831E-16 ) ) ;
#10099 = DIRECTION ( 'NONE',  ( 0.000000000000000000, -1.000000000000000000, 0.000000000000000000 ) ) ;
#10100 = VECTOR ( 'NONE', #2572, 1000.000000000000000 ) ;
#10101 = CARTESIAN_POINT ( 'NONE',  ( -1.249999999999999112, 0.8500000000000001998, -2.750000000000000000 ) ) ;
#10102 = DIRECTION ( 'NONE',  ( -0.000000000000000000, -1.000000000000000000, -0.000000000000000000 ) ) ;
#10103 = AXIS2_PLACEMENT_3D ( 'NONE', #9958, #11010, #4866 ) ;
#10104 = CYLINDRICAL_SURFACE ( 'NONE', #5959, 0.2000000000000000944 ) ;
#10105 = VERTEX_POINT ( 'NONE', #1506 ) ;
#10106 = FILL_AREA_STYLE ('',( #1877 ) ) ;
#10107 =( GEOMETRIC_REPRESENTATION_CONTEXT ( 3 ) GLOBAL_UNCERTAINTY_ASSIGNED_CONTEXT ( ( #6022 ) ) GLOBAL_UNIT_ASSIGNED_CONTEXT ( ( #8144, #13137, #9104 ) ) REPRESENTATION_CONTEXT ( 'NONE', 'WORKASPACE' ) );
#10108 = ORIENTED_EDGE ( 'NONE', *, *, #946, .F. ) ;
#10109 = ORIENTED_EDGE ( 'NONE', *, *, #2441, .T. ) ;
#10110 =( NAMED_UNIT ( * ) SI_UNIT ( $, .STERADIAN. ) SOLID_ANGLE_UNIT ( ) );
#10111 = CARTESIAN_POINT ( 'NONE',  ( 2.350000000000000089, 0.05000000000000274364, 3.774999999999995914 ) ) ;
#10112 = EDGE_CURVE ( 'NONE', #2308, #3938, #6527, .T. ) ;
#10113 = COLOUR_RGB ( '',1.000000000000000000, 1.000000000000000000, 1.000000000000000000 ) ;
#10114 = CARTESIAN_POINT ( 'NONE',  ( 2.752999999999991232, 1.028000000000000025, -2.799999999999999822 ) ) ;
#10115 = DIRECTION ( 'NONE',  ( -1.000000000000000000, -0.000000000000000000, 0.000000000000000000 ) ) ;
#10116 = ORIENTED_EDGE ( 'NONE', *, *, #11046, .T. ) ;
#10117 = ORIENTED_EDGE ( 'NONE', *, *, #2119, .F. ) ;
#10118 = FACE_OUTER_BOUND ( 'NONE', #5904, .T. ) ;
#10119 = LINE ( 'NONE', #12192, #4331 ) ;
#10120 = ORIENTED_EDGE ( 'NONE', *, *, #11306, .F. ) ;
#10121 = CARTESIAN_POINT ( 'NONE',  ( -2.100000000000000533, -0.6999999999999979572, 1.400000000000004574 ) ) ;
#10122 =( NAMED_UNIT ( * ) PLANE_ANGLE_UNIT ( ) SI_UNIT ( $, .RADIAN. ) );
#10123 = PRESENTATION_STYLE_ASSIGNMENT (( #11430 ) ) ;
#10124 =( GEOMETRIC_REPRESENTATION_CONTEXT ( 3 ) GLOBAL_UNCERTAINTY_ASSIGNED_CONTEXT ( ( #4809 ) ) GLOBAL_UNIT_ASSIGNED_CONTEXT ( ( #12519, #6336, #9310 ) ) REPRESENTATION_CONTEXT ( 'NONE', 'WORKASPACE' ) );
#10125 = DIRECTION ( 'NONE',  ( -0.000000000000000000, -0.000000000000000000, -1.000000000000000000 ) ) ;
#10126 = PRESENTATION_STYLE_ASSIGNMENT (( #6093 ) ) ;
#10127 = EDGE_CURVE ( 'NONE', #10560, #5004, #1083, .T. ) ;
#10128 = COLOUR_RGB ( '',0.1098039215686274495, 0.1098039215686274495, 0.1098039215686274495 ) ;
#10129 = CARTESIAN_POINT ( 'NONE',  ( -2.100000000000000533, -0.6999999999999979572, 1.400000000000004574 ) ) ;
#10130 = ORIENTED_EDGE ( 'NONE', *, *, #6170, .F. ) ;
#10131 = CARTESIAN_POINT ( 'NONE',  ( -2.499999999999999112, 0.8249999999999999556, -2.200000000000000178 ) ) ;
#10132 = UNCERTAINTY_MEASURE_WITH_UNIT (LENGTH_MEASURE( 1.000000000000000082E-05 ), #2853, 'distance_accuracy_value', 'NONE');
#10133 = DIRECTION ( 'NONE',  ( -1.000000000000000000, -0.000000000000000000, -0.000000000000000000 ) ) ;
#10134 = CARTESIAN_POINT ( 'NONE',  ( -2.749999999999999556, -0.8000000000000024869, 1.850000000000000533 ) ) ;
#10135 = UNCERTAINTY_MEASURE_WITH_UNIT (LENGTH_MEASURE( 1.000000000000000082E-05 ), #12579, 'distance_accuracy_value', 'NONE');
#10136 = PLANE ( 'NONE',  #2199 ) ;
#10137 = DIRECTION ( 'NONE',  ( 1.008560160451632221E-16, 3.782100601693620520E-17, -1.000000000000000000 ) ) ;
#10138 =( NAMED_UNIT ( * ) PLANE_ANGLE_UNIT ( ) SI_UNIT ( $, .RADIAN. ) );
#10139 = PRESENTATION_LAYER_ASSIGNMENT (  '', '', ( #1912 ) ) ;
#10140 = CARTESIAN_POINT ( 'NONE',  ( 2.750000000000000000, -0.8000000000000035971, -1.650000000000006128 ) ) ;
#10141 = EDGE_LOOP ( 'NONE', ( #8504, #11573, #10681, #4290 ) ) ;
#10142 = EDGE_CURVE ( 'NONE', #6092, #10219, #3153, .T. ) ;
#10143 = PRESENTATION_STYLE_ASSIGNMENT (( #8376 ) ) ;
#10144 = CARTESIAN_POINT ( 'NONE',  ( 1.500000000000000000, -0.8480000000000001981, 3.774999999999989697 ) ) ;
#10145 = ORIENTED_EDGE ( 'NONE', *, *, #5509, .F. ) ;
#10146 = VECTOR ( 'NONE', #5883, 1000.000000000000000 ) ;
#10147 = SURFACE_STYLE_FILL_AREA ( #4248 ) ;
#10148 = FILL_AREA_STYLE ('',( #11051 ) ) ;
#10149 = VERTEX_POINT ( 'NONE', #9636 ) ;
#10150 =( GEOMETRIC_REPRESENTATION_CONTEXT ( 3 ) GLOBAL_UNCERTAINTY_ASSIGNED_CONTEXT ( ( #3063 ) ) GLOBAL_UNIT_ASSIGNED_CONTEXT ( ( #3278, #195, #5330 ) ) REPRESENTATION_CONTEXT ( 'NONE', 'WORKASPACE' ) );
#10151 = STYLED_ITEM ( 'NONE', ( #402 ), #4159 ) ;
#10152 = UNCERTAINTY_MEASURE_WITH_UNIT (LENGTH_MEASURE( 1.000000000000000082E-05 ), #10644, 'distance_accuracy_value', 'NONE');
#10153 = CARTESIAN_POINT ( 'NONE',  ( -2.749999999999999556, -0.8000000000000024869, 1.850000000000000533 ) ) ;
#10154 = CIRCLE ( 'NONE', #3961, 0.2030000000000000693 ) ;
#10155 = VECTOR ( 'NONE', #10163, 1000.000000000000000 ) ;
#10156 = STYLED_ITEM ( 'NONE', ( #9484 ), #2364 ) ;
#10157 = EDGE_LOOP ( 'NONE', ( #10221, #2189, #9002, #12929, #11215, #5154, #8419, #5213, #4105, #9108, #13026, #8067 ) ) ;
#10158 = ADVANCED_FACE ( 'NONE', ( #4763 ), #3643, .T. ) ;
#10159 = DIRECTION ( 'NONE',  ( -0.000000000000000000, -0.000000000000000000, -1.000000000000000000 ) ) ;
#10160 = VERTEX_POINT ( 'NONE', #6733 ) ;
#10161 = FILL_AREA_STYLE ('',( #5014 ) ) ;
#10162 = EDGE_CURVE ( 'NONE', #3177, #7796, #10044, .T. ) ;
#10163 = DIRECTION ( 'NONE',  ( -1.000000000000000000, 0.000000000000000000, 0.000000000000000000 ) ) ;
#10164 = DIRECTION ( 'NONE',  ( -1.000000000000000000, 0.000000000000000000, -0.000000000000000000 ) ) ;
#10165 = STYLED_ITEM ( 'NONE', ( #4687 ), #11585 ) ;
#10166 = AXIS2_PLACEMENT_3D ( 'NONE', #1498, #2446, #11622 ) ;
#10167 = SURFACE_SIDE_STYLE ('',( #5152 ) ) ;
#10168 = SURFACE_STYLE_USAGE ( .BOTH. , #2997 ) ;
#10169 = VECTOR ( 'NONE', #11347, 1000.000000000000000 ) ;
#10170 = CARTESIAN_POINT ( 'NONE',  ( 1.500000000000000000, -0.8500000000000000888, 3.572999999999989740 ) ) ;
#10171 = EDGE_CURVE ( 'NONE', #12678, #10439, #5095, .T. ) ;
#10172 = ORIENTED_EDGE ( 'NONE', *, *, #1293, .F. ) ;
#10173 =( NAMED_UNIT ( * ) SI_UNIT ( $, .STERADIAN. ) SOLID_ANGLE_UNIT ( ) );
#10174 = VERTEX_POINT ( 'NONE', #7708 ) ;
#10175 = AXIS2_PLACEMENT_3D ( 'NONE', #11395, #1428, #10556 ) ;
#10176 = CARTESIAN_POINT ( 'NONE',  ( 2.549999999999990941, 1.027999999999999581, 0.2999999999999999334 ) ) ;
#10177 = DIRECTION ( 'NONE',  ( -0.000000000000000000, 1.000000000000000000, 4.663235150475286828E-17 ) ) ;
#10178 = DIRECTION ( 'NONE',  ( -1.000000000000000000, 0.000000000000000000, 0.000000000000000000 ) ) ;
#10179 = LINE ( 'NONE', #8534, #7465 ) ;
#10180 = FILL_AREA_STYLE ('',( #6859 ) ) ;
#10181 = CARTESIAN_POINT ( 'NONE',  ( -2.750000000000000000, -1.049999999999999378, 2.800000000000001599 ) ) ;
#10182 = DIRECTION ( 'NONE',  ( -0.000000000000000000, 0.000000000000000000, -1.000000000000000000 ) ) ;
#10183 = CLOSED_SHELL ( 'NONE', ( #10773, #463, #8230, #7069, #3354, #8556, #2678, #7133, #11255, #6536 ) ) ;
#10184 = CARTESIAN_POINT ( 'NONE',  ( -2.549999999999998934, 1.027999999999999581, 0.2999999999999999334 ) ) ;
#10185 = CARTESIAN_POINT ( 'NONE',  ( 2.750000000000000000, -1.050000000000000044, -3.500000000000000000 ) ) ;
#10186 = SURFACE_STYLE_USAGE ( .BOTH. , #11191 ) ;
#10187 = SURFACE_SIDE_STYLE ('',( #1903 ) ) ;
#10188 = CARTESIAN_POINT ( 'NONE',  ( -2.750000000000000000, -0.04999999999999915623, 2.625000000000001776 ) ) ;
#10189 = ORIENTED_EDGE ( 'NONE', *, *, #6273, .F. ) ;
#10190 = FACE_OUTER_BOUND ( 'NONE', #4148, .T. ) ;
#10191 = ORIENTED_EDGE ( 'NONE', *, *, #8961, .T. ) ;
#10192 = DIRECTION ( 'NONE',  ( -0.000000000000000000, 1.000000000000000000, 3.782100601693619904E-17 ) ) ;
#10193 = EDGE_LOOP ( 'NONE', ( #96, #1915, #580, #2479 ) ) ;
#10194 = VERTEX_POINT ( 'NONE', #12742 ) ;
#10195 = MECHANICAL_DESIGN_GEOMETRIC_PRESENTATION_REPRESENTATION (  '', ( #5815 ), #13192 ) ;
#10196 = DIRECTION ( 'NONE',  ( -0.000000000000000000, -0.000000000000000000, -1.000000000000000000 ) ) ;
#10197 = CARTESIAN_POINT ( 'NONE',  ( 2.549999999999993161, 0.8249999999999992895, 2.200000000000000178 ) ) ;
#10198 = EDGE_LOOP ( 'NONE', ( #7752, #2450, #9698, #7669 ) ) ;
#10199 = PLANE ( 'NONE',  #6966 ) ;
#10200 = SURFACE_STYLE_FILL_AREA ( #4995 ) ;
#10201 =( GEOMETRIC_REPRESENTATION_CONTEXT ( 3 ) GLOBAL_UNCERTAINTY_ASSIGNED_CONTEXT ( ( #1944 ) ) GLOBAL_UNIT_ASSIGNED_CONTEXT ( ( #6131, #1249, #13123 ) ) REPRESENTATION_CONTEXT ( 'NONE', 'WORKASPACE' ) );
#10202 = SURFACE_STYLE_FILL_AREA ( #2508 ) ;
#10203 = SURFACE_SIDE_STYLE ('',( #11624 ) ) ;
#10205 = VERTEX_POINT ( 'NONE', #7660 ) ;
#10204 = LINE ( 'NONE', #563, #1882 ) ;
#10206 = EDGE_CURVE ( 'NONE', #12913, #1663, #10529, .T. ) ;
#10207 = VERTEX_POINT ( 'NONE', #490 ) ;
#10208 = DIRECTION ( 'NONE',  ( -0.000000000000000000, 1.000000000000000000, -0.000000000000000000 ) ) ;
#10209 =( NAMED_UNIT ( * ) SI_UNIT ( $, .STERADIAN. ) SOLID_ANGLE_UNIT ( ) );
#10210 = UNCERTAINTY_MEASURE_WITH_UNIT (LENGTH_MEASURE( 1.000000000000000082E-05 ), #1869, 'distance_accuracy_value', 'NONE');
#10211 = FACE_OUTER_BOUND ( 'NONE', #2651, .T. ) ;
#10212 = ORIENTED_EDGE ( 'NONE', *, *, #12050, .F. ) ;
#10213 = VECTOR ( 'NONE', #6838, 1000.000000000000000 ) ;
#10214 = FACE_OUTER_BOUND ( 'NONE', #11165, .T. ) ;
#10215 = CARTESIAN_POINT ( 'NONE',  ( -2.552999999999999048, 1.027999999999999581, 0.2999999999999999334 ) ) ;
#10216 = STYLED_ITEM ( 'NONE', ( #9544 ), #8879 ) ;
#10217 = VECTOR ( 'NONE', #4883, 1000.000000000000000 ) ;
#10218 = FILL_AREA_STYLE_COLOUR ( '', #790 ) ;
#10219 = VERTEX_POINT ( 'NONE', #8590 ) ;
#10220 = FILL_AREA_STYLE_COLOUR ( '', #286 ) ;
#10221 = ORIENTED_EDGE ( 'NONE', *, *, #4293, .T. ) ;
#10222 = LINE ( 'NONE', #10197, #3483 ) ;
#10223 = FILL_AREA_STYLE_COLOUR ( '', #4913 ) ;
#10224 = DIRECTION ( 'NONE',  ( 1.000000000000000000, 0.000000000000000000, 0.000000000000000000 ) ) ;
#10225 = ADVANCED_FACE ( 'NONE', ( #8308 ), #11848, .F. ) ;
#10226 =( NAMED_UNIT ( * ) SI_UNIT ( $, .STERADIAN. ) SOLID_ANGLE_UNIT ( ) );
#10227 = PRESENTATION_LAYER_ASSIGNMENT (  '', '', ( #7229 ) ) ;
#10228 = STYLED_ITEM ( 'NONE', ( #338 ), #3495 ) ;
#10229 = FILL_AREA_STYLE_COLOUR ( '', #10807 ) ;
#10230 = SURFACE_STYLE_USAGE ( .BOTH. , #9183 ) ;
#10231 = UNCERTAINTY_MEASURE_WITH_UNIT (LENGTH_MEASURE( 1.000000000000000082E-05 ), #8055, 'distance_accuracy_value', 'NONE');
#10232 = SURFACE_STYLE_USAGE ( .BOTH. , #2089 ) ;
#10233 = LINE ( 'NONE', #5360, #9744 ) ;
#10234 = DIRECTION ( 'NONE',  ( -0.000000000000000000, -0.000000000000000000, -1.000000000000000000 ) ) ;
#10235 = FACE_OUTER_BOUND ( 'NONE', #10198, .T. ) ;
#10236 = CARTESIAN_POINT ( 'NONE',  ( 2.750000000000000000, 0.8499999999999993117, 3.500000000000006217 ) ) ;
#10237 = PLANE ( 'NONE',  #12526 ) ;
#10238 = ORIENTED_EDGE ( 'NONE', *, *, #3713, .T. ) ;
#10239 = VECTOR ( 'NONE', #3747, 1000.000000000000000 ) ;
#10240 = COLOUR_RGB ( '',1.000000000000000000, 1.000000000000000000, 1.000000000000000000 ) ;
#10241 = EDGE_CURVE ( 'NONE', #3501, #1541, #3941, .T. ) ;
#10242 = SURFACE_SIDE_STYLE ('',( #4087 ) ) ;
#10243 = COLOUR_RGB ( '',0.7921568627450980005, 0.8196078431372548767, 0.9333333333333333481 ) ;
#10244 = CARTESIAN_POINT ( 'NONE',  ( -2.350000000000000089, 0.6499999999999998002, 3.575000000000002398 ) ) ;
#10245 = PRESENTATION_LAYER_ASSIGNMENT (  '', '', ( #10058 ) ) ;
#10246 = LINE ( 'NONE', #8398, #1591 ) ;
#10247 = ORIENTED_EDGE ( 'NONE', *, *, #2646, .F. ) ;
#10248 = SURFACE_STYLE_FILL_AREA ( #9060 ) ;
#10249 = VERTEX_POINT ( 'NONE', #8987 ) ;
#10250 = LINE ( 'NONE', #2553, #4137 ) ;
#10251 = DIRECTION ( 'NONE',  ( -1.000000000000000000, 0.000000000000000000, 0.000000000000000000 ) ) ;
#10252 = FACE_OUTER_BOUND ( 'NONE', #663, .T. ) ;
#10253 = EDGE_CURVE ( 'NONE', #8377, #9106, #5237, .T. ) ;
#10254 = CYLINDRICAL_SURFACE ( 'NONE', #5594, 0.4000000000000080158 ) ;
#10255 = ORIENTED_EDGE ( 'NONE', *, *, #12631, .F. ) ;
#10256 = STYLED_ITEM ( 'NONE', ( #13281 ), #6644 ) ;
#10257 = MECHANICAL_DESIGN_GEOMETRIC_PRESENTATION_REPRESENTATION (  '', ( #7953 ), #9296 ) ;
#10258 = SURFACE_STYLE_FILL_AREA ( #5728 ) ;
#10259 = DIRECTION ( 'NONE',  ( 0.000000000000000000, -1.000000000000000000, 0.000000000000000000 ) ) ;
#10260 = ORIENTED_EDGE ( 'NONE', *, *, #2303, .F. ) ;
#10261 = CARTESIAN_POINT ( 'NONE',  ( 2.399999999999999911, -0.8499999999999977573, 0.7750000000000009104 ) ) ;
#10262 = PRESENTATION_STYLE_ASSIGNMENT (( #11733 ) ) ;
#10263 = VECTOR ( 'NONE', #9342, 1000.000000000000000 ) ;
#10264 = VERTEX_POINT ( 'NONE', #5732 ) ;
#10265 = DIRECTION ( 'NONE',  ( -1.000000000000000000, 0.000000000000000000, 0.000000000000000000 ) ) ;
#10266 = AXIS2_PLACEMENT_3D ( 'NONE', #1197, #2405, #256 ) ;
#10267 = PLANE ( 'NONE',  #5222 ) ;
#10268 = DIRECTION ( 'NONE',  ( -1.000000000000000000, -0.000000000000000000, -0.000000000000000000 ) ) ;
#10269 = COLOUR_RGB ( '',1.000000000000000000, 1.000000000000000000, 1.000000000000000000 ) ;
#10270 = EDGE_CURVE ( 'NONE', #1424, #3090, #1240, .T. ) ;
#10272 =( LENGTH_UNIT ( ) NAMED_UNIT ( * ) SI_UNIT ( .MILLI., .METRE. ) );
#10271 =( NAMED_UNIT ( * ) PLANE_ANGLE_UNIT ( ) SI_UNIT ( $, .RADIAN. ) );
#10273 = CIRCLE ( 'NONE', #12317, 0.2030000000000000693 ) ;
#10274 = EDGE_LOOP ( 'NONE', ( #3060, #4550, #7168, #7173, #6747 ) ) ;
#10275 =( NAMED_UNIT ( * ) PLANE_ANGLE_UNIT ( ) SI_UNIT ( $, .RADIAN. ) );
#10276 = SURFACE_STYLE_USAGE ( .BOTH. , #4210 ) ;
#10277 = SURFACE_STYLE_FILL_AREA ( #10068 ) ;
#10278 = DIRECTION ( 'NONE',  ( -1.000000000000000000, 0.000000000000000000, 0.000000000000000000 ) ) ;
#10279 = FILL_AREA_STYLE_COLOUR ( '', #10449 ) ;
#10280 = VERTEX_POINT ( 'NONE', #13050 ) ;
#10281 = FACE_OUTER_BOUND ( 'NONE', #5182, .T. ) ;
#10282 =( LENGTH_UNIT ( ) NAMED_UNIT ( * ) SI_UNIT ( .MILLI., .METRE. ) );
#10283 = ORIENTED_EDGE ( 'NONE', *, *, #6932, .F. ) ;
#10284 = SURFACE_STYLE_USAGE ( .BOTH. , #10187 ) ;
#10285 = CARTESIAN_POINT ( 'NONE',  ( 1.500000000000000000, -0.8480000000000001981, 3.572999999999989740 ) ) ;
#10286 = MECHANICAL_DESIGN_GEOMETRIC_PRESENTATION_REPRESENTATION (  '', ( #3411 ), #8912 ) ;
#10287 = VECTOR ( 'NONE', #9402, 1000.000000000000000 ) ;
#10288 = AXIS2_PLACEMENT_3D ( 'NONE', #9274, #10361, #4165 ) ;
#10289 = FACE_OUTER_BOUND ( 'NONE', #4539, .T. ) ;
#10290 = ORIENTED_EDGE ( 'NONE', *, *, #2469, .F. ) ;
#10291 = VECTOR ( 'NONE', #12990, 1000.000000000000000 ) ;
#10292 = CARTESIAN_POINT ( 'NONE',  ( -2.400000000000000355, 0.3000000000000023204, -3.099999999999995648 ) ) ;
#10293 = PRESENTATION_LAYER_ASSIGNMENT (  '', '', ( #9762 ) ) ;
#10294 = ORIENTED_EDGE ( 'NONE', *, *, #7692, .T. ) ;
#10295 = PLANE ( 'NONE',  #7450 ) ;
#10296 = EDGE_CURVE ( 'NONE', #6186, #8910, #89, .T. ) ;
#10297 = ADVANCED_FACE ( 'NONE', ( #12777 ), #11980, .T. ) ;
#10298 =( NAMED_UNIT ( * ) PLANE_ANGLE_UNIT ( ) SI_UNIT ( $, .RADIAN. ) );
#10299 =( LENGTH_UNIT ( ) NAMED_UNIT ( * ) SI_UNIT ( .MILLI., .METRE. ) );
#10300 = FILL_AREA_STYLE ('',( #7396 ) ) ;
#10301 = ORIENTED_EDGE ( 'NONE', *, *, #10856, .F. ) ;
#10302 = DIRECTION ( 'NONE',  ( -0.000000000000000000, 0.000000000000000000, -1.000000000000000000 ) ) ;
#10303 = STYLED_ITEM ( 'NONE', ( #13229 ), #8690 ) ;
#10304 = VECTOR ( 'NONE', #7282, 1000.000000000000000 ) ;
#10305 = VERTEX_POINT ( 'NONE', #9911 ) ;
#10306 = UNCERTAINTY_MEASURE_WITH_UNIT (LENGTH_MEASURE( 1.000000000000000082E-05 ), #7568, 'distance_accuracy_value', 'NONE');
#10307 = UNCERTAINTY_MEASURE_WITH_UNIT (LENGTH_MEASURE( 1.000000000000000082E-05 ), #4212, 'distance_accuracy_value', 'NONE');
#10308 = PRESENTATION_STYLE_ASSIGNMENT (( #4905 ) ) ;
#10309 = AXIS2_PLACEMENT_3D ( 'NONE', #2719, #6707, #5711 ) ;
#10310 = SURFACE_STYLE_USAGE ( .BOTH. , #11218 ) ;
#10311 = EDGE_CURVE ( 'NONE', #9218, #8954, #7509, .T. ) ;
#10312 = ORIENTED_EDGE ( 'NONE', *, *, #1984, .F. ) ;
#10313 = DIRECTION ( 'NONE',  ( -1.000000000000000000, 0.000000000000000000, 0.000000000000000000 ) ) ;
#10314 = ORIENTED_EDGE ( 'NONE', *, *, #12838, .T. ) ;
#10315 =( LENGTH_UNIT ( ) NAMED_UNIT ( * ) SI_UNIT ( .MILLI., .METRE. ) );
#10316 = DIRECTION ( 'NONE',  ( -1.734723475976807094E-15, 1.239088197126289831E-16, -1.000000000000000000 ) ) ;
#10317 = SURFACE_STYLE_FILL_AREA ( #447 ) ;
#10318 = FILL_AREA_STYLE ('',( #11416 ) ) ;
#10319 =( LENGTH_UNIT ( ) NAMED_UNIT ( * ) SI_UNIT ( .MILLI., .METRE. ) );
#10320 =( NAMED_UNIT ( * ) SI_UNIT ( $, .STERADIAN. ) SOLID_ANGLE_UNIT ( ) );
#10321 = EDGE_CURVE ( 'NONE', #3721, #11379, #11814, .T. ) ;
#10322 =( NAMED_UNIT ( * ) PLANE_ANGLE_UNIT ( ) SI_UNIT ( $, .RADIAN. ) );
#10323 = ORIENTED_EDGE ( 'NONE', *, *, #5951, .T. ) ;
#10324 = DIRECTION ( 'NONE',  ( 0.000000000000000000, 0.000000000000000000, 1.000000000000000000 ) ) ;
#10325 = MECHANICAL_DESIGN_GEOMETRIC_PRESENTATION_REPRESENTATION (  '', ( #9617 ), #6879 ) ;
#10326 = AXIS2_PLACEMENT_3D ( 'NONE', #202, #7328, #4342 ) ;
#10327 = EDGE_LOOP ( 'NONE', ( #3085, #2429, #2363, #2181 ) ) ;
#10328 = ORIENTED_EDGE ( 'NONE', *, *, #7426, .T. ) ;
#10329 = EDGE_CURVE ( 'NONE', #1792, #1563, #12306, .T. ) ;
#10330 = FILL_AREA_STYLE_COLOUR ( '', #11960 ) ;
#10331 = DIRECTION ( 'NONE',  ( 0.000000000000000000, -1.000000000000000000, 0.000000000000000000 ) ) ;
#10332 =( NAMED_UNIT ( * ) PLANE_ANGLE_UNIT ( ) SI_UNIT ( $, .RADIAN. ) );
#10333 = PRESENTATION_LAYER_ASSIGNMENT (  '', '', ( #1412 ) ) ;
#10334 = ORIENTED_EDGE ( 'NONE', *, *, #2179, .T. ) ;
#10335 = DIRECTION ( 'NONE',  ( -0.000000000000000000, 1.000000000000000000, 1.239088197126289831E-16 ) ) ;
#10336 = COLOUR_RGB ( '',0.6941176470588235059, 0.09803921568627450844, 0.09803921568627450844 ) ;
#10337 = LINE ( 'NONE', #12359, #6333 ) ;
#10338 = MECHANICAL_DESIGN_GEOMETRIC_PRESENTATION_REPRESENTATION (  '', ( #4061 ), #11035 ) ;
#10339 = FILL_AREA_STYLE ('',( #4269 ) ) ;
#10340 = ORIENTED_EDGE ( 'NONE', *, *, #4043, .F. ) ;
#10341 = STYLED_ITEM ( 'NONE', ( #296 ), #11962 ) ;
#10342 = CARTESIAN_POINT ( 'NONE',  ( -1.249999999999999112, 0.8499999999999993117, 2.750000000000005773 ) ) ;
#10343 = EDGE_CURVE ( 'NONE', #12768, #274, #10372, .T. ) ;
#10344 = VECTOR ( 'NONE', #5498, 1000.000000000000227 ) ;
#10345 = FACE_OUTER_BOUND ( 'NONE', #9241, .T. ) ;
#10346 = ORIENTED_EDGE ( 'NONE', *, *, #2786, .T. ) ;
#10347 = PLANE ( 'NONE',  #5235 ) ;
#10348 = LINE ( 'NONE', #8243, #5220 ) ;
#10349 = ORIENTED_EDGE ( 'NONE', *, *, #1828, .T. ) ;
#10350 = STYLED_ITEM ( 'NONE', ( #9447 ), #1703 ) ;
#10351 = DIRECTION ( 'NONE',  ( 0.000000000000000000, 1.000000000000000000, 6.948158114726864825E-15 ) ) ;
#10352 = LINE ( 'NONE', #5258, #3131 ) ;
#10353 = SURFACE_SIDE_STYLE ('',( #9264 ) ) ;
#10354 = DIRECTION ( 'NONE',  ( -6.365179094826525531E-15, 1.000000000000000000, -0.000000000000000000 ) ) ;
#10355 = DIRECTION ( 'NONE',  ( 0.000000000000000000, 0.000000000000000000, 1.000000000000000000 ) ) ;
#10356 = ADVANCED_FACE ( 'NONE', ( #10214 ), #2652, .F. ) ;
#10357 =( GEOMETRIC_REPRESENTATION_CONTEXT ( 3 ) GLOBAL_UNCERTAINTY_ASSIGNED_CONTEXT ( ( #8269 ) ) GLOBAL_UNIT_ASSIGNED_CONTEXT ( ( #6376, #3272, #9345 ) ) REPRESENTATION_CONTEXT ( 'NONE', 'WORKASPACE' ) );
#10358 = FILL_AREA_STYLE_COLOUR ( '', #4513 ) ;
#10359 = ORIENTED_EDGE ( 'NONE', *, *, #10532, .F. ) ;
#10360 = COLOUR_RGB ( '',0.1098039215686274495, 0.1098039215686274495, 0.1098039215686274495 ) ;
#10361 = DIRECTION ( 'NONE',  ( 0.000000000000000000, -1.000000000000000000, -7.228014483236695816E-17 ) ) ;
#10362 = AXIS2_PLACEMENT_3D ( 'NONE', #10000, #11930, #3727 ) ;
#10363 = ORIENTED_EDGE ( 'NONE', *, *, #3013, .T. ) ;
#10364 = VECTOR ( 'NONE', #2524, 1000.000000000000000 ) ;
#10365 =( LENGTH_UNIT ( ) NAMED_UNIT ( * ) SI_UNIT ( .MILLI., .METRE. ) );
#10366 = CARTESIAN_POINT ( 'NONE',  ( -0.3000000000000001554, 0.6499999999999993561, -4.832455532033675283 ) ) ;
#10367 = VECTOR ( 'NONE', #8282, 1000.000000000000000 ) ;
#10368 = FILL_AREA_STYLE_COLOUR ( '', #6428 ) ;
#10369 = EDGE_CURVE ( 'NONE', #4383, #4836, #79, .T. ) ;
#10370 = ORIENTED_EDGE ( 'NONE', *, *, #9798, .T. ) ;
#10371 = EDGE_LOOP ( 'NONE', ( #3803, #3597, #4534, #12356 ) ) ;
#10372 = LINE ( 'NONE', #2840, #1406 ) ;
#10373 = FILL_AREA_STYLE_COLOUR ( '', #8695 ) ;
#10374 = PRESENTATION_LAYER_ASSIGNMENT (  '', '', ( #6000 ) ) ;
#10375 = SURFACE_STYLE_USAGE ( .BOTH. , #11382 ) ;
#10376 = ORIENTED_EDGE ( 'NONE', *, *, #9579, .F. ) ;
#10377 = UNCERTAINTY_MEASURE_WITH_UNIT (LENGTH_MEASURE( 1.000000000000000082E-05 ), #4379, 'distance_accuracy_value', 'NONE');
#10378 = FILL_AREA_STYLE ('',( #8382 ) ) ;
#10379 = PLANE ( 'NONE',  #6535 ) ;
#10380 = PRESENTATION_LAYER_ASSIGNMENT (  '', '', ( #12198 ) ) ;
#10381 = FACE_OUTER_BOUND ( 'NONE', #6648, .T. ) ;
#10382 = EDGE_CURVE ( 'NONE', #11767, #3145, #12924, .T. ) ;
#10383 = LINE ( 'NONE', #4970, #6688 ) ;
#10384 = DIRECTION ( 'NONE',  ( -0.000000000000000000, 1.000000000000000000, 1.239088197126289831E-16 ) ) ;
#10385 = VECTOR ( 'NONE', #12222, 1000.000000000000000 ) ;
#10386 = VERTEX_POINT ( 'NONE', #4762 ) ;
#10387 = FACE_OUTER_BOUND ( 'NONE', #4639, .T. ) ;
#10388 = VECTOR ( 'NONE', #9285, 1000.000000000000000 ) ;
#10389 = UNCERTAINTY_MEASURE_WITH_UNIT (LENGTH_MEASURE( 1.000000000000000082E-05 ), #11164, 'distance_accuracy_value', 'NONE');
#10390 =( NAMED_UNIT ( * ) SI_UNIT ( $, .STERADIAN. ) SOLID_ANGLE_UNIT ( ) );
#10391 = MECHANICAL_DESIGN_GEOMETRIC_PRESENTATION_REPRESENTATION (  '', ( #1912 ), #8096 ) ;
#10392 = SURFACE_STYLE_FILL_AREA ( #13289 ) ;
#10393 = DIRECTION ( 'NONE',  ( 0.000000000000000000, -1.000000000000000000, -3.782100601693619904E-17 ) ) ;
#10394 = MECHANICAL_DESIGN_GEOMETRIC_PRESENTATION_REPRESENTATION (  '', ( #4028 ), #2002 ) ;
#10395 = SURFACE_SIDE_STYLE ('',( #10147 ) ) ;
#10396 =( NAMED_UNIT ( * ) PLANE_ANGLE_UNIT ( ) SI_UNIT ( $, .RADIAN. ) );
#10397 = SURFACE_STYLE_FILL_AREA ( #10888 ) ;
#10398 = ORIENTED_EDGE ( 'NONE', *, *, #9425, .T. ) ;
#10399 = CARTESIAN_POINT ( 'NONE',  ( 2.752999999999991232, 1.027999999999999581, -0.2999999999999999334 ) ) ;
#10400 = CARTESIAN_POINT ( 'NONE',  ( -1.500000000000000000, -1.050000000000000044, 3.099999999999995648 ) ) ;
#10401 = PLANE ( 'NONE',  #5687 ) ;
#10402 = VECTOR ( 'NONE', #12020, 1000.000000000000000 ) ;
#10403 = DIRECTION ( 'NONE',  ( -6.789524367814960934E-15, 1.000000000000000000, 0.000000000000000000 ) ) ;
#10404 = AXIS2_PLACEMENT_3D ( 'NONE', #3338, #6361, #183 ) ;
#10405 = EDGE_LOOP ( 'NONE', ( #514, #5365, #1818, #6029 ) ) ;
#10406 = AXIS2_PLACEMENT_3D ( 'NONE', #12658, #7431, #7521 ) ;
#10407 = CARTESIAN_POINT ( 'NONE',  ( -1.500000000000000000, -0.8480000000000001981, -3.572999999999995957 ) ) ;
#10408 = FACE_OUTER_BOUND ( 'NONE', #872, .T. ) ;
#10409 = ORIENTED_EDGE ( 'NONE', *, *, #885, .F. ) ;
#10410 = SURFACE_STYLE_FILL_AREA ( #228 ) ;
#10411 = CIRCLE ( 'NONE', #2961, 0.1999999999999987343 ) ;
#10412 = EDGE_CURVE ( 'NONE', #13285, #12825, #5533, .T. ) ;
#10413 = LINE ( 'NONE', #5239, #5926 ) ;
#10414 = ORIENTED_EDGE ( 'NONE', *, *, #3436, .F. ) ;
#10415 = DIRECTION ( 'NONE',  ( 1.000000000000000000, 0.000000000000000000, -0.000000000000000000 ) ) ;
#10416 = FILL_AREA_STYLE_COLOUR ( '', #7243 ) ;
#10417 = DIRECTION ( 'NONE',  ( 0.000000000000000000, -1.000000000000000000, -1.267091005808300275E-15 ) ) ;
#10418 = PRESENTATION_LAYER_ASSIGNMENT (  '', '', ( #94 ) ) ;
#10419 = MECHANICAL_DESIGN_GEOMETRIC_PRESENTATION_REPRESENTATION (  '', ( #6306 ), #4929 ) ;
#10420 = ADVANCED_FACE ( 'NONE', ( #11645 ), #11093, .T. ) ;
#10421 = VECTOR ( 'NONE', #6239, 1000.000000000000000 ) ;
#10422 = ORIENTED_EDGE ( 'NONE', *, *, #7787, .F. ) ;
#10423 = EDGE_CURVE ( 'NONE', #11337, #6325, #11188, .T. ) ;
#10424 = LINE ( 'NONE', #6287, #4978 ) ;
#10425 = VECTOR ( 'NONE', #6905, 1000.000000000000000 ) ;
#10426 =( NAMED_UNIT ( * ) PLANE_ANGLE_UNIT ( ) SI_UNIT ( $, .RADIAN. ) );
#10427 = EDGE_LOOP ( 'NONE', ( #12616, #10108, #6183, #7447, #12961, #6338, #1904, #6255, #9125, #4726, #10688, #3071, #12039, #5658, #12780, #8005 ) ) ;
#10428 = ORIENTED_EDGE ( 'NONE', *, *, #11126, .F. ) ;
#10429 =( NAMED_UNIT ( * ) SI_UNIT ( $, .STERADIAN. ) SOLID_ANGLE_UNIT ( ) );
#10430 = AXIS2_PLACEMENT_3D ( 'NONE', #1881, #4727, #3823 ) ;
#10431 = PRESENTATION_LAYER_ASSIGNMENT (  '', '', ( #7953 ) ) ;
#10432 = CARTESIAN_POINT ( 'NONE',  ( 1.250000000000084599, 0.8499999999999995337, 2.250000000000007105 ) ) ;
#10433 = PRESENTATION_STYLE_ASSIGNMENT (( #8008 ) ) ;
#10434 = VERTEX_POINT ( 'NONE', #7052 ) ;
#10435 = ADVANCED_FACE ( 'NONE', ( #2822, #9087 ), #6106, .F. ) ;
#10436 = STYLED_ITEM ( 'NONE', ( #3169 ), #12717 ) ;
#10437 = VERTEX_POINT ( 'NONE', #5975 ) ;
#10438 = DIRECTION ( 'NONE',  ( 0.000000000000000000, -1.000000000000000000, 0.000000000000000000 ) ) ;
#10439 = VERTEX_POINT ( 'NONE', #10095 ) ;
#10440 = DIRECTION ( 'NONE',  ( 0.000000000000000000, -0.000000000000000000, 1.000000000000000000 ) ) ;
#10441 = CARTESIAN_POINT ( 'NONE',  ( 2.400000000000000355, -0.8499999999999976463, -3.099999999999995648 ) ) ;
#10442 = CARTESIAN_POINT ( 'NONE',  ( 2.752999999999991676, 1.027999999999999359, 2.799999999999999822 ) ) ;
#10443 = DIRECTION ( 'NONE',  ( -0.5122628712702834708, 0.000000000000000000, -0.8588287086013863814 ) ) ;
#10444 =( NAMED_UNIT ( * ) PLANE_ANGLE_UNIT ( ) SI_UNIT ( $, .RADIAN. ) );
#10445 = CARTESIAN_POINT ( 'NONE',  ( 0.2999999999999998224, 0.8499999999999993117, -4.832455532033675283 ) ) ;
#10446 = ORIENTED_EDGE ( 'NONE', *, *, #11467, .T. ) ;
#10447 = FACE_OUTER_BOUND ( 'NONE', #5061, .T. ) ;
#10448 =( NAMED_UNIT ( * ) SI_UNIT ( $, .STERADIAN. ) SOLID_ANGLE_UNIT ( ) );
#10449 = COLOUR_RGB ( '',0.1098039215686274495, 0.1098039215686274495, 0.1098039215686274495 ) ;
#10450 = LINE ( 'NONE', #9805, #312 ) ;
#10451 = ORIENTED_EDGE ( 'NONE', *, *, #12686, .F. ) ;
#10452 = AXIS2_PLACEMENT_3D ( 'NONE', #3638, #4707, #6856 ) ;
#10453 = DIRECTION ( 'NONE',  ( 1.000000000000000000, 0.000000000000000000, 0.000000000000000000 ) ) ;
#10454 = AXIS2_PLACEMENT_3D ( 'NONE', #10, #7198, #2058 ) ;
#10455 = ORIENTED_EDGE ( 'NONE', *, *, #11013, .T. ) ;
#10456 = CARTESIAN_POINT ( 'NONE',  ( -1.500000000000000000, -1.050000000000000044, -3.500000000000000000 ) ) ;
#10457 = PLANE ( 'NONE',  #10692 ) ;
#10458 = FACE_OUTER_BOUND ( 'NONE', #11603, .T. ) ;
#10459 = EDGE_CURVE ( 'NONE', #12245, #12506, #2354, .T. ) ;
#10460 = ORIENTED_EDGE ( 'NONE', *, *, #7881, .F. ) ;
#10461 = ORIENTED_EDGE ( 'NONE', *, *, #53, .F. ) ;
#10462 = LINE ( 'NONE', #9449, #3097 ) ;
#10463 =( NAMED_UNIT ( * ) PLANE_ANGLE_UNIT ( ) SI_UNIT ( $, .RADIAN. ) );
#10464 = SURFACE_SIDE_STYLE ('',( #10736 ) ) ;
#10465 = UNCERTAINTY_MEASURE_WITH_UNIT (LENGTH_MEASURE( 1.000000000000000082E-05 ), #8682, 'distance_accuracy_value', 'NONE');
#10466 = AXIS2_PLACEMENT_3D ( 'NONE', #2557, #11652, #5491 ) ;
#10467 = DIRECTION ( 'NONE',  ( -0.5072312248530602696, 0.000000000000000000, -0.8618100048932271218 ) ) ;
#10468 = COLOUR_RGB ( '',0.6941176470588235059, 0.09803921568627450844, 0.09803921568627450844 ) ;
#10469 = EDGE_LOOP ( 'NONE', ( #9585, #7921, #12443, #1868, #2691, #10006, #11354, #4327 ) ) ;
#10470 = CARTESIAN_POINT ( 'NONE',  ( 2.752999999999985015, 2.050000000000049116, 2.200000000000000178 ) ) ;
#10471 = VERTEX_POINT ( 'NONE', #8143 ) ;
#10472 = AXIS2_PLACEMENT_3D ( 'NONE', #3075, #6175, #8118 ) ;
#10473 =( NAMED_UNIT ( * ) PLANE_ANGLE_UNIT ( ) SI_UNIT ( $, .RADIAN. ) );
#10474 =( NAMED_UNIT ( * ) PLANE_ANGLE_UNIT ( ) SI_UNIT ( $, .RADIAN. ) );
#10475 = DIRECTION ( 'NONE',  ( 0.000000000000000000, 0.000000000000000000, 1.000000000000000000 ) ) ;
#10476 = SURFACE_SIDE_STYLE ('',( #2991 ) ) ;
#10477 = SURFACE_STYLE_USAGE ( .BOTH. , #6286 ) ;
#10478 = ADVANCED_FACE ( 'NONE', ( #5379 ), #7006, .F. ) ;
#10479 = PLANE ( 'NONE',  #3550 ) ;
#10480 = PRESENTATION_STYLE_ASSIGNMENT (( #10964 ) ) ;
#10481 = CARTESIAN_POINT ( 'NONE',  ( -2.549999999999998490, 0.8249999999999992895, 2.200000000000000178 ) ) ;
#10482 = FACE_OUTER_BOUND ( 'NONE', #5571, .T. ) ;
#10483 =( LENGTH_UNIT ( ) NAMED_UNIT ( * ) SI_UNIT ( .MILLI., .METRE. ) );
#10484 =( NAMED_UNIT ( * ) PLANE_ANGLE_UNIT ( ) SI_UNIT ( $, .RADIAN. ) );
#10485 = ORIENTED_EDGE ( 'NONE', *, *, #9718, .T. ) ;
#10486 = EDGE_CURVE ( 'NONE', #4267, #12091, #7480, .T. ) ;
#10487 = ORIENTED_EDGE ( 'NONE', *, *, #8396, .T. ) ;
#10488 = DIRECTION ( 'NONE',  ( 1.000000000000000000, 6.789524367814960934E-15, -0.000000000000000000 ) ) ;
#10489 = DIRECTION ( 'NONE',  ( 0.000000000000000000, -1.000000000000000000, 0.000000000000000000 ) ) ;
#10490 = MECHANICAL_DESIGN_GEOMETRIC_PRESENTATION_REPRESENTATION (  '', ( #9356 ), #12134 ) ;
#10491 = AXIS2_PLACEMENT_3D ( 'NONE', #6722, #10955, #1631 ) ;
#10492 = FACE_OUTER_BOUND ( 'NONE', #4795, .T. ) ;
#10493 = VERTEX_POINT ( 'NONE', #6014 ) ;
#10494 = EDGE_CURVE ( 'NONE', #10386, #7812, #4914, .T. ) ;
#10495 = CARTESIAN_POINT ( 'NONE',  ( -0.2499999999999835132, 0.8499999999999995337, 2.250000000000007105 ) ) ;
#10496 = COLOUR_RGB ( '',0.7921568627450980005, 0.8196078431372548767, 0.9333333333333333481 ) ;
#10497 = LINE ( 'NONE', #3418, #8119 ) ;
#10498 = EDGE_LOOP ( 'NONE', ( #6974, #10359, #4414, #3764 ) ) ;
#10499 = SURFACE_STYLE_USAGE ( .BOTH. , #1375 ) ;
#10500 = CARTESIAN_POINT ( 'NONE',  ( 0.1505370182870021944, -1.039999999999999147, 2.586871583535974572 ) ) ;
#10501 =( GEOMETRIC_REPRESENTATION_CONTEXT ( 3 ) GLOBAL_UNCERTAINTY_ASSIGNED_CONTEXT ( ( #7704 ) ) GLOBAL_UNIT_ASSIGNED_CONTEXT ( ( #6010, #11047, #12067 ) ) REPRESENTATION_CONTEXT ( 'NONE', 'WORKASPACE' ) );
#10502 = MECHANICAL_DESIGN_GEOMETRIC_PRESENTATION_REPRESENTATION (  '', ( #9368 ), #6634 ) ;
#10503 =( NAMED_UNIT ( * ) SI_UNIT ( $, .STERADIAN. ) SOLID_ANGLE_UNIT ( ) );
#10504 = ORIENTED_EDGE ( 'NONE', *, *, #2268, .T. ) ;
#10505 = PRODUCT_DEFINITION_CONTEXT ( 'detailed design', #1276, 'design' ) ;
#10506 = DIRECTION ( 'NONE',  ( 0.5833189478673188599, 0.000000000000000000, 0.8122431932980196390 ) ) ;
#10507 = SURFACE_STYLE_FILL_AREA ( #6585 ) ;
#10508 = ORIENTED_EDGE ( 'NONE', *, *, #1256, .F. ) ;
#10509 = CARTESIAN_POINT ( 'NONE',  ( 2.750000000000000000, 0.8000000000000001554, -3.500000000000000000 ) ) ;
#10510 = VERTEX_POINT ( 'NONE', #8401 ) ;
#10511 = STYLED_ITEM ( 'NONE', ( #10740 ), #12182 ) ;
#10512 =( GEOMETRIC_REPRESENTATION_CONTEXT ( 3 ) GLOBAL_UNCERTAINTY_ASSIGNED_CONTEXT ( ( #9077 ) ) GLOBAL_UNIT_ASSIGNED_CONTEXT ( ( #12851, #2672, #8917 ) ) REPRESENTATION_CONTEXT ( 'NONE', 'WORKASPACE' ) );
#10513 = ORIENTED_EDGE ( 'NONE', *, *, #5751, .T. ) ;
#10514 = EDGE_CURVE ( 'NONE', #12743, #7036, #4729, .T. ) ;
#10515 = VERTEX_POINT ( 'NONE', #2931 ) ;
#10516 = FACE_OUTER_BOUND ( 'NONE', #652, .T. ) ;
#10517 = VECTOR ( 'NONE', #8016, 1000.000000000000000 ) ;
#10518 = LINE ( 'NONE', #3516, #10857 ) ;
#10519 = FILL_AREA_STYLE ('',( #3400 ) ) ;
#10520 = ORIENTED_EDGE ( 'NONE', *, *, #5874, .F. ) ;
#10521 = ORIENTED_EDGE ( 'NONE', *, *, #686, .F. ) ;
#10522 =( NAMED_UNIT ( * ) SI_UNIT ( $, .STERADIAN. ) SOLID_ANGLE_UNIT ( ) );
#10523 = DIRECTION ( 'NONE',  ( -7.885106708985466847E-17, -4.663235150475286828E-17, 1.000000000000000000 ) ) ;
#10524 = CARTESIAN_POINT ( 'NONE',  ( -0.7500000000000006661, -2.199999999999997957, -1.499999999999996003 ) ) ;
#10525 = AXIS2_PLACEMENT_3D ( 'NONE', #2903, #11902, #11014 ) ;
#10526 =( LENGTH_UNIT ( ) NAMED_UNIT ( * ) SI_UNIT ( .MILLI., .METRE. ) );
#10527 = DIRECTION ( 'NONE',  ( 4.243452729884350584E-16, -1.000000000000000000, 0.000000000000000000 ) ) ;
#10528 = EDGE_LOOP ( 'NONE', ( #7428, #111, #1351, #12157 ) ) ;
#10529 = LINE ( 'NONE', #4530, #7007 ) ;
#10530 = DIRECTION ( 'NONE',  ( 0.000000000000000000, 0.000000000000000000, -1.000000000000000000 ) ) ;
#10531 = ORIENTED_EDGE ( 'NONE', *, *, #11472, .F. ) ;
#10532 = EDGE_CURVE ( 'NONE', #2547, #5168, #5692, .T. ) ;
#10533 = EDGE_LOOP ( 'NONE', ( #12554, #11360, #7333, #3559 ) ) ;
#10534 = DIRECTION ( 'NONE',  ( -1.000000000000000000, 0.000000000000000000, 0.000000000000000000 ) ) ;
#10535 = UNCERTAINTY_MEASURE_WITH_UNIT (LENGTH_MEASURE( 1.000000000000000082E-05 ), #11871, 'distance_accuracy_value', 'NONE');
#10536 = COLOUR_RGB ( '',0.6941176470588235059, 0.09803921568627450844, 0.09803921568627450844 ) ;
#10537 = UNCERTAINTY_MEASURE_WITH_UNIT (LENGTH_MEASURE( 1.000000000000000082E-05 ), #5809, 'distance_accuracy_value', 'NONE');
#10538 = DIRECTION ( 'NONE',  ( 1.000000000000000000, 4.243452729884350584E-16, -0.000000000000000000 ) ) ;
#10539 = VECTOR ( 'NONE', #3178, 1000.000000000000000 ) ;
#10540 = PRESENTATION_LAYER_ASSIGNMENT (  '', '', ( #1635 ) ) ;
#10541 = SURFACE_SIDE_STYLE ('',( #11376 ) ) ;
#10542 = ADVANCED_FACE ( 'NONE', ( #12445 ), #5247, .T. ) ;
#10543 = LINE ( 'NONE', #11896, #11373 ) ;
#10544 = CARTESIAN_POINT ( 'NONE',  ( -2.399999999999999911, -0.04999999999999915623, 2.625000000000001776 ) ) ;
#10545 = EDGE_LOOP ( 'NONE', ( #555, #2989, #11534, #2063 ) ) ;
#10546 = FACE_OUTER_BOUND ( 'NONE', #7442, .T. ) ;
#10547 = CARTESIAN_POINT ( 'NONE',  ( 0.3489422312082006705, -1.039999999999999147, 2.413550568363382443 ) ) ;
#10548 = PRESENTATION_STYLE_ASSIGNMENT (( #11061 ) ) ;
#10549 = CARTESIAN_POINT ( 'NONE',  ( 0.6143083776277784569, -1.039999999999999147, 2.864768817329525152 ) ) ;
#10550 = CARTESIAN_POINT ( 'NONE',  ( 0.3148065801894597837, -1.049999999999999156, 2.864768817329525152 ) ) ;
#10551 = STYLED_ITEM ( 'NONE', ( #6242 ), #3161 ) ;
#10552 = FILL_AREA_STYLE ('',( #1302 ) ) ;
#10553 = UNCERTAINTY_MEASURE_WITH_UNIT (LENGTH_MEASURE( 1.000000000000000082E-05 ), #4316, 'distance_accuracy_value', 'NONE');
#10554 = DIRECTION ( 'NONE',  ( -0.000000000000000000, 1.239088197126289831E-16, -1.000000000000000000 ) ) ;
#10555 = EDGE_CURVE ( 'NONE', #5681, #4940, #2341, .T. ) ;
#10556 = DIRECTION ( 'NONE',  ( 0.000000000000000000, -0.000000000000000000, -1.000000000000000000 ) ) ;
#10557 = FACE_OUTER_BOUND ( 'NONE', #10469, .T. ) ;
#10558 = DIRECTION ( 'NONE',  ( -0.000000000000000000, 1.000000000000000000, -0.000000000000000000 ) ) ;
#10559 = PRESENTATION_STYLE_ASSIGNMENT (( #10477 ) ) ;
#10560 = VERTEX_POINT ( 'NONE', #12378 ) ;
#10561 = VECTOR ( 'NONE', #395, 1000.000000000000114 ) ;
#10562 = EDGE_LOOP ( 'NONE', ( #5702, #3822, #2936, #12916 ) ) ;
#10563 = LINE ( 'NONE', #4824, #2398 ) ;
#10564 = LINE ( 'NONE', #8591, #6084 ) ;
#10565 = ORIENTED_EDGE ( 'NONE', *, *, #12367, .T. ) ;
#10566 = FILL_AREA_STYLE_COLOUR ( '', #4962 ) ;
#10567 = MECHANICAL_DESIGN_GEOMETRIC_PRESENTATION_REPRESENTATION (  '', ( #13298 ), #5750 ) ;
#10568 = CARTESIAN_POINT ( 'NONE',  ( 2.499999999999991562, 1.025000000000000133, -2.200000000000000178 ) ) ;
#10569 = EDGE_CURVE ( 'NONE', #6660, #1061, #6500, .T. ) ;
#10570 = EDGE_CURVE ( 'NONE', #12761, #3897, #3760, .T. ) ;
#10571 = PLANE ( 'NONE',  #9676 ) ;
#10572 = DIRECTION ( 'NONE',  ( 0.000000000000000000, 0.000000000000000000, 1.000000000000000000 ) ) ;
#10573 = FILL_AREA_STYLE ('',( #3410 ) ) ;
#10574 = STYLED_ITEM ( 'NONE', ( #11623 ), #10893 ) ;
#10575 =( GEOMETRIC_REPRESENTATION_CONTEXT ( 3 ) GLOBAL_UNCERTAINTY_ASSIGNED_CONTEXT ( ( #6769 ) ) GLOBAL_UNIT_ASSIGNED_CONTEXT ( ( #9238, #5042, #3104 ) ) REPRESENTATION_CONTEXT ( 'NONE', 'WORKASPACE' ) );
#10576 = ORIENTED_EDGE ( 'NONE', *, *, #885, .T. ) ;
#10577 =( NAMED_UNIT ( * ) SI_UNIT ( $, .STERADIAN. ) SOLID_ANGLE_UNIT ( ) );
#10578 = FACE_OUTER_BOUND ( 'NONE', #1656, .T. ) ;
#10579 = DIRECTION ( 'NONE',  ( 1.000000000000000000, 0.000000000000000000, 0.000000000000000000 ) ) ;
#10580 =( LENGTH_UNIT ( ) NAMED_UNIT ( * ) SI_UNIT ( .MILLI., .METRE. ) );
#10581 = VECTOR ( 'NONE', #10746, 1000.000000000000000 ) ;
#10582 = VECTOR ( 'NONE', #8737, 1000.000000000000000 ) ;
#10583 = FACE_OUTER_BOUND ( 'NONE', #6986, .T. ) ;
#10584 = VERTEX_POINT ( 'NONE', #12426 ) ;
#10585 = SURFACE_STYLE_USAGE ( .BOTH. , #7745 ) ;
#10586 = AXIS2_PLACEMENT_3D ( 'NONE', #8386, #3258, #2281 ) ;
#10587 = STYLED_ITEM ( 'NONE', ( #5867 ), #725 ) ;
#10588 = FILL_AREA_STYLE_COLOUR ( '', #4889 ) ;
#10589 = EDGE_LOOP ( 'NONE', ( #10130, #13254, #1034, #2733 ) ) ;
#10590 = EDGE_CURVE ( 'NONE', #1316, #10947, #9524, .T. ) ;
#10591 = PRESENTATION_STYLE_ASSIGNMENT (( #13292 ) ) ;
#10592 = DIRECTION ( 'NONE',  ( 0.000000000000000000, -0.9590177080589008529, 0.2833461410174008543 ) ) ;
#10593 = EDGE_LOOP ( 'NONE', ( #5428, #12168, #2982, #5499 ) ) ;
#10594 = VECTOR ( 'NONE', #7989, 1000.000000000000000 ) ;
#10595 = DIRECTION ( 'NONE',  ( -1.000000000000000000, 0.000000000000000000, 0.000000000000000000 ) ) ;
#10596 = ORIENTED_EDGE ( 'NONE', *, *, #11967, .F. ) ;
#10597 = CARTESIAN_POINT ( 'NONE',  ( 2.750000000000000000, -1.049999999999996714, -1.850000000000007860 ) ) ;
#10598 = AXIS2_PLACEMENT_3D ( 'NONE', #8059, #5974, #1002 ) ;
#10599 = AXIS2_PLACEMENT_3D ( 'NONE', #9971, #7859, #10018 ) ;
#10600 = EDGE_CURVE ( 'NONE', #2108, #8469, #12598, .T. ) ;
#10601 =( NAMED_UNIT ( * ) PLANE_ANGLE_UNIT ( ) SI_UNIT ( $, .RADIAN. ) );
#10602 = CARTESIAN_POINT ( 'NONE',  ( 2.549999999999990941, 1.024999999999999689, -0.2999999999999999334 ) ) ;
#10603 = VECTOR ( 'NONE', #6777, 1000.000000000000000 ) ;
#10604 = VERTEX_POINT ( 'NONE', #156 ) ;
#10605 =( NAMED_UNIT ( * ) PLANE_ANGLE_UNIT ( ) SI_UNIT ( $, .RADIAN. ) );
#10606 = PRESENTATION_STYLE_ASSIGNMENT (( #1401 ) ) ;
#10607 = ORIENTED_EDGE ( 'NONE', *, *, #159, .T. ) ;
#10608 = CARTESIAN_POINT ( 'NONE',  ( 1.500000000000000000, -0.8480000000000001981, -3.774999999999995914 ) ) ;
#10609 =( NAMED_UNIT ( * ) SI_UNIT ( $, .STERADIAN. ) SOLID_ANGLE_UNIT ( ) );
#10610 = CARTESIAN_POINT ( 'NONE',  ( -2.750000000000014655, -1.049999999999999378, 3.100000000000001421 ) ) ;
#10611 = ORIENTED_EDGE ( 'NONE', *, *, #7844, .T. ) ;
#10612 = CIRCLE ( 'NONE', #12746, 0.4000000000000080158 ) ;
#10613 = PRESENTATION_STYLE_ASSIGNMENT (( #7974 ) ) ;
#10614 = FACE_OUTER_BOUND ( 'NONE', #11339, .T. ) ;
#10615 = UNCERTAINTY_MEASURE_WITH_UNIT (LENGTH_MEASURE( 1.000000000000000082E-05 ), #893, 'distance_accuracy_value', 'NONE');
#10616 = ORIENTED_EDGE ( 'NONE', *, *, #4922, .F. ) ;
#10617 = DIRECTION ( 'NONE',  ( -1.000000000000000000, 0.000000000000000000, 0.000000000000000000 ) ) ;
#10618 = DIRECTION ( 'NONE',  ( -0.000000000000000000, 0.2833461410174008543, 0.9590177080589008529 ) ) ;
#10619 = ADVANCED_FACE ( 'NONE', ( #9854 ), #11367, .F. ) ;
#10620 =( LENGTH_UNIT ( ) NAMED_UNIT ( * ) SI_UNIT ( .MILLI., .METRE. ) );
#10621 = EDGE_CURVE ( 'NONE', #7815, #828, #12124, .T. ) ;
#10622 =( LENGTH_UNIT ( ) NAMED_UNIT ( * ) SI_UNIT ( .MILLI., .METRE. ) );
#10623 = CARTESIAN_POINT ( 'NONE',  ( -0.2064888568680664227, -1.039999999999999147, 2.413550568363381554 ) ) ;
#10624 = SURFACE_SIDE_STYLE ('',( #5146 ) ) ;
#10625 = FILL_AREA_STYLE ('',( #4605 ) ) ;
#10626 = ORIENTED_EDGE ( 'NONE', *, *, #821, .T. ) ;
#10627 = CARTESIAN_POINT ( 'NONE',  ( 2.449999999999984190, -0.1499999999999995226, -0.6577350269189666809 ) ) ;
#10628 =( GEOMETRIC_REPRESENTATION_CONTEXT ( 3 ) GLOBAL_UNCERTAINTY_ASSIGNED_CONTEXT ( ( #7360 ) ) GLOBAL_UNIT_ASSIGNED_CONTEXT ( ( #5690, #12866, #9906 ) ) REPRESENTATION_CONTEXT ( 'NONE', 'WORKASPACE' ) );
#10629 = LINE ( 'NONE', #2953, #1995 ) ;
#10630 = SURFACE_STYLE_USAGE ( .BOTH. , #5468 ) ;
#10631 = VERTEX_POINT ( 'NONE', #4164 ) ;
#10632 = SURFACE_STYLE_FILL_AREA ( #4117 ) ;
#10633 = UNCERTAINTY_MEASURE_WITH_UNIT (LENGTH_MEASURE( 1.000000000000000082E-05 ), #2366, 'distance_accuracy_value', 'NONE');
#10634 = ADVANCED_FACE ( 'NONE', ( #10190 ), #3182, .F. ) ;
#10635 = DIRECTION ( 'NONE',  ( -4.243452729884350584E-16, 1.000000000000000000, 0.000000000000000000 ) ) ;
#10636 =( GEOMETRIC_REPRESENTATION_CONTEXT ( 3 ) GLOBAL_UNCERTAINTY_ASSIGNED_CONTEXT ( ( #7197 ) ) GLOBAL_UNIT_ASSIGNED_CONTEXT ( ( #13286, #1127, #5200 ) ) REPRESENTATION_CONTEXT ( 'NONE', 'WORKASPACE' ) );
#10637 = SURFACE_SIDE_STYLE ('',( #4592 ) ) ;
#10638 = SURFACE_STYLE_USAGE ( .BOTH. , #11669 ) ;
#10639 = DIRECTION ( 'NONE',  ( -1.734723475976807094E-15, 1.239088197126289831E-16, -1.000000000000000000 ) ) ;
#10640 = EDGE_CURVE ( 'NONE', #6186, #1792, #714, .T. ) ;
#10641 = SURFACE_STYLE_USAGE ( .BOTH. , #4441 ) ;
#10642 = SURFACE_STYLE_FILL_AREA ( #9376 ) ;
#10643 = VECTOR ( 'NONE', #9297, 1000.000000000000000 ) ;
#10644 =( LENGTH_UNIT ( ) NAMED_UNIT ( * ) SI_UNIT ( .MILLI., .METRE. ) );
#10645 = SURFACE_STYLE_USAGE ( .BOTH. , #10734 ) ;
#10646 = VERTEX_POINT ( 'NONE', #11698 ) ;
#10647 = EDGE_LOOP ( 'NONE', ( #12307, #7327, #13272, #938 ) ) ;
#10648 = CARTESIAN_POINT ( 'NONE',  ( 2.499999999999991562, 1.024999999999999689, -0.2999999999999999334 ) ) ;
#10649 = PRESENTATION_LAYER_ASSIGNMENT (  '', '', ( #9262 ) ) ;
#10650 = FACE_OUTER_BOUND ( 'NONE', #3616, .T. ) ;
#10651 = ORIENTED_EDGE ( 'NONE', *, *, #3590, .F. ) ;
#10652 =( LENGTH_UNIT ( ) NAMED_UNIT ( * ) SI_UNIT ( .MILLI., .METRE. ) );
#10653 = STYLED_ITEM ( 'NONE', ( #255 ), #10091 ) ;
#10654 = LINE ( 'NONE', #2915, #5508 ) ;
#10655 =( GEOMETRIC_REPRESENTATION_CONTEXT ( 3 ) GLOBAL_UNCERTAINTY_ASSIGNED_CONTEXT ( ( #13181 ) ) GLOBAL_UNIT_ASSIGNED_CONTEXT ( ( #984, #13276, #886 ) ) REPRESENTATION_CONTEXT ( 'NONE', 'WORKASPACE' ) );
#10656 = PRESENTATION_STYLE_ASSIGNMENT (( #3037 ) ) ;
#10657 = DIRECTION ( 'NONE',  ( -8.673617379884032317E-15, 1.000000000000000000, 0.000000000000000000 ) ) ;
#10658 = FACE_OUTER_BOUND ( 'NONE', #4846, .T. ) ;
#10659 = ORIENTED_EDGE ( 'NONE', *, *, #12816, .T. ) ;
#10660 = DIRECTION ( 'NONE',  ( 4.336808689942013792E-16, 0.000000000000000000, 1.000000000000000000 ) ) ;
#10661 = SURFACE_STYLE_USAGE ( .BOTH. , #9615 ) ;
#10662 = CARTESIAN_POINT ( 'NONE',  ( 1.500000000000000000, -1.050000000000000044, 3.572999999999987963 ) ) ;
#10663 = FILL_AREA_STYLE ('',( #2559 ) ) ;
#10664 = SURFACE_STYLE_USAGE ( .BOTH. , #7644 ) ;
#10665 = PRESENTATION_LAYER_ASSIGNMENT (  '', '', ( #4387 ) ) ;
#10666 = SURFACE_SIDE_STYLE ('',( #9063 ) ) ;
#10667 = ORIENTED_EDGE ( 'NONE', *, *, #688, .T. ) ;
#10668 = EDGE_CURVE ( 'NONE', #3769, #8440, #3455, .T. ) ;
#10669 = PRESENTATION_STYLE_ASSIGNMENT (( #7715 ) ) ;
#10670 = ORIENTED_EDGE ( 'NONE', *, *, #5340, .F. ) ;
#10671 = CARTESIAN_POINT ( 'NONE',  ( 1.500000000000000000, -0.8480000000000001981, 3.572999999999989740 ) ) ;
#10672 = PRESENTATION_LAYER_ASSIGNMENT (  '', '', ( #11872 ) ) ;
#10673 =( GEOMETRIC_REPRESENTATION_CONTEXT ( 3 ) GLOBAL_UNCERTAINTY_ASSIGNED_CONTEXT ( ( #11559 ) ) GLOBAL_UNIT_ASSIGNED_CONTEXT ( ( #12863, #568, #8802 ) ) REPRESENTATION_CONTEXT ( 'NONE', 'WORKASPACE' ) );
#10674 = DIRECTION ( 'NONE',  ( 0.2425356250363329969, 0.9701425001453319874, 0.000000000000000000 ) ) ;
#10675 = ORIENTED_EDGE ( 'NONE', *, *, #3896, .T. ) ;
#10676 = EDGE_CURVE ( 'NONE', #11617, #2242, #2176, .T. ) ;
#10677 = SURFACE_STYLE_USAGE ( .BOTH. , #5556 ) ;
#10678 = LINE ( 'NONE', #3768, #5476 ) ;
#10679 = DIRECTION ( 'NONE',  ( -0.000000000000000000, -1.000000000000000000, -0.000000000000000000 ) ) ;
#10680 = FILL_AREA_STYLE_COLOUR ( '', #4346 ) ;
#10681 = ORIENTED_EDGE ( 'NONE', *, *, #3477, .T. ) ;
#10682 = AXIS2_PLACEMENT_3D ( 'NONE', #10524, #4376, #10393 ) ;
#10683 = MECHANICAL_DESIGN_GEOMETRIC_PRESENTATION_REPRESENTATION (  '', ( #9989 ), #9219 ) ;
#10684 = COLOUR_RGB ( '',1.000000000000000000, 1.000000000000000000, 1.000000000000000000 ) ;
#10685 = EDGE_CURVE ( 'NONE', #5917, #1592, #10179, .T. ) ;
#10686 = ADVANCED_FACE ( 'NONE', ( #7307 ), #12561, .F. ) ;
#10687 = CARTESIAN_POINT ( 'NONE',  ( 2.750000000000000000, -1.049999999999999156, -1.649999999999994804 ) ) ;
#10688 = ORIENTED_EDGE ( 'NONE', *, *, #11287, .F. ) ;
#10689 = VERTEX_POINT ( 'NONE', #3454 ) ;
#10690 = VECTOR ( 'NONE', #10679, 1000.000000000000000 ) ;
#10691 = CARTESIAN_POINT ( 'NONE',  ( 2.549999999999991385, 1.027999999999999359, 2.799999999999999822 ) ) ;
#10692 = AXIS2_PLACEMENT_3D ( 'NONE', #5386, #10417, #12617 ) ;
#10693 = CARTESIAN_POINT ( 'NONE',  ( 2.549999999999980727, -0.1499999999999995226, 0.6999999999999979572 ) ) ;
#10694 = ORIENTED_EDGE ( 'NONE', *, *, #9691, .F. ) ;
#10695 = EDGE_CURVE ( 'NONE', #6451, #12840, #4238, .T. ) ;
#10696 = PRESENTATION_STYLE_ASSIGNMENT (( #5057 ) ) ;
#10697 = SURFACE_STYLE_USAGE ( .BOTH. , #9513 ) ;
#10698 = ADVANCED_FACE ( 'NONE', ( #10492 ), #3413, .F. ) ;
#10699 = CARTESIAN_POINT ( 'NONE',  ( 2.449999999999979750, -0.6000000000000094147, 0.1309401076758479054 ) ) ;
#10700 = SURFACE_STYLE_USAGE ( .BOTH. , #11647 ) ;
#10701 = DIRECTION ( 'NONE',  ( 1.000000000000000000, -0.000000000000000000, 4.336808689942025625E-15 ) ) ;
#10702 = PLANE ( 'NONE',  #11750 ) ;
#10703 = FILL_AREA_STYLE_COLOUR ( '', #9282 ) ;
#10704 = CARTESIAN_POINT ( 'NONE',  ( 2.350000000000000089, 0.05000000000000274364, 3.774999999999995914 ) ) ;
#10705 =( LENGTH_UNIT ( ) NAMED_UNIT ( * ) SI_UNIT ( .MILLI., .METRE. ) );
#10706 =( GEOMETRIC_REPRESENTATION_CONTEXT ( 3 ) GLOBAL_UNCERTAINTY_ASSIGNED_CONTEXT ( ( #8427 ) ) GLOBAL_UNIT_ASSIGNED_CONTEXT ( ( #7924, #4952, #1917 ) ) REPRESENTATION_CONTEXT ( 'NONE', 'WORKASPACE' ) );
#10707 = EDGE_LOOP ( 'NONE', ( #9786, #7020, #1198, #8397 ) ) ;
#10708 = FILL_AREA_STYLE ('',( #77 ) ) ;
#10709 = LINE ( 'NONE', #5145, #6693 ) ;
#10710 = DIRECTION ( 'NONE',  ( -1.000000000000000000, 0.000000000000000000, 0.000000000000000000 ) ) ;
#10711 = UNCERTAINTY_MEASURE_WITH_UNIT (LENGTH_MEASURE( 1.000000000000000082E-05 ), #9224, 'distance_accuracy_value', 'NONE');
#10712 = VECTOR ( 'NONE', #13240, 1000.000000000000000 ) ;
#10713 = UNCERTAINTY_MEASURE_WITH_UNIT (LENGTH_MEASURE( 1.000000000000000082E-05 ), #3587, 'distance_accuracy_value', 'NONE');
#10714 =( NAMED_UNIT ( * ) PLANE_ANGLE_UNIT ( ) SI_UNIT ( $, .RADIAN. ) );
#10715 = STYLED_ITEM ( 'NONE', ( #1414 ), #5787 ) ;
#10716 = DIRECTION ( 'NONE',  ( -1.000000000000000000, 0.000000000000000000, 0.000000000000000000 ) ) ;
#10717 = EDGE_CURVE ( 'NONE', #11565, #5988, #11788, .T. ) ;
#10718 = ORIENTED_EDGE ( 'NONE', *, *, #478, .F. ) ;
#10719 = FILL_AREA_STYLE ('',( #10588 ) ) ;
#10720 = ORIENTED_EDGE ( 'NONE', *, *, #9141, .F. ) ;
#10721 = COLOUR_RGB ( '',0.1098039215686274495, 0.1098039215686274495, 0.1098039215686274495 ) ;
#10722 = ORIENTED_EDGE ( 'NONE', *, *, #7094, .T. ) ;
#10723 = FILL_AREA_STYLE ('',( #1279 ) ) ;
#10724 = FACE_OUTER_BOUND ( 'NONE', #2223, .T. ) ;
#10725 = ORIENTED_EDGE ( 'NONE', *, *, #1069, .F. ) ;
#10726 = CARTESIAN_POINT ( 'NONE',  ( 1.500000000000000000, 0.05000000000000273670, -3.572999999999995957 ) ) ;
#10727 = FILL_AREA_STYLE_COLOUR ( '', #7337 ) ;
#10728 = AXIS2_PLACEMENT_3D ( 'NONE', #11226, #953, #6155 ) ;
#10729 = FILL_AREA_STYLE_COLOUR ( '', #4682 ) ;
#10730 = DIRECTION ( 'NONE',  ( 1.000000000000000000, 6.789524367814960934E-15, -0.000000000000000000 ) ) ;
#10731 = COLOUR_RGB ( '',0.6941176470588235059, 0.09803921568627450844, 0.09803921568627450844 ) ;
#10732 = ORIENTED_EDGE ( 'NONE', *, *, #2382, .T. ) ;
#10733 = CARTESIAN_POINT ( 'NONE',  ( -0.4179206746780296244, -1.039999999999999147, 2.864768817329522932 ) ) ;
#10734 = SURFACE_SIDE_STYLE ('',( #9078 ) ) ;
#10735 = LINE ( 'NONE', #488, #2565 ) ;
#10736 = SURFACE_STYLE_FILL_AREA ( #11473 ) ;
#10737 = ORIENTED_EDGE ( 'NONE', *, *, #10973, .F. ) ;
#10738 =( GEOMETRIC_REPRESENTATION_CONTEXT ( 3 ) GLOBAL_UNCERTAINTY_ASSIGNED_CONTEXT ( ( #12364 ) ) GLOBAL_UNIT_ASSIGNED_CONTEXT ( ( #4781, #9794, #3662 ) ) REPRESENTATION_CONTEXT ( 'NONE', 'WORKASPACE' ) );
#10739 = LINE ( 'NONE', #11566, #13133 ) ;
#10740 = PRESENTATION_STYLE_ASSIGNMENT (( #2550 ) ) ;
#10741 = VECTOR ( 'NONE', #3514, 1000.000000000000000 ) ;
#10742 = CIRCLE ( 'NONE', #795, 0.2000000000000005107 ) ;
#10743 = ORIENTED_EDGE ( 'NONE', *, *, #12434, .F. ) ;
#10744 = CARTESIAN_POINT ( 'NONE',  ( 2.499999999999992006, 1.024999999999999467, 2.799999999999999822 ) ) ;
#10745 = PRESENTATION_STYLE_ASSIGNMENT (( #6386 ) ) ;
#10746 = DIRECTION ( 'NONE',  ( -0.000000000000000000, -0.000000000000000000, -1.000000000000000000 ) ) ;
#10747 = EDGE_LOOP ( 'NONE', ( #6895, #8908, #9538, #2152, #8523, #10782, #1372, #12604 ) ) ;
#10748 = CARTESIAN_POINT ( 'NONE',  ( -0.2999999999999999334, 0.8499999999999993117, -3.500000000000000000 ) ) ;
#10749 = VECTOR ( 'NONE', #75, 1000.000000000000000 ) ;
#10750 = ORIENTED_EDGE ( 'NONE', *, *, #4149, .T. ) ;
#10751 = CIRCLE ( 'NONE', #4099, 0.1999999999999999833 ) ;
#10752 = FILL_AREA_STYLE_COLOUR ( '', #4457 ) ;
#10753 = EDGE_CURVE ( 'NONE', #10493, #4510, #7806, .T. ) ;
#10754 = PRESENTATION_STYLE_ASSIGNMENT (( #9743 ) ) ;
#10755 = VERTEX_POINT ( 'NONE', #8437 ) ;
#10756 = SURFACE_SIDE_STYLE ('',( #7063 ) ) ;
#10757 = SURFACE_STYLE_USAGE ( .BOTH. , #11782 ) ;
#10758 = ADVANCED_FACE ( 'NONE', ( #12749 ), #3313, .F. ) ;
#10759 = AXIS2_PLACEMENT_3D ( 'NONE', #11539, #2091, #290 ) ;
#10760 = DIRECTION ( 'NONE',  ( 0.000000000000000000, 5.421010862427526114E-16, -1.000000000000000000 ) ) ;
#10761 = SURFACE_SIDE_STYLE ('',( #1523 ) ) ;
#10762 = ORIENTED_EDGE ( 'NONE', *, *, #1146, .T. ) ;
#10763 = EDGE_CURVE ( 'NONE', #3185, #7637, #5837, .T. ) ;
#10764 = LINE ( 'NONE', #4991, #9148 ) ;
#10765 = ORIENTED_EDGE ( 'NONE', *, *, #2754, .T. ) ;
#10766 = SURFACE_SIDE_STYLE ('',( #3778 ) ) ;
#10767 = VERTEX_POINT ( 'NONE', #10481 ) ;
#10768 = MECHANICAL_DESIGN_GEOMETRIC_PRESENTATION_REPRESENTATION (  '', ( #10070 ), #2454 ) ;
#10769 = PRESENTATION_LAYER_ASSIGNMENT (  '', '', ( #12821 ) ) ;
#10770 = FILL_AREA_STYLE_COLOUR ( '', #5603 ) ;
#10771 =( NAMED_UNIT ( * ) SI_UNIT ( $, .STERADIAN. ) SOLID_ANGLE_UNIT ( ) );
#10772 = AXIS2_PLACEMENT_3D ( 'NONE', #5176, #1963, #13224 ) ;
#10773 = ADVANCED_FACE ( 'NONE', ( #3592 ), #12418, .T. ) ;
#10774 = CARTESIAN_POINT ( 'NONE',  ( -2.350000000000000089, 0.05000000000000274364, 3.774999999999995914 ) ) ;
#10775 = ORIENTED_EDGE ( 'NONE', *, *, #4139, .T. ) ;
#10776 = CARTESIAN_POINT ( 'NONE',  ( 1.250000000000032196, 0.8500000000000001998, -2.749999999999999112 ) ) ;
#10777 = FACE_OUTER_BOUND ( 'NONE', #4042, .T. ) ;
#10778 = DIRECTION ( 'NONE',  ( -0.000000000000000000, -0.000000000000000000, -1.000000000000000000 ) ) ;
#10779 = AXIS2_PLACEMENT_3D ( 'NONE', #11917, #7865, #7823 ) ;
#10780 = STYLED_ITEM ( 'NONE', ( #4289 ), #5493 ) ;
#10781 = SURFACE_STYLE_FILL_AREA ( #4469 ) ;
#10782 = ORIENTED_EDGE ( 'NONE', *, *, #4972, .T. ) ;
#10783 = CARTESIAN_POINT ( 'NONE',  ( -2.550000000000000266, -1.049999999999999378, 1.650000000000002576 ) ) ;
#10784 = EDGE_CURVE ( 'NONE', #10646, #9673, #11937, .T. ) ;
#10785 = CARTESIAN_POINT ( 'NONE',  ( -2.749999999999977796, -0.1499999999999995226, -0.3041451884327325272 ) ) ;
#10786 =( NAMED_UNIT ( * ) SI_UNIT ( $, .STERADIAN. ) SOLID_ANGLE_UNIT ( ) );
#10787 = VECTOR ( 'NONE', #6735, 1000.000000000000000 ) ;
#10788 = SURFACE_SIDE_STYLE ('',( #11762 ) ) ;
#10789 = ORIENTED_EDGE ( 'NONE', *, *, #4823, .T. ) ;
#10790 = ORIENTED_EDGE ( 'NONE', *, *, #1522, .T. ) ;
#10791 = SURFACE_STYLE_FILL_AREA ( #9030 ) ;
#10792 = LINE ( 'NONE', #2003, #7769 ) ;
#10793 = UNCERTAINTY_MEASURE_WITH_UNIT (LENGTH_MEASURE( 1.000000000000000082E-05 ), #2844, 'distance_accuracy_value', 'NONE');
#10794 = ORIENTED_EDGE ( 'NONE', *, *, #12452, .F. ) ;
#10795 = PRESENTATION_LAYER_ASSIGNMENT (  '', '', ( #2476 ) ) ;
#10796 = PLANE ( 'NONE',  #6182 ) ;
#10797 = STYLED_ITEM ( 'NONE', ( #6899 ), #12835 ) ;
#10798 = FILL_AREA_STYLE ('',( #2472 ) ) ;
#10799 = SURFACE_STYLE_USAGE ( .BOTH. , #8691 ) ;
#10800 = EDGE_LOOP ( 'NONE', ( #10722, #913, #8578, #13034 ) ) ;
#10801 = CARTESIAN_POINT ( 'NONE',  ( 2.549999999999990941, 1.027999999999999581, -0.2999999999999999334 ) ) ;
#10802 = CARTESIAN_POINT ( 'NONE',  ( -2.350000000000000089, 0.6499999999999998002, 3.575000000000002398 ) ) ;
#10803 = CARTESIAN_POINT ( 'NONE',  ( -2.499999999999999112, 1.025000000000000133, -2.200000000000000178 ) ) ;
#10804 = EDGE_CURVE ( 'NONE', #6969, #5231, #9844, .T. ) ;
#10805 = FILL_AREA_STYLE_COLOUR ( '', #7220 ) ;
#10806 =( NAMED_UNIT ( * ) SI_UNIT ( $, .STERADIAN. ) SOLID_ANGLE_UNIT ( ) );
#10807 = COLOUR_RGB ( '',1.000000000000000000, 1.000000000000000000, 1.000000000000000000 ) ;
#10808 = ORIENTED_EDGE ( 'NONE', *, *, #738, .F. ) ;
#10809 = ORIENTED_EDGE ( 'NONE', *, *, #8053, .F. ) ;
#10810 = UNCERTAINTY_MEASURE_WITH_UNIT (LENGTH_MEASURE( 1.000000000000000082E-05 ), #7654, 'distance_accuracy_value', 'NONE');
#10811 =( NAMED_UNIT ( * ) SI_UNIT ( $, .STERADIAN. ) SOLID_ANGLE_UNIT ( ) );
#10812 = DIRECTION ( 'NONE',  ( -0.000000000000000000, 1.000000000000000000, 1.239088197126289831E-16 ) ) ;
#10813 = MECHANICAL_DESIGN_GEOMETRIC_PRESENTATION_REPRESENTATION (  '', ( #934 ), #12614 ) ;
#10814 = SURFACE_SIDE_STYLE ('',( #4002 ) ) ;
#10815 = SURFACE_SIDE_STYLE ('',( #12016 ) ) ;
#10816 = LINE ( 'NONE', #9068, #5345 ) ;
#10817 = DIRECTION ( 'NONE',  ( 1.000000000000000000, 0.000000000000000000, 0.000000000000000000 ) ) ;
#10818 = ORIENTED_EDGE ( 'NONE', *, *, #1250, .T. ) ;
#10819 = STYLED_ITEM ( 'NONE', ( #11441 ), #2494 ) ;
#10820 = ORIENTED_EDGE ( 'NONE', *, *, #1503, .F. ) ;
#10821 =( NAMED_UNIT ( * ) SI_UNIT ( $, .STERADIAN. ) SOLID_ANGLE_UNIT ( ) );
#10822 = CARTESIAN_POINT ( 'NONE',  ( -2.499999999999999112, 1.025000000000000133, -2.200000000000000178 ) ) ;
#10823 = EDGE_CURVE ( 'NONE', #7388, #5448, #5507, .T. ) ;
#10824 = ADVANCED_FACE ( 'NONE', ( #9677 ), #12857, .F. ) ;
#10825 = CARTESIAN_POINT ( 'NONE',  ( 2.350000000000000089, 0.6499999999999998002, 3.575000000000002398 ) ) ;
#10826 = CARTESIAN_POINT ( 'NONE',  ( 2.549999999999990941, 1.027999999999999581, -0.2999999999999999334 ) ) ;
#10827 = VECTOR ( 'NONE', #7555, 1000.000000000000000 ) ;
#10828 = LINE ( 'NONE', #2954, #4388 ) ;
#10829 = ORIENTED_EDGE ( 'NONE', *, *, #10590, .F. ) ;
#10830 = PRESENTATION_STYLE_ASSIGNMENT (( #12279 ) ) ;
#10831 =( LENGTH_UNIT ( ) NAMED_UNIT ( * ) SI_UNIT ( .MILLI., .METRE. ) );
#10832 = AXIS2_PLACEMENT_3D ( 'NONE', #7777, #8838, #9126 ) ;
#10833 = ORIENTED_EDGE ( 'NONE', *, *, #9579, .T. ) ;
#10834 = EDGE_CURVE ( 'NONE', #12678, #158, #2156, .T. ) ;
#10835 = AXIS2_PLACEMENT_3D ( 'NONE', #1911, #10043, #3940 ) ;
#10836 = AXIS2_PLACEMENT_3D ( 'NONE', #11151, #917, #8992 ) ;
#10837 = ORIENTED_EDGE ( 'NONE', *, *, #12180, .T. ) ;
#10838 = LINE ( 'NONE', #5075, #6356 ) ;
#10839 = ADVANCED_FACE ( 'NONE', ( #10650 ), #9714, .F. ) ;
#10840 = CARTESIAN_POINT ( 'NONE',  ( -2.249999999999983569, -0.1499999999999995226, 0.3113248654051866127 ) ) ;
#10841 = SURFACE_STYLE_USAGE ( .BOTH. , #9970 ) ;
#10842 = LINE ( 'NONE', #2158, #7657 ) ;
#10843 = VERTEX_POINT ( 'NONE', #4561 ) ;
#10844 = CARTESIAN_POINT ( 'NONE',  ( 1.750000000000084599, 1.049999999999999600, 2.250000000000006217 ) ) ;
#10845 = ORIENTED_EDGE ( 'NONE', *, *, #2147, .F. ) ;
#10846 = VERTEX_POINT ( 'NONE', #3791 ) ;
#10847 = DIRECTION ( 'NONE',  ( 0.000000000000000000, 0.000000000000000000, -1.000000000000000000 ) ) ;
#10848 = VECTOR ( 'NONE', #8150, 1000.000000000000000 ) ;
#10849 = CARTESIAN_POINT ( 'NONE',  ( 2.750000000000000000, -0.8000000000000024869, -1.850000000000001865 ) ) ;
#10850 = MECHANICAL_DESIGN_GEOMETRIC_PRESENTATION_REPRESENTATION (  '', ( #3464 ), #8288 ) ;
#10851 = DIRECTION ( 'NONE',  ( -1.000000000000000000, -0.000000000000000000, -1.577021341797093123E-16 ) ) ;
#10852 = STYLED_ITEM ( 'NONE', ( #7914 ), #2296 ) ;
#10853 = DIRECTION ( 'NONE',  ( 0.000000000000000000, -1.000000000000000000, 0.000000000000000000 ) ) ;
#10854 = VERTEX_POINT ( 'NONE', #9050 ) ;
#10855 = FACE_OUTER_BOUND ( 'NONE', #666, .T. ) ;
#10856 = EDGE_CURVE ( 'NONE', #10854, #1316, #8906, .T. ) ;
#10857 = VECTOR ( 'NONE', #12763, 1000.000000000000000 ) ;
#10858 = PLANE ( 'NONE',  #3077 ) ;
#10859 = SURFACE_STYLE_FILL_AREA ( #8887 ) ;
#10860 = AXIS2_PLACEMENT_3D ( 'NONE', #11145, #11325, #13262 ) ;
#10861 = PRESENTATION_LAYER_ASSIGNMENT (  '', '', ( #3551 ) ) ;
#10862 = EDGE_LOOP ( 'NONE', ( #6751, #3371, #1698, #8305 ) ) ;
#10863 = CARTESIAN_POINT ( 'NONE',  ( -2.550000000000000266, -0.8499999999999978684, 1.650000000000002576 ) ) ;
#10864 = CARTESIAN_POINT ( 'NONE',  ( 2.349999999999980993, -0.1499999999999995226, 0.3041451884327325272 ) ) ;
#10865 = EDGE_CURVE ( 'NONE', #4631, #10646, #3437, .T. ) ;
#10866 = DIRECTION ( 'NONE',  ( 0.000000000000000000, -1.000000000000000000, 0.000000000000000000 ) ) ;
#10867 = VERTEX_POINT ( 'NONE', #7740 ) ;
#10868 = FACE_OUTER_BOUND ( 'NONE', #12025, .T. ) ;
#10869 = DIRECTION ( 'NONE',  ( 0.000000000000000000, -1.000000000000000000, 0.000000000000000000 ) ) ;
#10870 = CARTESIAN_POINT ( 'NONE',  ( 2.750000000000000000, 0.05000000000000273670, -3.500000000000000000 ) ) ;
#10871 = FACE_OUTER_BOUND ( 'NONE', #8916, .T. ) ;
#10872 =( GEOMETRIC_REPRESENTATION_CONTEXT ( 3 ) GLOBAL_UNCERTAINTY_ASSIGNED_CONTEXT ( ( #8745 ) ) GLOBAL_UNIT_ASSIGNED_CONTEXT ( ( #3533, #511, #7729 ) ) REPRESENTATION_CONTEXT ( 'NONE', 'WORKASPACE' ) );
#10873 = CYLINDRICAL_SURFACE ( 'NONE', #8105, 0.002000000000000699135 ) ;
#10874 = ORIENTED_EDGE ( 'NONE', *, *, #12747, .F. ) ;
#10875 = CARTESIAN_POINT ( 'NONE',  ( -2.749999999999999556, -0.1499999999999978018, 2.199999999999995737 ) ) ;
#10876 = ORIENTED_EDGE ( 'NONE', *, *, #3218, .F. ) ;
#10877 = DIRECTION ( 'NONE',  ( -1.000000000000000000, 0.000000000000000000, 0.000000000000000000 ) ) ;
#10878 = CARTESIAN_POINT ( 'NONE',  ( 0.1505370182870021944, -1.049999999999999156, 2.586871583535974572 ) ) ;
#10879 = DIRECTION ( 'NONE',  ( 0.000000000000000000, -0.000000000000000000, -1.000000000000000000 ) ) ;
#10880 = STYLED_ITEM ( 'NONE', ( #11233 ), #12441 ) ;
#10881 = LINE ( 'NONE', #1175, #6393 ) ;
#10882 = SURFACE_SIDE_STYLE ('',( #5745 ) ) ;
#10883 = ORIENTED_EDGE ( 'NONE', *, *, #8489, .F. ) ;
#10884 = LINE ( 'NONE', #10019, #593 ) ;
#10885 = CARTESIAN_POINT ( 'NONE',  ( -2.499999999999998668, 0.8249999999999992895, 2.799999999999999822 ) ) ;
#10886 = UNCERTAINTY_MEASURE_WITH_UNIT (LENGTH_MEASURE( 1.000000000000000082E-05 ), #2602, 'distance_accuracy_value', 'NONE');
#10887 = CARTESIAN_POINT ( 'NONE',  ( 2.750000000000000000, -1.050000000000000044, -3.099999999999995648 ) ) ;
#10888 = FILL_AREA_STYLE ('',( #7901 ) ) ;
#10889 = CARTESIAN_POINT ( 'NONE',  ( -2.100000000000000533, -0.6999999999999979572, 1.400000000000004574 ) ) ;
#10890 = CARTESIAN_POINT ( 'NONE',  ( -0.3895880843324730503, -1.039999999999999147, 2.413550568363381554 ) ) ;
#10891 =( LENGTH_UNIT ( ) NAMED_UNIT ( * ) SI_UNIT ( .MILLI., .METRE. ) );
#10892 = CARTESIAN_POINT ( 'NONE',  ( 2.752999999999991676, 1.027999999999999359, 2.200000000000000178 ) ) ;
#10893 = ADVANCED_FACE ( 'NONE', ( #11320 ), #8037, .T. ) ;
#10894 = VERTEX_POINT ( 'NONE', #702 ) ;
#10895 = CARTESIAN_POINT ( 'NONE',  ( -2.749999999999999556, -0.1499999999999995226, 0.8309401076758518023 ) ) ;
#10896 =( NAMED_UNIT ( * ) PLANE_ANGLE_UNIT ( ) SI_UNIT ( $, .RADIAN. ) );
#10897 = CARTESIAN_POINT ( 'NONE',  ( -0.8500000000000000888, -1.049999999999999156, 1.800000000000000044 ) ) ;
#10898 = ORIENTED_EDGE ( 'NONE', *, *, #13076, .T. ) ;
#10899 = LINE ( 'NONE', #1618, #9917 ) ;
#10900 = VERTEX_POINT ( 'NONE', #12098 ) ;
#10901 = STYLED_ITEM ( 'NONE', ( #7665 ), #6129 ) ;
#10902 = FILL_AREA_STYLE ('',( #12993 ) ) ;
#10903 = EDGE_CURVE ( 'NONE', #10105, #4521, #8747, .T. ) ;
#10904 = CARTESIAN_POINT ( 'NONE',  ( -2.350000000000000089, 0.000000000000000000, 0.000000000000000000 ) ) ;
#10905 = COLOUR_RGB ( '',0.1098039215686274495, 0.1098039215686274495, 0.1098039215686274495 ) ;
#10906 = VECTOR ( 'NONE', #4110, 1000.000000000000000 ) ;
#10907 = ORIENTED_EDGE ( 'NONE', *, *, #1953, .F. ) ;
#10908 = SURFACE_STYLE_USAGE ( .BOTH. , #9943 ) ;
#10909 = ADVANCED_FACE ( 'NONE', ( #9832 ), #657, .F. ) ;
#10910 = LINE ( 'NONE', #4840, #1300 ) ;
#10911 = DIRECTION ( 'NONE',  ( -0.000000000000000000, 1.000000000000000000, 6.776263578034472970E-17 ) ) ;
#10912 = VECTOR ( 'NONE', #3510, 1000.000000000000000 ) ;
#10913 = PRESENTATION_STYLE_ASSIGNMENT (( #12284 ) ) ;
#10914 = DIRECTION ( 'NONE',  ( 4.336808689942013792E-16, -4.336808689942013792E-16, 1.000000000000000000 ) ) ;
#10915 = CYLINDRICAL_SURFACE ( 'NONE', #11219, 0.1999999999999966804 ) ;
#10916 = LINE ( 'NONE', #10170, #3346 ) ;
#10917 = COLOUR_RGB ( '',1.000000000000000000, 1.000000000000000000, 1.000000000000000000 ) ;
#10918 = VERTEX_POINT ( 'NONE', #7909 ) ;
#10919 = STYLED_ITEM ( 'NONE', ( #13058 ), #9328 ) ;
#10920 = DIRECTION ( 'NONE',  ( -1.000000000000000000, 0.000000000000000000, 0.000000000000000000 ) ) ;
#10921 = DIRECTION ( 'NONE',  ( 0.000000000000000000, -6.776263578034472970E-17, -1.000000000000000000 ) ) ;
#10922 =( NAMED_UNIT ( * ) PLANE_ANGLE_UNIT ( ) SI_UNIT ( $, .RADIAN. ) );
#10923 = FACE_OUTER_BOUND ( 'NONE', #8247, .T. ) ;
#10924 = SURFACE_SIDE_STYLE ('',( #11840 ) ) ;
#10925 = PRESENTATION_LAYER_ASSIGNMENT (  '', '', ( #10653 ) ) ;
#10926 = PRESENTATION_LAYER_ASSIGNMENT (  '', '', ( #2421 ) ) ;
#10927 = PRESENTATION_STYLE_ASSIGNMENT (( #6811 ) ) ;
#10928 = ORIENTED_EDGE ( 'NONE', *, *, #9504, .T. ) ;
#10929 = SURFACE_SIDE_STYLE ('',( #4849 ) ) ;
#10930 = SURFACE_STYLE_FILL_AREA ( #5125 ) ;
#10931 = ORIENTED_EDGE ( 'NONE', *, *, #11457, .F. ) ;
#10932 = VECTOR ( 'NONE', #7876, 1000.000000000000114 ) ;
#10933 = VECTOR ( 'NONE', #2776, 1000.000000000000000 ) ;
#10934 = LINE ( 'NONE', #11744, #7896 ) ;
#10935 = VERTEX_POINT ( 'NONE', #11123 ) ;
#10936 =( NAMED_UNIT ( * ) PLANE_ANGLE_UNIT ( ) SI_UNIT ( $, .RADIAN. ) );
#10937 = CARTESIAN_POINT ( 'NONE',  ( 2.350000000000000089, 0.05000000000000273670, 3.574999999999997957 ) ) ;
#10938 = COLOUR_RGB ( '',0.6941176470588235059, 0.09803921568627450844, 0.09803921568627450844 ) ;
#10939 = FILL_AREA_STYLE ('',( #6786 ) ) ;
#10940 = SURFACE_STYLE_FILL_AREA ( #7058 ) ;
#10941 = CARTESIAN_POINT ( 'NONE',  ( 1.250000000000084599, 0.8499999999999995337, 2.250000000000007105 ) ) ;
#10942 = ORIENTED_EDGE ( 'NONE', *, *, #2212, .F. ) ;
#10943 = EDGE_CURVE ( 'NONE', #9678, #5906, #11612, .T. ) ;
#10944 = CARTESIAN_POINT ( 'NONE',  ( 2.750000000000000000, 0.8000000000000001554, -3.500000000000000000 ) ) ;
#10945 = DIRECTION ( 'NONE',  ( -0.000000000000000000, 1.000000000000000000, 1.239088197126289831E-16 ) ) ;
#10946 = LINE ( 'NONE', #6670, #12 ) ;
#10947 = VERTEX_POINT ( 'NONE', #8971 ) ;
#10948 = SURFACE_STYLE_USAGE ( .BOTH. , #11823 ) ;
#10949 = AXIS2_PLACEMENT_3D ( 'NONE', #7867, #1810, #1896 ) ;
#10950 = MECHANICAL_DESIGN_GEOMETRIC_PRESENTATION_REPRESENTATION (  '', ( #4298 ), #9116 ) ;
#10951 =( LENGTH_UNIT ( ) NAMED_UNIT ( * ) SI_UNIT ( .MILLI., .METRE. ) );
#10952 = DIRECTION ( 'NONE',  ( -6.573332287317804532E-15, 0.000000000000000000, -1.000000000000000000 ) ) ;
#10953 = EDGE_CURVE ( 'NONE', #6607, #10900, #1676, .T. ) ;
#10954 = ORIENTED_EDGE ( 'NONE', *, *, #301, .T. ) ;
#10955 = DIRECTION ( 'NONE',  ( -1.000000000000000000, 0.000000000000000000, -0.000000000000000000 ) ) ;
#10956 = VECTOR ( 'NONE', #6172, 1000.000000000000000 ) ;
#10957 = ORIENTED_EDGE ( 'NONE', *, *, #4052, .T. ) ;
#10958 = AXIS2_PLACEMENT_3D ( 'NONE', #3725, #10866, #5693 ) ;
#10959 = SURFACE_STYLE_FILL_AREA ( #10708 ) ;
#10960 = VERTEX_POINT ( 'NONE', #3840 ) ;
#10961 = EDGE_CURVE ( 'NONE', #3990, #6092, #7467, .T. ) ;
#10962 = SURFACE_STYLE_USAGE ( .BOTH. , #811 ) ;
#10963 = FILL_AREA_STYLE ('',( #10039 ) ) ;
#10964 = SURFACE_STYLE_USAGE ( .BOTH. , #9910 ) ;
#10965 = DIRECTION ( 'NONE',  ( -0.000000000000000000, 0.000000000000000000, -1.000000000000000000 ) ) ;
#10966 = FILL_AREA_STYLE_COLOUR ( '', #5624 ) ;
#10967 = DIRECTION ( 'NONE',  ( -0.000000000000000000, -0.000000000000000000, -1.000000000000000000 ) ) ;
#10968 = VERTEX_POINT ( 'NONE', #6946 ) ;
#10969 = ADVANCED_FACE ( 'NONE', ( #3288 ), #797, .F. ) ;
#10970 = VECTOR ( 'NONE', #4724, 1000.000000000000000 ) ;
#10971 = FILL_AREA_STYLE ('',( #5737 ) ) ;
#10972 = LINE ( 'NONE', #7162, #6945 ) ;
#10973 = EDGE_CURVE ( 'NONE', #12923, #158, #6782, .T. ) ;
#10974 = UNCERTAINTY_MEASURE_WITH_UNIT (LENGTH_MEASURE( 1.000000000000000082E-05 ), #4018, 'distance_accuracy_value', 'NONE');
#10975 = ORIENTED_EDGE ( 'NONE', *, *, #3723, .T. ) ;
#10976 = UNCERTAINTY_MEASURE_WITH_UNIT (LENGTH_MEASURE( 1.000000000000000082E-05 ), #1036, 'distance_accuracy_value', 'NONE');
#10977 = FILL_AREA_STYLE_COLOUR ( '', #7767 ) ;
#10978 = ORIENTED_EDGE ( 'NONE', *, *, #3759, .F. ) ;
#10979 = LINE ( 'NONE', #6445, #9993 ) ;
#10980 = ADVANCED_FACE ( 'NONE', ( #5356 ), #989, .T. ) ;
#10981 = ORIENTED_EDGE ( 'NONE', *, *, #8850, .T. ) ;
#10982 = ORIENTED_EDGE ( 'NONE', *, *, #10676, .F. ) ;
#10983 = CARTESIAN_POINT ( 'NONE',  ( 2.750000000000000000, -0.5499999999999997113, -2.600000000000006750 ) ) ;
#10984 = UNCERTAINTY_MEASURE_WITH_UNIT (LENGTH_MEASURE( 1.000000000000000082E-05 ), #6657, 'distance_accuracy_value', 'NONE');
#10985 = STYLED_ITEM ( 'NONE', ( #8460 ), #5846 ) ;
#10986 = DIRECTION ( 'NONE',  ( -0.000000000000000000, 1.000000000000000000, 4.663235150475286828E-17 ) ) ;
#10987 = DIRECTION ( 'NONE',  ( 1.000000000000000000, 0.000000000000000000, 0.000000000000000000 ) ) ;
#10988 = EDGE_CURVE ( 'NONE', #3585, #4930, #1854, .T. ) ;
#10989 = DIRECTION ( 'NONE',  ( -0.000000000000000000, 1.000000000000000000, 1.239088197126289831E-16 ) ) ;
#10990 = CARTESIAN_POINT ( 'NONE',  ( -2.749999999999999556, -0.8000000000000024869, 1.850000000000000533 ) ) ;
#10991 = SURFACE_STYLE_FILL_AREA ( #9644 ) ;
#10992 = ORIENTED_EDGE ( 'NONE', *, *, #1128, .F. ) ;
#10993 = DIRECTION ( 'NONE',  ( 0.000000000000000000, 3.782100601693620520E-17, -1.000000000000000000 ) ) ;
#10994 = CARTESIAN_POINT ( 'NONE',  ( 2.550000000000000266, -0.8000000000000024869, -1.850000000000001865 ) ) ;
#10995 = MECHANICAL_DESIGN_GEOMETRIC_PRESENTATION_REPRESENTATION (  '', ( #3600 ), #4531 ) ;
#10996 = PLANE ( 'NONE',  #9979 ) ;
#10997 = CARTESIAN_POINT ( 'NONE',  ( -2.749999999999999556, -0.5499999999999997113, 2.600000000000002309 ) ) ;
#10998 = DIRECTION ( 'NONE',  ( 1.000000000000000000, -0.000000000000000000, 1.204669080539449344E-16 ) ) ;
#10999 = CARTESIAN_POINT ( 'NONE',  ( 2.549999999999999822, -0.8499999999999990896, -2.200000000000003286 ) ) ;
#11000 =( GEOMETRIC_REPRESENTATION_CONTEXT ( 3 ) GLOBAL_UNCERTAINTY_ASSIGNED_CONTEXT ( ( #10984 ) ) GLOBAL_UNIT_ASSIGNED_CONTEXT ( ( #6657, #7726, #1573 ) ) REPRESENTATION_CONTEXT ( 'NONE', 'WORKASPACE' ) );
#11001 = ORIENTED_EDGE ( 'NONE', *, *, #10064, .F. ) ;
#11002 = DIRECTION ( 'NONE',  ( 0.000000000000000000, 6.776263578034472970E-17, 1.000000000000000000 ) ) ;
#11003 = CARTESIAN_POINT ( 'NONE',  ( 0.000000000000000000, -0.8499999999999978684, 0.000000000000000000 ) ) ;
#11004 = CARTESIAN_POINT ( 'NONE',  ( -0.2499999999999572842, 0.8499999999999997558, -0.2499999999999957812 ) ) ;
#11005 = EDGE_CURVE ( 'NONE', #1805, #548, #12739, .T. ) ;
#11006 = ORIENTED_EDGE ( 'NONE', *, *, #5850, .T. ) ;
#11007 = LINE ( 'NONE', #7389, #6188 ) ;
#11008 = DIRECTION ( 'NONE',  ( 0.000000000000000000, 0.000000000000000000, -1.000000000000000000 ) ) ;
#11009 = CARTESIAN_POINT ( 'NONE',  ( -0.4963996375201484290, -1.049999999999999156, 2.755490688068241933 ) ) ;
#11010 = DIRECTION ( 'NONE',  ( 0.000000000000000000, 0.000000000000000000, 1.000000000000000000 ) ) ;
#11011 = ORIENTED_EDGE ( 'NONE', *, *, #2754, .F. ) ;
#11012 = SURFACE_STYLE_FILL_AREA ( #7719 ) ;
#11013 = EDGE_CURVE ( 'NONE', #2948, #1841, #12272, .T. ) ;
#11014 = DIRECTION ( 'NONE',  ( 0.000000000000000000, 0.000000000000000000, -1.000000000000000000 ) ) ;
#11015 = VERTEX_POINT ( 'NONE', #11267 ) ;
#11016 = LINE ( 'NONE', #5478, #5541 ) ;
#11017 = DIRECTION ( 'NONE',  ( -0.1414463593365221095, 0.000000000000000000, 0.9899459214676544772 ) ) ;
#11018 = STYLED_ITEM ( 'NONE', ( #5725 ), #3828 ) ;
#11019 =( NAMED_UNIT ( * ) PLANE_ANGLE_UNIT ( ) SI_UNIT ( $, .RADIAN. ) );
#11020 = VERTEX_POINT ( 'NONE', #12319 ) ;
#11021 = LINE ( 'NONE', #12804, #4921 ) ;
#11022 = EDGE_CURVE ( 'NONE', #3250, #12547, #2800, .T. ) ;
#11023 = SURFACE_SIDE_STYLE ('',( #5727 ) ) ;
#11024 =( NAMED_UNIT ( * ) SI_UNIT ( $, .STERADIAN. ) SOLID_ANGLE_UNIT ( ) );
#11025 = DIRECTION ( 'NONE',  ( 1.000000000000000000, 0.000000000000000000, 0.000000000000000000 ) ) ;
#11026 = ADVANCED_FACE ( 'NONE', ( #3116 ), #895, .F. ) ;
#11027 = DIRECTION ( 'NONE',  ( -0.5055177298193915814, 0.000000000000000000, -0.8628162173013720349 ) ) ;
#11028 = ORIENTED_EDGE ( 'NONE', *, *, #1769, .F. ) ;
#11029 =( GEOMETRIC_REPRESENTATION_CONTEXT ( 3 ) GLOBAL_UNCERTAINTY_ASSIGNED_CONTEXT ( ( #6524 ) ) GLOBAL_UNIT_ASSIGNED_CONTEXT ( ( #10831, #12971, #5839 ) ) REPRESENTATION_CONTEXT ( 'NONE', 'WORKASPACE' ) );
#11030 = DIRECTION ( 'NONE',  ( 0.000000000000000000, -0.000000000000000000, -1.000000000000000000 ) ) ;
#11031 = MECHANICAL_DESIGN_GEOMETRIC_PRESENTATION_REPRESENTATION (  '', ( #10587 ), #11707 ) ;
#11032 = SURFACE_STYLE_FILL_AREA ( #9689 ) ;
#11033 = SURFACE_SIDE_STYLE ('',( #5663 ) ) ;
#11034 = LINE ( 'NONE', #9085, #406 ) ;
#11035 =( GEOMETRIC_REPRESENTATION_CONTEXT ( 3 ) GLOBAL_UNCERTAINTY_ASSIGNED_CONTEXT ( ( #7785 ) ) GLOBAL_UNIT_ASSIGNED_CONTEXT ( ( #7056, #6160, #8100 ) ) REPRESENTATION_CONTEXT ( 'NONE', 'WORKASPACE' ) );
#11036 = DIRECTION ( 'NONE',  ( -1.000000000000000000, -0.000000000000000000, 0.000000000000000000 ) ) ;
#11037 = SURFACE_STYLE_USAGE ( .BOTH. , #5913 ) ;
#11038 = MECHANICAL_DESIGN_GEOMETRIC_PRESENTATION_REPRESENTATION (  '', ( #4321 ), #6903 ) ;
#11039 = AXIS2_PLACEMENT_3D ( 'NONE', #11343, #2234, #6222 ) ;
#11040 = VECTOR ( 'NONE', #4418, 1000.000000000000000 ) ;
#11041 = VECTOR ( 'NONE', #6161, 1000.000000000000000 ) ;
#11042 = ORIENTED_EDGE ( 'NONE', *, *, #3818, .T. ) ;
#11043 = ORIENTED_EDGE ( 'NONE', *, *, #7028, .T. ) ;
#11044 = VECTOR ( 'NONE', #836, 1000.000000000000000 ) ;
#11045 =( LENGTH_UNIT ( ) NAMED_UNIT ( * ) SI_UNIT ( .MILLI., .METRE. ) );
#11046 = EDGE_CURVE ( 'NONE', #13257, #12569, #8729, .T. ) ;
#11047 =( NAMED_UNIT ( * ) PLANE_ANGLE_UNIT ( ) SI_UNIT ( $, .RADIAN. ) );
#11048 = FILL_AREA_STYLE_COLOUR ( '', #8845 ) ;
#11049 = DIRECTION ( 'NONE',  ( 0.000000000000000000, -1.000000000000000000, 4.336808689942029076E-16 ) ) ;
#11050 = MECHANICAL_DESIGN_GEOMETRIC_PRESENTATION_REPRESENTATION (  '', ( #10350 ), #12917 ) ;
#11051 = FILL_AREA_STYLE_COLOUR ( '', #3219 ) ;
#11052 =( GEOMETRIC_REPRESENTATION_CONTEXT ( 3 ) GLOBAL_UNCERTAINTY_ASSIGNED_CONTEXT ( ( #11627 ) ) GLOBAL_UNIT_ASSIGNED_CONTEXT ( ( #7370, #7316, #2334 ) ) REPRESENTATION_CONTEXT ( 'NONE', 'WORKASPACE' ) );
#11053 = PRESENTATION_STYLE_ASSIGNMENT (( #2368 ) ) ;
#11054 = ORIENTED_EDGE ( 'NONE', *, *, #3259, .T. ) ;
#11055 = UNCERTAINTY_MEASURE_WITH_UNIT (LENGTH_MEASURE( 1.000000000000000082E-05 ), #9996, 'distance_accuracy_value', 'NONE');
#11056 = COLOUR_RGB ( '',1.000000000000000000, 1.000000000000000000, 1.000000000000000000 ) ;
#11057 = ORIENTED_EDGE ( 'NONE', *, *, #3297, .T. ) ;
#11058 = SURFACE_STYLE_USAGE ( .BOTH. , #2183 ) ;
#11059 =( GEOMETRIC_REPRESENTATION_CONTEXT ( 3 ) GLOBAL_UNCERTAINTY_ASSIGNED_CONTEXT ( ( #5205 ) ) GLOBAL_UNIT_ASSIGNED_CONTEXT ( ( #1644, #3811, #13097 ) ) REPRESENTATION_CONTEXT ( 'NONE', 'WORKASPACE' ) );
#11060 = CARTESIAN_POINT ( 'NONE',  ( -2.549999999999975397, -0.6000000000000094147, -0.6999999999999979572 ) ) ;
#11061 = SURFACE_STYLE_USAGE ( .BOTH. , #1797 ) ;
#11062 = EDGE_CURVE ( 'NONE', #4527, #3257, #12425, .T. ) ;
#11063 = ORIENTED_EDGE ( 'NONE', *, *, #5051, .T. ) ;
#11064 = ORIENTED_EDGE ( 'NONE', *, *, #5156, .T. ) ;
#11065 = CARTESIAN_POINT ( 'NONE',  ( 2.549999999999983835, -0.1499999999999995226, -0.04226497308104011641 ) ) ;
#11066 = VECTOR ( 'NONE', #12800, 1000.000000000000000 ) ;
#11067 = DIRECTION ( 'NONE',  ( 0.000000000000000000, 0.000000000000000000, 1.000000000000000000 ) ) ;
#11068 = COLOUR_RGB ( '',1.000000000000000000, 1.000000000000000000, 1.000000000000000000 ) ;
#11069 = DIRECTION ( 'NONE',  ( 0.000000000000000000, -0.000000000000000000, -1.000000000000000000 ) ) ;
#11070 = VECTOR ( 'NONE', #12464, 1000.000000000000000 ) ;
#11071 = ORIENTED_EDGE ( 'NONE', *, *, #7111, .T. ) ;
#11072 = DIRECTION ( 'NONE',  ( 0.000000000000000000, 0.000000000000000000, -1.000000000000000000 ) ) ;
#11073 =( LENGTH_UNIT ( ) NAMED_UNIT ( * ) SI_UNIT ( .MILLI., .METRE. ) );
#11074 = CARTESIAN_POINT ( 'NONE',  ( -2.550000000000000266, -1.049999999999999378, 1.850000000000000533 ) ) ;
#11075 =( NAMED_UNIT ( * ) PLANE_ANGLE_UNIT ( ) SI_UNIT ( $, .RADIAN. ) );
#11076 = CARTESIAN_POINT ( 'NONE',  ( -0.2499999999999835132, 0.8499999999999999778, -2.249999999999999556 ) ) ;
#11077 = ORIENTED_EDGE ( 'NONE', *, *, #9540, .F. ) ;
#11078 = EDGE_LOOP ( 'NONE', ( #12912, #4402, #7005, #8624 ) ) ;
#11079 = LINE ( 'NONE', #8976, #6424 ) ;
#11080 = LINE ( 'NONE', #9934, #9446 ) ;
#11081 = CARTESIAN_POINT ( 'NONE',  ( 2.649999999999983480, -0.6000000000000094147, -0.3113248654051880004 ) ) ;
#11082 = ORIENTED_EDGE ( 'NONE', *, *, #8924, .F. ) ;
#11083 = DIRECTION ( 'NONE',  ( 0.000000000000000000, -1.000000000000000000, 0.000000000000000000 ) ) ;
#11084 = EDGE_CURVE ( 'NONE', #11332, #7845, #10337, .T. ) ;
#11085 = PLANE ( 'NONE',  #12903 ) ;
#11086 = FILL_AREA_STYLE_COLOUR ( '', #1756 ) ;
#11087 = LINE ( 'NONE', #7146, #8370 ) ;
#11088 =( NAMED_UNIT ( * ) PLANE_ANGLE_UNIT ( ) SI_UNIT ( $, .RADIAN. ) );
#11089 = CARTESIAN_POINT ( 'NONE',  ( 2.750000000000000000, -1.049999999999999378, 3.100000000000001421 ) ) ;
#11090 = VECTOR ( 'NONE', #8949, 1000.000000000000000 ) ;
#11091 = EDGE_LOOP ( 'NONE', ( #8692, #11813, #4440, #11547 ) ) ;
#11092 =( LENGTH_UNIT ( ) NAMED_UNIT ( * ) SI_UNIT ( .MILLI., .METRE. ) );
#11093 = PLANE ( 'NONE',  #6534 ) ;
#11094 = CARTESIAN_POINT ( 'NONE',  ( 1.250000000000032196, 0.8499999999999997558, 0.2500000000000037748 ) ) ;
#11095 = CARTESIAN_POINT ( 'NONE',  ( -2.752999999999998781, 1.027999999999999581, 0.2999999999999999334 ) ) ;
#11096 = SURFACE_STYLE_FILL_AREA ( #7789 ) ;
#11097 = PRESENTATION_STYLE_ASSIGNMENT (( #5721 ) ) ;
#11098 = VERTEX_POINT ( 'NONE', #4057 ) ;
#11099 = CARTESIAN_POINT ( 'NONE',  ( 1.500000000000000000, -0.8480000000000001981, 3.572999999999989740 ) ) ;
#11100 = DIRECTION ( 'NONE',  ( 0.000000000000000000, -0.9590177080589008529, 0.2833461410174008543 ) ) ;
#11101 = PRESENTATION_LAYER_ASSIGNMENT (  '', '', ( #7490 ) ) ;
#11102 = AXIS2_PLACEMENT_3D ( 'NONE', #1546, #11797, #5641 ) ;
#11103 =( NAMED_UNIT ( * ) PLANE_ANGLE_UNIT ( ) SI_UNIT ( $, .RADIAN. ) );
#11104 = ORIENTED_EDGE ( 'NONE', *, *, #4397, .F. ) ;
#11105 = PRESENTATION_STYLE_ASSIGNMENT (( #9196 ) ) ;
#11106 = CARTESIAN_POINT ( 'NONE',  ( -2.750000000000014655, -1.049999999999999378, 3.100000000000001421 ) ) ;
#11107 = ORIENTED_EDGE ( 'NONE', *, *, #2459, .T. ) ;
#11108 = SURFACE_STYLE_FILL_AREA ( #12215 ) ;
#11109 = ORIENTED_EDGE ( 'NONE', *, *, #8342, .F. ) ;
#11110 = DIRECTION ( 'NONE',  ( 0.000000000000000000, -1.000000000000000000, -1.668003342285397221E-16 ) ) ;
#11111 =( GEOMETRIC_REPRESENTATION_CONTEXT ( 3 ) GLOBAL_UNCERTAINTY_ASSIGNED_CONTEXT ( ( #11137 ) ) GLOBAL_UNIT_ASSIGNED_CONTEXT ( ( #3435, #10605, #6528 ) ) REPRESENTATION_CONTEXT ( 'NONE', 'WORKASPACE' ) );
#11112 = ADVANCED_FACE ( 'NONE', ( #6800 ), #9093, .F. ) ;
#11113 = CARTESIAN_POINT ( 'NONE',  ( 2.100000000000000089, 0.3000000000000021538, 1.400000000000004574 ) ) ;
#11114 = CARTESIAN_POINT ( 'NONE',  ( -2.750000000000000000, -1.050000000000000044, -3.500000000000000000 ) ) ;
#11115 = EDGE_CURVE ( 'NONE', #8988, #7103, #4390, .T. ) ;
#11116 = FILL_AREA_STYLE_COLOUR ( '', #10468 ) ;
#11117 = ORIENTED_EDGE ( 'NONE', *, *, #6327, .F. ) ;
#11118 = PLANE ( 'NONE',  #9951 ) ;
#11119 = DIRECTION ( 'NONE',  ( 0.000000000000000000, -0.000000000000000000, 1.000000000000000000 ) ) ;
#11120 = VERTEX_POINT ( 'NONE', #9475 ) ;
#11121 = SURFACE_STYLE_USAGE ( .BOTH. , #13033 ) ;
#11122 = VECTOR ( 'NONE', #9185, 1000.000000000000000 ) ;
#11123 = CARTESIAN_POINT ( 'NONE',  ( -2.499999999999999556, 0.8000000000000001554, -3.500000000000000000 ) ) ;
#11124 = EDGE_LOOP ( 'NONE', ( #8981, #9152, #12042, #3833 ) ) ;
#11125 = PRESENTATION_STYLE_ASSIGNMENT (( #6249 ) ) ;
#11126 = EDGE_CURVE ( 'NONE', #9067, #4274, #9681, .T. ) ;
#11127 = EDGE_LOOP ( 'NONE', ( #8788, #6957, #783, #39 ) ) ;
#11128 =( NAMED_UNIT ( * ) PLANE_ANGLE_UNIT ( ) SI_UNIT ( $, .RADIAN. ) );
#11129 = DIRECTION ( 'NONE',  ( 0.000000000000000000, 1.000000000000000000, 0.000000000000000000 ) ) ;
#11130 = AXIS2_PLACEMENT_3D ( 'NONE', #11992, #1744, #2803 ) ;
#11131 = PRESENTATION_LAYER_ASSIGNMENT (  '', '', ( #5611 ) ) ;
#11132 = CARTESIAN_POINT ( 'NONE',  ( 0.7500000000000000000, 0.6499999999999998002, -3.824999999999998845 ) ) ;
#11133 = VERTEX_POINT ( 'NONE', #8468 ) ;
#11134 = EDGE_CURVE ( 'NONE', #4610, #12766, #6967, .T. ) ;
#11135 = SURFACE_STYLE_FILL_AREA ( #7626 ) ;
#11136 =( NAMED_UNIT ( * ) SI_UNIT ( $, .STERADIAN. ) SOLID_ANGLE_UNIT ( ) );
#11137 = UNCERTAINTY_MEASURE_WITH_UNIT (LENGTH_MEASURE( 1.000000000000000082E-05 ), #3435, 'distance_accuracy_value', 'NONE');
#11138 = ORIENTED_EDGE ( 'NONE', *, *, #2191, .T. ) ;
#11139 = CARTESIAN_POINT ( 'NONE',  ( 2.750000000000000000, 0.05000000000000275752, -3.824999999999998845 ) ) ;
#11140 =( NAMED_UNIT ( * ) PLANE_ANGLE_UNIT ( ) SI_UNIT ( $, .RADIAN. ) );
#11141 = UNCERTAINTY_MEASURE_WITH_UNIT (LENGTH_MEASURE( 1.000000000000000082E-05 ), #766, 'distance_accuracy_value', 'NONE');
#11142 = FACE_OUTER_BOUND ( 'NONE', #4273, .T. ) ;
#11143 = DIRECTION ( 'NONE',  ( 4.243452729884350584E-16, -1.000000000000000000, 0.000000000000000000 ) ) ;
#11144 = ORIENTED_EDGE ( 'NONE', *, *, #12246, .F. ) ;
#11145 = CARTESIAN_POINT ( 'NONE',  ( -0.8500000000000000888, -0.8499999999999978684, 1.800000000000000044 ) ) ;
#11146 = DIRECTION ( 'NONE',  ( 1.000000000000000000, 0.000000000000000000, -1.734723475976807094E-15 ) ) ;
#11147 = FILL_AREA_STYLE_COLOUR ( '', #6130 ) ;
#11148 = DIRECTION ( 'NONE',  ( -1.000000000000000000, -0.000000000000000000, -0.000000000000000000 ) ) ;
#11149 =( GEOMETRIC_REPRESENTATION_CONTEXT ( 3 ) GLOBAL_UNCERTAINTY_ASSIGNED_CONTEXT ( ( #846 ) ) GLOBAL_UNIT_ASSIGNED_CONTEXT ( ( #2453, #11850, #5608 ) ) REPRESENTATION_CONTEXT ( 'NONE', 'WORKASPACE' ) );
#11150 = FILL_AREA_STYLE ('',( #6961 ) ) ;
#11151 = CARTESIAN_POINT ( 'NONE',  ( -2.549999999999998490, 1.027999999999999359, 2.200000000000000178 ) ) ;
#11152 = VECTOR ( 'NONE', #7351, 1000.000000000000000 ) ;
#11153 = PRESENTATION_STYLE_ASSIGNMENT (( #1552 ) ) ;
#11154 = ORIENTED_EDGE ( 'NONE', *, *, #8086, .F. ) ;
#11155 = VERTEX_POINT ( 'NONE', #12408 ) ;
#11156 =( NAMED_UNIT ( * ) SI_UNIT ( $, .STERADIAN. ) SOLID_ANGLE_UNIT ( ) );
#11157 = PRESENTATION_LAYER_ASSIGNMENT (  '', '', ( #1538 ) ) ;
#11158 = DIRECTION ( 'NONE',  ( 0.000000000000000000, -1.000000000000000000, 0.000000000000000000 ) ) ;
#11159 = VECTOR ( 'NONE', #2386, 1000.000000000000000 ) ;
#11160 = CARTESIAN_POINT ( 'NONE',  ( -2.400000000000000355, -0.8499999999999976463, -3.099999999999995648 ) ) ;
#11161 = COLOUR_RGB ( '',0.1098039215686274495, 0.1098039215686274495, 0.1098039215686274495 ) ;
#11162 = ORIENTED_EDGE ( 'NONE', *, *, #3801, .T. ) ;
#11163 = SURFACE_STYLE_USAGE ( .BOTH. , #4051 ) ;
#11164 =( LENGTH_UNIT ( ) NAMED_UNIT ( * ) SI_UNIT ( .MILLI., .METRE. ) );
#11165 = EDGE_LOOP ( 'NONE', ( #553, #7335, #13219, #2490 ) ) ;
#11166 = ORIENTED_EDGE ( 'NONE', *, *, #4734, .F. ) ;
#11167 = MECHANICAL_DESIGN_GEOMETRIC_PRESENTATION_REPRESENTATION (  '', ( #837 ), #6591 ) ;
#11168 = CARTESIAN_POINT ( 'NONE',  ( 2.549999999999990941, 1.028000000000000025, -2.200000000000000178 ) ) ;
#11169 = EDGE_CURVE ( 'NONE', #11767, #11512, #3594, .T. ) ;
#11170 =( NAMED_UNIT ( * ) SI_UNIT ( $, .STERADIAN. ) SOLID_ANGLE_UNIT ( ) );
#11171 = DIRECTION ( 'NONE',  ( -0.000000000000000000, -0.000000000000000000, 1.000000000000000000 ) ) ;
#11172 = ORIENTED_EDGE ( 'NONE', *, *, #8194, .T. ) ;
#11173 = LINE ( 'NONE', #3049, #3611 ) ;
#11174 = EDGE_LOOP ( 'NONE', ( #6947, #1595, #13228, #9216 ) ) ;
#11175 = SURFACE_STYLE_USAGE ( .BOTH. , #6992 ) ;
#11176 = VECTOR ( 'NONE', #5821, 1000.000000000000000 ) ;
#11177 = ORIENTED_EDGE ( 'NONE', *, *, #9176, .F. ) ;
#11178 = EDGE_LOOP ( 'NONE', ( #13094, #7570, #2873, #7210 ) ) ;
#11179 = DIRECTION ( 'NONE',  ( -1.000000000000000000, -0.000000000000000000, -1.577021341797093123E-16 ) ) ;
#11180 = DIRECTION ( 'NONE',  ( 1.000000000000000000, 0.000000000000000000, -1.734723475976807094E-15 ) ) ;
#11181 = CARTESIAN_POINT ( 'NONE',  ( 2.549999999999980727, -0.6000000000000094147, 0.6999999999999979572 ) ) ;
#11182 = ADVANCED_FACE ( 'NONE', ( #870 ), #9381, .F. ) ;
#11183 = CARTESIAN_POINT ( 'NONE',  ( 2.750000000000000000, 0.05000000000000275752, -3.824999999999998845 ) ) ;
#11184 = STYLED_ITEM ( 'NONE', ( #1349 ), #3509 ) ;
#11185 = ORIENTED_EDGE ( 'NONE', *, *, #87, .F. ) ;
#11186 = COLOUR_RGB ( '',0.1098039215686274495, 0.1098039215686274495, 0.1098039215686274495 ) ;
#11187 =( NAMED_UNIT ( * ) SI_UNIT ( $, .STERADIAN. ) SOLID_ANGLE_UNIT ( ) );
#11188 = LINE ( 'NONE', #11282, #8927 ) ;
#11189 = DIRECTION ( 'NONE',  ( -1.000000000000000000, -0.000000000000000000, 1.734723475976807094E-15 ) ) ;
#11190 = CIRCLE ( 'NONE', #3824, 0.1999999999999957645 ) ;
#11191 = SURFACE_SIDE_STYLE ('',( #4712 ) ) ;
#11192 = VERTEX_POINT ( 'NONE', #6317 ) ;
#11193 = DIRECTION ( 'NONE',  ( 0.000000000000000000, -1.000000000000000000, -4.464361886705018606E-16 ) ) ;
#11194 = CARTESIAN_POINT ( 'NONE',  ( -2.749999999999999556, -1.049999999999996714, 2.600000000000002309 ) ) ;
#11195 = VERTEX_POINT ( 'NONE', #225 ) ;
#11196 = VECTOR ( 'NONE', #1483, 1000.000000000000000 ) ;
#11197 = EDGE_CURVE ( 'NONE', #4735, #1316, #4060, .T. ) ;
#11198 = ORIENTED_EDGE ( 'NONE', *, *, #5670, .T. ) ;
#11199 = DIRECTION ( 'NONE',  ( -1.000000000000000000, -0.000000000000000000, -0.000000000000000000 ) ) ;
#11200 = AXIS2_PLACEMENT_3D ( 'NONE', #5317, #7306, #1164 ) ;
#11201 = PRESENTATION_LAYER_ASSIGNMENT (  '', '', ( #4741 ) ) ;
#11202 = ORIENTED_EDGE ( 'NONE', *, *, #8982, .F. ) ;
#11203 = FACE_OUTER_BOUND ( 'NONE', #11124, .T. ) ;
#11204 = CARTESIAN_POINT ( 'NONE',  ( 0.4514923337687044569, -1.039999999999999147, 2.586871583535974572 ) ) ;
#11205 = EDGE_CURVE ( 'NONE', #9702, #8209, #11615, .T. ) ;
#11206 = CARTESIAN_POINT ( 'NONE',  ( 2.552999999999983949, 2.050000000000049560, -2.799999999999999822 ) ) ;
#11207 =( LENGTH_UNIT ( ) NAMED_UNIT ( * ) SI_UNIT ( .MILLI., .METRE. ) );
#11208 = FACE_OUTER_BOUND ( 'NONE', #322, .T. ) ;
#11209 = PRESENTATION_LAYER_ASSIGNMENT (  '', '', ( #3883 ) ) ;
#11210 = DIRECTION ( 'NONE',  ( 0.8606368364708013585, 0.000000000000000000, -0.5092192412993945538 ) ) ;
#11211 = MECHANICAL_DESIGN_GEOMETRIC_PRESENTATION_REPRESENTATION (  '', ( #4132 ), #12398 ) ;
#11212 = CARTESIAN_POINT ( 'NONE',  ( 0.7941176470588234837, 0.8264705882352938460, 3.575000000000003730 ) ) ;
#11213 = UNCERTAINTY_MEASURE_WITH_UNIT (LENGTH_MEASURE( 1.000000000000000082E-05 ), #7941, 'distance_accuracy_value', 'NONE');
#11214 = LINE ( 'NONE', #8768, #6699 ) ;
#11215 = ORIENTED_EDGE ( 'NONE', *, *, #2201, .T. ) ;
#11216 =( GEOMETRIC_REPRESENTATION_CONTEXT ( 3 ) GLOBAL_UNCERTAINTY_ASSIGNED_CONTEXT ( ( #5140 ) ) GLOBAL_UNIT_ASSIGNED_CONTEXT ( ( #13138, #1969, #8186 ) ) REPRESENTATION_CONTEXT ( 'NONE', 'WORKASPACE' ) );
#11217 = FACE_OUTER_BOUND ( 'NONE', #4004, .T. ) ;
#11218 = SURFACE_SIDE_STYLE ('',( #11865 ) ) ;
#11219 = AXIS2_PLACEMENT_3D ( 'NONE', #5109, #1031, #8689 ) ;
#11220 = FILL_AREA_STYLE ('',( #1992 ) ) ;
#11221 = VECTOR ( 'NONE', #7000, 1000.000000000000000 ) ;
#11222 = FILL_AREA_STYLE ('',( #4066 ) ) ;
#11223 = VECTOR ( 'NONE', #12253, 1000.000000000000000 ) ;
#11224 = ORIENTED_EDGE ( 'NONE', *, *, #1670, .F. ) ;
#11225 = EDGE_CURVE ( 'NONE', #2648, #4135, #4877, .T. ) ;
#11226 = CARTESIAN_POINT ( 'NONE',  ( 2.649999999999983480, -0.1499999999999995226, -0.3113248654051880004 ) ) ;
#11227 = CARTESIAN_POINT ( 'NONE',  ( -2.399999999999999911, 0.3000000000000020983, 3.100000000000001421 ) ) ;
#11228 = VECTOR ( 'NONE', #12153, 1000.000000000000000 ) ;
#11229 = VECTOR ( 'NONE', #8820, 1000.000000000000000 ) ;
#11230 = EDGE_LOOP ( 'NONE', ( #8457, #6217, #5927, #138 ) ) ;
#11231 = VECTOR ( 'NONE', #11483, 1000.000000000000114 ) ;
#11232 = PLANE ( 'NONE',  #10860 ) ;
#11233 = PRESENTATION_STYLE_ASSIGNMENT (( #1700 ) ) ;
#11234 = DIRECTION ( 'NONE',  ( 0.000000000000000000, -1.000000000000000000, 0.000000000000000000 ) ) ;
#11235 = VECTOR ( 'NONE', #5387, 1000.000000000000114 ) ;
#11236 = UNCERTAINTY_MEASURE_WITH_UNIT (LENGTH_MEASURE( 1.000000000000000082E-05 ), #740, 'distance_accuracy_value', 'NONE');
#11237 = ORIENTED_EDGE ( 'NONE', *, *, #5903, .T. ) ;
#11238 = DIRECTION ( 'NONE',  ( -0.000000000000000000, 1.000000000000000000, 1.239088197126289831E-16 ) ) ;
#11239 =( NAMED_UNIT ( * ) PLANE_ANGLE_UNIT ( ) SI_UNIT ( $, .RADIAN. ) );
#11240 =( NAMED_UNIT ( * ) PLANE_ANGLE_UNIT ( ) SI_UNIT ( $, .RADIAN. ) );
#11241 = FILL_AREA_STYLE_COLOUR ( '', #4369 ) ;
#11242 = CARTESIAN_POINT ( 'NONE',  ( -2.499999999999998668, 0.8249999999999992895, 2.799999999999999822 ) ) ;
#11243 = DIRECTION ( 'NONE',  ( -1.000000000000000000, 0.000000000000000000, -0.000000000000000000 ) ) ;
#11244 = PRESENTATION_LAYER_ASSIGNMENT (  '', '', ( #3411 ) ) ;
#11245 = SURFACE_STYLE_FILL_AREA ( #3807 ) ;
#11246 = ORIENTED_EDGE ( 'NONE', *, *, #7935, .T. ) ;
#11247 = LINE ( 'NONE', #4196, #8527 ) ;
#11248 = COLOUR_RGB ( '',1.000000000000000000, 1.000000000000000000, 1.000000000000000000 ) ;
#11249 = LINE ( 'NONE', #1437, #973 ) ;
#11250 = ORIENTED_EDGE ( 'NONE', *, *, #9734, .T. ) ;
#11251 = CARTESIAN_POINT ( 'NONE',  ( -0.7500000000000006661, -2.199999999999997957, -1.499999999999996003 ) ) ;
#11252 = CARTESIAN_POINT ( 'NONE',  ( -2.749999999999999556, -1.049999999999996714, 2.600000000000002309 ) ) ;
#11253 = EDGE_CURVE ( 'NONE', #8910, #1563, #1678, .T. ) ;
#11254 = VECTOR ( 'NONE', #331, 1000.000000000000000 ) ;
#11255 = ADVANCED_FACE ( 'NONE', ( #12263 ), #5234, .T. ) ;
#11256 = LINE ( 'NONE', #1725, #1310 ) ;
#11257 = DIRECTION ( 'NONE',  ( 0.000000000000000000, 0.000000000000000000, 1.000000000000000000 ) ) ;
#11258 = ORIENTED_EDGE ( 'NONE', *, *, #2230, .T. ) ;
#11259 = PRESENTATION_STYLE_ASSIGNMENT (( #12140 ) ) ;
#11260 = ORIENTED_EDGE ( 'NONE', *, *, #12586, .F. ) ;
#11261 = LINE ( 'NONE', #12985, #1967 ) ;
#11262 = FACE_OUTER_BOUND ( 'NONE', #3872, .T. ) ;
#11263 = ORIENTED_EDGE ( 'NONE', *, *, #12486, .F. ) ;
#11264 = DIRECTION ( 'NONE',  ( -9.048703177302543690E-15, 0.000000000000000000, -1.000000000000000000 ) ) ;
#11265 = AXIS2_PLACEMENT_3D ( 'NONE', #277, #9485, #7500 ) ;
#11266 = FILL_AREA_STYLE_COLOUR ( '', #11403 ) ;
#11267 = CARTESIAN_POINT ( 'NONE',  ( 2.750000000000000000, -0.8499999999999990896, -1.850000000000004086 ) ) ;
#11268 = VECTOR ( 'NONE', #4114, 1000.000000000000000 ) ;
#11269 = VECTOR ( 'NONE', #3425, 1000.000000000000000 ) ;
#11270 = PRESENTATION_LAYER_ASSIGNMENT (  '', '', ( #10551 ) ) ;
#11271 = ORIENTED_EDGE ( 'NONE', *, *, #5005, .F. ) ;
#11272 = PLANE ( 'NONE',  #5068 ) ;
#11273 = PRESENTATION_STYLE_ASSIGNMENT (( #1359 ) ) ;
#11274 = EDGE_CURVE ( 'NONE', #7036, #2668, #4380, .T. ) ;
#11275 = CIRCLE ( 'NONE', #12448, 0.002999999999999964501 ) ;
#11276 = ORIENTED_EDGE ( 'NONE', *, *, #11457, .T. ) ;
#11277 =( NAMED_UNIT ( * ) SI_UNIT ( $, .STERADIAN. ) SOLID_ANGLE_UNIT ( ) );
#11278 = CARTESIAN_POINT ( 'NONE',  ( 2.100000000000000089, -0.6999999999999979572, 1.400000000000004574 ) ) ;
#11279 = DIRECTION ( 'NONE',  ( 0.5092192412993946649, 0.000000000000000000, 0.8606368364708013585 ) ) ;
#11280 = SURFACE_STYLE_FILL_AREA ( #817 ) ;
#11281 = DIRECTION ( 'NONE',  ( 8.673617379884032317E-15, -1.000000000000000000, -0.000000000000000000 ) ) ;
#11282 = CARTESIAN_POINT ( 'NONE',  ( -1.500000000000000000, -0.8500000000000000888, -3.099999999999995648 ) ) ;
#11283 = PRESENTATION_LAYER_ASSIGNMENT (  '', '', ( #8522 ) ) ;
#11284 = PLANE ( 'NONE',  #11732 ) ;
#11285 = DIRECTION ( 'NONE',  ( 1.734723475976807094E-15, -1.239088197126289831E-16, 1.000000000000000000 ) ) ;
#11286 = VERTEX_POINT ( 'NONE', #145 ) ;
#11287 = EDGE_CURVE ( 'NONE', #1058, #13011, #13042, .T. ) ;
#11288 = SURFACE_STYLE_USAGE ( .BOTH. , #7517 ) ;
#11289 = LINE ( 'NONE', #4731, #8237 ) ;
#11290 = FILL_AREA_STYLE ('',( #11241 ) ) ;
#11291 = EDGE_CURVE ( 'NONE', #11098, #7151, #6784, .T. ) ;
#11292 = ORIENTED_EDGE ( 'NONE', *, *, #13032, .T. ) ;
#11293 =( NAMED_UNIT ( * ) SI_UNIT ( $, .STERADIAN. ) SOLID_ANGLE_UNIT ( ) );
#11294 = VERTEX_POINT ( 'NONE', #11604 ) ;
#11295 = PRESENTATION_LAYER_ASSIGNMENT (  '', '', ( #9617 ) ) ;
#11296 = AXIS2_PLACEMENT_3D ( 'NONE', #8323, #8241, #1140 ) ;
#11297 = ORIENTED_EDGE ( 'NONE', *, *, #3289, .T. ) ;
#11298 = MECHANICAL_DESIGN_GEOMETRIC_PRESENTATION_REPRESENTATION (  '', ( #1412 ), #11029 ) ;
#11299 = LINE ( 'NONE', #2110, #9496 ) ;
#11300 = PRESENTATION_LAYER_ASSIGNMENT (  '', '', ( #10587 ) ) ;
#11301 = VECTOR ( 'NONE', #5829, 1000.000000000000000 ) ;
#11302 = ORIENTED_EDGE ( 'NONE', *, *, #12235, .F. ) ;
#11303 = CIRCLE ( 'NONE', #11965, 0.002000000000000699135 ) ;
#11304 = DIRECTION ( 'NONE',  ( 1.000000000000000000, 4.243452729884350584E-16, -0.000000000000000000 ) ) ;
#11305 = CARTESIAN_POINT ( 'NONE',  ( 2.750000000000000000, -1.049999999999999378, 3.500000000000006217 ) ) ;
#11306 = EDGE_CURVE ( 'NONE', #2681, #3899, #10979, .T. ) ;
#11307 = DIRECTION ( 'NONE',  ( -1.000000000000000000, 0.000000000000000000, -0.000000000000000000 ) ) ;
#11308 = MECHANICAL_DESIGN_GEOMETRIC_PRESENTATION_REPRESENTATION (  '', ( #12834 ), #1606 ) ;
#11309 = CARTESIAN_POINT ( 'NONE',  ( 0.8499999999999998668, -0.8499999999999978684, 1.800000000000000044 ) ) ;
#11310 = CARTESIAN_POINT ( 'NONE',  ( -0.3000000000000001554, 0.8499999999999993117, -4.832455532033675283 ) ) ;
#11311 = EDGE_CURVE ( 'NONE', #5070, #5627, #3106, .T. ) ;
#11312 = UNCERTAINTY_MEASURE_WITH_UNIT (LENGTH_MEASURE( 1.000000000000000082E-05 ), #12450, 'distance_accuracy_value', 'NONE');
#11313 =( NAMED_UNIT ( * ) SI_UNIT ( $, .STERADIAN. ) SOLID_ANGLE_UNIT ( ) );
#11314 = VERTEX_POINT ( 'NONE', #7487 ) ;
#11315 = ORIENTED_EDGE ( 'NONE', *, *, #3545, .T. ) ;
#11316 = FILL_AREA_STYLE_COLOUR ( '', #2723 ) ;
#11317 =( GEOMETRIC_REPRESENTATION_CONTEXT ( 3 ) GLOBAL_UNCERTAINTY_ASSIGNED_CONTEXT ( ( #3149 ) ) GLOBAL_UNIT_ASSIGNED_CONTEXT ( ( #1893, #5958, #5999 ) ) REPRESENTATION_CONTEXT ( 'NONE', 'WORKASPACE' ) );
#11318 = PLANE ( 'NONE',  #8800 ) ;
#11319 = CARTESIAN_POINT ( 'NONE',  ( -0.2499999999999835132, 1.049999999999999378, 2.750000000000006661 ) ) ;
#11320 = FACE_OUTER_BOUND ( 'NONE', #801, .T. ) ;
#11321 = ADVANCED_FACE ( 'NONE', ( #7287 ), #4464, .F. ) ;
#11322 = CARTESIAN_POINT ( 'NONE',  ( -2.749999999999999556, -1.049999999999999378, 1.650000000000002132 ) ) ;
#11323 = VECTOR ( 'NONE', #5232, 1000.000000000000000 ) ;
#11324 = ORIENTED_EDGE ( 'NONE', *, *, #11349, .F. ) ;
#11325 = DIRECTION ( 'NONE',  ( -1.000000000000000000, 0.000000000000000000, -1.204669080539449344E-16 ) ) ;
#11326 = PRESENTATION_STYLE_ASSIGNMENT (( #10168 ) ) ;
#11327 = CARTESIAN_POINT ( 'NONE',  ( 2.549999999999990941, 1.028000000000000025, -2.799999999999999822 ) ) ;
#11328 = LINE ( 'NONE', #11753, #2167 ) ;
#11329 = COLOUR_RGB ( '',1.000000000000000000, 1.000000000000000000, 1.000000000000000000 ) ;
#11330 = SURFACE_SIDE_STYLE ('',( #6906 ) ) ;
#11331 = STYLED_ITEM ( 'NONE', ( #9960 ), #13043 ) ;
#11332 = VERTEX_POINT ( 'NONE', #3765 ) ;
#11333 = DIRECTION ( 'NONE',  ( 1.000000000000000000, -0.000000000000000000, -0.000000000000000000 ) ) ;
#11334 = CARTESIAN_POINT ( 'NONE',  ( 2.499999999999991562, 1.025000000000000133, -2.200000000000000178 ) ) ;
#11335 = DIRECTION ( 'NONE',  ( -1.000000000000000000, -0.000000000000000000, -0.000000000000000000 ) ) ;
#11336 = EDGE_CURVE ( 'NONE', #11913, #12913, #8106, .T. ) ;
#11337 = VERTEX_POINT ( 'NONE', #767 ) ;
#11338 = VECTOR ( 'NONE', #10012, 1000.000000000000000 ) ;
#11339 = EDGE_LOOP ( 'NONE', ( #1172, #4761, #3302, #7628 ) ) ;
#11340 = VECTOR ( 'NONE', #10453, 1000.000000000000000 ) ;
#11341 = AXIS2_PLACEMENT_3D ( 'NONE', #7955, #5875, #13128 ) ;
#11342 = FILL_AREA_STYLE ('',( #7154 ) ) ;
#11343 = CARTESIAN_POINT ( 'NONE',  ( 0.1505370182870021944, -1.039999999999999147, 2.586871583535974572 ) ) ;
#11344 = SURFACE_SIDE_STYLE ('',( #4048 ) ) ;
#11345 = SURFACE_STYLE_FILL_AREA ( #9344 ) ;
#11346 = VECTOR ( 'NONE', #9507, 1000.000000000000000 ) ;
#11347 = DIRECTION ( 'NONE',  ( -1.000000000000000000, -0.000000000000000000, -0.000000000000000000 ) ) ;
#11348 = FACE_OUTER_BOUND ( 'NONE', #638, .T. ) ;
#11349 = EDGE_CURVE ( 'NONE', #10584, #7506, #10816, .T. ) ;
#11350 = ORIENTED_EDGE ( 'NONE', *, *, #5302, .T. ) ;
#11351 =( NAMED_UNIT ( * ) PLANE_ANGLE_UNIT ( ) SI_UNIT ( $, .RADIAN. ) );
#11352 = LINE ( 'NONE', #2188, #6209 ) ;
#11353 = ORIENTED_EDGE ( 'NONE', *, *, #991, .F. ) ;
#11354 = ORIENTED_EDGE ( 'NONE', *, *, #8390, .T. ) ;
#11355 = VECTOR ( 'NONE', #3598, 1000.000000000000000 ) ;
#11356 = FILL_AREA_STYLE_COLOUR ( '', #623 ) ;
#11357 = MECHANICAL_DESIGN_GEOMETRIC_PRESENTATION_REPRESENTATION (  '', ( #9262 ), #12710 ) ;
#11358 = CARTESIAN_POINT ( 'NONE',  ( -2.350000000000000089, 0.6499999999999998002, 3.775000000000000355 ) ) ;
#11359 = DIRECTION ( 'NONE',  ( -0.000000000000000000, 1.000000000000000000, 4.565061778886370529E-16 ) ) ;
#11360 = ORIENTED_EDGE ( 'NONE', *, *, #908, .F. ) ;
#11361 =( LENGTH_UNIT ( ) NAMED_UNIT ( * ) SI_UNIT ( .MILLI., .METRE. ) );
#11362 = CARTESIAN_POINT ( 'NONE',  ( 2.499999999999992895, 0.8249999999999999556, -2.200000000000000178 ) ) ;
#11363 = DIRECTION ( 'NONE',  ( -0.000000000000000000, 1.000000000000000000, 1.239088197126289831E-16 ) ) ;
#11364 =( GEOMETRIC_REPRESENTATION_CONTEXT ( 3 ) GLOBAL_UNCERTAINTY_ASSIGNED_CONTEXT ( ( #7783 ) ) GLOBAL_UNIT_ASSIGNED_CONTEXT ( ( #5606, #11667, #9687 ) ) REPRESENTATION_CONTEXT ( 'NONE', 'WORKASPACE' ) );
#11365 =( GEOMETRIC_REPRESENTATION_CONTEXT ( 3 ) GLOBAL_UNCERTAINTY_ASSIGNED_CONTEXT ( ( #6214 ) ) GLOBAL_UNIT_ASSIGNED_CONTEXT ( ( #6224, #6312, #217 ) ) REPRESENTATION_CONTEXT ( 'NONE', 'WORKASPACE' ) );
#11366 = DIRECTION ( 'NONE',  ( 0.000000000000000000, -1.000000000000000000, 0.000000000000000000 ) ) ;
#11367 = PLANE ( 'NONE',  #6701 ) ;
#11368 =( NAMED_UNIT ( * ) PLANE_ANGLE_UNIT ( ) SI_UNIT ( $, .RADIAN. ) );
#11369 = CARTESIAN_POINT ( 'NONE',  ( -2.549999999999975397, -0.1499999999999995226, -0.6999999999999979572 ) ) ;
#11370 = VECTOR ( 'NONE', #12513, 1000.000000000000000 ) ;
#11371 =( NAMED_UNIT ( * ) PLANE_ANGLE_UNIT ( ) SI_UNIT ( $, .RADIAN. ) );
#11372 = CARTESIAN_POINT ( 'NONE',  ( 2.750000000000000000, 0.6499999999999993561, 3.500000000000006217 ) ) ;
#11373 = VECTOR ( 'NONE', #4951, 1000.000000000000000 ) ;
#11374 = VERTEX_POINT ( 'NONE', #2886 ) ;
#11375 = AXIS2_PLACEMENT_3D ( 'NONE', #2794, #5977, #674 ) ;
#11376 = SURFACE_STYLE_FILL_AREA ( #9462 ) ;
#11377 = VECTOR ( 'NONE', #6977, 1000.000000000000000 ) ;
#11378 = EDGE_CURVE ( 'NONE', #4343, #12385, #7793, .T. ) ;
#11379 = VERTEX_POINT ( 'NONE', #5923 ) ;
#11380 = CARTESIAN_POINT ( 'NONE',  ( -0.2064888568680664227, -1.039999999999999147, 2.413550568363381554 ) ) ;
#11381 = FACE_OUTER_BOUND ( 'NONE', #2396, .T. ) ;
#11382 = SURFACE_SIDE_STYLE ('',( #939 ) ) ;
#11383 = MECHANICAL_DESIGN_GEOMETRIC_PRESENTATION_REPRESENTATION (  '', ( #11872 ), #2944 ) ;
#11384 = MECHANICAL_DESIGN_GEOMETRIC_PRESENTATION_REPRESENTATION (  '', ( #529 ), #95 ) ;
#11385 = ORIENTED_EDGE ( 'NONE', *, *, #11916, .F. ) ;
#11386 = UNCERTAINTY_MEASURE_WITH_UNIT (LENGTH_MEASURE( 1.000000000000000082E-05 ), #3111, 'distance_accuracy_value', 'NONE');
#11387 = ADVANCED_FACE ( 'NONE', ( #194 ), #4805, .T. ) ;
#11388 = LINE ( 'NONE', #8087, #8646 ) ;
#11389 = SURFACE_SIDE_STYLE ('',( #4035 ) ) ;
#11391 = EDGE_CURVE ( 'NONE', #4383, #10560, #4049, .T. ) ;
#11390 = VECTOR ( 'NONE', #11808, 1000.000000000000000 ) ;
#11392 = CARTESIAN_POINT ( 'NONE',  ( 2.449999999999979750, -0.1499999999999995226, 0.1309401076758479054 ) ) ;
#11393 = ORIENTED_EDGE ( 'NONE', *, *, #8903, .F. ) ;
#11394 = AXIS2_PLACEMENT_3D ( 'NONE', #6458, #5286, #12470 ) ;
#11395 = CARTESIAN_POINT ( 'NONE',  ( 2.552999999999983949, 2.050000000000049560, -2.200000000000000178 ) ) ;
#11396 = AXIS2_PLACEMENT_3D ( 'NONE', #1219, #281, #6418 ) ;
#11397 = FACE_OUTER_BOUND ( 'NONE', #12127, .T. ) ;
#11398 = SURFACE_SIDE_STYLE ('',( #1201 ) ) ;
#11399 = EDGE_CURVE ( 'NONE', #4688, #3633, #339, .T. ) ;
#11400 = LINE ( 'NONE', #5034, #4147 ) ;
#11401 = ORIENTED_EDGE ( 'NONE', *, *, #10343, .T. ) ;
#11402 = VECTOR ( 'NONE', #5381, 1000.000000000000000 ) ;
#11403 = COLOUR_RGB ( '',1.000000000000000000, 1.000000000000000000, 1.000000000000000000 ) ;
#11404 = FACE_OUTER_BOUND ( 'NONE', #13245, .T. ) ;
#11405 = UNCERTAINTY_MEASURE_WITH_UNIT (LENGTH_MEASURE( 1.000000000000000082E-05 ), #9151, 'distance_accuracy_value', 'NONE');
#11406 = ORIENTED_EDGE ( 'NONE', *, *, #6999, .F. ) ;
#11407 = SURFACE_SIDE_STYLE ('',( #453 ) ) ;
#11408 = STYLED_ITEM ( 'NONE', ( #8626 ), #12782 ) ;
#11409 = DIRECTION ( 'NONE',  ( 0.000000000000000000, 0.000000000000000000, 1.000000000000000000 ) ) ;
#11410 = DIRECTION ( 'NONE',  ( 0.000000000000000000, 0.000000000000000000, -1.000000000000000000 ) ) ;
#11411 = EDGE_CURVE ( 'NONE', #12209, #8520, #5031, .T. ) ;
#11412 = CARTESIAN_POINT ( 'NONE',  ( -2.750000000000014655, -1.049999999999999156, -3.099999999999995648 ) ) ;
#11413 = COLOUR_RGB ( '',1.000000000000000000, 1.000000000000000000, 1.000000000000000000 ) ;
#11414 = ORIENTED_EDGE ( 'NONE', *, *, #11626, .F. ) ;
#11415 = DIRECTION ( 'NONE',  ( 0.000000000000000000, -4.336808689942021187E-16, 1.000000000000000000 ) ) ;
#11416 = FILL_AREA_STYLE_COLOUR ( '', #12909 ) ;
#11417 = FILL_AREA_STYLE ('',( #12518 ) ) ;
#11418 = DIRECTION ( 'NONE',  ( 1.000000000000000000, -0.000000000000000000, -0.000000000000000000 ) ) ;
#11419 = ORIENTED_EDGE ( 'NONE', *, *, #873, .T. ) ;
#11420 = FACE_OUTER_BOUND ( 'NONE', #10647, .T. ) ;
#11421 = PRESENTATION_STYLE_ASSIGNMENT (( #9128 ) ) ;
#11422 = VECTOR ( 'NONE', #6055, 1000.000000000000000 ) ;
#11423 = ORIENTED_EDGE ( 'NONE', *, *, #9201, .T. ) ;
#11424 = CARTESIAN_POINT ( 'NONE',  ( 2.549999999999992717, 0.8249999999999996225, -0.2999999999999999334 ) ) ;
#11425 = CARTESIAN_POINT ( 'NONE',  ( -2.750000000000000000, 0.8000000000000001554, -3.500000000000000000 ) ) ;
#11426 = SURFACE_STYLE_FILL_AREA ( #10148 ) ;
#11427 = ORIENTED_EDGE ( 'NONE', *, *, #8952, .F. ) ;
#11428 = DIRECTION ( 'NONE',  ( 0.000000000000000000, 0.000000000000000000, 1.000000000000000000 ) ) ;
#11429 = LINE ( 'NONE', #3280, #9303 ) ;
#11430 = SURFACE_STYLE_USAGE ( .BOTH. , #4221 ) ;
#11431 = EDGE_LOOP ( 'NONE', ( #3827, #4851, #1382, #7722 ) ) ;
#11432 = DIRECTION ( 'NONE',  ( 0.000000000000000000, 1.000000000000000000, 0.000000000000000000 ) ) ;
#11433 = EDGE_CURVE ( 'NONE', #439, #1396, #6471, .T. ) ;
#11434 = CARTESIAN_POINT ( 'NONE',  ( 2.550000000000000266, -0.8499999999999976463, -1.850000000000004086 ) ) ;
#11435 = SURFACE_SIDE_STYLE ('',( #7185 ) ) ;
#11436 =( NAMED_UNIT ( * ) SI_UNIT ( $, .STERADIAN. ) SOLID_ANGLE_UNIT ( ) );
#11437 = ORIENTED_EDGE ( 'NONE', *, *, #10514, .F. ) ;
#11438 = SURFACE_SIDE_STYLE ('',( #9505 ) ) ;
#11439 = PRESENTATION_LAYER_ASSIGNMENT (  '', '', ( #10216 ) ) ;
#11440 = ORIENTED_EDGE ( 'NONE', *, *, #11274, .F. ) ;
#11441 = PRESENTATION_STYLE_ASSIGNMENT (( #2343 ) ) ;
#11442 = VECTOR ( 'NONE', #5290, 1000.000000000000000 ) ;
#11443 = CARTESIAN_POINT ( 'NONE',  ( 2.750000000000000000, -0.8000000000000024869, -1.850000000000001865 ) ) ;
#11444 = ORIENTED_EDGE ( 'NONE', *, *, #11877, .T. ) ;
#11445 =( GEOMETRIC_REPRESENTATION_CONTEXT ( 3 ) GLOBAL_UNCERTAINTY_ASSIGNED_CONTEXT ( ( #2031 ) ) GLOBAL_UNIT_ASSIGNED_CONTEXT ( ( #744, #696, #13068 ) ) REPRESENTATION_CONTEXT ( 'NONE', 'WORKASPACE' ) );
#11446 = DIRECTION ( 'NONE',  ( -1.000000000000000000, -0.000000000000000000, -0.000000000000000000 ) ) ;
#11447 = DIRECTION ( 'NONE',  ( 0.000000000000000000, -1.000000000000000000, -4.565061778886370529E-16 ) ) ;
#11448 = ORIENTED_EDGE ( 'NONE', *, *, #3157, .F. ) ;
#11449 = ORIENTED_EDGE ( 'NONE', *, *, #8372, .T. ) ;
#11450 = SURFACE_STYLE_USAGE ( .BOTH. , #7368 ) ;
#11451 = PRESENTATION_STYLE_ASSIGNMENT (( #3009 ) ) ;
#11452 = ORIENTED_EDGE ( 'NONE', *, *, #1626, .T. ) ;
#11453 = ADVANCED_FACE ( 'NONE', ( #1514, #9498, #9336, #11763, #12250, #4697, #1019, #12409, #8407, #12873 ), #12115, .F. ) ;
#11454 = FACE_OUTER_BOUND ( 'NONE', #8046, .T. ) ;
#11455 =( LENGTH_UNIT ( ) NAMED_UNIT ( * ) SI_UNIT ( .MILLI., .METRE. ) );
#11456 = FILL_AREA_STYLE ('',( #9350 ) ) ;
#11457 = EDGE_CURVE ( 'NONE', #5586, #4648, #11606, .T. ) ;
#11458 = DIRECTION ( 'NONE',  ( -0.04722778896040855101, 0.000000000000000000, 0.9988841454092216576 ) ) ;
#11459 = VERTEX_POINT ( 'NONE', #1779 ) ;
#11460 = SURFACE_STYLE_USAGE ( .BOTH. , #126 ) ;
#11461 = CARTESIAN_POINT ( 'NONE',  ( -0.8499999999999996447, -1.049999999999999156, -1.800000000000000044 ) ) ;
#11462 = STYLED_ITEM ( 'NONE', ( #11326 ), #11112 ) ;
#11463 =( GEOMETRIC_REPRESENTATION_CONTEXT ( 3 ) GLOBAL_UNCERTAINTY_ASSIGNED_CONTEXT ( ( #3243 ) ) GLOBAL_UNIT_ASSIGNED_CONTEXT ( ( #4525, #2485, #1413 ) ) REPRESENTATION_CONTEXT ( 'NONE', 'WORKASPACE' ) );
#11464 = EDGE_LOOP ( 'NONE', ( #9427, #2911, #4442, #10818 ) ) ;
#11465 = SURFACE_STYLE_FILL_AREA ( #11290 ) ;
#11466 = ORIENTED_EDGE ( 'NONE', *, *, #6006, .T. ) ;
#11467 = EDGE_CURVE ( 'NONE', #3090, #4096, #12088, .T. ) ;
#11468 = ADVANCED_FACE ( 'NONE', ( #856 ), #3262, .F. ) ;
#11469 = DIRECTION ( 'NONE',  ( 0.000000000000000000, 1.000000000000000000, -0.000000000000000000 ) ) ;
#11470 = MECHANICAL_DESIGN_GEOMETRIC_PRESENTATION_REPRESENTATION (  '', ( #9129 ), #12576 ) ;
#11471 = FILL_AREA_STYLE_COLOUR ( '', #9725 ) ;
#11472 = EDGE_CURVE ( 'NONE', #1709, #7196, #5337, .T. ) ;
#11473 = FILL_AREA_STYLE ('',( #9331 ) ) ;
#11474 = UNCERTAINTY_MEASURE_WITH_UNIT (LENGTH_MEASURE( 1.000000000000000082E-05 ), #2432, 'distance_accuracy_value', 'NONE');
#11475 = ORIENTED_EDGE ( 'NONE', *, *, #3305, .F. ) ;
#11476 = ORIENTED_EDGE ( 'NONE', *, *, #3966, .T. ) ;
#11477 =( GEOMETRIC_REPRESENTATION_CONTEXT ( 3 ) GLOBAL_UNCERTAINTY_ASSIGNED_CONTEXT ( ( #5842 ) ) GLOBAL_UNIT_ASSIGNED_CONTEXT ( ( #13204, #10122, #936 ) ) REPRESENTATION_CONTEXT ( 'NONE', 'WORKASPACE' ) );
#11478 = AXIS2_PLACEMENT_3D ( 'NONE', #10610, #7365, #8392 ) ;
#11479 = DIRECTION ( 'NONE',  ( 0.5055177298193915814, 0.000000000000000000, 0.8628162173013720349 ) ) ;
#11480 = EDGE_CURVE ( 'NONE', #5848, #6714, #522, .T. ) ;
#11481 = LINE ( 'NONE', #10802, #6503 ) ;
#11482 = ORIENTED_EDGE ( 'NONE', *, *, #9113, .F. ) ;
#11483 = DIRECTION ( 'NONE',  ( 0.5072312248530602696, 0.000000000000000000, 0.8618100048932271218 ) ) ;
#11484 = LINE ( 'NONE', #1858, #12897 ) ;
#11485 = ORIENTED_EDGE ( 'NONE', *, *, #10321, .T. ) ;
#11486 = DIRECTION ( 'NONE',  ( -1.000000000000000000, -0.000000000000000000, -0.000000000000000000 ) ) ;
#11487 =( LENGTH_UNIT ( ) NAMED_UNIT ( * ) SI_UNIT ( .MILLI., .METRE. ) );
#11488 = CARTESIAN_POINT ( 'NONE',  ( -0.3000000000000001554, 0.6499999999999993561, -4.832455532033675283 ) ) ;
#11489 = DIRECTION ( 'NONE',  ( 4.915049848600955117E-14, 0.000000000000000000, -1.000000000000000000 ) ) ;
#11490 = STYLED_ITEM ( 'NONE', ( #12447 ), #7493 ) ;
#11491 =( NAMED_UNIT ( * ) PLANE_ANGLE_UNIT ( ) SI_UNIT ( $, .RADIAN. ) );
#11492 = SURFACE_STYLE_USAGE ( .BOTH. , #9492 ) ;
#11493 = AXIS2_PLACEMENT_3D ( 'NONE', #7572, #3472, #4673 ) ;
#11494 = COLOUR_RGB ( '',1.000000000000000000, 1.000000000000000000, 1.000000000000000000 ) ;
#11495 = VERTEX_POINT ( 'NONE', #2130 ) ;
#11496 = CARTESIAN_POINT ( 'NONE',  ( -2.549999999999998934, 0.8249999999999999556, -2.200000000000000178 ) ) ;
#11497 = ORIENTED_EDGE ( 'NONE', *, *, #7171, .F. ) ;
#11498 =( NAMED_UNIT ( * ) PLANE_ANGLE_UNIT ( ) SI_UNIT ( $, .RADIAN. ) );
#11499 = EDGE_CURVE ( 'NONE', #7141, #7812, #10792, .T. ) ;
#11500 = FILL_AREA_STYLE_COLOUR ( '', #2489 ) ;
#11501 =( LENGTH_UNIT ( ) NAMED_UNIT ( * ) SI_UNIT ( .MILLI., .METRE. ) );
#11502 = ORIENTED_EDGE ( 'NONE', *, *, #9289, .F. ) ;
#11503 = DIRECTION ( 'NONE',  ( -1.000000000000000000, -0.000000000000000000, -0.000000000000000000 ) ) ;
#11504 = MECHANICAL_DESIGN_GEOMETRIC_PRESENTATION_REPRESENTATION (  '', ( #11923 ), #2993 ) ;
#11505 = VECTOR ( 'NONE', #2220, 1000.000000000000114 ) ;
#11506 = DIRECTION ( 'NONE',  ( -1.000000000000000000, 0.000000000000000000, 0.000000000000000000 ) ) ;
#11507 = ORIENTED_EDGE ( 'NONE', *, *, #2984, .F. ) ;
#11508 = LINE ( 'NONE', #260, #8776 ) ;
#11509 = ADVANCED_FACE ( 'NONE', ( #9816 ), #12078, .F. ) ;
#11510 = DIRECTION ( 'NONE',  ( 1.000000000000000000, 0.000000000000000000, -1.734723475976807094E-15 ) ) ;
#11511 =( GEOMETRIC_REPRESENTATION_CONTEXT ( 3 ) GLOBAL_UNCERTAINTY_ASSIGNED_CONTEXT ( ( #11956 ) ) GLOBAL_UNIT_ASSIGNED_CONTEXT ( ( #10580, #1634, #12901 ) ) REPRESENTATION_CONTEXT ( 'NONE', 'WORKASPACE' ) );
#11512 = VERTEX_POINT ( 'NONE', #2084 ) ;
#11513 = DIRECTION ( 'NONE',  ( -0.000000000000000000, -1.000000000000000000, -0.000000000000000000 ) ) ;
#11514 = EDGE_CURVE ( 'NONE', #2655, #12625, #12557, .T. ) ;
#11515 = FACE_OUTER_BOUND ( 'NONE', #9747, .T. ) ;
#11516 = ORIENTED_EDGE ( 'NONE', *, *, #5823, .F. ) ;
#11517 = VERTEX_POINT ( 'NONE', #2042 ) ;
#11518 = LINE ( 'NONE', #14, #5255 ) ;
#11519 = DIRECTION ( 'NONE',  ( -0.5092192412993945538, 0.000000000000000000, -0.8606368364708013585 ) ) ;
#11520 = DIRECTION ( 'NONE',  ( -1.000000000000000000, -8.515182620557603400E-33, 1.826024711554534899E-16 ) ) ;
#11521 = STYLED_ITEM ( 'NONE', ( #2968 ), #9266 ) ;
#11522 = FACE_OUTER_BOUND ( 'NONE', #10274, .T. ) ;
#11523 = EDGE_CURVE ( 'NONE', #8746, #5622, #5021, .T. ) ;
#11524 = LINE ( 'NONE', #477, #6067 ) ;
#11525 = SURFACE_SIDE_STYLE ('',( #12476 ) ) ;
#11526 = SURFACE_STYLE_USAGE ( .BOTH. , #10476 ) ;
#11527 = FILL_AREA_STYLE ('',( #9225 ) ) ;
#11528 = CARTESIAN_POINT ( 'NONE',  ( 1.250000000000032196, 0.8499999999999997558, 0.2500000000000037748 ) ) ;
#11529 = STYLED_ITEM ( 'NONE', ( #5367 ), #10634 ) ;
#11530 = VERTEX_POINT ( 'NONE', #7190 ) ;
#11531 = DIRECTION ( 'NONE',  ( 0.000000000000000000, -0.000000000000000000, -1.000000000000000000 ) ) ;
#11532 =( NAMED_UNIT ( * ) PLANE_ANGLE_UNIT ( ) SI_UNIT ( $, .RADIAN. ) );
#11533 = VECTOR ( 'NONE', #411, 1000.000000000000000 ) ;
#11534 = ORIENTED_EDGE ( 'NONE', *, *, #11411, .F. ) ;
#11535 = FACE_BOUND ( 'NONE', #6852, .T. ) ;
#11536 = CARTESIAN_POINT ( 'NONE',  ( -2.499999999999999112, 0.8249999999999996225, 0.2999999999999999334 ) ) ;
#11537 = ORIENTED_EDGE ( 'NONE', *, *, #8099, .T. ) ;
#11538 = MECHANICAL_DESIGN_GEOMETRIC_PRESENTATION_REPRESENTATION (  '', ( #12894 ), #7866 ) ;
#11539 = CARTESIAN_POINT ( 'NONE',  ( 2.499999999999992006, 1.024999999999999467, 2.799999999999999822 ) ) ;
#11540 = UNCERTAINTY_MEASURE_WITH_UNIT (LENGTH_MEASURE( 1.000000000000000082E-05 ), #12070, 'distance_accuracy_value', 'NONE');
#11541 = UNCERTAINTY_MEASURE_WITH_UNIT (LENGTH_MEASURE( 1.000000000000000082E-05 ), #7756, 'distance_accuracy_value', 'NONE');
#11542 = PRESENTATION_STYLE_ASSIGNMENT (( #7129 ) ) ;
#11543 = CYLINDRICAL_SURFACE ( 'NONE', #969, 0.1999999999999999833 ) ;
#11544 = EDGE_LOOP ( 'NONE', ( #10750, #8327, #6628, #4752 ) ) ;
#11545 = EDGE_CURVE ( 'NONE', #12942, #2772, #6614, .T. ) ;
#11546 = VECTOR ( 'NONE', #3255, 1000.000000000000000 ) ;
#11547 = ORIENTED_EDGE ( 'NONE', *, *, #1646, .T. ) ;
#11548 = CARTESIAN_POINT ( 'NONE',  ( -1.500000000000000444, -1.049999999999999156, -3.099999999999995648 ) ) ;
#11549 = CARTESIAN_POINT ( 'NONE',  ( 2.750000000000000000, -1.050000000000000044, -3.099999999999995648 ) ) ;
#11550 =( NAMED_UNIT ( * ) PLANE_ANGLE_UNIT ( ) SI_UNIT ( $, .RADIAN. ) );
#11551 = MECHANICAL_DESIGN_GEOMETRIC_PRESENTATION_REPRESENTATION (  '', ( #10165 ), #2185 ) ;
#11552 = STYLED_ITEM ( 'NONE', ( #9929 ), #5246 ) ;
#11553 = DIRECTION ( 'NONE',  ( -1.000000000000000000, -0.000000000000000000, 0.000000000000000000 ) ) ;
#11554 = VERTEX_POINT ( 'NONE', #3100 ) ;
#11555 = EDGE_CURVE ( 'NONE', #10894, #6270, #12243, .T. ) ;
#11556 = VECTOR ( 'NONE', #13071, 1000.000000000000000 ) ;
#11557 = PRESENTATION_STYLE_ASSIGNMENT (( #10630 ) ) ;
#11558 = CARTESIAN_POINT ( 'NONE',  ( 0.3650520561889786242, -1.039999999999999147, 2.947366081294554352 ) ) ;
#11559 = UNCERTAINTY_MEASURE_WITH_UNIT (LENGTH_MEASURE( 1.000000000000000082E-05 ), #12863, 'distance_accuracy_value', 'NONE');
#11560 = ORIENTED_EDGE ( 'NONE', *, *, #3367, .F. ) ;
#11561 = CARTESIAN_POINT ( 'NONE',  ( 1.500000000000000000, 0.6499999999999998002, -3.774999999999995914 ) ) ;
#11562 = FILL_AREA_STYLE ('',( #7355 ) ) ;
#11563 = LINE ( 'NONE', #3064, #8841 ) ;
#11564 = DIRECTION ( 'NONE',  ( -6.365179094826525531E-15, 1.000000000000000000, -0.000000000000000000 ) ) ;
#11565 = VERTEX_POINT ( 'NONE', #912 ) ;
#11566 = CARTESIAN_POINT ( 'NONE',  ( -2.549999999999998490, 1.024999999999999467, 2.799999999999999822 ) ) ;
#11567 = VECTOR ( 'NONE', #2000, 1000.000000000000000 ) ;
#11568 = MECHANICAL_DESIGN_GEOMETRIC_PRESENTATION_REPRESENTATION (  '', ( #4242 ), #4946 ) ;
#11569 = ORIENTED_EDGE ( 'NONE', *, *, #7142, .F. ) ;
#11570 = VECTOR ( 'NONE', #10032, 1000.000000000000000 ) ;
#11571 = PLANE ( 'NONE',  #6552 ) ;
#11572 = LINE ( 'NONE', #3582, #6593 ) ;
#11573 = ORIENTED_EDGE ( 'NONE', *, *, #10988, .T. ) ;
#11574 = SURFACE_STYLE_USAGE ( .BOTH. , #11525 ) ;
#11575 = SURFACE_SIDE_STYLE ('',( #3629 ) ) ;
#11576 = ADVANCED_FACE ( 'NONE', ( #3886 ), #11232, .F. ) ;
#11577 = DIRECTION ( 'NONE',  ( -1.000000000000000000, 0.000000000000000000, 0.000000000000000000 ) ) ;
#11578 = CARTESIAN_POINT ( 'NONE',  ( 2.750000000000000000, -1.049999999999999156, -1.649999999999994804 ) ) ;
#11579 = PLANE ( 'NONE',  #12868 ) ;
#11580 = VERTEX_POINT ( 'NONE', #4029 ) ;
#11581 = FACE_OUTER_BOUND ( 'NONE', #2995, .T. ) ;
#11582 = ORIENTED_EDGE ( 'NONE', *, *, #11743, .T. ) ;
#11583 = STYLED_ITEM ( 'NONE', ( #6573 ), #7890 ) ;
#11584 =( NAMED_UNIT ( * ) SI_UNIT ( $, .STERADIAN. ) SOLID_ANGLE_UNIT ( ) );
#11585 = ADVANCED_FACE ( 'NONE', ( #7435 ), #2164, .F. ) ;
#11586 =( LENGTH_UNIT ( ) NAMED_UNIT ( * ) SI_UNIT ( .MILLI., .METRE. ) );
#11587 = STYLED_ITEM ( 'NONE', ( #4568 ), #6194 ) ;
#11588 = ORIENTED_EDGE ( 'NONE', *, *, #10903, .F. ) ;
#11589 = CARTESIAN_POINT ( 'NONE',  ( 2.552999999999991498, 1.027999999999999359, 2.200000000000000178 ) ) ;
#11590 = PRESENTATION_STYLE_ASSIGNMENT (( #1111 ) ) ;
#11591 = FILL_AREA_STYLE_COLOUR ( '', #9431 ) ;
#11592 = EDGE_CURVE ( 'NONE', #12459, #2718, #4526, .T. ) ;
#11593 = VECTOR ( 'NONE', #11982, 1000.000000000000000 ) ;
#11594 = LINE ( 'NONE', #3231, #1012 ) ;
#11595 = EDGE_LOOP ( 'NONE', ( #513, #224, #11497, #1289 ) ) ;
#11596 = FILL_AREA_STYLE_COLOUR ( '', #4528 ) ;
#11597 = DIRECTION ( 'NONE',  ( 1.000000000000000000, 0.000000000000000000, -0.000000000000000000 ) ) ;
#11598 = FILL_AREA_STYLE_COLOUR ( '', #13117 ) ;
#11599 =( NAMED_UNIT ( * ) SI_UNIT ( $, .STERADIAN. ) SOLID_ANGLE_UNIT ( ) );
#11600 = DIRECTION ( 'NONE',  ( 0.000000000000000000, -1.000000000000000000, 0.000000000000000000 ) ) ;
#11601 = AXIS2_PLACEMENT_3D ( 'NONE', #11914, #9888, #6711 ) ;
#11602 = CARTESIAN_POINT ( 'NONE',  ( 1.500000000000000000, 0.05000000000000273670, -8.500000000000000000 ) ) ;
#11603 = EDGE_LOOP ( 'NONE', ( #8822, #6360, #5689, #11104 ) ) ;
#11604 = CARTESIAN_POINT ( 'NONE',  ( 2.749999999999980460, -0.1499999999999995226, 0.3041451884327325272 ) ) ;
#11605 = COLOUR_RGB ( '',0.1098039215686274495, 0.1098039215686274495, 0.1098039215686274495 ) ;
#11606 = LINE ( 'NONE', #2836, #13196 ) ;
#11607 = EDGE_LOOP ( 'NONE', ( #11741, #9021, #6039, #4261 ) ) ;
#11608 = STYLED_ITEM ( 'NONE', ( #7031 ), #3750 ) ;
#11609 = CARTESIAN_POINT ( 'NONE',  ( 0.3148065801894597837, -1.039999999999999147, 2.864768817329525152 ) ) ;
#11610 = FILL_AREA_STYLE_COLOUR ( '', #7682 ) ;
#11611 = UNCERTAINTY_MEASURE_WITH_UNIT (LENGTH_MEASURE( 1.000000000000000082E-05 ), #2669, 'distance_accuracy_value', 'NONE');
#11612 = LINE ( 'NONE', #4844, #7122 ) ;
#11613 = FILL_AREA_STYLE ('',( #3494 ) ) ;
#11614 = DIRECTION ( 'NONE',  ( 0.000000000000000000, -1.000000000000000000, 0.000000000000000000 ) ) ;
#11615 = LINE ( 'NONE', #10432, #7124 ) ;
#11616 = VECTOR ( 'NONE', #8062, 1000.000000000000000 ) ;
#11617 = VERTEX_POINT ( 'NONE', #8484 ) ;
#11618 = EDGE_CURVE ( 'NONE', #974, #12411, #12399, .T. ) ;
#11619 = PLANE ( 'NONE',  #8216 ) ;
#11620 = CARTESIAN_POINT ( 'NONE',  ( -2.499999999999999112, 1.024999999999999689, 0.2999999999999999334 ) ) ;
#11621 = AXIS2_PLACEMENT_3D ( 'NONE', #13250, #9172, #12244 ) ;
#11622 = DIRECTION ( 'NONE',  ( 0.000000000000000000, -0.000000000000000000, 1.000000000000000000 ) ) ;
#11623 = PRESENTATION_STYLE_ASSIGNMENT (( #2920 ) ) ;
#11624 = SURFACE_STYLE_FILL_AREA ( #1074 ) ;
#11625 = ORIENTED_EDGE ( 'NONE', *, *, #8383, .T. ) ;
#11626 = EDGE_CURVE ( 'NONE', #10631, #1185, #7274, .T. ) ;
#11627 = UNCERTAINTY_MEASURE_WITH_UNIT (LENGTH_MEASURE( 1.000000000000000082E-05 ), #7370, 'distance_accuracy_value', 'NONE');
#11628 = FILL_AREA_STYLE_COLOUR ( '', #11248 ) ;
#11629 = ORIENTED_EDGE ( 'NONE', *, *, #8619, .T. ) ;
#11630 = CARTESIAN_POINT ( 'NONE',  ( -1.749999999999999112, 0.8499999999999993117, 2.750000000000006661 ) ) ;
#11631 = FILL_AREA_STYLE_COLOUR ( '', #2683 ) ;
#11632 = CARTESIAN_POINT ( 'NONE',  ( -2.752999999999998781, 2.050000000000049116, 2.799999999999999822 ) ) ;
#11633 = STYLED_ITEM ( 'NONE', ( #10927 ), #6459 ) ;
#11634 = PRESENTATION_LAYER_ASSIGNMENT (  '', '', ( #6316 ) ) ;
#11635 = EDGE_CURVE ( 'NONE', #5937, #3238, #1484, .T. ) ;
#11636 = ADVANCED_FACE ( 'NONE', ( #6606 ), #10479, .F. ) ;
#11637 =( NAMED_UNIT ( * ) PLANE_ANGLE_UNIT ( ) SI_UNIT ( $, .RADIAN. ) );
#11638 = ORIENTED_EDGE ( 'NONE', *, *, #706, .F. ) ;
#11639 = CARTESIAN_POINT ( 'NONE',  ( -2.499999999999998668, 0.8249999999999992895, 2.200000000000000178 ) ) ;
#11640 = FACE_OUTER_BOUND ( 'NONE', #9385, .T. ) ;
#11641 = ORIENTED_EDGE ( 'NONE', *, *, #4315, .T. ) ;
#11642 = EDGE_CURVE ( 'NONE', #6380, #9472, #4188, .T. ) ;
#11643 = DIRECTION ( 'NONE',  ( 0.000000000000000000, 0.000000000000000000, 1.000000000000000000 ) ) ;
#11644 = ORIENTED_EDGE ( 'NONE', *, *, #12740, .T. ) ;
#11645 = FACE_OUTER_BOUND ( 'NONE', #9601, .T. ) ;
#11646 = ADVANCED_FACE ( 'NONE', ( #6296 ), #12377, .T. ) ;
#11647 = SURFACE_SIDE_STYLE ('',( #5384 ) ) ;
#11648 = LINE ( 'NONE', #5207, #6512 ) ;
#11649 = DIRECTION ( 'NONE',  ( 0.000000000000000000, -1.000000000000000000, 0.000000000000000000 ) ) ;
#11650 = VECTOR ( 'NONE', #3499, 1000.000000000000000 ) ;
#11651 = ORIENTED_EDGE ( 'NONE', *, *, #8415, .F. ) ;
#11652 = DIRECTION ( 'NONE',  ( 1.734723475976807094E-15, -1.239088197126289831E-16, 1.000000000000000000 ) ) ;
#11653 = CARTESIAN_POINT ( 'NONE',  ( -2.350000000000000089, 0.6499999999999998002, -3.774999999999995914 ) ) ;
#11654 =( NAMED_UNIT ( * ) PLANE_ANGLE_UNIT ( ) SI_UNIT ( $, .RADIAN. ) );
#11655 =( GEOMETRIC_REPRESENTATION_CONTEXT ( 3 ) GLOBAL_UNCERTAINTY_ASSIGNED_CONTEXT ( ( #10465 ) ) GLOBAL_UNIT_ASSIGNED_CONTEXT ( ( #8682, #1471, #8640 ) ) REPRESENTATION_CONTEXT ( 'NONE', 'WORKASPACE' ) );
#11656 =( LENGTH_UNIT ( ) NAMED_UNIT ( * ) SI_UNIT ( .MILLI., .METRE. ) );
#11657 =( LENGTH_UNIT ( ) NAMED_UNIT ( * ) SI_UNIT ( .MILLI., .METRE. ) );
#11658 = PRESENTATION_LAYER_ASSIGNMENT (  '', '', ( #3150 ) ) ;
#11659 = VERTEX_POINT ( 'NONE', #6243 ) ;
#11660 =( NAMED_UNIT ( * ) SI_UNIT ( $, .STERADIAN. ) SOLID_ANGLE_UNIT ( ) );
#11661 = CARTESIAN_POINT ( 'NONE',  ( -1.749999999999999112, 1.049999999999999822, -0.2499999999999957812 ) ) ;
#11662 = CIRCLE ( 'NONE', #5495, 0.1999999999999998723 ) ;
#11663 = EDGE_CURVE ( 'NONE', #7651, #12569, #8697, .T. ) ;
#11664 = ORIENTED_EDGE ( 'NONE', *, *, #301, .F. ) ;
#11665 = DIRECTION ( 'NONE',  ( -0.000000000000000000, -1.000000000000000000, -0.000000000000000000 ) ) ;
#11666 = LINE ( 'NONE', #365, #4115 ) ;
#11667 =( NAMED_UNIT ( * ) PLANE_ANGLE_UNIT ( ) SI_UNIT ( $, .RADIAN. ) );
#11668 =( GEOMETRIC_REPRESENTATION_CONTEXT ( 3 ) GLOBAL_UNCERTAINTY_ASSIGNED_CONTEXT ( ( #12528 ) ) GLOBAL_UNIT_ASSIGNED_CONTEXT ( ( #7292, #9909, #12109 ) ) REPRESENTATION_CONTEXT ( 'NONE', 'WORKASPACE' ) );
#11669 = SURFACE_SIDE_STYLE ('',( #11032 ) ) ;
#11670 = SURFACE_SIDE_STYLE ('',( #10096 ) ) ;
#11671 = VECTOR ( 'NONE', #5856, 1000.000000000000000 ) ;
#11672 = VECTOR ( 'NONE', #3904, 1000.000000000000000 ) ;
#11673 = FILL_AREA_STYLE ('',( #497 ) ) ;
#11674 = ORIENTED_EDGE ( 'NONE', *, *, #1984, .T. ) ;
#11675 = LINE ( 'NONE', #9162, #3325 ) ;
#11676 = FILL_AREA_STYLE ('',( #6523 ) ) ;
#11677 = PRESENTATION_LAYER_ASSIGNMENT (  '', '', ( #6609 ) ) ;
#11678 = FILL_AREA_STYLE_COLOUR ( '', #5816 ) ;
#11679 = EDGE_CURVE ( 'NONE', #9079, #9954, #7593, .T. ) ;
#11680 = EDGE_LOOP ( 'NONE', ( #5273, #1585, #2858, #3109 ) ) ;
#11681 = SURFACE_STYLE_FILL_AREA ( #7718 ) ;
#11682 = CARTESIAN_POINT ( 'NONE',  ( -2.350000000000000089, 0.6499999999999998002, 3.775000000000000355 ) ) ;
#11683 = COLOUR_RGB ( '',1.000000000000000000, 1.000000000000000000, 1.000000000000000000 ) ;
#11684 = LINE ( 'NONE', #8570, #12653 ) ;
#11685 = ORIENTED_EDGE ( 'NONE', *, *, #1837, .T. ) ;
#11686 =( NAMED_UNIT ( * ) PLANE_ANGLE_UNIT ( ) SI_UNIT ( $, .RADIAN. ) );
#11687 = DIRECTION ( 'NONE',  ( -0.000000000000000000, 1.000000000000000000, 6.948158114726864825E-15 ) ) ;
#11688 = DIRECTION ( 'NONE',  ( -0.000000000000000000, 4.336808689942021187E-16, -1.000000000000000000 ) ) ;
#11689 = EDGE_CURVE ( 'NONE', #7319, #1396, #11594, .T. ) ;
#11690 = CARTESIAN_POINT ( 'NONE',  ( -1.749999999999999112, 0.8499999999999999778, -2.249999999999999556 ) ) ;
#11691 = CARTESIAN_POINT ( 'NONE',  ( -2.749999999999999556, -0.5499999999999997113, 2.199999999999998845 ) ) ;
#11692 = CARTESIAN_POINT ( 'NONE',  ( 2.750000000000000000, -0.1499999999999978018, -2.199999999999996625 ) ) ;
#11693 = ADVANCED_FACE ( 'NONE', ( #9315 ), #8576, .F. ) ;
#11694 = AXIS2_PLACEMENT_3D ( 'NONE', #3901, #862, #4030 ) ;
#11695 =( GEOMETRIC_REPRESENTATION_CONTEXT ( 3 ) GLOBAL_UNCERTAINTY_ASSIGNED_CONTEXT ( ( #9537 ) ) GLOBAL_UNIT_ASSIGNED_CONTEXT ( ( #1101, #6113, #2051 ) ) REPRESENTATION_CONTEXT ( 'NONE', 'WORKASPACE' ) );
#11696 = ORIENTED_EDGE ( 'NONE', *, *, #6978, .T. ) ;
#11697 =( NAMED_UNIT ( * ) PLANE_ANGLE_UNIT ( ) SI_UNIT ( $, .RADIAN. ) );
#11698 = CARTESIAN_POINT ( 'NONE',  ( 0.2500000000000164868, 0.8499999999999999778, -2.250000000000000444 ) ) ;
#11699 = UNCERTAINTY_MEASURE_WITH_UNIT (LENGTH_MEASURE( 1.000000000000000082E-05 ), #6558, 'distance_accuracy_value', 'NONE');
#11700 = UNCERTAINTY_MEASURE_WITH_UNIT (LENGTH_MEASURE( 1.000000000000000082E-05 ), #3972, 'distance_accuracy_value', 'NONE');
#11701 = COLOUR_RGB ( '',1.000000000000000000, 1.000000000000000000, 1.000000000000000000 ) ;
#11702 = LINE ( 'NONE', #2504, #6094 ) ;
#11703 = EDGE_CURVE ( 'NONE', #974, #3185, #7916, .T. ) ;
#11704 = SURFACE_STYLE_FILL_AREA ( #5451 ) ;
#11705 = ORIENTED_EDGE ( 'NONE', *, *, #1670, .T. ) ;
#11706 = STYLED_ITEM ( 'NONE', ( #6319 ), #9665 ) ;
#11707 =( GEOMETRIC_REPRESENTATION_CONTEXT ( 3 ) GLOBAL_UNCERTAINTY_ASSIGNED_CONTEXT ( ( #1364 ) ) GLOBAL_UNIT_ASSIGNED_CONTEXT ( ( #5667, #1391, #2424 ) ) REPRESENTATION_CONTEXT ( 'NONE', 'WORKASPACE' ) );
#11708 = VECTOR ( 'NONE', #8405, 1000.000000000000000 ) ;
#11709 = ORIENTED_EDGE ( 'NONE', *, *, #13013, .F. ) ;
#11710 = PRESENTATION_LAYER_ASSIGNMENT (  '', '', ( #9633 ) ) ;
#11711 = ADVANCED_FACE ( 'NONE', ( #3083 ), #1448, .F. ) ;
#11712 = CARTESIAN_POINT ( 'NONE',  ( 0.2101973270675033534, -1.039999999999999147, 2.688210421060323707 ) ) ;
#11713 = ORIENTED_EDGE ( 'NONE', *, *, #6631, .T. ) ;
#11714 = SURFACE_STYLE_USAGE ( .BOTH. , #10637 ) ;
#11715 = PRESENTATION_STYLE_ASSIGNMENT (( #6098 ) ) ;
#11716 = VERTEX_POINT ( 'NONE', #5496 ) ;
#11717 = DIRECTION ( 'NONE',  ( -1.000000000000000000, -0.000000000000000000, 1.734723475976807094E-15 ) ) ;
#11718 = AXIS2_PLACEMENT_3D ( 'NONE', #689, #9833, #1747 ) ;
#11719 = MECHANICAL_DESIGN_GEOMETRIC_PRESENTATION_REPRESENTATION (  '', ( #28 ), #3474 ) ;
#11720 = SURFACE_SIDE_STYLE ('',( #10991 ) ) ;
#11721 = EDGE_CURVE ( 'NONE', #3127, #11554, #12051, .T. ) ;
#11722 = SURFACE_STYLE_USAGE ( .BOTH. , #5522 ) ;
#11723 = VECTOR ( 'NONE', #11100, 1000.000000000000000 ) ;
#11724 = ORIENTED_EDGE ( 'NONE', *, *, #3571, .F. ) ;
#11725 =( NAMED_UNIT ( * ) SI_UNIT ( $, .STERADIAN. ) SOLID_ANGLE_UNIT ( ) );
#11726 = PRESENTATION_STYLE_ASSIGNMENT (( #9898 ) ) ;
#11727 = MECHANICAL_DESIGN_GEOMETRIC_PRESENTATION_REPRESENTATION (  '', ( #1170 ), #3729 ) ;
#11728 = ORIENTED_EDGE ( 'NONE', *, *, #9361, .T. ) ;
#11729 = PRESENTATION_LAYER_ASSIGNMENT (  '', '', ( #8635 ) ) ;
#11730 =( NAMED_UNIT ( * ) PLANE_ANGLE_UNIT ( ) SI_UNIT ( $, .RADIAN. ) );
#11731 = CARTESIAN_POINT ( 'NONE',  ( -0.6176470588235296599, 0.1205882352941173435, 3.574999999999998845 ) ) ;
#11732 = AXIS2_PLACEMENT_3D ( 'NONE', #13182, #7099, #3943 ) ;
#11733 = SURFACE_STYLE_USAGE ( .BOTH. , #6578 ) ;
#11734 = CARTESIAN_POINT ( 'NONE',  ( 1.500000000000000000, -0.8480000000000001981, -3.572999999999995957 ) ) ;
#11735 = VERTEX_POINT ( 'NONE', #5547 ) ;
#11736 = LINE ( 'NONE', #2233, #1643 ) ;
#11737 = COLOUR_RGB ( '',1.000000000000000000, 1.000000000000000000, 1.000000000000000000 ) ;
#11738 = VECTOR ( 'NONE', #2005, 1000.000000000000000 ) ;
#11739 = FILL_AREA_STYLE_COLOUR ( '', #412 ) ;
#11740 =( LENGTH_UNIT ( ) NAMED_UNIT ( * ) SI_UNIT ( .MILLI., .METRE. ) );
#11741 = ORIENTED_EDGE ( 'NONE', *, *, #12686, .T. ) ;
#11742 = DIRECTION ( 'NONE',  ( 6.573332287317804532E-15, 0.000000000000000000, 1.000000000000000000 ) ) ;
#11743 = EDGE_CURVE ( 'NONE', #6766, #10846, #6124, .T. ) ;
#11744 = CARTESIAN_POINT ( 'NONE',  ( -2.550000000000000266, -0.6000000000000094147, 0.8309401076758483606 ) ) ;
#11745 = DIRECTION ( 'NONE',  ( -6.994852725712935172E-17, -3.497426362856467586E-17, 1.000000000000000000 ) ) ;
#11746 = CARTESIAN_POINT ( 'NONE',  ( -0.2326411701485553984, -1.039999999999999147, 2.864768817329522932 ) ) ;
#11747 = VECTOR ( 'NONE', #13008, 1000.000000000000000 ) ;
#11748 = ORIENTED_EDGE ( 'NONE', *, *, #7094, .F. ) ;
#11749 = FILL_AREA_STYLE ('',( #429 ) ) ;
#11750 = AXIS2_PLACEMENT_3D ( 'NONE', #8784, #2473, #5578 ) ;
#11751 = ORIENTED_EDGE ( 'NONE', *, *, #6574, .T. ) ;
#11752 = LINE ( 'NONE', #8235, #11122 ) ;
#11753 = CARTESIAN_POINT ( 'NONE',  ( -2.750000000000000000, 0.05000000000000275752, -3.824999999999998845 ) ) ;
#11754 = ORIENTED_EDGE ( 'NONE', *, *, #6877, .T. ) ;
#11755 = SURFACE_STYLE_USAGE ( .BOTH. , #4572 ) ;
#11756 = AXIS2_PLACEMENT_3D ( 'NONE', #564, #9810, #9850 ) ;
#11757 = ORIENTED_EDGE ( 'NONE', *, *, #10296, .T. ) ;
#11758 = FILL_AREA_STYLE_COLOUR ( '', #7382 ) ;
#11759 = PLANE ( 'NONE',  #2132 ) ;
#11760 = EDGE_CURVE ( 'NONE', #7874, #8450, #4835, .T. ) ;
#11761 = ADVANCED_FACE ( 'NONE', ( #12546 ), #7689, .F. ) ;
#11762 = SURFACE_STYLE_FILL_AREA ( #11768 ) ;
#11763 = FACE_BOUND ( 'NONE', #9283, .T. ) ;
#11764 =( LENGTH_UNIT ( ) NAMED_UNIT ( * ) SI_UNIT ( .MILLI., .METRE. ) );
#11765 =( LENGTH_UNIT ( ) NAMED_UNIT ( * ) SI_UNIT ( .MILLI., .METRE. ) );
#11766 = ORIENTED_EDGE ( 'NONE', *, *, #11336, .F. ) ;
#11767 = VERTEX_POINT ( 'NONE', #12640 ) ;
#11768 = FILL_AREA_STYLE ('',( #7764 ) ) ;
#11769 = AXIS2_PLACEMENT_3D ( 'NONE', #5456, #8572, #8529 ) ;
#11770 = UNCERTAINTY_MEASURE_WITH_UNIT (LENGTH_MEASURE( 1.000000000000000082E-05 ), #3767, 'distance_accuracy_value', 'NONE');
#11771 = DIRECTION ( 'NONE',  ( -1.000000000000000000, -0.000000000000000000, -0.000000000000000000 ) ) ;
#11772 = AXIS2_PLACEMENT_3D ( 'NONE', #9284, #2939, #1107 ) ;
#11773 = STYLED_ITEM ( 'NONE', ( #8298 ), #4356 ) ;
#11774 = PRESENTATION_STYLE_ASSIGNMENT (( #1208 ) ) ;
#11775 = ADVANCED_FACE ( 'NONE', ( #8541 ), #6498, .F. ) ;
#11776 = SURFACE_SIDE_STYLE ('',( #12342 ) ) ;
#11777 = VERTEX_POINT ( 'NONE', #8791 ) ;
#11778 =( LENGTH_UNIT ( ) NAMED_UNIT ( * ) SI_UNIT ( .MILLI., .METRE. ) );
#11779 = CARTESIAN_POINT ( 'NONE',  ( -0.4876785292598742605, -1.049999999999999156, 2.413550568363380666 ) ) ;
#11780 = ORIENTED_EDGE ( 'NONE', *, *, #4088, .F. ) ;
#11781 = SURFACE_STYLE_USAGE ( .BOTH. , #7735 ) ;
#11782 = SURFACE_SIDE_STYLE ('',( #10069 ) ) ;
#11783 = STYLED_ITEM ( 'NONE', ( #10143 ), #9820 ) ;
#11784 =( NAMED_UNIT ( * ) SI_UNIT ( $, .STERADIAN. ) SOLID_ANGLE_UNIT ( ) );
#11785 = DIRECTION ( 'NONE',  ( -0.000000000000000000, -0.000000000000000000, -1.000000000000000000 ) ) ;
#11786 = AXIS2_PLACEMENT_3D ( 'NONE', #1508, #8814, #4674 ) ;
#11787 =( NAMED_UNIT ( * ) SI_UNIT ( $, .STERADIAN. ) SOLID_ANGLE_UNIT ( ) );
#11788 = LINE ( 'NONE', #241, #6343 ) ;
#11789 = LINE ( 'NONE', #8964, #6011 ) ;
#11790 = ORIENTED_EDGE ( 'NONE', *, *, #4503, .F. ) ;
#11791 = EDGE_CURVE ( 'NONE', #11735, #10755, #10946, .T. ) ;
#11792 = UNCERTAINTY_MEASURE_WITH_UNIT (LENGTH_MEASURE( 1.000000000000000082E-05 ), #1227, 'distance_accuracy_value', 'NONE');
#11793 = LINE ( 'NONE', #6470, #7963 ) ;
#11794 = VECTOR ( 'NONE', #428, 1000.000000000000000 ) ;
#11795 = CARTESIAN_POINT ( 'NONE',  ( 0.2600353775548658875, -1.039999999999999147, 3.124166730570996364 ) ) ;
#11796 = VERTEX_POINT ( 'NONE', #3751 ) ;
#11797 = DIRECTION ( 'NONE',  ( -0.000000000000000000, 1.000000000000000000, -0.000000000000000000 ) ) ;
#11798 = LINE ( 'NONE', #2270, #7969 ) ;
#11799 = MECHANICAL_DESIGN_GEOMETRIC_PRESENTATION_REPRESENTATION (  '', ( #8122 ), #4665 ) ;
#11800 = STYLED_ITEM ( 'NONE', ( #3682 ), #4767 ) ;
#11801 = DIRECTION ( 'NONE',  ( -0.000000000000000000, -0.000000000000000000, 1.000000000000000000 ) ) ;
#11802 = EDGE_LOOP ( 'NONE', ( #1570, #11859, #831, #1691 ) ) ;
#11803 = EDGE_CURVE ( 'NONE', #12825, #10854, #10450, .T. ) ;
#11804 = LINE ( 'NONE', #8507, #3142 ) ;
#11805 = ORIENTED_EDGE ( 'NONE', *, *, #6452, .T. ) ;
#11806 = SURFACE_SIDE_STYLE ('',( #3012 ) ) ;
#11807 = FILL_AREA_STYLE ('',( #9777 ) ) ;
#11808 = DIRECTION ( 'NONE',  ( 0.000000000000000000, -1.000000000000000000, 0.000000000000000000 ) ) ;
#11809 = ORIENTED_EDGE ( 'NONE', *, *, #7256, .T. ) ;
#11810 = EDGE_CURVE ( 'NONE', #11332, #567, #4677, .T. ) ;
#11811 = DIRECTION ( 'NONE',  ( -1.000000000000000000, 0.000000000000000000, -2.168404344971017545E-15 ) ) ;
#11812 = FILL_AREA_STYLE ('',( #4720 ) ) ;
#11813 = ORIENTED_EDGE ( 'NONE', *, *, #8304, .F. ) ;
#11814 = LINE ( 'NONE', #3809, #1730 ) ;
#11815 = CARTESIAN_POINT ( 'NONE',  ( -2.649999999999985256, -0.6000000000000094147, 0.3113248654051880004 ) ) ;
#11816 = COLOUR_RGB ( '',0.1098039215686274495, 0.1098039215686274495, 0.1098039215686274495 ) ;
#11817 = LINE ( 'NONE', #5535, #1073 ) ;
#11818 = ORIENTED_EDGE ( 'NONE', *, *, #675, .T. ) ;
#11819 = CARTESIAN_POINT ( 'NONE',  ( 1.750000000000032196, 0.8499999999999997558, -0.2499999999999966416 ) ) ;
#11820 = PLANE ( 'NONE',  #7802 ) ;
#11821 = VECTOR ( 'NONE', #6940, 1000.000000000000000 ) ;
#11822 = DIRECTION ( 'NONE',  ( -1.000000000000000000, 0.000000000000000000, 0.000000000000000000 ) ) ;
#11823 = SURFACE_SIDE_STYLE ('',( #6344 ) ) ;
#11824 = DIRECTION ( 'NONE',  ( 1.000000000000000000, 0.000000000000000000, 0.000000000000000000 ) ) ;
#11825 = MECHANICAL_DESIGN_GEOMETRIC_PRESENTATION_REPRESENTATION (  '', ( #8581 ), #2391 ) ;
#11826 = VECTOR ( 'NONE', #822, 1000.000000000000000 ) ;
#11827 = EDGE_LOOP ( 'NONE', ( #2440, #12419, #182, #5640, #5355, #128, #1275, #2347, #3918, #2878, #6994, #9112 ) ) ;
#11828 = ORIENTED_EDGE ( 'NONE', *, *, #12128, .F. ) ;
#11829 = DIRECTION ( 'NONE',  ( -1.000000000000000000, 0.000000000000000000, -0.000000000000000000 ) ) ;
#11830 = DIRECTION ( 'NONE',  ( 0.000000000000000000, 1.000000000000000000, 5.421010862427526114E-16 ) ) ;
#11831 = VECTOR ( 'NONE', #10196, 1000.000000000000000 ) ;
#11832 = CARTESIAN_POINT ( 'NONE',  ( 0.2500000000000164868, 0.8499999999999999778, -2.250000000000000444 ) ) ;
#11833 = FACE_OUTER_BOUND ( 'NONE', #7499, .T. ) ;
#11834 = AXIS2_PLACEMENT_3D ( 'NONE', #1340, #11597, #8503 ) ;
#11835 = DIRECTION ( 'NONE',  ( 0.000000000000000000, 0.000000000000000000, 1.000000000000000000 ) ) ;
#11836 = DIRECTION ( 'NONE',  ( -0.000000000000000000, -0.000000000000000000, -1.000000000000000000 ) ) ;
#11837 = EDGE_CURVE ( 'NONE', #951, #3460, #8223, .T. ) ;
#11838 = ORIENTED_EDGE ( 'NONE', *, *, #7601, .F. ) ;
#11839 =( NAMED_UNIT ( * ) SI_UNIT ( $, .STERADIAN. ) SOLID_ANGLE_UNIT ( ) );
#11840 = SURFACE_STYLE_FILL_AREA ( #498 ) ;
#11841 = ORIENTED_EDGE ( 'NONE', *, *, #13032, .F. ) ;
#11842 = CARTESIAN_POINT ( 'NONE',  ( 0.7676435197039063185, -1.039999999999999147, 3.124166730570996364 ) ) ;
#11843 = LINE ( 'NONE', #1554, #7034 ) ;
#11844 = LINE ( 'NONE', #512, #4446 ) ;
#11845 = VERTEX_POINT ( 'NONE', #2606 ) ;
#11846 = ADVANCED_FACE ( 'NONE', ( #2285 ), #656, .F. ) ;
#11847 = CARTESIAN_POINT ( 'NONE',  ( -2.549999999999998490, 0.8249999999999992895, 2.200000000000000178 ) ) ;
#11848 = PLANE ( 'NONE',  #1220 ) ;
#11849 = PRESENTATION_LAYER_ASSIGNMENT (  '', '', ( #3165 ) ) ;
#11850 =( NAMED_UNIT ( * ) PLANE_ANGLE_UNIT ( ) SI_UNIT ( $, .RADIAN. ) );
#11851 = VECTOR ( 'NONE', #4107, 1000.000000000000000 ) ;
#11852 = SURFACE_STYLE_USAGE ( .BOTH. , #11720 ) ;
#11853 = ORIENTED_EDGE ( 'NONE', *, *, #6801, .F. ) ;
#11854 = VECTOR ( 'NONE', #12666, 1000.000000000000000 ) ;
#11855 = EDGE_LOOP ( 'NONE', ( #6266, #11385, #11302, #3348, #8553, #6005, #6804, #10694 ) ) ;
#11856 =( GEOMETRIC_REPRESENTATION_CONTEXT ( 3 ) GLOBAL_UNCERTAINTY_ASSIGNED_CONTEXT ( ( #10553 ) ) GLOBAL_UNIT_ASSIGNED_CONTEXT ( ( #4316, #7349, #11436 ) ) REPRESENTATION_CONTEXT ( 'NONE', 'WORKASPACE' ) );
#11857 = PRESENTATION_STYLE_ASSIGNMENT (( #4371 ) ) ;
#11858 = LINE ( 'NONE', #11632, #10741 ) ;
#11859 = ORIENTED_EDGE ( 'NONE', *, *, #756, .F. ) ;
#11860 = CARTESIAN_POINT ( 'NONE',  ( -2.552999999999998604, 2.050000000000049116, 2.799999999999999822 ) ) ;
#11861 = UNCERTAINTY_MEASURE_WITH_UNIT (LENGTH_MEASURE( 1.000000000000000082E-05 ), #4578, 'distance_accuracy_value', 'NONE');
#11862 = SURFACE_STYLE_USAGE ( .BOTH. , #1704 ) ;
#11863 = PRESENTATION_STYLE_ASSIGNMENT (( #9815 ) ) ;
#11864 = CARTESIAN_POINT ( 'NONE',  ( 2.499999999999992895, 0.8249999999999999556, -2.200000000000000178 ) ) ;
#11865 = SURFACE_STYLE_FILL_AREA ( #8131 ) ;
#11866 = FILL_AREA_STYLE ('',( #8610 ) ) ;
#11867 = EDGE_CURVE ( 'NONE', #7196, #12216, #3697, .T. ) ;
#11868 = LINE ( 'NONE', #12583, #5763 ) ;
#11869 = ORIENTED_EDGE ( 'NONE', *, *, #526, .F. ) ;
#11870 = FILL_AREA_STYLE ('',( #4690 ) ) ;
#11871 =( LENGTH_UNIT ( ) NAMED_UNIT ( * ) SI_UNIT ( .MILLI., .METRE. ) );
#11872 = STYLED_ITEM ( 'NONE', ( #10480 ), #11387 ) ;
#11873 =( GEOMETRIC_REPRESENTATION_CONTEXT ( 3 ) GLOBAL_UNCERTAINTY_ASSIGNED_CONTEXT ( ( #18 ) ) GLOBAL_UNIT_ASSIGNED_CONTEXT ( ( #901, #11128, #1948 ) ) REPRESENTATION_CONTEXT ( 'NONE', 'WORKASPACE' ) );
#11874 =( NAMED_UNIT ( * ) PLANE_ANGLE_UNIT ( ) SI_UNIT ( $, .RADIAN. ) );
#11875 = VECTOR ( 'NONE', #7104, 1000.000000000000000 ) ;
#11876 = ORIENTED_EDGE ( 'NONE', *, *, #1576, .T. ) ;
#11877 = EDGE_CURVE ( 'NONE', #171, #11927, #11261, .T. ) ;
#11878 = LINE ( 'NONE', #755, #8208 ) ;
#11879 = VECTOR ( 'NONE', #6048, 1000.000000000000000 ) ;
#11880 = ORIENTED_EDGE ( 'NONE', *, *, #4245, .T. ) ;
#11881 = CARTESIAN_POINT ( 'NONE',  ( 2.549999999999990941, 1.028000000000000025, -2.799999999999999822 ) ) ;
#11882 = AXIS2_PLACEMENT_3D ( 'NONE', #1776, #3937, #7045 ) ;
#11883 = PRESENTATION_LAYER_ASSIGNMENT (  '', '', ( #2528 ) ) ;
#11884 = LINE ( 'NONE', #5512, #2742 ) ;
#11885 = PRESENTATION_LAYER_ASSIGNMENT (  '', '', ( #8892 ) ) ;
#11886 = ORIENTED_EDGE ( 'NONE', *, *, #1166, .F. ) ;
#11887 = FILL_AREA_STYLE_COLOUR ( '', #6837 ) ;
#11888 = LINE ( 'NONE', #8574, #7904 ) ;
#11889 = SURFACE_STYLE_USAGE ( .BOTH. , #2656 ) ;
#11890 = DIRECTION ( 'NONE',  ( 1.000000000000000000, 0.000000000000000000, 0.000000000000000000 ) ) ;
#11891 = PRESENTATION_LAYER_ASSIGNMENT (  '', '', ( #12834 ) ) ;
#11892 = SURFACE_STYLE_FILL_AREA ( #12595 ) ;
#11893 = ORIENTED_EDGE ( 'NONE', *, *, #8014, .F. ) ;
#11894 = ADVANCED_FACE ( 'NONE', ( #9788 ), #6797, .F. ) ;
#11895 = EDGE_CURVE ( 'NONE', #1748, #12506, #11572, .T. ) ;
#11896 = CARTESIAN_POINT ( 'NONE',  ( -2.400000000000000355, 0.3000000000000023204, -3.099999999999995648 ) ) ;
#11897 =( LENGTH_UNIT ( ) NAMED_UNIT ( * ) SI_UNIT ( .MILLI., .METRE. ) );
#11898 = SURFACE_STYLE_FILL_AREA ( #627 ) ;
#11899 = SURFACE_STYLE_USAGE ( .BOTH. , #3738 ) ;
#11900 = ORIENTED_EDGE ( 'NONE', *, *, #10162, .F. ) ;
#11901 = LINE ( 'NONE', #9164, #3869 ) ;
#11902 = DIRECTION ( 'NONE',  ( 0.000000000000000000, -1.000000000000000000, 0.000000000000000000 ) ) ;
#11903 = FACE_OUTER_BOUND ( 'NONE', #8770, .T. ) ;
#11904 = ORIENTED_EDGE ( 'NONE', *, *, #3420, .T. ) ;
#11905 = LINE ( 'NONE', #9105, #5982 ) ;
#11906 = ORIENTED_EDGE ( 'NONE', *, *, #2062, .T. ) ;
#11907 =( GEOMETRIC_REPRESENTATION_CONTEXT ( 3 ) GLOBAL_UNCERTAINTY_ASSIGNED_CONTEXT ( ( #4709 ) ) GLOBAL_UNIT_ASSIGNED_CONTEXT ( ( #11765, #5800, #9781 ) ) REPRESENTATION_CONTEXT ( 'NONE', 'WORKASPACE' ) );
#11908 = SURFACE_STYLE_USAGE ( .BOTH. , #10882 ) ;
#11909 = ADVANCED_FACE ( 'NONE', ( #7078 ), #8925, .T. ) ;
#11910 = DIRECTION ( 'NONE',  ( -0.000000000000000000, 0.000000000000000000, -1.000000000000000000 ) ) ;
#11911 =( NAMED_UNIT ( * ) SI_UNIT ( $, .STERADIAN. ) SOLID_ANGLE_UNIT ( ) );
#11912 =( NAMED_UNIT ( * ) SI_UNIT ( $, .STERADIAN. ) SOLID_ANGLE_UNIT ( ) );
#11913 = VERTEX_POINT ( 'NONE', #12810 ) ;
#11914 = CARTESIAN_POINT ( 'NONE',  ( -2.649999999999984368, -0.1499999999999995226, 0.2154700538379264729 ) ) ;
#11915 =( LENGTH_UNIT ( ) NAMED_UNIT ( * ) SI_UNIT ( .MILLI., .METRE. ) );
#11916 = EDGE_CURVE ( 'NONE', #2242, #1937, #2736, .T. ) ;
#11917 = CARTESIAN_POINT ( 'NONE',  ( -2.549999999999998934, 1.027999999999999581, -0.2999999999999999334 ) ) ;
#11918 = VECTOR ( 'NONE', #5127, 1000.000000000000000 ) ;
#11919 = FILL_AREA_STYLE ('',( #8742 ) ) ;
#11920 = ORIENTED_EDGE ( 'NONE', *, *, #2511, .F. ) ;
#11921 =( NAMED_UNIT ( * ) SI_UNIT ( $, .STERADIAN. ) SOLID_ANGLE_UNIT ( ) );
#11922 =( LENGTH_UNIT ( ) NAMED_UNIT ( * ) SI_UNIT ( .MILLI., .METRE. ) );
#11923 = STYLED_ITEM ( 'NONE', ( #7199 ), #8092 ) ;
#11924 = DIRECTION ( 'NONE',  ( 0.000000000000000000, 1.000000000000000000, 0.000000000000000000 ) ) ;
#11925 = CARTESIAN_POINT ( 'NONE',  ( 2.750000000000000000, -1.049999999999999378, 3.500000000000006217 ) ) ;
#11926 = DIRECTION ( 'NONE',  ( 1.000000000000000000, 0.000000000000000000, 7.885106708985465615E-17 ) ) ;
#11927 = VERTEX_POINT ( 'NONE', #3790 ) ;
#11928 = MECHANICAL_DESIGN_GEOMETRIC_PRESENTATION_REPRESENTATION (  '', ( #7308 ), #10738 ) ;
#11929 = DIRECTION ( 'NONE',  ( -0.000000000000000000, -0.000000000000000000, -1.000000000000000000 ) ) ;
#11930 = DIRECTION ( 'NONE',  ( 0.000000000000000000, -1.000000000000000000, 0.000000000000000000 ) ) ;
#11931 = DIRECTION ( 'NONE',  ( -0.000000000000000000, -1.000000000000000000, -4.663235150475286828E-17 ) ) ;
#11932 = EDGE_CURVE ( 'NONE', #10471, #5668, #2913, .T. ) ;
#11933 =( LENGTH_UNIT ( ) NAMED_UNIT ( * ) SI_UNIT ( .MILLI., .METRE. ) );
#11934 = DIRECTION ( 'NONE',  ( 0.000000000000000000, -1.000000000000000000, 0.000000000000000000 ) ) ;
#11935 = UNCERTAINTY_MEASURE_WITH_UNIT (LENGTH_MEASURE( 1.000000000000000082E-05 ), #13001, 'distance_accuracy_value', 'NONE');
#11936 = FILL_AREA_STYLE ('',( #4772 ) ) ;
#11937 = LINE ( 'NONE', #11832, #13056 ) ;
#11938 = UNCERTAINTY_MEASURE_WITH_UNIT (LENGTH_MEASURE( 1.000000000000000082E-05 ), #8979, 'distance_accuracy_value', 'NONE');
#11939 = VECTOR ( 'NONE', #3120, 1000.000000000000000 ) ;
#11940 = CLOSED_SHELL ( 'NONE', ( #6644, #8373, #4990, #1023, #4493, #7617, #10909, #4839, #7345, #6785, #13291 ) ) ;
#11941 = VECTOR ( 'NONE', #10384, 1000.000000000000000 ) ;
#11942 = MECHANICAL_DESIGN_GEOMETRIC_PRESENTATION_REPRESENTATION (  '', ( #3010 ), #9870 ) ;
#11943 = SURFACE_STYLE_FILL_AREA ( #10719 ) ;
#11944 = ORIENTED_EDGE ( 'NONE', *, *, #6822, .T. ) ;
#11945 = EDGE_CURVE ( 'NONE', #8440, #2563, #10119, .T. ) ;
#11946 = CARTESIAN_POINT ( 'NONE',  ( -2.549999999999975397, -0.1499999999999995226, -0.6999999999999979572 ) ) ;
#11947 = EDGE_CURVE ( 'NONE', #592, #9696, #5778, .T. ) ;
#11948 = DIRECTION ( 'NONE',  ( 0.000000000000000000, 0.000000000000000000, -1.000000000000000000 ) ) ;
#11949 = AXIS2_PLACEMENT_3D ( 'NONE', #1449, #4517, #9523 ) ;
#11950 = PRESENTATION_LAYER_ASSIGNMENT (  '', '', ( #10151 ) ) ;
#11951 = DIRECTION ( 'NONE',  ( 0.000000000000000000, 0.000000000000000000, -1.000000000000000000 ) ) ;
#11952 = LINE ( 'NONE', #7819, #12750 ) ;
#11953 = ORIENTED_EDGE ( 'NONE', *, *, #4563, .T. ) ;
#11954 = CARTESIAN_POINT ( 'NONE',  ( 1.750000000000084599, 0.8499999999999995337, 2.250000000000006217 ) ) ;
#11955 = DIRECTION ( 'NONE',  ( -1.000000000000000000, -0.000000000000000000, -0.000000000000000000 ) ) ;
#11956 = UNCERTAINTY_MEASURE_WITH_UNIT (LENGTH_MEASURE( 1.000000000000000082E-05 ), #10580, 'distance_accuracy_value', 'NONE');
#11957 = ORIENTED_EDGE ( 'NONE', *, *, #7620, .T. ) ;
#11958 = ORIENTED_EDGE ( 'NONE', *, *, #7161, .T. ) ;
#11959 = PLANE ( 'NONE',  #389 ) ;
#11960 = COLOUR_RGB ( '',1.000000000000000000, 1.000000000000000000, 1.000000000000000000 ) ;
#11961 = CARTESIAN_POINT ( 'NONE',  ( 2.549999999999990941, 1.028000000000000025, -2.200000000000000178 ) ) ;
#11962 = ADVANCED_FACE ( 'NONE', ( #2592 ), #1985, .F. ) ;
#11963 = AXIS2_PLACEMENT_3D ( 'NONE', #9039, #1149, #3156 ) ;
#11964 = CARTESIAN_POINT ( 'NONE',  ( 2.750000000000000000, -0.04999999999999826111, -2.624999999999998668 ) ) ;
#11965 = AXIS2_PLACEMENT_3D ( 'NONE', #1423, #348, #8593 ) ;
#11966 = VECTOR ( 'NONE', #7998, 1000.000000000000000 ) ;
#11967 = EDGE_CURVE ( 'NONE', #3145, #4050, #2112, .T. ) ;
#11968 = DIRECTION ( 'NONE',  ( 0.000000000000000000, -1.000000000000000000, 0.000000000000000000 ) ) ;
#11969 = SURFACE_STYLE_FILL_AREA ( #5129 ) ;
#11970 = COLOUR_RGB ( '',1.000000000000000000, 1.000000000000000000, 1.000000000000000000 ) ;
#11971 = CARTESIAN_POINT ( 'NONE',  ( 2.749999999999983125, -0.1499999999999995226, 0.6999999999999979572 ) ) ;
#11972 = VECTOR ( 'NONE', #4567, 1000.000000000000000 ) ;
#11973 = PRESENTATION_LAYER_ASSIGNMENT (  '', '', ( #10165 ) ) ;
#11974 = SURFACE_SIDE_STYLE ('',( #9604 ) ) ;
#11975 = EDGE_CURVE ( 'NONE', #12081, #10097, #11080, .T. ) ;
#11976 = ADVANCED_FACE ( 'NONE', ( #802 ), #12007, .F. ) ;
#11977 = FILL_AREA_STYLE_COLOUR ( '', #1770 ) ;
#11978 = ORIENTED_EDGE ( 'NONE', *, *, #6497, .F. ) ;
#11979 = COLOUR_RGB ( '',1.000000000000000000, 1.000000000000000000, 1.000000000000000000 ) ;
#11980 = PLANE ( 'NONE',  #1919 ) ;
#11981 = SURFACE_STYLE_FILL_AREA ( #9949 ) ;
#11982 = DIRECTION ( 'NONE',  ( 0.000000000000000000, -6.776263578034472970E-17, 1.000000000000000000 ) ) ;
#11983 = STYLED_ITEM ( 'NONE', ( #10262 ), #1572 ) ;
#11984 = ORIENTED_EDGE ( 'NONE', *, *, #3794, .T. ) ;
#11985 =( NAMED_UNIT ( * ) PLANE_ANGLE_UNIT ( ) SI_UNIT ( $, .RADIAN. ) );
#11986 = ORIENTED_EDGE ( 'NONE', *, *, #347, .F. ) ;
#11987 = FACE_OUTER_BOUND ( 'NONE', #10427, .T. ) ;
#11988 =( NAMED_UNIT ( * ) SI_UNIT ( $, .STERADIAN. ) SOLID_ANGLE_UNIT ( ) );
#11989 = FACE_OUTER_BOUND ( 'NONE', #8430, .T. ) ;
#11990 = SURFACE_SIDE_STYLE ('',( #10940 ) ) ;
#11991 = CARTESIAN_POINT ( 'NONE',  ( 2.750000000000000000, 0.05000000000000181383, 3.825000000000005507 ) ) ;
#11992 = CARTESIAN_POINT ( 'NONE',  ( -2.749999999999977796, -0.1499999999999995226, -0.3041451884327325272 ) ) ;
#11993 = CIRCLE ( 'NONE', #9295, 0.002999999999999964501 ) ;
#11994 = EDGE_CURVE ( 'NONE', #8520, #7141, #2428, .T. ) ;
#11995 = EDGE_LOOP ( 'NONE', ( #8259, #13199, #7202, #11588 ) ) ;
#11996 = PRESENTATION_STYLE_ASSIGNMENT (( #12976 ) ) ;
#11997 = DIRECTION ( 'NONE',  ( -1.000000000000000000, 0.000000000000000000, 0.000000000000000000 ) ) ;
#11998 = CARTESIAN_POINT ( 'NONE',  ( 2.549999999999990941, 1.027999999999999581, -0.2999999999999999334 ) ) ;
#11999 = SURFACE_STYLE_USAGE ( .BOTH. , #3748 ) ;
#12000 = SURFACE_SIDE_STYLE ('',( #5680 ) ) ;
#12001 = DIRECTION ( 'NONE',  ( -0.000000000000000000, -0.000000000000000000, -1.000000000000000000 ) ) ;
#12002 = CARTESIAN_POINT ( 'NONE',  ( 0.2500000000000164868, 1.049999999999999600, 2.250000000000006217 ) ) ;
#12003 = MECHANICAL_DESIGN_GEOMETRIC_PRESENTATION_REPRESENTATION (  '', ( #1538 ), #2222 ) ;
#12004 = PRESENTATION_STYLE_ASSIGNMENT (( #8657 ) ) ;
#12005 = ORIENTED_EDGE ( 'NONE', *, *, #12539, .T. ) ;
#12006 = SURFACE_SIDE_STYLE ('',( #12682 ) ) ;
#12007 = PLANE ( 'NONE',  #5026 ) ;
#12008 = SURFACE_SIDE_STYLE ('',( #1041 ) ) ;
#12009 = LINE ( 'NONE', #1377, #12328 ) ;
#12010 = VECTOR ( 'NONE', #1645, 1000.000000000000000 ) ;
#12011 = PRESENTATION_STYLE_ASSIGNMENT (( #12719 ) ) ;
#12012 = ORIENTED_EDGE ( 'NONE', *, *, #5071, .T. ) ;
#12013 = STYLED_ITEM ( 'NONE', ( #9787 ), #2678 ) ;
#12014 = FILL_AREA_STYLE ('',( #3980 ) ) ;
#12015 = EDGE_CURVE ( 'NONE', #9797, #6990, #2577, .T. ) ;
#12016 = SURFACE_STYLE_FILL_AREA ( #7836 ) ;
#12017 = VECTOR ( 'NONE', #12206, 1000.000000000000000 ) ;
#12018 = VERTEX_POINT ( 'NONE', #796 ) ;
#12019 = ORIENTED_EDGE ( 'NONE', *, *, #6253, .T. ) ;
#12020 = DIRECTION ( 'NONE',  ( -1.000000000000000000, -0.000000000000000000, 1.734723475976807094E-15 ) ) ;
#12021 = SURFACE_SIDE_STYLE ('',( #12458 ) ) ;
#12022 = FILL_AREA_STYLE_COLOUR ( '', #12824 ) ;
#12023 = CIRCLE ( 'NONE', #4275, 0.002000000000000699135 ) ;
#12024 = SURFACE_SIDE_STYLE ('',( #9669 ) ) ;
#12025 = EDGE_LOOP ( 'NONE', ( #3975, #7476, #9364, #4253 ) ) ;
#12026 =( GEOMETRIC_REPRESENTATION_CONTEXT ( 3 ) GLOBAL_UNCERTAINTY_ASSIGNED_CONTEXT ( ( #8506 ) ) GLOBAL_UNIT_ASSIGNED_CONTEXT ( ( #697, #2774, #5768 ) ) REPRESENTATION_CONTEXT ( 'NONE', 'WORKASPACE' ) );
#12027 =( NAMED_UNIT ( * ) PLANE_ANGLE_UNIT ( ) SI_UNIT ( $, .RADIAN. ) );
#12028 = ADVANCED_FACE ( 'NONE', ( #4003 ), #3884, .F. ) ;
#12029 = DIRECTION ( 'NONE',  ( -1.000000000000000000, -0.000000000000000000, -0.000000000000000000 ) ) ;
#12030 = COLOUR_RGB ( '',1.000000000000000000, 1.000000000000000000, 1.000000000000000000 ) ;
#12031 = SURFACE_SIDE_STYLE ('',( #9902 ) ) ;
#12032 = SURFACE_SIDE_STYLE ('',( #3543 ) ) ;
#12033 = MECHANICAL_DESIGN_GEOMETRIC_PRESENTATION_REPRESENTATION (  '', ( #9268 ), #4453 ) ;
#12034 = AXIS2_PLACEMENT_3D ( 'NONE', #5566, #2496, #5438 ) ;
#12035 = ORIENTED_EDGE ( 'NONE', *, *, #6311, .F. ) ;
#12036 = UNCERTAINTY_MEASURE_WITH_UNIT (LENGTH_MEASURE( 1.000000000000000082E-05 ), #6310, 'distance_accuracy_value', 'NONE');
#12037 = CARTESIAN_POINT ( 'NONE',  ( 2.350000000000000089, 0.05000000000000273670, 3.574999999999997957 ) ) ;
#12038 = VECTOR ( 'NONE', #11279, 999.9999999999998863 ) ;
#12039 = ORIENTED_EDGE ( 'NONE', *, *, #185, .F. ) ;
#12040 = SURFACE_STYLE_FILL_AREA ( #12014 ) ;
#12041 = VECTOR ( 'NONE', #12056, 1000.000000000000000 ) ;
#12042 = ORIENTED_EDGE ( 'NONE', *, *, #873, .F. ) ;
#12043 =( NAMED_UNIT ( * ) PLANE_ANGLE_UNIT ( ) SI_UNIT ( $, .RADIAN. ) );
#12044 = CARTESIAN_POINT ( 'NONE',  ( 0.4514923337687044569, -1.049999999999999156, 2.586871583535974572 ) ) ;
#12045 = LINE ( 'NONE', #12474, #8215 ) ;
#12046 = PRESENTATION_STYLE_ASSIGNMENT (( #9276 ) ) ;
#12047 = SURFACE_STYLE_FILL_AREA ( #11936 ) ;
#12048 = DIRECTION ( 'NONE',  ( 0.000000000000000000, -0.000000000000000000, 1.000000000000000000 ) ) ;
#12049 = ORIENTED_EDGE ( 'NONE', *, *, #1720, .T. ) ;
#12050 = EDGE_CURVE ( 'NONE', #6990, #12933, #7567, .T. ) ;
#12051 = CIRCLE ( 'NONE', #12659, 0.4000000000000005218 ) ;
#12052 = ORIENTED_EDGE ( 'NONE', *, *, #2322, .T. ) ;
#12053 = DIRECTION ( 'NONE',  ( 0.000000000000000000, 0.000000000000000000, 1.000000000000000000 ) ) ;
#12054 = DIRECTION ( 'NONE',  ( 1.000000000000000000, 0.000000000000000000, 0.000000000000000000 ) ) ;
#12055 = MECHANICAL_DESIGN_GEOMETRIC_PRESENTATION_REPRESENTATION (  '', ( #5343 ), #12735 ) ;
#12056 = DIRECTION ( 'NONE',  ( 1.000000000000000000, 0.000000000000000000, -1.734723475976807094E-15 ) ) ;
#12057 = EDGE_CURVE ( 'NONE', #4413, #12393, #472, .T. ) ;
#12058 = ORIENTED_EDGE ( 'NONE', *, *, #9527, .F. ) ;
#12059 = PLANE ( 'NONE',  #8882 ) ;
#12060 = CARTESIAN_POINT ( 'NONE',  ( -1.749999999999999112, 0.8499999999999995337, 2.250000000000007105 ) ) ;
#12061 = VECTOR ( 'NONE', #6875, 1000.000000000000000 ) ;
#12062 = AXIS2_PLACEMENT_3D ( 'NONE', #3409, #10572, #8613 ) ;
#12063 = AXIS2_PLACEMENT_3D ( 'NONE', #4111, #5171, #1000 ) ;
#12064 = DIRECTION ( 'NONE',  ( 1.000000000000000000, 0.000000000000000000, -1.734723475976807094E-15 ) ) ;
#12065 = VERTEX_POINT ( 'NONE', #5354 ) ;
#12066 = EDGE_CURVE ( 'NONE', #8219, #12601, #7732, .T. ) ;
#12067 =( NAMED_UNIT ( * ) SI_UNIT ( $, .STERADIAN. ) SOLID_ANGLE_UNIT ( ) );
#12068 =( LENGTH_UNIT ( ) NAMED_UNIT ( * ) SI_UNIT ( .MILLI., .METRE. ) );
#12069 = CARTESIAN_POINT ( 'NONE',  ( -2.552999999999999048, 1.028000000000000025, -2.200000000000000178 ) ) ;
#12070 =( LENGTH_UNIT ( ) NAMED_UNIT ( * ) SI_UNIT ( .MILLI., .METRE. ) );
#12071 = SURFACE_SIDE_STYLE ('',( #6300 ) ) ;
#12072 =( NAMED_UNIT ( * ) PLANE_ANGLE_UNIT ( ) SI_UNIT ( $, .RADIAN. ) );
#12073 = PRESENTATION_LAYER_ASSIGNMENT (  '', '', ( #7352 ) ) ;
#12074 = ORIENTED_EDGE ( 'NONE', *, *, #5102, .T. ) ;
#12075 = CARTESIAN_POINT ( 'NONE',  ( -2.552999999999999048, 2.050000000000049560, -2.200000000000000178 ) ) ;
#12076 = VERTEX_POINT ( 'NONE', #7120 ) ;
#12077 = SURFACE_STYLE_FILL_AREA ( #5103 ) ;
#12078 = CYLINDRICAL_SURFACE ( 'NONE', #257, 0.1999999999999998723 ) ;
#12079 = EDGE_CURVE ( 'NONE', #2544, #3935, #1947, .T. ) ;
#12080 = CARTESIAN_POINT ( 'NONE',  ( -0.2130186765629382140, -1.039999999999999147, 2.751416432946642399 ) ) ;
#12081 = VERTEX_POINT ( 'NONE', #4325 ) ;
#12082 = VECTOR ( 'NONE', #11458, 1000.000000000000227 ) ;
#12083 = DIRECTION ( 'NONE',  ( -1.000000000000000000, -0.000000000000000000, -0.000000000000000000 ) ) ;
#12084 =( LENGTH_UNIT ( ) NAMED_UNIT ( * ) SI_UNIT ( .MILLI., .METRE. ) );
#12085 = ORIENTED_EDGE ( 'NONE', *, *, #8558, .T. ) ;
#12086 = AXIS2_PLACEMENT_3D ( 'NONE', #5599, #7701, #3284 ) ;
#12087 =( NAMED_UNIT ( * ) PLANE_ANGLE_UNIT ( ) SI_UNIT ( $, .RADIAN. ) );
#12088 = LINE ( 'NONE', #1824, #8884 ) ;
#12089 = EDGE_LOOP ( 'NONE', ( #1068, #4063, #847, #8919 ) ) ;
#12090 = PLANE ( 'NONE',  #4936 ) ;
#12091 = VERTEX_POINT ( 'NONE', #5401 ) ;
#12092 = DIRECTION ( 'NONE',  ( -0.000000000000000000, 4.336808689942021187E-16, -1.000000000000000000 ) ) ;
#12093 = SURFACE_STYLE_USAGE ( .BOTH. , #1845 ) ;
#12094 = MECHANICAL_DESIGN_GEOMETRIC_PRESENTATION_REPRESENTATION (  '', ( #10985 ), #6759 ) ;
#12095 = DIRECTION ( 'NONE',  ( -0.000000000000000000, -0.000000000000000000, -1.000000000000000000 ) ) ;
#12096 = CARTESIAN_POINT ( 'NONE',  ( -2.549999999999998934, 0.8249999999999996225, 0.2999999999999999334 ) ) ;
#12097 = EDGE_CURVE ( 'NONE', #6111, #8746, #9000, .T. ) ;
#12098 = CARTESIAN_POINT ( 'NONE',  ( -2.749999999999999556, -0.8499999999999990896, 1.850000000000000533 ) ) ;
#12099 = VECTOR ( 'NONE', #2520, 1000.000000000000000 ) ;
#12100 = VERTEX_POINT ( 'NONE', #1077 ) ;
#12101 = LINE ( 'NONE', #5194, #1690 ) ;
#12102 = VECTOR ( 'NONE', #8256, 999.9999999999998863 ) ;
#12103 = VERTEX_POINT ( 'NONE', #3082 ) ;
#12104 = FILL_AREA_STYLE ('',( #9056 ) ) ;
#12105 = VERTEX_POINT ( 'NONE', #2025 ) ;
#12106 = MECHANICAL_DESIGN_GEOMETRIC_PRESENTATION_REPRESENTATION (  '', ( #10216 ), #6015 ) ;
#12107 = DIRECTION ( 'NONE',  ( 0.2425356250363329969, -0.9701425001453319874, 0.000000000000000000 ) ) ;
#12108 =( NAMED_UNIT ( * ) SI_UNIT ( $, .STERADIAN. ) SOLID_ANGLE_UNIT ( ) );
#12109 =( NAMED_UNIT ( * ) SI_UNIT ( $, .STERADIAN. ) SOLID_ANGLE_UNIT ( ) );
#12110 = FILL_AREA_STYLE ('',( #11977 ) ) ;
#12111 = ADVANCED_FACE ( 'NONE', ( #1462 ), #12318, .F. ) ;
#12112 = DIRECTION ( 'NONE',  ( 0.000000000000000000, 0.000000000000000000, -1.000000000000000000 ) ) ;
#12113 = VECTOR ( 'NONE', #5632, 1000.000000000000000 ) ;
#12114 = EDGE_LOOP ( 'NONE', ( #10732, #2139, #10596, #2512 ) ) ;
#12115 = PLANE ( 'NONE',  #4478 ) ;
#12116 = CIRCLE ( 'NONE', #12983, 0.4000000000000016875 ) ;
#12117 = DIRECTION ( 'NONE',  ( 0.000000000000000000, 0.9590177080589008529, -0.2833461410174007988 ) ) ;
#12118 = SURFACE_STYLE_USAGE ( .BOTH. , #8900 ) ;
#12119 = EDGE_LOOP ( 'NONE', ( #10312, #9920, #11876, #676 ) ) ;
#12120 = FILL_AREA_STYLE ('',( #1914 ) ) ;
#12121 = CARTESIAN_POINT ( 'NONE',  ( 1.500000000000000000, 0.6499999999999998002, -3.574999999999997957 ) ) ;
#12122 = CARTESIAN_POINT ( 'NONE',  ( 0.000000000000000000, 0.3000000000000022093, 1.134630180508094445E-17 ) ) ;
#12123 = ORIENTED_EDGE ( 'NONE', *, *, #3065, .F. ) ;
#12124 = LINE ( 'NONE', #78, #6655 ) ;
#12125 = FILL_AREA_STYLE ('',( #4955 ) ) ;
#12126 = VECTOR ( 'NONE', #7479, 1000.000000000000000 ) ;
#12127 = EDGE_LOOP ( 'NONE', ( #11419, #2329, #3301, #3052, #7931, #3841, #12400, #10487 ) ) ;
#12128 = EDGE_CURVE ( 'NONE', #11927, #8910, #1124, .T. ) ;
#12129 = SURFACE_STYLE_USAGE ( .BOTH. , #5989 ) ;
#12130 = FACE_BOUND ( 'NONE', #9217, .T. ) ;
#12131 = ORIENTED_EDGE ( 'NONE', *, *, #5970, .T. ) ;
#12132 = LINE ( 'NONE', #209, #7977 ) ;
#12133 =( NAMED_UNIT ( * ) SI_UNIT ( $, .STERADIAN. ) SOLID_ANGLE_UNIT ( ) );
#12134 =( GEOMETRIC_REPRESENTATION_CONTEXT ( 3 ) GLOBAL_UNCERTAINTY_ASSIGNED_CONTEXT ( ( #7184 ) ) GLOBAL_UNIT_ASSIGNED_CONTEXT ( ( #3260, #4236, #5395 ) ) REPRESENTATION_CONTEXT ( 'NONE', 'WORKASPACE' ) );
#12135 = EDGE_CURVE ( 'NONE', #13132, #982, #4964, .T. ) ;
#12136 = FILL_AREA_STYLE_COLOUR ( '', #11605 ) ;
#12137 = COLOUR_RGB ( '',1.000000000000000000, 1.000000000000000000, 1.000000000000000000 ) ;
#12138 = SURFACE_SIDE_STYLE ('',( #2487 ) ) ;
#12139 = CARTESIAN_POINT ( 'NONE',  ( -2.752999999999999226, 2.050000000000049560, -2.200000000000000178 ) ) ;
#12140 = SURFACE_STYLE_USAGE ( .BOTH. , #3925 ) ;
#12141 = ORIENTED_EDGE ( 'NONE', *, *, #2861, .T. ) ;
#12142 =( GEOMETRIC_REPRESENTATION_CONTEXT ( 3 ) GLOBAL_UNCERTAINTY_ASSIGNED_CONTEXT ( ( #683 ) ) GLOBAL_UNIT_ASSIGNED_CONTEXT ( ( #2966, #8140, #7228 ) ) REPRESENTATION_CONTEXT ( 'NONE', 'WORKASPACE' ) );
#12143 = FILL_AREA_STYLE ('',( #13073 ) ) ;
#12144 = PRESENTATION_LAYER_ASSIGNMENT (  '', '', ( #4312 ) ) ;
#12145 = DIRECTION ( 'NONE',  ( 8.673617379884032317E-15, -1.000000000000000000, -0.000000000000000000 ) ) ;
#12146 =( GEOMETRIC_REPRESENTATION_CONTEXT ( 3 ) GLOBAL_UNCERTAINTY_ASSIGNED_CONTEXT ( ( #3726 ) ) GLOBAL_UNIT_ASSIGNED_CONTEXT ( ( #11933, #10002, #2701 ) ) REPRESENTATION_CONTEXT ( 'NONE', 'WORKASPACE' ) );
#12147 = PRESENTATION_STYLE_ASSIGNMENT (( #11450 ) ) ;
#12148 = SURFACE_STYLE_USAGE ( .BOTH. , #1813 ) ;
#12149 =( NAMED_UNIT ( * ) PLANE_ANGLE_UNIT ( ) SI_UNIT ( $, .RADIAN. ) );
#12150 = PRESENTATION_LAYER_ASSIGNMENT (  '', '', ( #628 ) ) ;
#12151 = AXIS2_PLACEMENT_3D ( 'NONE', #2808, #3781, #12048 ) ;
#12152 = CIRCLE ( 'NONE', #10430, 0.2030000000000000693 ) ;
#12153 = DIRECTION ( 'NONE',  ( -0.000000000000000000, 1.000000000000000000, 1.239088197126289831E-16 ) ) ;
#12154 = LINE ( 'NONE', #10101, #6689 ) ;
#12155 = ORIENTED_EDGE ( 'NONE', *, *, #9841, .F. ) ;
#12156 = DIRECTION ( 'NONE',  ( 0.000000000000000000, -4.663235150475286828E-17, 1.000000000000000000 ) ) ;
#12157 = ORIENTED_EDGE ( 'NONE', *, *, #4950, .T. ) ;
#12158 = CARTESIAN_POINT ( 'NONE',  ( 1.500000000000000000, -0.8499999999999978684, 3.500000000000006661 ) ) ;
#12159 = EDGE_CURVE ( 'NONE', #8031, #4511, #10411, .T. ) ;
#12160 = CARTESIAN_POINT ( 'NONE',  ( -1.500000000000000000, -1.050000000000000044, 3.099999999999995648 ) ) ;
#12161 = CARTESIAN_POINT ( 'NONE',  ( -0.4876785292598742605, -1.039999999999999147, 2.413550568363380666 ) ) ;
#12162 = DIRECTION ( 'NONE',  ( 0.000000000000000000, -1.000000000000000000, 0.000000000000000000 ) ) ;
#12163 =( NAMED_UNIT ( * ) SI_UNIT ( $, .STERADIAN. ) SOLID_ANGLE_UNIT ( ) );
#12164 = CARTESIAN_POINT ( 'NONE',  ( 2.750000000000000000, -1.050000000000000044, -3.500000000000000000 ) ) ;
#12165 = FILL_AREA_STYLE ('',( #3812 ) ) ;
#12166 = DIRECTION ( 'NONE',  ( 0.000000000000000000, 0.000000000000000000, -1.000000000000000000 ) ) ;
#12167 = VECTOR ( 'NONE', #5581, 1000.000000000000000 ) ;
#12168 = ORIENTED_EDGE ( 'NONE', *, *, #4950, .F. ) ;
#12169 = CARTESIAN_POINT ( 'NONE',  ( 1.500000000000000000, 0.05000000000000273670, 8.774999999999996803 ) ) ;
#12170 =( GEOMETRIC_REPRESENTATION_CONTEXT ( 3 ) GLOBAL_UNCERTAINTY_ASSIGNED_CONTEXT ( ( #941 ) ) GLOBAL_UNIT_ASSIGNED_CONTEXT ( ( #11897, #9866, #1561 ) ) REPRESENTATION_CONTEXT ( 'NONE', 'WORKASPACE' ) );
#12171 = ORIENTED_EDGE ( 'NONE', *, *, #8517, .T. ) ;
#12172 = FACE_OUTER_BOUND ( 'NONE', #1531, .T. ) ;
#12173 = FACE_OUTER_BOUND ( 'NONE', #2837, .T. ) ;
#12174 = ORIENTED_EDGE ( 'NONE', *, *, #12015, .F. ) ;
#12175 = DIRECTION ( 'NONE',  ( -0.000000000000000000, -1.000000000000000000, -0.000000000000000000 ) ) ;
#12176 = MECHANICAL_DESIGN_GEOMETRIC_PRESENTATION_REPRESENTATION (  '', ( #4409 ), #11059 ) ;
#12177 = CARTESIAN_POINT ( 'NONE',  ( 2.100000000000000089, -0.6999999999999977351, -2.899999999999995470 ) ) ;
#12178 = SURFACE_STYLE_FILL_AREA ( #5918 ) ;
#12179 = SURFACE_STYLE_USAGE ( .BOTH. , #3873 ) ;
#12180 = EDGE_CURVE ( 'NONE', #473, #10434, #2567, .T. ) ;
#12181 = LINE ( 'NONE', #2040, #6077 ) ;
#12182 = ADVANCED_FACE ( 'NONE', ( #8512 ), #10915, .F. ) ;
#12183 = VECTOR ( 'NONE', #1819, 1000.000000000000000 ) ;
#12184 = PRESENTATION_STYLE_ASSIGNMENT (( #8559 ) ) ;
#12185 = DIRECTION ( 'NONE',  ( -1.008560160451632221E-16, -3.782100601693620520E-17, 1.000000000000000000 ) ) ;
#12186 = SURFACE_SIDE_STYLE ('',( #4771 ) ) ;
#12187 = LINE ( 'NONE', #2419, #3506 ) ;
#12188 = CARTESIAN_POINT ( 'NONE',  ( 0.6635848415983804927, -1.039999999999999147, 2.947366081294554352 ) ) ;
#12189 = COLOUR_RGB ( '',1.000000000000000000, 1.000000000000000000, 1.000000000000000000 ) ;
#12190 = CLOSED_SHELL ( 'NONE', ( #8354, #11894, #11693, #6129, #384, #5787, #12835, #4159, #3170, #7473 ) ) ;
#12191 = PRESENTATION_LAYER_ASSIGNMENT (  '', '', ( #2066 ) ) ;
#12192 = CARTESIAN_POINT ( 'NONE',  ( -2.750000000000014655, -1.049999999999999378, 3.100000000000001421 ) ) ;
#12193 = VECTOR ( 'NONE', #9409, 1000.000000000000000 ) ;
#12194 = CARTESIAN_POINT ( 'NONE',  ( -1.249999999999999112, 0.8500000000000001998, -2.750000000000000000 ) ) ;
#12195 = UNCERTAINTY_MEASURE_WITH_UNIT (LENGTH_MEASURE( 1.000000000000000082E-05 ), #12505, 'distance_accuracy_value', 'NONE');
#12196 = FACE_OUTER_BOUND ( 'NONE', #11680, .T. ) ;
#12197 = ORIENTED_EDGE ( 'NONE', *, *, #4845, .F. ) ;
#12198 = STYLED_ITEM ( 'NONE', ( #11726 ), #2560 ) ;
#12199 = COLOUR_RGB ( '',0.1098039215686274495, 0.1098039215686274495, 0.1098039215686274495 ) ;
#12200 = LINE ( 'NONE', #475, #10582 ) ;
#12201 = ORIENTED_EDGE ( 'NONE', *, *, #5863, .T. ) ;
#12202 = EDGE_CURVE ( 'NONE', #5168, #12638, #13134, .T. ) ;
#12203 = DIRECTION ( 'NONE',  ( -0.000000000000000000, -0.000000000000000000, 1.000000000000000000 ) ) ;
#12204 =( NAMED_UNIT ( * ) PLANE_ANGLE_UNIT ( ) SI_UNIT ( $, .RADIAN. ) );
#12205 = DIRECTION ( 'NONE',  ( -1.000000000000000000, -0.000000000000000000, 1.734723475976807094E-15 ) ) ;
#12206 = DIRECTION ( 'NONE',  ( 1.000000000000000000, -0.000000000000000000, -0.000000000000000000 ) ) ;
#12207 = SURFACE_SIDE_STYLE ('',( #5953 ) ) ;
#12208 = PRESENTATION_STYLE_ASSIGNMENT (( #5876 ) ) ;
#12209 = VERTEX_POINT ( 'NONE', #358 ) ;
#12210 = FILL_AREA_STYLE_COLOUR ( '', #3570 ) ;
#12211 = CARTESIAN_POINT ( 'NONE',  ( 0.000000000000000000, -0.8499999999999976463, 0.000000000000000000 ) ) ;
#12212 = LINE ( 'NONE', #3008, #1312 ) ;
#12213 = MECHANICAL_DESIGN_GEOMETRIC_PRESENTATION_REPRESENTATION (  '', ( #4449 ), #7672 ) ;
#12214 = CARTESIAN_POINT ( 'NONE',  ( -1.249999999999999112, 1.049999999999999600, 2.250000000000006217 ) ) ;
#12215 = FILL_AREA_STYLE ('',( #13299 ) ) ;
#12216 = VERTEX_POINT ( 'NONE', #11682 ) ;
#12217 = LINE ( 'NONE', #4664, #10932 ) ;
#12218 = EDGE_CURVE ( 'NONE', #9526, #11580, #624, .T. ) ;
#12219 = LINE ( 'NONE', #12801, #3699 ) ;
#12220 = VERTEX_POINT ( 'NONE', #12760 ) ;
#12221 = DIRECTION ( 'NONE',  ( -1.000000000000000000, 0.000000000000000000, 0.000000000000000000 ) ) ;
#12222 = DIRECTION ( 'NONE',  ( -1.000000000000000000, 0.000000000000000000, 0.000000000000000000 ) ) ;
#12223 = SURFACE_STYLE_USAGE ( .BOTH. , #5044 ) ;
#12224 = STYLED_ITEM ( 'NONE', ( #5845 ), #10758 ) ;
#12225 = SURFACE_STYLE_FILL_AREA ( #11456 ) ;
#12226 = PRESENTATION_LAYER_ASSIGNMENT (  '', '', ( #4378 ) ) ;
#12227 = LINE ( 'NONE', #1291, #7575 ) ;
#12228 = ORIENTED_EDGE ( 'NONE', *, *, #946, .T. ) ;
#12229 = DIRECTION ( 'NONE',  ( -0.000000000000000000, 1.000000000000000000, 3.497426362856467586E-17 ) ) ;
#12230 = ORIENTED_EDGE ( 'NONE', *, *, #10717, .F. ) ;
#12231 = DIRECTION ( 'NONE',  ( -0.9899459214676544772, 0.000000000000000000, -0.1414463593365221095 ) ) ;
#12232 = PRESENTATION_LAYER_ASSIGNMENT (  '', '', ( #4386 ) ) ;
#12233 = MECHANICAL_DESIGN_GEOMETRIC_PRESENTATION_REPRESENTATION (  '', ( #10156 ), #979 ) ;
#12234 = SURFACE_SIDE_STYLE ('',( #25 ) ) ;
#12235 = EDGE_CURVE ( 'NONE', #12569, #2242, #11249, .T. ) ;
#12236 = FILL_AREA_STYLE_COLOUR ( '', #5187 ) ;
#12237 = COLOUR_RGB ( '',0.1098039215686274495, 0.1098039215686274495, 0.1098039215686274495 ) ;
#12238 = PRESENTATION_LAYER_ASSIGNMENT (  '', '', ( #8122 ) ) ;
#12239 = SURFACE_STYLE_FILL_AREA ( #10106 ) ;
#12240 = STYLED_ITEM ( 'NONE', ( #11542 ), #5053 ) ;
#12241 = ORIENTED_EDGE ( 'NONE', *, *, #9798, .F. ) ;
#12242 = CARTESIAN_POINT ( 'NONE',  ( -2.750000000000014655, -1.049999999999999156, -3.099999999999995648 ) ) ;
#12243 = LINE ( 'NONE', #6157, #9653 ) ;
#12244 = DIRECTION ( 'NONE',  ( 0.000000000000000000, 4.336808689942021187E-16, -1.000000000000000000 ) ) ;
#12245 = VERTEX_POINT ( 'NONE', #9699 ) ;
#12246 = EDGE_CURVE ( 'NONE', #4283, #2839, #8986, .T. ) ;
#12247 = FILL_AREA_STYLE ('',( #4796 ) ) ;
#12248 = ORIENTED_EDGE ( 'NONE', *, *, #9361, .F. ) ;
#12249 = CARTESIAN_POINT ( 'NONE',  ( -2.499999999999999112, 0.8249999999999999556, -2.200000000000000178 ) ) ;
#12250 = FACE_BOUND ( 'NONE', #13061, .T. ) ;
#12251 = ORIENTED_EDGE ( 'NONE', *, *, #9018, .T. ) ;
#12252 = DIRECTION ( 'NONE',  ( -0.000000000000000000, -1.000000000000000000, -7.228014483236731463E-15 ) ) ;
#12253 = DIRECTION ( 'NONE',  ( 0.000000000000000000, 0.000000000000000000, 1.000000000000000000 ) ) ;
#12254 = ADVANCED_FACE ( 'NONE', ( #454 ), #5142, .T. ) ;
#12255 =( NAMED_UNIT ( * ) SI_UNIT ( $, .STERADIAN. ) SOLID_ANGLE_UNIT ( ) );
#12256 = CARTESIAN_POINT ( 'NONE',  ( -2.549999999999998490, 1.027999999999999359, 2.200000000000000178 ) ) ;
#12257 = PLANE ( 'NONE',  #2350 ) ;
#12258 =( GEOMETRIC_REPRESENTATION_CONTEXT ( 3 ) GLOBAL_UNCERTAINTY_ASSIGNED_CONTEXT ( ( #10793 ) ) GLOBAL_UNIT_ASSIGNED_CONTEXT ( ( #2844, #2793, #1732 ) ) REPRESENTATION_CONTEXT ( 'NONE', 'WORKASPACE' ) );
#12259 =( NAMED_UNIT ( * ) PLANE_ANGLE_UNIT ( ) SI_UNIT ( $, .RADIAN. ) );
#12260 = SURFACE_STYLE_USAGE ( .BOTH. , #1056 ) ;
#12261 = SURFACE_STYLE_USAGE ( .BOTH. , #6252 ) ;
#12262 = COLOUR_RGB ( '',0.1098039215686274495, 0.1098039215686274495, 0.1098039215686274495 ) ;
#12263 = FACE_OUTER_BOUND ( 'NONE', #12830, .T. ) ;
#12264 = PRESENTATION_STYLE_ASSIGNMENT (( #8991 ) ) ;
#12265 = ORIENTED_EDGE ( 'NONE', *, *, #2829, .T. ) ;
#12266 = CARTESIAN_POINT ( 'NONE',  ( 2.750000000000000000, 1.049999999999999378, 3.500000000000006217 ) ) ;
#12267 = MECHANICAL_DESIGN_GEOMETRIC_PRESENTATION_REPRESENTATION (  '', ( #11583 ), #8406 ) ;
#12268 = CARTESIAN_POINT ( 'NONE',  ( 0.2500000000000164868, 0.8499999999999995337, 2.250000000000006217 ) ) ;
#12269 = LINE ( 'NONE', #4143, #9197 ) ;
#12270 = ORIENTED_EDGE ( 'NONE', *, *, #4174, .T. ) ;
#12271 =( NAMED_UNIT ( * ) PLANE_ANGLE_UNIT ( ) SI_UNIT ( $, .RADIAN. ) );
#12272 = LINE ( 'NONE', #4097, #4229 ) ;
#12273 = COLOUR_RGB ( '',0.1098039215686274495, 0.1098039215686274495, 0.1098039215686274495 ) ;
#12274 = ORIENTED_EDGE ( 'NONE', *, *, #11391, .T. ) ;
#12275 = AXIS2_PLACEMENT_3D ( 'NONE', #12060, #5965, #804 ) ;
#12276 = CARTESIAN_POINT ( 'NONE',  ( -0.6555158172688070328, -1.039999999999999147, 2.413550568363380666 ) ) ;
#12277 = EDGE_CURVE ( 'NONE', #5886, #6853, #6257, .T. ) ;
#12278 = DIRECTION ( 'NONE',  ( 0.000000000000000000, 0.000000000000000000, -1.000000000000000000 ) ) ;
#12279 = SURFACE_STYLE_USAGE ( .BOTH. , #5022 ) ;
#12280 = UNCERTAINTY_MEASURE_WITH_UNIT (LENGTH_MEASURE( 1.000000000000000082E-05 ), #13027, 'distance_accuracy_value', 'NONE');
#12281 = UNCERTAINTY_MEASURE_WITH_UNIT (LENGTH_MEASURE( 1.000000000000000082E-05 ), #7891, 'distance_accuracy_value', 'NONE');
#12282 = LINE ( 'NONE', #1623, #5847 ) ;
#12283 = ORIENTED_EDGE ( 'NONE', *, *, #1425, .F. ) ;
#12284 = SURFACE_STYLE_USAGE ( .BOTH. , #5116 ) ;
#12285 = MECHANICAL_DESIGN_GEOMETRIC_PRESENTATION_REPRESENTATION (  '', ( #7224 ), #12026 ) ;
#12286 = ORIENTED_EDGE ( 'NONE', *, *, #12651, .T. ) ;
#12287 = ORIENTED_EDGE ( 'NONE', *, *, #12704, .T. ) ;
#12288 = FILL_AREA_STYLE_COLOUR ( '', #5104 ) ;
#12289 = CARTESIAN_POINT ( 'NONE',  ( 2.399999999999999911, -0.8499999999999977573, 0.7750000000000007994 ) ) ;
#12290 = CARTESIAN_POINT ( 'NONE',  ( -2.752999999999998781, 1.027999999999999581, 0.2999999999999999334 ) ) ;
#12291 = MECHANICAL_DESIGN_GEOMETRIC_PRESENTATION_REPRESENTATION (  '', ( #773 ), #2595 ) ;
#12292 = PRESENTATION_LAYER_ASSIGNMENT (  '', '', ( #1743 ) ) ;
#12293 = DIRECTION ( 'NONE',  ( -1.000000000000000000, 0.000000000000000000, 0.000000000000000000 ) ) ;
#12294 = EDGE_LOOP ( 'NONE', ( #3679, #8307, #249, #2370 ) ) ;
#12295 = COLOUR_RGB ( '',0.1098039215686274495, 0.1098039215686274495, 0.1098039215686274495 ) ;
#12296 = DIRECTION ( 'NONE',  ( 0.000000000000000000, 0.000000000000000000, -1.000000000000000000 ) ) ;
#12297 = COLOUR_RGB ( '',1.000000000000000000, 1.000000000000000000, 1.000000000000000000 ) ;
#12298 = COLOUR_RGB ( '',1.000000000000000000, 1.000000000000000000, 1.000000000000000000 ) ;
#12299 = DIRECTION ( 'NONE',  ( 0.000000000000000000, 0.000000000000000000, 1.000000000000000000 ) ) ;
#12300 = SURFACE_SIDE_STYLE ('',( #6485 ) ) ;
#12301 = ORIENTED_EDGE ( 'NONE', *, *, #4819, .T. ) ;
#12302 = CARTESIAN_POINT ( 'NONE',  ( -2.249999999999984013, -0.6000000000000094147, 0.2154700538379264729 ) ) ;
#12303 = DIRECTION ( 'NONE',  ( -1.000000000000000000, -0.000000000000000000, -0.000000000000000000 ) ) ;
#12304 = EDGE_LOOP ( 'NONE', ( #11107, #4083, #6374, #5911 ) ) ;
#12305 = EDGE_CURVE ( 'NONE', #4810, #3897, #11702, .T. ) ;
#12306 = LINE ( 'NONE', #673, #9560 ) ;
#12307 = ORIENTED_EDGE ( 'NONE', *, *, #478, .T. ) ;
#12308 = AXIS2_PLACEMENT_3D ( 'NONE', #5445, #10558, #9512 ) ;
#12309 = MECHANICAL_DESIGN_GEOMETRIC_PRESENTATION_REPRESENTATION (  '', ( #9534 ), #8201 ) ;
#12310 = ORIENTED_EDGE ( 'NONE', *, *, #11306, .T. ) ;
#12311 = SURFACE_STYLE_FILL_AREA ( #8455 ) ;
#12312 = LINE ( 'NONE', #4268, #4431 ) ;
#12313 = ADVANCED_FACE ( 'NONE', ( #1780 ), #315, .F. ) ;
#12314 = EDGE_CURVE ( 'NONE', #12756, #10604, #12815, .T. ) ;
#12315 = SURFACE_STYLE_FILL_AREA ( #1317 ) ;
#12316 = FILL_AREA_STYLE_COLOUR ( '', #6489 ) ;
#12317 = AXIS2_PLACEMENT_3D ( 'NONE', #5602, #6683, #533 ) ;
#12318 = PLANE ( 'NONE',  #8299 ) ;
#12319 = CARTESIAN_POINT ( 'NONE',  ( -2.549999999999990941, -0.6000000000000094147, 0.8309401076758556881 ) ) ;
#12320 = EDGE_CURVE ( 'NONE', #2772, #12875, #12187, .T. ) ;
#12321 = ORIENTED_EDGE ( 'NONE', *, *, #12218, .F. ) ;
#12322 = SURFACE_STYLE_FILL_AREA ( #9199 ) ;
#12323 = PRESENTATION_LAYER_ASSIGNMENT (  '', '', ( #4684 ) ) ;
#12324 = SURFACE_STYLE_USAGE ( .BOTH. , #10353 ) ;
#12325 = EDGE_CURVE ( 'NONE', #7637, #4010, #9918, .T. ) ;
#12326 =( LENGTH_UNIT ( ) NAMED_UNIT ( * ) SI_UNIT ( .MILLI., .METRE. ) );
#12327 = DIRECTION ( 'NONE',  ( 1.000000000000000000, 0.000000000000000000, 0.000000000000000000 ) ) ;
#12328 = VECTOR ( 'NONE', #9594, 1000.000000000000000 ) ;
#12329 = SURFACE_STYLE_FILL_AREA ( #10939 ) ;
#12330 = SURFACE_STYLE_USAGE ( .BOTH. , #6061 ) ;
#12331 = DIRECTION ( 'NONE',  ( 0.000000000000000000, 0.000000000000000000, 1.000000000000000000 ) ) ;
#12332 = VECTOR ( 'NONE', #8858, 1000.000000000000000 ) ;
#12333 = SURFACE_STYLE_FILL_AREA ( #2556 ) ;
#12334 = ORIENTED_EDGE ( 'NONE', *, *, #11975, .T. ) ;
#12335 =( NAMED_UNIT ( * ) SI_UNIT ( $, .STERADIAN. ) SOLID_ANGLE_UNIT ( ) );
#12336 =( NAMED_UNIT ( * ) SI_UNIT ( $, .STERADIAN. ) SOLID_ANGLE_UNIT ( ) );
#12337 =( LENGTH_UNIT ( ) NAMED_UNIT ( * ) SI_UNIT ( .MILLI., .METRE. ) );
#12338 = DIRECTION ( 'NONE',  ( 0.000000000000000000, 0.000000000000000000, 1.000000000000000000 ) ) ;
#12339 = CARTESIAN_POINT ( 'NONE',  ( 1.500000000000000000, -1.050000000000000044, 3.099999999999995648 ) ) ;
#12340 = ORIENTED_EDGE ( 'NONE', *, *, #12581, .T. ) ;
#12341 = COLOUR_RGB ( '',0.1098039215686274495, 0.1098039215686274495, 0.1098039215686274495 ) ;
#12342 = SURFACE_STYLE_FILL_AREA ( #6617 ) ;
#12343 = VECTOR ( 'NONE', #6411, 1000.000000000000000 ) ;
#12344 = LINE ( 'NONE', #2208, #9600 ) ;
#12345 = VERTEX_POINT ( 'NONE', #12797 ) ;
#12346 = DIRECTION ( 'NONE',  ( -1.204669080539449344E-16, -0.000000000000000000, 1.000000000000000000 ) ) ;
#12347 = EDGE_CURVE ( 'NONE', #8717, #974, #12969, .T. ) ;
#12348 = UNCERTAINTY_MEASURE_WITH_UNIT (LENGTH_MEASURE( 1.000000000000000082E-05 ), #8181, 'distance_accuracy_value', 'NONE');
#12349 = UNCERTAINTY_MEASURE_WITH_UNIT (LENGTH_MEASURE( 1.000000000000000082E-05 ), #6507, 'distance_accuracy_value', 'NONE');
#12350 = CARTESIAN_POINT ( 'NONE',  ( -0.4179206746780296244, -1.049999999999999156, 2.864768817329522932 ) ) ;
#12351 = VECTOR ( 'NONE', #8757, 1000.000000000000000 ) ;
#12352 =( LENGTH_UNIT ( ) NAMED_UNIT ( * ) SI_UNIT ( .MILLI., .METRE. ) );
#12353 = ORIENTED_EDGE ( 'NONE', *, *, #8227, .T. ) ;
#12354 = DIRECTION ( 'NONE',  ( -0.000000000000000000, -1.000000000000000000, -0.000000000000000000 ) ) ;
#12355 = EDGE_LOOP ( 'NONE', ( #2318, #12706, #6072, #10212, #12174, #8528, #13108, #6095 ) ) ;
#12356 = ORIENTED_EDGE ( 'NONE', *, *, #5776, .F. ) ;
#12357 =( NAMED_UNIT ( * ) PLANE_ANGLE_UNIT ( ) SI_UNIT ( $, .RADIAN. ) );
#12358 = AXIS2_PLACEMENT_3D ( 'NONE', #4858, #10089, #2834 ) ;
#12359 = CARTESIAN_POINT ( 'NONE',  ( -1.500000000000000000, -0.8500000000000000888, 3.572999999999989740 ) ) ;
#12360 = COLOUR_RGB ( '',0.1098039215686274495, 0.1098039215686274495, 0.1098039215686274495 ) ;
#12361 = SURFACE_STYLE_FILL_AREA ( #4309 ) ;
#12362 = AXIS2_PLACEMENT_3D ( 'NONE', #5625, #4408, #10657 ) ;
#12363 = ORIENTED_EDGE ( 'NONE', *, *, #7508, .T. ) ;
#12364 = UNCERTAINTY_MEASURE_WITH_UNIT (LENGTH_MEASURE( 1.000000000000000082E-05 ), #4781, 'distance_accuracy_value', 'NONE');
#12365 = DIRECTION ( 'NONE',  ( -1.000000000000000000, -0.000000000000000000, 1.734723475976807094E-15 ) ) ;
#12366 = LINE ( 'NONE', #7096, #2269 ) ;
#12367 = EDGE_CURVE ( 'NONE', #9696, #10264, #3345, .T. ) ;
#12368 = COLOUR_RGB ( '',1.000000000000000000, 1.000000000000000000, 1.000000000000000000 ) ;
#12369 = CARTESIAN_POINT ( 'NONE',  ( 2.750000000000000000, -1.049999999999999378, 3.100000000000001421 ) ) ;
#12370 = VECTOR ( 'NONE', #5460, 1000.000000000000000 ) ;
#12371 = VERTEX_POINT ( 'NONE', #4728 ) ;
#12372 = PLANE ( 'NONE',  #37 ) ;
#12373 = PLANE ( 'NONE',  #3247 ) ;
#12374 = FILL_AREA_STYLE_COLOUR ( '', #12297 ) ;
#12375 = ADVANCED_FACE ( 'NONE', ( #8180 ), #8728, .T. ) ;
#12376 = DIRECTION ( 'NONE',  ( -1.000000000000000000, 0.000000000000000000, 0.000000000000000000 ) ) ;
#12377 = PLANE ( 'NONE',  #1246 ) ;
#12378 = CARTESIAN_POINT ( 'NONE',  ( 1.250000000000032196, 0.8500000000000001998, -2.749999999999999112 ) ) ;
#12379 = CARTESIAN_POINT ( 'NONE',  ( 2.399999999999999911, -0.04999999999999828887, 0.7750000000000010214 ) ) ;
#12380 = PLANE ( 'NONE',  #3930 ) ;
#12381 = EDGE_LOOP ( 'NONE', ( #11011, #2857, #9593, #5307 ) ) ;
#12382 = EDGE_CURVE ( 'NONE', #9954, #10174, #1285, .T. ) ;
#12383 = FACE_OUTER_BOUND ( 'NONE', #3461, .T. ) ;
#12384 = CARTESIAN_POINT ( 'NONE',  ( 2.449999999999979750, -0.1499999999999995226, 0.1309401076758479054 ) ) ;
#12385 = VERTEX_POINT ( 'NONE', #8831 ) ;
#12386 = LINE ( 'NONE', #5212, #1326 ) ;
#12387 =( NAMED_UNIT ( * ) PLANE_ANGLE_UNIT ( ) SI_UNIT ( $, .RADIAN. ) );
#12388 = ORIENTED_EDGE ( 'NONE', *, *, #3039, .F. ) ;
#12389 = VECTOR ( 'NONE', #6605, 1000.000000000000000 ) ;
#12390 = EDGE_CURVE ( 'NONE', #12638, #8495, #12509, .T. ) ;
#12391 = ADVANCED_FACE ( 'NONE', ( #1113 ), #4641, .F. ) ;
#12392 = SURFACE_SIDE_STYLE ('',( #10022 ) ) ;
#12393 = VERTEX_POINT ( 'NONE', #2594 ) ;
#12394 = SURFACE_SIDE_STYLE ('',( #12239 ) ) ;
#12395 = PLANE ( 'NONE',  #7010 ) ;
#12396 = FACE_BOUND ( 'NONE', #3129, .T. ) ;
#12397 = AXIS2_PLACEMENT_3D ( 'NONE', #3776, #12925, #10879 ) ;
#12398 =( GEOMETRIC_REPRESENTATION_CONTEXT ( 3 ) GLOBAL_UNCERTAINTY_ASSIGNED_CONTEXT ( ( #7362 ) ) GLOBAL_UNIT_ASSIGNED_CONTEXT ( ( #12337, #7420, #124 ) ) REPRESENTATION_CONTEXT ( 'NONE', 'WORKASPACE' ) );
#12399 = LINE ( 'NONE', #6332, #1499 ) ;
#12400 = ORIENTED_EDGE ( 'NONE', *, *, #6006, .F. ) ;
#12401 = DIRECTION ( 'NONE',  ( -1.000000000000000000, -6.365179094826524742E-15, 0.000000000000000000 ) ) ;
#12402 =( GEOMETRIC_REPRESENTATION_CONTEXT ( 3 ) GLOBAL_UNCERTAINTY_ASSIGNED_CONTEXT ( ( #6118 ) ) GLOBAL_UNIT_ASSIGNED_CONTEXT ( ( #5371, #7510, #11660 ) ) REPRESENTATION_CONTEXT ( 'NONE', 'WORKASPACE' ) );
#12403 = CARTESIAN_POINT ( 'NONE',  ( 0.2600353775548658875, -1.039999999999999147, 3.124166730570996364 ) ) ;
#12404 =( LENGTH_UNIT ( ) NAMED_UNIT ( * ) SI_UNIT ( .MILLI., .METRE. ) );
#12405 = MECHANICAL_DESIGN_GEOMETRIC_PRESENTATION_REPRESENTATION (  '', ( #2282 ), #3645 ) ;
#12406 = MECHANICAL_DESIGN_GEOMETRIC_PRESENTATION_REPRESENTATION (  '', ( #10780 ), #10512 ) ;
#12407 = ORIENTED_EDGE ( 'NONE', *, *, #7748, .T. ) ;
#12408 = CARTESIAN_POINT ( 'NONE',  ( 0.2999999999999994893, 0.8499999999999993117, 3.500000000000006217 ) ) ;
#12409 = FACE_BOUND ( 'NONE', #1223, .T. ) ;
#12410 = EDGE_CURVE ( 'NONE', #1370, #4836, #10563, .T. ) ;
#12411 = VERTEX_POINT ( 'NONE', #3609 ) ;
#12412 = SURFACE_STYLE_FILL_AREA ( #12120 ) ;
#12413 = EDGE_LOOP ( 'NONE', ( #1138, #10409, #9966, #7059 ) ) ;
#12414 = CARTESIAN_POINT ( 'NONE',  ( 2.499999999999999556, 0.8000000000000001554, -3.500000000000000000 ) ) ;
#12415 = PRESENTATION_LAYER_ASSIGNMENT (  '', '', ( #7889 ) ) ;
#12416 = SURFACE_STYLE_USAGE ( .BOTH. , #2076 ) ;
#12417 =( NAMED_UNIT ( * ) SI_UNIT ( $, .STERADIAN. ) SOLID_ANGLE_UNIT ( ) );
#12418 = CYLINDRICAL_SURFACE ( 'NONE', #2095, 0.2030000000000000693 ) ;
#12419 = ORIENTED_EDGE ( 'NONE', *, *, #8903, .T. ) ;
#12420 = DIRECTION ( 'NONE',  ( 0.000000000000000000, -0.000000000000000000, -1.000000000000000000 ) ) ;
#12421 = SURFACE_STYLE_USAGE ( .BOTH. , #1269 ) ;
#12422 = CARTESIAN_POINT ( 'NONE',  ( -2.100000000000000533, -0.6999999999999979572, 1.400000000000004574 ) ) ;
#12423 = MECHANICAL_DESIGN_GEOMETRIC_PRESENTATION_REPRESENTATION (  '', ( #4490 ), #5288 ) ;
#12424 = CARTESIAN_POINT ( 'NONE',  ( 2.550000000000000266, -0.8499999999999976463, -2.799999999999994937 ) ) ;
#12425 = LINE ( 'NONE', #11212, #12102 ) ;
#12426 = CARTESIAN_POINT ( 'NONE',  ( -0.2499999999999572842, 0.8499999999999997558, 0.2500000000000037748 ) ) ;
#12427 = FACE_OUTER_BOUND ( 'NONE', #8782, .T. ) ;
#12428 = CARTESIAN_POINT ( 'NONE',  ( 2.750000000000000000, -1.050000000000000044, -3.099999999999995648 ) ) ;
#12429 = PRESENTATION_LAYER_ASSIGNMENT (  '', '', ( #9404 ) ) ;
#12430 = ORIENTED_EDGE ( 'NONE', *, *, #6646, .T. ) ;
#12431 = ORIENTED_EDGE ( 'NONE', *, *, #4149, .F. ) ;
#12432 = CARTESIAN_POINT ( 'NONE',  ( -2.349999999999978328, -0.1499999999999995226, -0.3041451884327325272 ) ) ;
#12433 = CARTESIAN_POINT ( 'NONE',  ( -2.349999999999990763, -0.6000000000000094147, 0.8309401076758556881 ) ) ;
#12434 = EDGE_CURVE ( 'NONE', #12345, #148, #4637, .T. ) ;
#12435 = ORIENTED_EDGE ( 'NONE', *, *, #3560, .T. ) ;
#12436 =( LENGTH_UNIT ( ) NAMED_UNIT ( * ) SI_UNIT ( .MILLI., .METRE. ) );
#12437 = FACE_OUTER_BOUND ( 'NONE', #1133, .T. ) ;
#12438 = ORIENTED_EDGE ( 'NONE', *, *, #4266, .T. ) ;
#12439 = DIRECTION ( 'NONE',  ( 0.000000000000000000, 0.000000000000000000, 1.000000000000000000 ) ) ;
#12440 = DIRECTION ( 'NONE',  ( 1.000000000000000000, -0.000000000000000000, 4.336808689942025625E-15 ) ) ;
#12441 = ADVANCED_FACE ( 'NONE', ( #10252 ), #7855, .F. ) ;
#12442 = DIRECTION ( 'NONE',  ( 0.000000000000000000, 4.565061778886370529E-16, -1.000000000000000000 ) ) ;
#12443 = ORIENTED_EDGE ( 'NONE', *, *, #1646, .F. ) ;
#12444 = VECTOR ( 'NONE', #7186, 1000.000000000000000 ) ;
#12445 = FACE_OUTER_BOUND ( 'NONE', #8109, .T. ) ;
#12446 = LINE ( 'NONE', #5408, #12764 ) ;
#12447 = PRESENTATION_STYLE_ASSIGNMENT (( #3604 ) ) ;
#12448 = AXIS2_PLACEMENT_3D ( 'NONE', #11881, #285, #5463 ) ;
#12449 = ORIENTED_EDGE ( 'NONE', *, *, #12872, .F. ) ;
#12450 =( LENGTH_UNIT ( ) NAMED_UNIT ( * ) SI_UNIT ( .MILLI., .METRE. ) );
#12451 = LINE ( 'NONE', #1454, #8145 ) ;
#12452 = EDGE_CURVE ( 'NONE', #1592, #10894, #8336, .T. ) ;
#12453 = EDGE_LOOP ( 'NONE', ( #13048, #326, #4660, #5524 ) ) ;
#12454 = CARTESIAN_POINT ( 'NONE',  ( 2.750000000000000000, -1.050000000000000044, -3.500000000000000000 ) ) ;
#12455 = FACE_BOUND ( 'NONE', #13040, .T. ) ;
#12456 = ORIENTED_EDGE ( 'NONE', *, *, #12452, .T. ) ;
#12457 = ORIENTED_EDGE ( 'NONE', *, *, #3359, .T. ) ;
#12458 = SURFACE_STYLE_FILL_AREA ( #4897 ) ;
#12459 = VERTEX_POINT ( 'NONE', #2905 ) ;
#12460 = ADVANCED_FACE ( 'NONE', ( #12172 ), #9083, .F. ) ;
#12461 = CARTESIAN_POINT ( 'NONE',  ( -0.6555158172688070328, -1.049999999999999156, 2.413550568363380666 ) ) ;
#12462 =( GEOMETRIC_REPRESENTATION_CONTEXT ( 3 ) GLOBAL_UNCERTAINTY_ASSIGNED_CONTEXT ( ( #762 ) ) GLOBAL_UNIT_ASSIGNED_CONTEXT ( ( #10891, #516, #7737 ) ) REPRESENTATION_CONTEXT ( 'NONE', 'WORKASPACE' ) );
#12463 = SURFACE_STYLE_FILL_AREA ( #6416 ) ;
#12464 = DIRECTION ( 'NONE',  ( -0.000000000000000000, -1.000000000000000000, -0.000000000000000000 ) ) ;
#12465 = VECTOR ( 'NONE', #9450, 1000.000000000000000 ) ;
#12466 = EDGE_LOOP ( 'NONE', ( #8163, #12720, #8975, #506 ) ) ;
#12467 = CARTESIAN_POINT ( 'NONE',  ( 1.250000000000032196, 1.050000000000000044, -2.749999999999999112 ) ) ;
#12468 = VECTOR ( 'NONE', #8026, 1000.000000000000000 ) ;
#12469 =( NAMED_UNIT ( * ) PLANE_ANGLE_UNIT ( ) SI_UNIT ( $, .RADIAN. ) );
#12470 = DIRECTION ( 'NONE',  ( 0.000000000000000000, 0.000000000000000000, -1.000000000000000000 ) ) ;
#12471 = MECHANICAL_DESIGN_GEOMETRIC_PRESENTATION_REPRESENTATION (  '', ( #7490 ), #4207 ) ;
#12472 = AXIS2_PLACEMENT_3D ( 'NONE', #10671, #8668, #4522 ) ;
#12473 = DIRECTION ( 'NONE',  ( -0.000000000000000000, -0.000000000000000000, -1.000000000000000000 ) ) ;
#12474 = CARTESIAN_POINT ( 'NONE',  ( -2.750000000000000000, -0.04999999999999915623, 2.625000000000001776 ) ) ;
#12475 =( NAMED_UNIT ( * ) PLANE_ANGLE_UNIT ( ) SI_UNIT ( $, .RADIAN. ) );
#12476 = SURFACE_STYLE_FILL_AREA ( #8571 ) ;
#12477 = CARTESIAN_POINT ( 'NONE',  ( -1.749999999999999112, 0.8499999999999997558, -0.2499999999999957812 ) ) ;
#12478 =( NAMED_UNIT ( * ) SI_UNIT ( $, .STERADIAN. ) SOLID_ANGLE_UNIT ( ) );
#12479 = PLANE ( 'NONE',  #12086 ) ;
#12480 = ORIENTED_EDGE ( 'NONE', *, *, #9667, .T. ) ;
#12481 = ORIENTED_EDGE ( 'NONE', *, *, #11837, .F. ) ;
#12482 = MECHANICAL_DESIGN_GEOMETRIC_PRESENTATION_REPRESENTATION (  '', ( #4386 ), #5099 ) ;
#12483 = AXIS2_PLACEMENT_3D ( 'NONE', #3376, #10639, #214 ) ;
#12484 = LINE ( 'NONE', #134, #11831 ) ;
#12485 = SURFACE_STYLE_FILL_AREA ( #5810 ) ;
#12486 = EDGE_CURVE ( 'NONE', #6150, #8746, #8010, .T. ) ;
#12487 = CARTESIAN_POINT ( 'NONE',  ( -2.549999999999998934, 0.8249999999999999556, -2.200000000000000178 ) ) ;
#12488 = DIRECTION ( 'NONE',  ( -0.000000000000000000, 1.000000000000000000, 6.938893903907270187E-15 ) ) ;
#12489 = AXIS2_PLACEMENT_3D ( 'NONE', #1361, #8661, #8532 ) ;
#12490 = AXIS2_PLACEMENT_3D ( 'NONE', #6554, #7698, #9724 ) ;
#12491 = ORIENTED_EDGE ( 'NONE', *, *, #11399, .T. ) ;
#12492 = LINE ( 'NONE', #6694, #4439 ) ;
#12493 = DIRECTION ( 'NONE',  ( -1.000000000000000000, -0.000000000000000000, 1.734723475976807094E-15 ) ) ;
#12494 = ORIENTED_EDGE ( 'NONE', *, *, #9353, .T. ) ;
#12495 = VECTOR ( 'NONE', #2507, 1000.000000000000000 ) ;
#12496 = FILL_AREA_STYLE_COLOUR ( '', #8303 ) ;
#12498 = EDGE_CURVE ( 'NONE', #5582, #8464, #7033, .T. ) ;
#12497 = LINE ( 'NONE', #5609, #940 ) ;
#12499 = DIRECTION ( 'NONE',  ( 1.734723475976807094E-15, -1.239088197126289831E-16, 1.000000000000000000 ) ) ;
#12500 = VECTOR ( 'NONE', #5949, 1000.000000000000000 ) ;
#12501 = ORIENTED_EDGE ( 'NONE', *, *, #531, .F. ) ;
#12502 = PLANE ( 'NONE',  #8967 ) ;
#12503 = MECHANICAL_DESIGN_GEOMETRIC_PRESENTATION_REPRESENTATION (  '', ( #1078 ), #1254 ) ;
#12504 = VECTOR ( 'NONE', #855, 1000.000000000000000 ) ;
#12505 =( LENGTH_UNIT ( ) NAMED_UNIT ( * ) SI_UNIT ( .MILLI., .METRE. ) );
#12506 = VERTEX_POINT ( 'NONE', #6931 ) ;
#12507 = VECTOR ( 'NONE', #4985, 1000.000000000000000 ) ;
#12508 = COLOUR_RGB ( '',0.6941176470588235059, 0.09803921568627450844, 0.09803921568627450844 ) ;
#12509 = LINE ( 'NONE', #10937, #4455 ) ;
#12510 = PRESENTATION_STYLE_ASSIGNMENT (( #8473 ) ) ;
#12511 = ORIENTED_EDGE ( 'NONE', *, *, #11945, .T. ) ;
#12512 = DIRECTION ( 'NONE',  ( -1.000000000000000000, -1.535339560257679314E-32, 1.239088197126289831E-16 ) ) ;
#12513 = DIRECTION ( 'NONE',  ( 0.000000000000000000, 1.000000000000000000, 0.000000000000000000 ) ) ;
#12514 = VECTOR ( 'NONE', #3593, 1000.000000000000000 ) ;
#12515 = ADVANCED_FACE ( 'NONE', ( #4285 ), #9968, .F. ) ;
#12516 = PRESENTATION_STYLE_ASSIGNMENT (( #4898 ) ) ;
#12517 = CARTESIAN_POINT ( 'NONE',  ( -1.749999999999999112, 1.049999999999999822, -0.2499999999999957812 ) ) ;
#12518 = FILL_AREA_STYLE_COLOUR ( '', #12360 ) ;
#12519 =( LENGTH_UNIT ( ) NAMED_UNIT ( * ) SI_UNIT ( .MILLI., .METRE. ) );
#12520 = COLOUR_RGB ( '',0.6941176470588235059, 0.09803921568627450844, 0.09803921568627450844 ) ;
#12521 = VECTOR ( 'NONE', #6897, 1000.000000000000000 ) ;
#12522 = EDGE_LOOP ( 'NONE', ( #4596, #5895, #2589, #11292 ) ) ;
#12523 = SURFACE_SIDE_STYLE ('',( #4868 ) ) ;
#12524 = PLANE ( 'NONE',  #3276 ) ;
#12525 =( LENGTH_UNIT ( ) NAMED_UNIT ( * ) SI_UNIT ( .MILLI., .METRE. ) );
#12526 = AXIS2_PLACEMENT_3D ( 'NONE', #3016, #1102, #2173 ) ;
#12527 = CARTESIAN_POINT ( 'NONE',  ( 2.752999999999991676, 1.027999999999999359, 2.799999999999999822 ) ) ;
#12528 = UNCERTAINTY_MEASURE_WITH_UNIT (LENGTH_MEASURE( 1.000000000000000082E-05 ), #7292, 'distance_accuracy_value', 'NONE');
#12529 = MANIFOLD_SOLID_BREP ( 'Cut-Extrude10', #2070 ) ;
#12530 = VECTOR ( 'NONE', #13055, 1000.000000000000000 ) ;
#12531 = ORIENTED_EDGE ( 'NONE', *, *, #11311, .T. ) ;
#12532 = CARTESIAN_POINT ( 'NONE',  ( 2.549999999999992717, 0.8249999999999996225, 0.2999999999999999334 ) ) ;
#12534 = ORIENTED_EDGE ( 'NONE', *, *, #2353, .F. ) ;
#12533 = AXIS2_PLACEMENT_3D ( 'NONE', #1332, #3370, #9543 ) ;
#12535 = LINE ( 'NONE', #1814, #2735 ) ;
#12536 =( NAMED_UNIT ( * ) SI_UNIT ( $, .STERADIAN. ) SOLID_ANGLE_UNIT ( ) );
#12537 = EDGE_LOOP ( 'NONE', ( #10191, #6080, #340, #10833 ) ) ;
#12538 = DIRECTION ( 'NONE',  ( -0.000000000000000000, -0.000000000000000000, -1.000000000000000000 ) ) ;
#12539 = EDGE_CURVE ( 'NONE', #2718, #6976, #5113, .T. ) ;
#12540 = DIRECTION ( 'NONE',  ( -1.000000000000000000, -0.000000000000000000, -0.000000000000000000 ) ) ;
#12541 = SURFACE_STYLE_USAGE ( .BOTH. , #2192 ) ;
#12542 = EDGE_LOOP ( 'NONE', ( #7981, #2425, #11978, #7231 ) ) ;
#12543 =( NAMED_UNIT ( * ) PLANE_ANGLE_UNIT ( ) SI_UNIT ( $, .RADIAN. ) );
#12544 = LINE ( 'NONE', #3450, #8538 ) ;
#12545 = MECHANICAL_DESIGN_GEOMETRIC_PRESENTATION_REPRESENTATION (  '', ( #13213 ), #5914 ) ;
#12546 = FACE_OUTER_BOUND ( 'NONE', #7589, .T. ) ;
#12547 = VERTEX_POINT ( 'NONE', #12044 ) ;
#12548 = CARTESIAN_POINT ( 'NONE',  ( 0.2500000000000427436, 0.8499999999999997558, -0.2499999999999966416 ) ) ;
#12549 = PRESENTATION_LAYER_ASSIGNMENT (  '', '', ( #3344 ) ) ;
#12550 =( LENGTH_UNIT ( ) NAMED_UNIT ( * ) SI_UNIT ( .MILLI., .METRE. ) );
#12551 = SURFACE_SIDE_STYLE ('',( #11704 ) ) ;
#12552 = ORIENTED_EDGE ( 'NONE', *, *, #3468, .F. ) ;
#12553 = FACE_OUTER_BOUND ( 'NONE', #12304, .T. ) ;
#12554 = ORIENTED_EDGE ( 'NONE', *, *, #1090, .T. ) ;
#12555 = LINE ( 'NONE', #8990, #6764 ) ;
#12556 = SURFACE_SIDE_STYLE ('',( #8643 ) ) ;
#12557 = LINE ( 'NONE', #8179, #41 ) ;
#12558 = ORIENTED_EDGE ( 'NONE', *, *, #6443, .T. ) ;
#12559 = CARTESIAN_POINT ( 'NONE',  ( -2.750000000000000000, -1.049999999999999378, 2.800000000000001599 ) ) ;
#12560 = CARTESIAN_POINT ( 'NONE',  ( 1.500000000000000000, -0.8480000000000001981, -3.774999999999995914 ) ) ;
#12561 = PLANE ( 'NONE',  #11949 ) ;
#12562 = EDGE_CURVE ( 'NONE', #3899, #2718, #2071, .T. ) ;
#12563 = PLANE ( 'NONE',  #7530 ) ;
#12564 = ORIENTED_EDGE ( 'NONE', *, *, #7947, .T. ) ;
#12565 = CARTESIAN_POINT ( 'NONE',  ( -0.4876785292598742605, -1.049999999999999156, 2.413550568363380666 ) ) ;
#12566 = FILL_AREA_STYLE_COLOUR ( '', #11186 ) ;
#12567 = PRESENTATION_LAYER_ASSIGNMENT (  '', '', ( #9803 ) ) ;
#12568 = MECHANICAL_DESIGN_GEOMETRIC_PRESENTATION_REPRESENTATION (  '', ( #7068 ), #6128 ) ;
#12569 = VERTEX_POINT ( 'NONE', #4874 ) ;
#12570 = EDGE_CURVE ( 'NONE', #8209, #4510, #4953, .T. ) ;
#12571 = SURFACE_STYLE_USAGE ( .BOTH. , #6557 ) ;
#12572 = CARTESIAN_POINT ( 'NONE',  ( -1.500000000000000222, 0.05000000000000294487, 3.825000000000006395 ) ) ;
#12573 = DIRECTION ( 'NONE',  ( 0.000000000000000000, -1.000000000000000000, 0.000000000000000000 ) ) ;
#12574 = CARTESIAN_POINT ( 'NONE',  ( -1.249999999999999112, 1.049999999999999822, -0.2499999999999966416 ) ) ;
#12575 = STYLED_ITEM ( 'NONE', ( #4467 ), #6599 ) ;
#12576 =( GEOMETRIC_REPRESENTATION_CONTEXT ( 3 ) GLOBAL_UNCERTAINTY_ASSIGNED_CONTEXT ( ( #10135 ) ) GLOBAL_UNIT_ASSIGNED_CONTEXT ( ( #12579, #3380, #9591 ) ) REPRESENTATION_CONTEXT ( 'NONE', 'WORKASPACE' ) );
#12577 = PRESENTATION_STYLE_ASSIGNMENT (( #13116 ) ) ;
#12578 = ADVANCED_FACE ( 'NONE', ( #4620 ), #10295, .F. ) ;
#12579 =( LENGTH_UNIT ( ) NAMED_UNIT ( * ) SI_UNIT ( .MILLI., .METRE. ) );
#12580 =( LENGTH_UNIT ( ) NAMED_UNIT ( * ) SI_UNIT ( .MILLI., .METRE. ) );
#12581 = EDGE_CURVE ( 'NONE', #11379, #10207, #928, .T. ) ;
#12582 = DIRECTION ( 'NONE',  ( 0.000000000000000000, -0.000000000000000000, 1.000000000000000000 ) ) ;
#12583 = CARTESIAN_POINT ( 'NONE',  ( 0.2101973270675033534, -1.039999999999999147, 2.688210421060323707 ) ) ;
#12584 = ORIENTED_EDGE ( 'NONE', *, *, #8415, .T. ) ;
#12585 = DIRECTION ( 'NONE',  ( 0.000000000000000000, -7.972074797687534325E-18, 1.000000000000000000 ) ) ;
#12586 = EDGE_CURVE ( 'NONE', #11777, #8023, #9260, .T. ) ;
#12587 = ORIENTED_EDGE ( 'NONE', *, *, #9163, .T. ) ;
#12588 = VECTOR ( 'NONE', #11811, 1000.000000000000000 ) ;
#12589 = ORIENTED_EDGE ( 'NONE', *, *, #6866, .F. ) ;
#12590 = CARTESIAN_POINT ( 'NONE',  ( 2.750000000000000888, -1.049999999999999156, -3.099999999999995204 ) ) ;
#12591 = UNCERTAINTY_MEASURE_WITH_UNIT (LENGTH_MEASURE( 1.000000000000000082E-05 ), #3312, 'distance_accuracy_value', 'NONE');
#12592 = PLANE ( 'NONE',  #2527 ) ;
#12593 = PLANE ( 'NONE',  #1510 ) ;
#12594 = PRESENTATION_LAYER_ASSIGNMENT (  '', '', ( #9155 ) ) ;
#12595 = FILL_AREA_STYLE ('',( #5413 ) ) ;
#12596 = FACE_OUTER_BOUND ( 'NONE', #12858, .T. ) ;
#12597 = SURFACE_STYLE_USAGE ( .BOTH. , #10666 ) ;
#12598 = LINE ( 'NONE', #4286, #6988 ) ;
#12599 = DIRECTION ( 'NONE',  ( 0.000000000000000000, -0.000000000000000000, -1.000000000000000000 ) ) ;
#12600 = LINE ( 'NONE', #279, #8439 ) ;
#12601 = VERTEX_POINT ( 'NONE', #4222 ) ;
#12602 = ORIENTED_EDGE ( 'NONE', *, *, #3794, .F. ) ;
#12603 = DIRECTION ( 'NONE',  ( 6.573332287317804532E-15, 0.000000000000000000, 1.000000000000000000 ) ) ;
#12604 = ORIENTED_EDGE ( 'NONE', *, *, #7987, .T. ) ;
#12605 = CARTESIAN_POINT ( 'NONE',  ( -2.552999999999998604, 1.027999999999999359, 2.200000000000000178 ) ) ;
#12606 = VECTOR ( 'NONE', #1060, 1000.000000000000000 ) ;
#12607 = EDGE_CURVE ( 'NONE', #4521, #12103, #10061, .T. ) ;
#12608 = PLANE ( 'NONE',  #10759 ) ;
#12609 = EDGE_LOOP ( 'NONE', ( #5423, #6364, #4701, #11757 ) ) ;
#12610 = FACE_OUTER_BOUND ( 'NONE', #3038, .T. ) ;
#12611 = UNCERTAINTY_MEASURE_WITH_UNIT (LENGTH_MEASURE( 1.000000000000000082E-05 ), #12352, 'distance_accuracy_value', 'NONE');
#12612 = DIRECTION ( 'NONE',  ( 0.000000000000000000, -4.336808689942021187E-16, 1.000000000000000000 ) ) ;
#12613 = COLOUR_RGB ( '',1.000000000000000000, 1.000000000000000000, 1.000000000000000000 ) ;
#12614 =( GEOMETRIC_REPRESENTATION_CONTEXT ( 3 ) GLOBAL_UNCERTAINTY_ASSIGNED_CONTEXT ( ( #5521 ) ) GLOBAL_UNIT_ASSIGNED_CONTEXT ( ( #9223, #3092, #3225 ) ) REPRESENTATION_CONTEXT ( 'NONE', 'WORKASPACE' ) );
#12616 = ORIENTED_EDGE ( 'NONE', *, *, #10206, .T. ) ;
#12615 = CYLINDRICAL_SURFACE ( 'NONE', #12472, 0.2019999999999999296 ) ;
#12617 = DIRECTION ( 'NONE',  ( 0.000000000000000000, 1.267091005808300275E-15, -1.000000000000000000 ) ) ;
#12618 = CARTESIAN_POINT ( 'NONE',  ( -0.2499999999999572842, 0.8499999999999997558, -0.2499999999999957812 ) ) ;
#12619 = VERTEX_POINT ( 'NONE', #4128 ) ;
#12620 = DIRECTION ( 'NONE',  ( 4.243452729884350584E-16, -1.000000000000000000, 0.000000000000000000 ) ) ;
#12621 = MECHANICAL_DESIGN_GEOMETRIC_PRESENTATION_REPRESENTATION (  '', ( #6440 ), #13283 ) ;
#12622 = ORIENTED_EDGE ( 'NONE', *, *, #7590, .F. ) ;
#12623 = EDGE_CURVE ( 'NONE', #10205, #7925, #12484, .T. ) ;
#12624 = COLOUR_RGB ( '',0.1098039215686274495, 0.1098039215686274495, 0.1098039215686274495 ) ;
#12625 = VERTEX_POINT ( 'NONE', #58 ) ;
#12626 = ORIENTED_EDGE ( 'NONE', *, *, #9122, .F. ) ;
#12627 = FILL_AREA_STYLE_COLOUR ( '', #1922 ) ;
#12628 = DIRECTION ( 'NONE',  ( -0.000000000000000000, -1.000000000000000000, -0.000000000000000000 ) ) ;
#12629 = LINE ( 'NONE', #4555, #4434 ) ;
#12630 = EDGE_CURVE ( 'NONE', #10918, #4736, #6855, .T. ) ;
#12631 = EDGE_CURVE ( 'NONE', #11617, #7968, #11518, .T. ) ;
#12632 = FILL_AREA_STYLE ('',( #4333 ) ) ;
#12633 = FILL_AREA_STYLE_COLOUR ( '', #11494 ) ;
#12634 = ADVANCED_FACE ( 'NONE', ( #424 ), #12395, .F. ) ;
#12635 = CARTESIAN_POINT ( 'NONE',  ( 2.750000000000000000, -0.8499999999999976463, -3.099999999999995648 ) ) ;
#12636 = MECHANICAL_DESIGN_GEOMETRIC_PRESENTATION_REPRESENTATION (  '', ( #3190 ), #10150 ) ;
#12637 = MECHANICAL_DESIGN_GEOMETRIC_PRESENTATION_REPRESENTATION (  '', ( #4378 ), #6702 ) ;
#12638 = VERTEX_POINT ( 'NONE', #2061 ) ;
#12639 = LINE ( 'NONE', #8962, #8959 ) ;
#12640 = CARTESIAN_POINT ( 'NONE',  ( -1.249999999999999112, 0.8499999999999993117, 2.750000000000005773 ) ) ;
#12641 = SURFACE_SIDE_STYLE ('',( #879 ) ) ;
#12642 = CARTESIAN_POINT ( 'NONE',  ( 0.2500000000000427436, 0.8499999999999997558, -0.2499999999999966416 ) ) ;
#12643 = VECTOR ( 'NONE', #907, 1000.000000000000000 ) ;
#12644 = DIRECTION ( 'NONE',  ( -1.000000000000000000, -0.000000000000000000, -0.000000000000000000 ) ) ;
#12645 = MECHANICAL_DESIGN_GEOMETRIC_PRESENTATION_REPRESENTATION (  '', ( #978 ), #9452 ) ;
#12646 = ORIENTED_EDGE ( 'NONE', *, *, #10494, .T. ) ;
#12647 = AXIS2_PLACEMENT_3D ( 'NONE', #4079, #5135, #1 ) ;
#12648 = DIRECTION ( 'NONE',  ( 0.000000000000000000, 1.000000000000000000, -0.000000000000000000 ) ) ;
#12649 = LINE ( 'NONE', #807, #2394 ) ;
#12650 = PRESENTATION_STYLE_ASSIGNMENT (( #11862 ) ) ;
#12651 = EDGE_CURVE ( 'NONE', #2499, #13044, #10709, .T. ) ;
#12652 = SURFACE_STYLE_FILL_AREA ( #3428 ) ;
#12653 = VECTOR ( 'NONE', #2330, 1000.000000000000000 ) ;
#12654 = EDGE_LOOP ( 'NONE', ( #2137, #6051, #6831, #9752 ) ) ;
#12655 =( NAMED_UNIT ( * ) PLANE_ANGLE_UNIT ( ) SI_UNIT ( $, .RADIAN. ) );
#12656 =( NAMED_UNIT ( * ) PLANE_ANGLE_UNIT ( ) SI_UNIT ( $, .RADIAN. ) );
#12657 = CARTESIAN_POINT ( 'NONE',  ( 2.549999999999991385, 1.027999999999999359, 2.200000000000000178 ) ) ;
#12658 = CARTESIAN_POINT ( 'NONE',  ( 2.549999999999990941, 1.028000000000000025, -2.799999999999999822 ) ) ;
#12659 = AXIS2_PLACEMENT_3D ( 'NONE', #4560, #11614, #1539 ) ;
#12660 = PRESENTATION_LAYER_ASSIGNMENT (  '', '', ( #6404 ) ) ;
#12661 = VECTOR ( 'NONE', #11924, 1000.000000000000000 ) ;
#12662 = CARTESIAN_POINT ( 'NONE',  ( 1.500000000000000000, 0.6499999999999998002, 3.575000000000002398 ) ) ;
#12663 = LINE ( 'NONE', #9946, #8038 ) ;
#12664 = ORIENTED_EDGE ( 'NONE', *, *, #10763, .T. ) ;
#12665 = EDGE_CURVE ( 'NONE', #9106, #6380, #11675, .T. ) ;
#12666 = DIRECTION ( 'NONE',  ( -0.000000000000000000, -0.000000000000000000, -1.000000000000000000 ) ) ;
#12667 = CARTESIAN_POINT ( 'NONE',  ( 0.7500000000000000000, 0.6499999999999998002, -3.574999999999997957 ) ) ;
#12668 = PRESENTATION_STYLE_ASSIGNMENT (( #12571 ) ) ;
#12669 = LINE ( 'NONE', #3298, #6717 ) ;
#12670 = LINE ( 'NONE', #9261, #9927 ) ;
#12671 = VECTOR ( 'NONE', #4450, 1000.000000000000000 ) ;
#12672 = ORIENTED_EDGE ( 'NONE', *, *, #7822, .F. ) ;
#12673 = DIRECTION ( 'NONE',  ( 0.000000000000000000, -1.000000000000000000, 0.000000000000000000 ) ) ;
#12674 = AXIS2_PLACEMENT_3D ( 'NONE', #8652, #6941, #7986 ) ;
#12675 = FACE_OUTER_BOUND ( 'NONE', #5995, .T. ) ;
#12676 = STYLED_ITEM ( 'NONE', ( #1253 ), #7277 ) ;
#12677 = FILL_AREA_STYLE ('',( #11266 ) ) ;
#12678 = VERTEX_POINT ( 'NONE', #8287 ) ;
#12679 = DIRECTION ( 'NONE',  ( 1.000000000000000000, 0.000000000000000000, 0.000000000000000000 ) ) ;
#12680 = PRESENTATION_LAYER_ASSIGNMENT (  '', '', ( #6248 ) ) ;
#12681 = VECTOR ( 'NONE', #13124, 1000.000000000000000 ) ;
#12682 = SURFACE_STYLE_FILL_AREA ( #12984 ) ;
#12683 = VERTEX_POINT ( 'NONE', #10244 ) ;
#12684 = PLANE ( 'NONE',  #11769 ) ;
#12685 =( LENGTH_UNIT ( ) NAMED_UNIT ( * ) SI_UNIT ( .MILLI., .METRE. ) );
#12686 = EDGE_CURVE ( 'NONE', #7796, #982, #6232, .T. ) ;
#12687 = SURFACE_STYLE_USAGE ( .BOTH. , #2564 ) ;
#12688 = LINE ( 'NONE', #2272, #5002 ) ;
#12689 = UNCERTAINTY_MEASURE_WITH_UNIT (LENGTH_MEASURE( 1.000000000000000082E-05 ), #11361, 'distance_accuracy_value', 'NONE');
#12690 = UNCERTAINTY_MEASURE_WITH_UNIT (LENGTH_MEASURE( 1.000000000000000082E-05 ), #7218, 'distance_accuracy_value', 'NONE');
#12691 = LINE ( 'NONE', #823, #11723 ) ;
#12692 = ORIENTED_EDGE ( 'NONE', *, *, #3031, .T. ) ;
#12693 = PRESENTATION_STYLE_ASSIGNMENT (( #6911 ) ) ;
#12694 = SURFACE_STYLE_FILL_AREA ( #12860 ) ;
#12695 = PRESENTATION_STYLE_ASSIGNMENT (( #1404 ) ) ;
#12696 = ORIENTED_EDGE ( 'NONE', *, *, #7385, .F. ) ;
#12697 =( GEOMETRIC_REPRESENTATION_CONTEXT ( 3 ) GLOBAL_UNCERTAINTY_ASSIGNED_CONTEXT ( ( #6847 ) ) GLOBAL_UNIT_ASSIGNED_CONTEXT ( ( #8324, #4120, #5181 ) ) REPRESENTATION_CONTEXT ( 'NONE', 'WORKASPACE' ) );
#12698 =( NAMED_UNIT ( * ) SI_UNIT ( $, .STERADIAN. ) SOLID_ANGLE_UNIT ( ) );
#12699 =( LENGTH_UNIT ( ) NAMED_UNIT ( * ) SI_UNIT ( .MILLI., .METRE. ) );
#12700 = ORIENTED_EDGE ( 'NONE', *, *, #9090, .F. ) ;
#12701 = FILL_AREA_STYLE ('',( #10727 ) ) ;
#12702 = DIRECTION ( 'NONE',  ( 0.000000000000000000, 1.000000000000000000, 0.000000000000000000 ) ) ;
#12703 =( LENGTH_UNIT ( ) NAMED_UNIT ( * ) SI_UNIT ( .MILLI., .METRE. ) );
#12704 = EDGE_CURVE ( 'NONE', #11565, #7445, #108, .T. ) ;
#12705 = VECTOR ( 'NONE', #9490, 1000.000000000000000 ) ;
#12706 = ORIENTED_EDGE ( 'NONE', *, *, #4437, .F. ) ;
#12707 = ADVANCED_FACE ( 'NONE', ( #4444 ), #2102, .F. ) ;
#12708 = CARTESIAN_POINT ( 'NONE',  ( -0.2499999999999835132, 0.8499999999999995337, 2.250000000000007105 ) ) ;
#12709 = FILL_AREA_STYLE ('',( #2497 ) ) ;
#12710 =( GEOMETRIC_REPRESENTATION_CONTEXT ( 3 ) GLOBAL_UNCERTAINTY_ASSIGNED_CONTEXT ( ( #7531 ) ) GLOBAL_UNIT_ASSIGNED_CONTEXT ( ( #12404, #6272, #8158 ) ) REPRESENTATION_CONTEXT ( 'NONE', 'WORKASPACE' ) );
#12711 = EDGE_LOOP ( 'NONE', ( #5199, #6662, #2383, #12584, #3544, #4662, #8169, #295 ) ) ;
#12712 = COLOUR_RGB ( '',0.1098039215686274495, 0.1098039215686274495, 0.1098039215686274495 ) ;
#12713 = ORIENTED_EDGE ( 'NONE', *, *, #908, .T. ) ;
#12714 = CARTESIAN_POINT ( 'NONE',  ( -2.550000000000000266, -1.049999999999996714, 2.600000000000002309 ) ) ;
#12715 = PRESENTATION_LAYER_ASSIGNMENT (  '', '', ( #9700 ) ) ;
#12716 = PRESENTATION_LAYER_ASSIGNMENT (  '', '', ( #3774 ) ) ;
#12717 = ADVANCED_FACE ( 'NONE', ( #1905 ), #213, .F. ) ;
#12718 = PLANE ( 'NONE',  #5480 ) ;
#12719 = SURFACE_STYLE_USAGE ( .BOTH. , #12886 ) ;
#12720 = ORIENTED_EDGE ( 'NONE', *, *, #9827, .F. ) ;
#12721 = CARTESIAN_POINT ( 'NONE',  ( -2.499999999999999556, 0.8000000000000001554, -3.500000000000000000 ) ) ;
#12722 = CARTESIAN_POINT ( 'NONE',  ( -1.249999999999998446, 1.050000000000000044, -2.750000000000000000 ) ) ;
#12723 = SURFACE_STYLE_USAGE ( .BOTH. , #5457 ) ;
#12724 = DIRECTION ( 'NONE',  ( 0.000000000000000000, 0.000000000000000000, 1.000000000000000000 ) ) ;
#12725 = DIRECTION ( 'NONE',  ( -0.000000000000000000, -0.000000000000000000, 1.000000000000000000 ) ) ;
#12726 =( NAMED_UNIT ( * ) SI_UNIT ( $, .STERADIAN. ) SOLID_ANGLE_UNIT ( ) );
#12727 = DIRECTION ( 'NONE',  ( -1.000000000000000000, -0.000000000000000000, -0.000000000000000000 ) ) ;
#12728 = ORIENTED_EDGE ( 'NONE', *, *, #5643, .F. ) ;
#12729 = VECTOR ( 'NONE', #5000, 1000.000000000000000 ) ;
#12730 = ORIENTED_EDGE ( 'NONE', *, *, #4474, .T. ) ;
#12731 = EDGE_CURVE ( 'NONE', #5177, #7742, #5887, .T. ) ;
#12732 = FILL_AREA_STYLE_COLOUR ( '', #2810 ) ;
#12733 = CARTESIAN_POINT ( 'NONE',  ( -2.549999999999975397, -0.1499999999999995226, -0.6999999999999979572 ) ) ;
#12734 = MECHANICAL_DESIGN_GEOMETRIC_PRESENTATION_REPRESENTATION (  '', ( #2445 ), #335 ) ;
#12735 =( GEOMETRIC_REPRESENTATION_CONTEXT ( 3 ) GLOBAL_UNCERTAINTY_ASSIGNED_CONTEXT ( ( #6193 ) ) GLOBAL_UNIT_ASSIGNED_CONTEXT ( ( #4852, #2740, #11839 ) ) REPRESENTATION_CONTEXT ( 'NONE', 'WORKASPACE' ) );
#12736 = CARTESIAN_POINT ( 'NONE',  ( 0.5000000000000000000, -0.3500000000000003664, -3.824999999999998845 ) ) ;
#12737 = PRESENTATION_STYLE_ASSIGNMENT (( #480 ) ) ;
#12738 = ORIENTED_EDGE ( 'NONE', *, *, #13013, .T. ) ;
#12739 = LINE ( 'NONE', #937, #705 ) ;
#12740 = EDGE_CURVE ( 'NONE', #7539, #8130, #4430, .T. ) ;
#12741 = DIRECTION ( 'NONE',  ( -0.000000000000000000, 1.000000000000000000, 4.663235150475286828E-17 ) ) ;
#12742 = CARTESIAN_POINT ( 'NONE',  ( -0.2499999999999572842, 1.049999999999999822, -0.2499999999999957812 ) ) ;
#12743 = VERTEX_POINT ( 'NONE', #6435 ) ;
#12744 = CARTESIAN_POINT ( 'NONE',  ( -0.2499999999999835132, 0.8499999999999999778, -2.249999999999999556 ) ) ;
#12745 =( GEOMETRIC_REPRESENTATION_CONTEXT ( 3 ) GLOBAL_UNCERTAINTY_ASSIGNED_CONTEXT ( ( #11474 ) ) GLOBAL_UNIT_ASSIGNED_CONTEXT ( ( #2432, #9572, #3580 ) ) REPRESENTATION_CONTEXT ( 'NONE', 'WORKASPACE' ) );
#12746 = AXIS2_PLACEMENT_3D ( 'NONE', #9370, #19, #7206 ) ;
#12747 = EDGE_CURVE ( 'NONE', #7324, #3127, #3159, .T. ) ;
#12748 = FILL_AREA_STYLE ('',( #11598 ) ) ;
#12749 = FACE_OUTER_BOUND ( 'NONE', #7418, .T. ) ;
#12750 = VECTOR ( 'NONE', #5813, 1000.000000000000000 ) ;
#12751 = ORIENTED_EDGE ( 'NONE', *, *, #10494, .F. ) ;
#12752 = DIRECTION ( 'NONE',  ( -0.000000000000000000, 1.000000000000000000, -0.000000000000000000 ) ) ;
#12753 = PRESENTATION_STYLE_ASSIGNMENT (( #11288 ) ) ;
#12754 = VECTOR ( 'NONE', #4577, 1000.000000000000000 ) ;
#12755 = PRESENTATION_LAYER_ASSIGNMENT (  '', '', ( #11408 ) ) ;
#12756 = VERTEX_POINT ( 'NONE', #3248 ) ;
#12757 = FACE_OUTER_BOUND ( 'NONE', #6872, .T. ) ;
#12758 = EDGE_CURVE ( 'NONE', #2839, #2171, #1088, .T. ) ;
#12759 = UNCERTAINTY_MEASURE_WITH_UNIT (LENGTH_MEASURE( 1.000000000000000082E-05 ), #10526, 'distance_accuracy_value', 'NONE');
#12760 = CARTESIAN_POINT ( 'NONE',  ( -2.100000000000000089, -0.6999999999999977351, -2.899999999999995470 ) ) ;
#12761 = VERTEX_POINT ( 'NONE', #2229 ) ;
#12762 = COLOUR_RGB ( '',1.000000000000000000, 1.000000000000000000, 1.000000000000000000 ) ;
#12763 = DIRECTION ( 'NONE',  ( -0.000000000000000000, -0.000000000000000000, -1.000000000000000000 ) ) ;
#12764 = VECTOR ( 'NONE', #7641, 1000.000000000000000 ) ;
#12765 = CARTESIAN_POINT ( 'NONE',  ( -1.749999999999999334, 0.8500000000000001998, -2.750000000000000000 ) ) ;
#12766 = VERTEX_POINT ( 'NONE', #8414 ) ;
#12767 =( LENGTH_UNIT ( ) NAMED_UNIT ( * ) SI_UNIT ( .MILLI., .METRE. ) );
#12768 = VERTEX_POINT ( 'NONE', #8549 ) ;
#12769 = CARTESIAN_POINT ( 'NONE',  ( 2.750000000000000888, -1.049999999999999378, 3.100000000000002309 ) ) ;
#12770 = CARTESIAN_POINT ( 'NONE',  ( 2.750000000000000000, -0.1499999999999995226, -0.8309401076758494709 ) ) ;
#12771 = ADVANCED_FACE ( 'NONE', ( #11987 ), #10457, .F. ) ;
#12772 = PRESENTATION_LAYER_ASSIGNMENT (  '', '', ( #12941 ) ) ;
#12773 = DIRECTION ( 'NONE',  ( 1.000000000000000000, 0.000000000000000000, -0.000000000000000000 ) ) ;
#12774 = ORIENTED_EDGE ( 'NONE', *, *, #12989, .T. ) ;
#12775 = ORIENTED_EDGE ( 'NONE', *, *, #5274, .F. ) ;
#12776 = UNCERTAINTY_MEASURE_WITH_UNIT (LENGTH_MEASURE( 1.000000000000000082E-05 ), #482, 'distance_accuracy_value', 'NONE');
#12777 = FACE_OUTER_BOUND ( 'NONE', #12970, .T. ) ;
#12778 = PRESENTATION_LAYER_ASSIGNMENT (  '', '', ( #11587 ) ) ;
#12779 = EDGE_CURVE ( 'NONE', #9983, #1464, #404, .T. ) ;
#12780 = ORIENTED_EDGE ( 'NONE', *, *, #6842, .F. ) ;
#12781 = CARTESIAN_POINT ( 'NONE',  ( -1.500000000000000000, 0.6499999999999998002, -3.574999999999997957 ) ) ;
#12782 = ADVANCED_FACE ( 'NONE', ( #11203 ), #9547, .F. ) ;
#12783 = DIRECTION ( 'NONE',  ( 0.000000000000000000, 0.000000000000000000, 1.000000000000000000 ) ) ;
#12784 = AXIS2_PLACEMENT_3D ( 'NONE', #8054, #1865, #3852 ) ;
#12785 =( NAMED_UNIT ( * ) PLANE_ANGLE_UNIT ( ) SI_UNIT ( $, .RADIAN. ) );
#12786 =( NAMED_UNIT ( * ) PLANE_ANGLE_UNIT ( ) SI_UNIT ( $, .RADIAN. ) );
#12787 = FACE_OUTER_BOUND ( 'NONE', #11431, .T. ) ;
#12788 = LINE ( 'NONE', #12302, #11041 ) ;
#12789 = CARTESIAN_POINT ( 'NONE',  ( -0.2499999999999835132, 0.8499999999999993117, 2.750000000000006661 ) ) ;
#12790 = ORIENTED_EDGE ( 'NONE', *, *, #12704, .F. ) ;
#12791 = SURFACE_STYLE_USAGE ( .BOTH. , #3603 ) ;
#12792 = LINE ( 'NONE', #6038, #11377 ) ;
#12793 = AXIS2_PLACEMENT_3D ( 'NONE', #7494, #8521, #3399 ) ;
#12794 = DIRECTION ( 'NONE',  ( 0.000000000000000000, 0.000000000000000000, 1.000000000000000000 ) ) ;
#12795 = FACE_OUTER_BOUND ( 'NONE', #9380, .T. ) ;
#12796 = ORIENTED_EDGE ( 'NONE', *, *, #2675, .F. ) ;
#12797 = CARTESIAN_POINT ( 'NONE',  ( -2.552999999999998604, 2.050000000000049116, 2.799999999999999822 ) ) ;
#12798 = LINE ( 'NONE', #11954, #7378 ) ;
#12799 = ORIENTED_EDGE ( 'NONE', *, *, #6790, .T. ) ;
#12800 = DIRECTION ( 'NONE',  ( -0.000000000000000000, -0.000000000000000000, -1.000000000000000000 ) ) ;
#12801 = CARTESIAN_POINT ( 'NONE',  ( -2.550000000000000266, -1.049999999999999378, 2.800000000000002487 ) ) ;
#12802 = DIRECTION ( 'NONE',  ( 1.000000000000000000, 0.000000000000000000, -0.000000000000000000 ) ) ;
#12803 = EDGE_CURVE ( 'NONE', #4175, #9476, #7646, .T. ) ;
#12804 = CARTESIAN_POINT ( 'NONE',  ( 2.350000000000000089, 0.6499999999999998002, 3.775000000000000355 ) ) ;
#12805 = PLANE ( 'NONE',  #10832 ) ;
#12806 = DIRECTION ( 'NONE',  ( -1.000000000000000000, 0.000000000000000000, 0.000000000000000000 ) ) ;
#12807 = STYLED_ITEM ( 'NONE', ( #11557 ), #4710 ) ;
#12808 = ORIENTED_EDGE ( 'NONE', *, *, #1059, .T. ) ;
#12809 = DIRECTION ( 'NONE',  ( -0.000000000000000000, -1.000000000000000000, -0.000000000000000000 ) ) ;
#12810 = CARTESIAN_POINT ( 'NONE',  ( 2.550000000000000266, -0.5499999999999997113, -2.600000000000006750 ) ) ;
#12811 =( NAMED_UNIT ( * ) PLANE_ANGLE_UNIT ( ) SI_UNIT ( $, .RADIAN. ) );
#12812 = LINE ( 'NONE', #7838, #3357 ) ;
#12813 = ORIENTED_EDGE ( 'NONE', *, *, #3196, .F. ) ;
#12814 = LINE ( 'NONE', #2206, #9280 ) ;
#12815 = LINE ( 'NONE', #12714, #7870 ) ;
#12816 = EDGE_CURVE ( 'NONE', #4096, #11374, #9326, .T. ) ;
#12817 = ORIENTED_EDGE ( 'NONE', *, *, #2501, .F. ) ;
#12818 = DIRECTION ( 'NONE',  ( -0.8639759770970770747, 0.000000000000000000, 0.5035330287073043198 ) ) ;
#12819 = DIRECTION ( 'NONE',  ( 0.000000000000000000, -1.000000000000000000, 0.000000000000000000 ) ) ;
#12820 = MECHANICAL_DESIGN_GEOMETRIC_PRESENTATION_REPRESENTATION (  '', ( #9550 ), #3377 ) ;
#12821 = STYLED_ITEM ( 'NONE', ( #7289 ), #463 ) ;
#12822 = CARTESIAN_POINT ( 'NONE',  ( 2.552999999999991498, 1.027999999999999359, 2.799999999999999822 ) ) ;
#12823 = LINE ( 'NONE', #12781, #10100 ) ;
#12824 = COLOUR_RGB ( '',1.000000000000000000, 1.000000000000000000, 1.000000000000000000 ) ;
#12825 = VERTEX_POINT ( 'NONE', #8763 ) ;
#12826 = SURFACE_STYLE_USAGE ( .BOTH. , #11974 ) ;
#12827 = PRESENTATION_LAYER_ASSIGNMENT (  '', '', ( #7794 ) ) ;
#12828 = LINE ( 'NONE', #5209, #6898 ) ;
#12829 = COLOUR_RGB ( '',0.1098039215686274495, 0.1098039215686274495, 0.1098039215686274495 ) ;
#12830 = EDGE_LOOP ( 'NONE', ( #1021, #3994, #11452, #5968, #12564, #8760, #2030, #11246 ) ) ;
#12831 = FILL_AREA_STYLE ('',( #537 ) ) ;
#12832 = FILL_AREA_STYLE ('',( #5656 ) ) ;
#12833 = STYLED_ITEM ( 'NONE', ( #5452 ), #11909 ) ;
#12834 = STYLED_ITEM ( 'NONE', ( #6695 ), #5634 ) ;
#12835 = ADVANCED_FACE ( 'NONE', ( #12842 ), #9588, .F. ) ;
#12836 = CARTESIAN_POINT ( 'NONE',  ( 2.752999999999984571, 2.050000000000049560, -2.200000000000000178 ) ) ;
#12837 = COLOUR_RGB ( '',0.7921568627450980005, 0.8196078431372548767, 0.9333333333333333481 ) ;
#12838 = EDGE_CURVE ( 'NONE', #4867, #2568, #9165, .T. ) ;
#12839 = SURFACE_SIDE_STYLE ('',( #2195 ) ) ;
#12840 = VERTEX_POINT ( 'NONE', #4489 ) ;
#12841 = LINE ( 'NONE', #11392, #13109 ) ;
#12842 = FACE_OUTER_BOUND ( 'NONE', #799, .T. ) ;
#12843 = VERTEX_POINT ( 'NONE', #7709 ) ;
#12844 = PRESENTATION_LAYER_ASSIGNMENT (  '', '', ( #3656 ) ) ;
#12845 = DIRECTION ( 'NONE',  ( -1.000000000000000000, -0.000000000000000000, -0.000000000000000000 ) ) ;
#12846 = UNCERTAINTY_MEASURE_WITH_UNIT (LENGTH_MEASURE( 1.000000000000000082E-05 ), #9975, 'distance_accuracy_value', 'NONE');
#12847 = ADVANCED_FACE ( 'NONE', ( #8703 ), #2580, .T. ) ;
#12848 = DIRECTION ( 'NONE',  ( -0.000000000000000000, -0.000000000000000000, -1.000000000000000000 ) ) ;
#12849 = MECHANICAL_DESIGN_GEOMETRIC_PRESENTATION_REPRESENTATION (  '', ( #9404 ), #12258 ) ;
#12850 = DIRECTION ( 'NONE',  ( -1.239088197126289831E-16, 1.239088197126289831E-16, -1.000000000000000000 ) ) ;
#12851 =( LENGTH_UNIT ( ) NAMED_UNIT ( * ) SI_UNIT ( .MILLI., .METRE. ) );
#12852 = SURFACE_STYLE_FILL_AREA ( #12247 ) ;
#12853 = ORIENTED_EDGE ( 'NONE', *, *, #12325, .F. ) ;
#12854 = CARTESIAN_POINT ( 'NONE',  ( -2.349999999999990763, -0.1499999999999995226, 0.8309401076758556881 ) ) ;
#12855 = FILL_AREA_STYLE ('',( #1714 ) ) ;
#12856 = EDGE_CURVE ( 'NONE', #5622, #3193, #7600, .T. ) ;
#12857 = PLANE ( 'NONE',  #968 ) ;
#12858 = EDGE_LOOP ( 'NONE', ( #12265, #9007, #9530, #2940 ) ) ;
#12859 = CARTESIAN_POINT ( 'NONE',  ( -2.550000000000000266, -0.6000000000000094147, 0.8309401076758483606 ) ) ;
#12860 = FILL_AREA_STYLE ('',( #3716 ) ) ;
#12861 = LINE ( 'NONE', #11113, #9964 ) ;
#12862 = STYLED_ITEM ( 'NONE', ( #2227 ), #8309 ) ;
#12863 =( LENGTH_UNIT ( ) NAMED_UNIT ( * ) SI_UNIT ( .MILLI., .METRE. ) );
#12864 = VECTOR ( 'NONE', #12293, 1000.000000000000000 ) ;
#12865 = ORIENTED_EDGE ( 'NONE', *, *, #2, .F. ) ;
#12866 =( NAMED_UNIT ( * ) PLANE_ANGLE_UNIT ( ) SI_UNIT ( $, .RADIAN. ) );
#12867 = CARTESIAN_POINT ( 'NONE',  ( 2.750000000000000000, 0.8499999999999993117, -3.500000000000000000 ) ) ;
#12868 = AXIS2_PLACEMENT_3D ( 'NONE', #12428, #157, #2258 ) ;
#12869 = CARTESIAN_POINT ( 'NONE',  ( 2.100000000000000089, -0.6999999999999979572, 1.400000000000004574 ) ) ;
#12870 = CARTESIAN_POINT ( 'NONE',  ( -0.3000000000000001554, 0.8499999999999993117, -4.832455532033675283 ) ) ;
#12871 = CARTESIAN_POINT ( 'NONE',  ( 2.750000000000000888, -1.049999999999999156, -3.099999999999995204 ) ) ;
#12872 = EDGE_CURVE ( 'NONE', #4341, #4954, #1651, .T. ) ;
#12873 = FACE_OUTER_BOUND ( 'NONE', #11995, .T. ) ;
#12874 =( NAMED_UNIT ( * ) SI_UNIT ( $, .STERADIAN. ) SOLID_ANGLE_UNIT ( ) );
#12875 = VERTEX_POINT ( 'NONE', #6559 ) ;
#12876 = ORIENTED_EDGE ( 'NONE', *, *, #2459, .F. ) ;
#12877 = FILL_AREA_STYLE_COLOUR ( '', #7260 ) ;
#12878 =( GEOMETRIC_REPRESENTATION_CONTEXT ( 3 ) GLOBAL_UNCERTAINTY_ASSIGNED_CONTEXT ( ( #2015 ) ) GLOBAL_UNIT_ASSIGNED_CONTEXT ( ( #1891, #5997, #11024 ) ) REPRESENTATION_CONTEXT ( 'NONE', 'WORKASPACE' ) );
#12879 = EDGE_CURVE ( 'NONE', #4631, #1185, #8074, .T. ) ;
#12880 = VECTOR ( 'NONE', #5110, 1000.000000000000000 ) ;
#12881 = STYLED_ITEM ( 'NONE', ( #8264 ), #10773 ) ;
#12882 = VECTOR ( 'NONE', #10554, 1000.000000000000000 ) ;
#12883 = CARTESIAN_POINT ( 'NONE',  ( 2.552999999999991498, 1.027999999999999359, 2.799999999999999822 ) ) ;
#12884 = DIRECTION ( 'NONE',  ( -8.673617379884032317E-15, 1.000000000000000000, 0.000000000000000000 ) ) ;
#12885 = ORIENTED_EDGE ( 'NONE', *, *, #5561, .F. ) ;
#12886 = SURFACE_SIDE_STYLE ('',( #12333 ) ) ;
#12887 = ORIENTED_EDGE ( 'NONE', *, *, #7128, .T. ) ;
#12888 = SURFACE_STYLE_USAGE ( .BOTH. , #3786 ) ;
#12889 = CARTESIAN_POINT ( 'NONE',  ( 0.7941176470588234837, 0.8264705882352938460, -3.574999999999997957 ) ) ;
#12890 = SURFACE_SIDE_STYLE ('',( #12948 ) ) ;
#12891 = ADVANCED_FACE ( 'NONE', ( #13022 ), #11759, .F. ) ;
#12892 = STYLED_ITEM ( 'NONE', ( #5315 ), #9880 ) ;
#12893 =( NAMED_UNIT ( * ) SI_UNIT ( $, .STERADIAN. ) SOLID_ANGLE_UNIT ( ) );
#12894 = STYLED_ITEM ( 'NONE', ( #3507 ), #2105 ) ;
#12895 = ORIENTED_EDGE ( 'NONE', *, *, #6619, .T. ) ;
#12896 = EDGE_CURVE ( 'NONE', #2001, #3334, #4027, .T. ) ;
#12897 = VECTOR ( 'NONE', #13167, 1000.000000000000000 ) ;
#12898 = LINE ( 'NONE', #8946, #1050 ) ;
#12899 = ORIENTED_EDGE ( 'NONE', *, *, #5490, .T. ) ;
#12900 = DIRECTION ( 'NONE',  ( 0.000000000000000000, 0.000000000000000000, 1.000000000000000000 ) ) ;
#12901 =( NAMED_UNIT ( * ) SI_UNIT ( $, .STERADIAN. ) SOLID_ANGLE_UNIT ( ) );
#12902 = STYLED_ITEM ( 'NONE', ( #11451 ), #11576 ) ;
#12903 = AXIS2_PLACEMENT_3D ( 'NONE', #8136, #4937, #12107 ) ;
#12904 = DIRECTION ( 'NONE',  ( 0.000000000000000000, 3.782100601693619904E-17, -1.000000000000000000 ) ) ;
#12905 = DIRECTION ( 'NONE',  ( 1.000000000000000000, 0.000000000000000000, -1.734723475976807094E-15 ) ) ;
#12906 = VERTEX_POINT ( 'NONE', #12958 ) ;
#12907 = DIRECTION ( 'NONE',  ( 1.000000000000000000, 0.000000000000000000, 0.000000000000000000 ) ) ;
#12908 = EDGE_CURVE ( 'NONE', #12988, #1311, #5638, .T. ) ;
#12909 = COLOUR_RGB ( '',0.1098039215686274495, 0.1098039215686274495, 0.1098039215686274495 ) ;
#12910 = ADVANCED_FACE ( 'NONE', ( #9648 ), #4811, .F. ) ;
#12911 = PRESENTATION_STYLE_ASSIGNMENT (( #1399 ) ) ;
#12912 = ORIENTED_EDGE ( 'NONE', *, *, #10834, .F. ) ;
#12913 = VERTEX_POINT ( 'NONE', #441 ) ;
#12914 = CARTESIAN_POINT ( 'NONE',  ( 2.750000000000000000, 0.05000000000000273670, -3.500000000000000000 ) ) ;
#12915 = CARTESIAN_POINT ( 'NONE',  ( 2.552999999999991498, 1.027999999999999359, 2.799999999999999822 ) ) ;
#12916 = ORIENTED_EDGE ( 'NONE', *, *, #3628, .T. ) ;
#12917 =( GEOMETRIC_REPRESENTATION_CONTEXT ( 3 ) GLOBAL_UNCERTAINTY_ASSIGNED_CONTEXT ( ( #7108 ) ) GLOBAL_UNIT_ASSIGNED_CONTEXT ( ( #11740, #5579, #1485 ) ) REPRESENTATION_CONTEXT ( 'NONE', 'WORKASPACE' ) );
#12918 = VECTOR ( 'NONE', #12229, 1000.000000000000000 ) ;
#12919 = FILL_AREA_STYLE_COLOUR ( '', #8803 ) ;
#12920 = UNCERTAINTY_MEASURE_WITH_UNIT (LENGTH_MEASURE( 1.000000000000000082E-05 ), #11045, 'distance_accuracy_value', 'NONE');
#12921 = CARTESIAN_POINT ( 'NONE',  ( -2.752999999999998781, 1.028000000000000025, -2.799999999999999822 ) ) ;
#12922 = UNCERTAINTY_MEASURE_WITH_UNIT (LENGTH_MEASURE( 1.000000000000000082E-05 ), #9737, 'distance_accuracy_value', 'NONE');
#12923 = VERTEX_POINT ( 'NONE', #3859 ) ;
#12924 = LINE ( 'NONE', #9858, #8607 ) ;
#12925 = DIRECTION ( 'NONE',  ( 0.000000000000000000, -1.000000000000000000, 0.000000000000000000 ) ) ;
#12926 = LINE ( 'NONE', #9610, #2358 ) ;
#12927 = CARTESIAN_POINT ( 'NONE',  ( -0.3895880843324730503, -1.039999999999999147, 2.413550568363381554 ) ) ;
#12928 = LINE ( 'NONE', #11620, #3471 ) ;
#12929 = ORIENTED_EDGE ( 'NONE', *, *, #9053, .F. ) ;
#12930 =( LENGTH_UNIT ( ) NAMED_UNIT ( * ) SI_UNIT ( .MILLI., .METRE. ) );
#12931 = DIRECTION ( 'NONE',  ( 0.000000000000000000, -0.9590177080589005199, -0.2833461410174015760 ) ) ;
#12932 = CARTESIAN_POINT ( 'NONE',  ( 1.750000000000084599, 1.049999999999999600, 2.250000000000006217 ) ) ;
#12933 = VERTEX_POINT ( 'NONE', #721 ) ;
#12934 = CARTESIAN_POINT ( 'NONE',  ( -2.549999999999998934, 1.028000000000000025, -2.200000000000000178 ) ) ;
#12935 = UNCERTAINTY_MEASURE_WITH_UNIT (LENGTH_MEASURE( 1.000000000000000082E-05 ), #4231, 'distance_accuracy_value', 'NONE');
#12936 = VECTOR ( 'NONE', #6913, 1000.000000000000000 ) ;
#12937 = CIRCLE ( 'NONE', #9732, 0.2019999999999999296 ) ;
#12938 = CARTESIAN_POINT ( 'NONE',  ( -0.5000000000000000000, -0.3500000000000003664, -3.574999999999997957 ) ) ;
#12939 = FILL_AREA_STYLE_COLOUR ( '', #9215 ) ;
#12940 = CARTESIAN_POINT ( 'NONE',  ( -0.6555158172688070328, -1.039999999999999147, 2.413550568363380666 ) ) ;
#12941 = STYLED_ITEM ( 'NONE', ( #6893 ), #7900 ) ;
#12942 = VERTEX_POINT ( 'NONE', #769 ) ;
#12943 = ORIENTED_EDGE ( 'NONE', *, *, #12908, .F. ) ;
#12944 = STYLED_ITEM ( 'NONE', ( #12992 ), #2756 ) ;
#12945 = FILL_AREA_STYLE_COLOUR ( '', #3459 ) ;
#12946 = CARTESIAN_POINT ( 'NONE',  ( -2.749999999999999556, -0.6000000000000094147, 0.8309401076758483606 ) ) ;
#12947 = EDGE_CURVE ( 'NONE', #9337, #7585, #1167, .T. ) ;
#12948 = SURFACE_STYLE_FILL_AREA ( #2775 ) ;
#12949 = DIRECTION ( 'NONE',  ( -0.000000000000000000, -0.000000000000000000, -1.000000000000000000 ) ) ;
#12950 = VECTOR ( 'NONE', #3734, 1000.000000000000000 ) ;
#12951 = ORIENTED_EDGE ( 'NONE', *, *, #9827, .T. ) ;
#12952 = SURFACE_STYLE_FILL_AREA ( #6034 ) ;
#12953 = LINE ( 'NONE', #12932, #1600 ) ;
#12954 = FILL_AREA_STYLE ('',( #763 ) ) ;
#12955 = SURFACE_STYLE_USAGE ( .BOTH. , #12024 ) ;
#12956 = DIRECTION ( 'NONE',  ( 0.000000000000000000, 0.000000000000000000, 1.000000000000000000 ) ) ;
#12957 = AXIS2_PLACEMENT_3D ( 'NONE', #12854, #2604, #4604 ) ;
#12958 = CARTESIAN_POINT ( 'NONE',  ( 2.350000000000000089, 0.05000000000000274364, -3.774999999999995914 ) ) ;
#12959 = ADVANCED_FACE ( 'NONE', ( #13179 ), #3552, .F. ) ;
#12960 = SURFACE_STYLE_USAGE ( .BOTH. , #7846 ) ;
#12961 = ORIENTED_EDGE ( 'NONE', *, *, #2610, .F. ) ;
#12962 = SURFACE_SIDE_STYLE ('',( #11681 ) ) ;
#12963 =( NAMED_UNIT ( * ) SI_UNIT ( $, .STERADIAN. ) SOLID_ANGLE_UNIT ( ) );
#12964 = FACE_OUTER_BOUND ( 'NONE', #10157, .T. ) ;
#12965 = ORIENTED_EDGE ( 'NONE', *, *, #4627, .F. ) ;
#12966 = STYLED_ITEM ( 'NONE', ( #9541 ), #10420 ) ;
#12967 = MECHANICAL_DESIGN_GEOMETRIC_PRESENTATION_REPRESENTATION (  '', ( #10228 ), #11365 ) ;
#12968 = VECTOR ( 'NONE', #8780, 1000.000000000000000 ) ;
#12969 = CIRCLE ( 'NONE', #7090, 0.3999999999999984124 ) ;
#12970 = EDGE_LOOP ( 'NONE', ( #3642, #1633, #3530, #12052 ) ) ;
#12971 =( NAMED_UNIT ( * ) PLANE_ANGLE_UNIT ( ) SI_UNIT ( $, .RADIAN. ) );
#12972 = CARTESIAN_POINT ( 'NONE',  ( 0.3148065801894597837, -1.039999999999999147, 2.864768817329525152 ) ) ;
#12973 = VERTEX_POINT ( 'NONE', #5928 ) ;
#12974 = ADVANCED_FACE ( 'NONE', ( #824 ), #13051, .F. ) ;
#12975 = COLOUR_RGB ( '',0.1098039215686274495, 0.1098039215686274495, 0.1098039215686274495 ) ;
#12976 = SURFACE_STYLE_USAGE ( .BOTH. , #13066 ) ;
#12977 = EDGE_CURVE ( 'NONE', #8431, #10767, #486, .T. ) ;
#12978 = SURFACE_SIDE_STYLE ('',( #6704 ) ) ;
#12979 = FACE_OUTER_BOUND ( 'NONE', #2392, .T. ) ;
#12980 = ORIENTED_EDGE ( 'NONE', *, *, #7525, .T. ) ;
#12981 = SURFACE_SIDE_STYLE ('',( #7959 ) ) ;
#12982 =( GEOMETRIC_REPRESENTATION_CONTEXT ( 3 ) GLOBAL_UNCERTAINTY_ASSIGNED_CONTEXT ( ( #8993 ) ) GLOBAL_UNIT_ASSIGNED_CONTEXT ( ( #7942, #1762, #6985 ) ) REPRESENTATION_CONTEXT ( 'NONE', 'WORKASPACE' ) );
#12983 = AXIS2_PLACEMENT_3D ( 'NONE', #11081, #8251, #1202 ) ;
#12984 = FILL_AREA_STYLE ('',( #422 ) ) ;
#12985 = CARTESIAN_POINT ( 'NONE',  ( -0.4070303008530175015, -1.049999999999999156, 2.535624061006541474 ) ) ;
#12986 = FACE_OUTER_BOUND ( 'NONE', #12542, .T. ) ;
#12987 = DIRECTION ( 'NONE',  ( 1.000000000000000000, 0.000000000000000000, -1.734723475976807094E-15 ) ) ;
#12988 = VERTEX_POINT ( 'NONE', #9952 ) ;
#12989 = EDGE_CURVE ( 'NONE', #9862, #10689, #8381, .T. ) ;
#12990 = DIRECTION ( 'NONE',  ( -0.000000000000000000, -0.000000000000000000, 1.000000000000000000 ) ) ;
#12991 = VECTOR ( 'NONE', #8033, 1000.000000000000000 ) ;
#12992 = PRESENTATION_STYLE_ASSIGNMENT (( #11175 ) ) ;
#12993 = FILL_AREA_STYLE_COLOUR ( '', #8762 ) ;
#12994 = LINE ( 'NONE', #4695, #5940 ) ;
#12995 = ORIENTED_EDGE ( 'NONE', *, *, #13062, .F. ) ;
#12996 = DIRECTION ( 'NONE',  ( 6.994852725712935172E-17, 0.000000000000000000, -1.000000000000000000 ) ) ;
#12997 = MECHANICAL_DESIGN_GEOMETRIC_PRESENTATION_REPRESENTATION (  '', ( #6316 ), #3378 ) ;
#12998 = UNCERTAINTY_MEASURE_WITH_UNIT (LENGTH_MEASURE( 1.000000000000000082E-05 ), #960, 'distance_accuracy_value', 'NONE');
#12999 = EDGE_CURVE ( 'NONE', #8207, #10631, #6598, .T. ) ;
#13000 = LINE ( 'NONE', #1226, #11268 ) ;
#13001 =( LENGTH_UNIT ( ) NAMED_UNIT ( * ) SI_UNIT ( .MILLI., .METRE. ) );
#13002 = PRESENTATION_STYLE_ASSIGNMENT (( #343 ) ) ;
#13003 =( LENGTH_UNIT ( ) NAMED_UNIT ( * ) SI_UNIT ( .MILLI., .METRE. ) );
#13004 = DIRECTION ( 'NONE',  ( -0.000000000000000000, -1.000000000000000000, -0.000000000000000000 ) ) ;
#13005 = EDGE_LOOP ( 'NONE', ( #11641, #12501, #9293, #2702 ) ) ;
#13006 =( NAMED_UNIT ( * ) PLANE_ANGLE_UNIT ( ) SI_UNIT ( $, .RADIAN. ) );
#13007 = LINE ( 'NONE', #8658, #10291 ) ;
#13008 = DIRECTION ( 'NONE',  ( 1.000000000000000000, 0.000000000000000000, 0.000000000000000000 ) ) ;
#13009 = FILL_AREA_STYLE_COLOUR ( '', #2766 ) ;
#13010 = STYLED_ITEM ( 'NONE', ( #7700 ), #12578 ) ;
#13011 = VERTEX_POINT ( 'NONE', #6817 ) ;
#13012 =( NAMED_UNIT ( * ) SI_UNIT ( $, .STERADIAN. ) SOLID_ANGLE_UNIT ( ) );
#13013 = EDGE_CURVE ( 'NONE', #4610, #1271, #153, .T. ) ;
#13014 =( NAMED_UNIT ( * ) PLANE_ANGLE_UNIT ( ) SI_UNIT ( $, .RADIAN. ) );
#13015 = UNCERTAINTY_MEASURE_WITH_UNIT (LENGTH_MEASURE( 1.000000000000000082E-05 ), #8671, 'distance_accuracy_value', 'NONE');
#13016 =( NAMED_UNIT ( * ) SI_UNIT ( $, .STERADIAN. ) SOLID_ANGLE_UNIT ( ) );
#13017 = LINE ( 'NONE', #11065, #4686 ) ;
#13018 = VECTOR ( 'NONE', #9231, 1000.000000000000000 ) ;
#13019 = ORIENTED_EDGE ( 'NONE', *, *, #4068, .F. ) ;
#13020 = STYLED_ITEM ( 'NONE', ( #6203 ), #7473 ) ;
#13021 =( NAMED_UNIT ( * ) SI_UNIT ( $, .STERADIAN. ) SOLID_ANGLE_UNIT ( ) );
#13022 = FACE_OUTER_BOUND ( 'NONE', #10533, .T. ) ;
#13023 = DIRECTION ( 'NONE',  ( -0.000000000000000000, -0.000000000000000000, -1.000000000000000000 ) ) ;
#13024 = CARTESIAN_POINT ( 'NONE',  ( 2.500000000000000444, 0.7999999999999992673, 3.500000000000006661 ) ) ;
#13025 = PRESENTATION_LAYER_ASSIGNMENT (  '', '', ( #10715 ) ) ;
#13026 = ORIENTED_EDGE ( 'NONE', *, *, #610, .F. ) ;
#13027 =( LENGTH_UNIT ( ) NAMED_UNIT ( * ) SI_UNIT ( .MILLI., .METRE. ) );
#13028 = DIRECTION ( 'NONE',  ( -1.000000000000000000, -0.000000000000000000, -0.000000000000000000 ) ) ;
#13029 = ADVANCED_FACE ( 'NONE', ( #6923 ), #1001, .F. ) ;
#13030 = FILL_AREA_STYLE_COLOUR ( '', #7556 ) ;
#13031 = FACE_BOUND ( 'NONE', #403, .T. ) ;
#13032 = EDGE_CURVE ( 'NONE', #9678, #2848, #5469, .T. ) ;
#13033 = SURFACE_SIDE_STYLE ('',( #8687 ) ) ;
#13034 = ORIENTED_EDGE ( 'NONE', *, *, #7775, .T. ) ;
#13035 = VECTOR ( 'NONE', #3476, 1000.000000000000000 ) ;
#13036 = CARTESIAN_POINT ( 'NONE',  ( -0.2499999999999572842, 0.8499999999999997558, -0.2499999999999957812 ) ) ;
#13037 =( LENGTH_UNIT ( ) NAMED_UNIT ( * ) SI_UNIT ( .MILLI., .METRE. ) );
#13038 = MECHANICAL_DESIGN_GEOMETRIC_PRESENTATION_REPRESENTATION (  '', ( #144 ), #11668 ) ;
#13039 = PLANE ( 'NONE',  #5858 ) ;
#13040 = EDGE_LOOP ( 'NONE', ( #11476, #11237, #496, #5671 ) ) ;
#13041 = CARTESIAN_POINT ( 'NONE',  ( 1.500000000000000000, -1.050000000000000044, -3.099999999999995648 ) ) ;
#13042 = CIRCLE ( 'NONE', #12308, 0.1999999999999982903 ) ;
#13043 = ADVANCED_FACE ( 'NONE', ( #7254 ), #11284, .F. ) ;
#13044 = VERTEX_POINT ( 'NONE', #7008 ) ;
#13045 = FILL_AREA_STYLE ('',( #7001 ) ) ;
#13046 = PRESENTATION_STYLE_ASSIGNMENT (( #10186 ) ) ;
#13047 = FILL_AREA_STYLE ('',( #8984 ) ) ;
#13048 = ORIENTED_EDGE ( 'NONE', *, *, #12803, .F. ) ;
#13049 = AXIS2_PLACEMENT_3D ( 'NONE', #550, #11910, #7772 ) ;
#13050 = CARTESIAN_POINT ( 'NONE',  ( 0.1505370182870021944, -1.039999999999999147, 2.586871583535974572 ) ) ;
#13051 = PLANE ( 'NONE',  #10362 ) ;
#13052 = EDGE_CURVE ( 'NONE', #11512, #1719, #4667, .T. ) ;
#13053 = SURFACE_STYLE_USAGE ( .BOTH. , #8860 ) ;
#13054 = FILL_AREA_STYLE ('',( #9074 ) ) ;
#13055 = DIRECTION ( 'NONE',  ( 0.000000000000000000, 0.000000000000000000, -1.000000000000000000 ) ) ;
#13056 = VECTOR ( 'NONE', #8662, 1000.000000000000000 ) ;
#13057 = ORIENTED_EDGE ( 'NONE', *, *, #8128, .F. ) ;
#13058 = PRESENTATION_STYLE_ASSIGNMENT (( #6939 ) ) ;
#13059 = VECTOR ( 'NONE', #1079, 1000.000000000000000 ) ;
#13060 = CARTESIAN_POINT ( 'NONE',  ( 2.552999999999991054, 1.028000000000000025, -2.200000000000000178 ) ) ;
#13061 = EDGE_LOOP ( 'NONE', ( #741, #7404, #2271, #9509 ) ) ;
#13062 = EDGE_CURVE ( 'NONE', #8733, #7324, #1798, .T. ) ;
#13063 = AXIS2_PLACEMENT_3D ( 'NONE', #7824, #10853, #4612 ) ;
#13064 =( GEOMETRIC_REPRESENTATION_CONTEXT ( 3 ) GLOBAL_UNCERTAINTY_ASSIGNED_CONTEXT ( ( #12776 ) ) GLOBAL_UNIT_ASSIGNED_CONTEXT ( ( #482, #3462, #5503 ) ) REPRESENTATION_CONTEXT ( 'NONE', 'WORKASPACE' ) );
#13065 = ORIENTED_EDGE ( 'NONE', *, *, #7714, .F. ) ;
#13066 = SURFACE_SIDE_STYLE ('',( #12485 ) ) ;
#13067 = EDGE_CURVE ( 'NONE', #6325, #10515, #7414, .T. ) ;
#13068 =( NAMED_UNIT ( * ) SI_UNIT ( $, .STERADIAN. ) SOLID_ANGLE_UNIT ( ) );
#13069 = ORIENTED_EDGE ( 'NONE', *, *, #9872, .T. ) ;
#13070 = DIRECTION ( 'NONE',  ( 0.000000000000000000, -0.000000000000000000, -1.000000000000000000 ) ) ;
#13071 = DIRECTION ( 'NONE',  ( -0.000000000000000000, 1.000000000000000000, 1.239088197126289831E-16 ) ) ;
#13072 = PRESENTATION_LAYER_ASSIGNMENT (  '', '', ( #12575 ) ) ;
#13073 = FILL_AREA_STYLE_COLOUR ( '', #9150 ) ;
#13074 = MECHANICAL_DESIGN_GEOMETRIC_PRESENTATION_REPRESENTATION (  '', ( #10073 ), #5505 ) ;
#13075 =( NAMED_UNIT ( * ) PLANE_ANGLE_UNIT ( ) SI_UNIT ( $, .RADIAN. ) );
#13076 = EDGE_CURVE ( 'NONE', #12766, #524, #3066, .T. ) ;
#13077 = VECTOR ( 'NONE', #7098, 1000.000000000000000 ) ;
#13078 = ORIENTED_EDGE ( 'NONE', *, *, #6427, .T. ) ;
#13079 = FILL_AREA_STYLE ('',( #9986 ) ) ;
#13080 = SURFACE_STYLE_FILL_AREA ( #3548 ) ;
#13081 = STYLED_ITEM ( 'NONE', ( #3844 ), #11976 ) ;
#13082 = PRESENTATION_LAYER_ASSIGNMENT (  '', '', ( #28 ) ) ;
#13083 = VERTEX_POINT ( 'NONE', #3011 ) ;
#13084 = CARTESIAN_POINT ( 'NONE',  ( 2.499999999999991562, 1.025000000000000133, -2.799999999999999822 ) ) ;
#13085 = VECTOR ( 'NONE', #9080, 1000.000000000000000 ) ;
#13086 = SURFACE_SIDE_STYLE ('',( #12178 ) ) ;
#13087 = EDGE_CURVE ( 'NONE', #1563, #12459, #7574, .T. ) ;
#13088 = UNCERTAINTY_MEASURE_WITH_UNIT (LENGTH_MEASURE( 1.000000000000000082E-05 ), #5971, 'distance_accuracy_value', 'NONE');
#13089 =( LENGTH_UNIT ( ) NAMED_UNIT ( * ) SI_UNIT ( .MILLI., .METRE. ) );
#13090 = SURFACE_SIDE_STYLE ('',( #5933 ) ) ;
#13091 = UNCERTAINTY_MEASURE_WITH_UNIT (LENGTH_MEASURE( 1.000000000000000082E-05 ), #7966, 'distance_accuracy_value', 'NONE');
#13092 = FILL_AREA_STYLE ('',( #2791 ) ) ;
#13093 = VERTEX_POINT ( 'NONE', #9029 ) ;
#13094 = ORIENTED_EDGE ( 'NONE', *, *, #6443, .F. ) ;
#13095 = CARTESIAN_POINT ( 'NONE',  ( -0.2064888568680664227, -1.039999999999999147, 2.413550568363381554 ) ) ;
#13096 = VECTOR ( 'NONE', #6768, 1000.000000000000000 ) ;
#13097 =( NAMED_UNIT ( * ) SI_UNIT ( $, .STERADIAN. ) SOLID_ANGLE_UNIT ( ) );
#13098 = FILL_AREA_STYLE_COLOUR ( '', #8554 ) ;
#13099 = PRESENTATION_LAYER_ASSIGNMENT (  '', '', ( #6488 ) ) ;
#13100 = FACE_OUTER_BOUND ( 'NONE', #4197, .T. ) ;
#13101 = DIRECTION ( 'NONE',  ( -0.000000000000000000, -0.000000000000000000, -1.000000000000000000 ) ) ;
#13102 = ORIENTED_EDGE ( 'NONE', *, *, #12539, .F. ) ;
#13103 =( NAMED_UNIT ( * ) SI_UNIT ( $, .STERADIAN. ) SOLID_ANGLE_UNIT ( ) );
#13104 =( NAMED_UNIT ( * ) PLANE_ANGLE_UNIT ( ) SI_UNIT ( $, .RADIAN. ) );
#13105 = DIRECTION ( 'NONE',  ( -1.000000000000000000, -0.000000000000000000, -0.000000000000000000 ) ) ;
#13106 = PRESENTATION_STYLE_ASSIGNMENT (( #10284 ) ) ;
#13107 = EDGE_CURVE ( 'NONE', #11845, #216, #5784, .T. ) ;
#13108 = ORIENTED_EDGE ( 'NONE', *, *, #3133, .F. ) ;
#13109 = VECTOR ( 'NONE', #2317, 1000.000000000000000 ) ;
#13110 = COLOUR_RGB ( '',0.1098039215686274495, 0.1098039215686274495, 0.1098039215686274495 ) ;
#13111 = SURFACE_STYLE_FILL_AREA ( #8263 ) ;
#13112 = FILL_AREA_STYLE_COLOUR ( '', #635 ) ;
#13113 = MECHANICAL_DESIGN_GEOMETRIC_PRESENTATION_REPRESENTATION (  '', ( #6000 ), #484 ) ;
#13114 = SURFACE_STYLE_FILL_AREA ( #115 ) ;
#13115 = EDGE_LOOP ( 'NONE', ( #6816, #4777, #6531, #12887, #2713 ) ) ;
#13116 = SURFACE_STYLE_USAGE ( .BOTH. , #4975 ) ;
#13117 = COLOUR_RGB ( '',1.000000000000000000, 1.000000000000000000, 1.000000000000000000 ) ;
#13118 = LINE ( 'NONE', #3487, #434 ) ;
#13119 = VECTOR ( 'NONE', #3914, 1000.000000000000000 ) ;
#13120 = COLOUR_RGB ( '',1.000000000000000000, 1.000000000000000000, 1.000000000000000000 ) ;
#13121 = ORIENTED_EDGE ( 'NONE', *, *, #3187, .F. ) ;
#13122 = MECHANICAL_DESIGN_GEOMETRIC_PRESENTATION_REPRESENTATION (  '', ( #6004 ), #1897 ) ;
#13123 =( NAMED_UNIT ( * ) SI_UNIT ( $, .STERADIAN. ) SOLID_ANGLE_UNIT ( ) );
#13124 = DIRECTION ( 'NONE',  ( -0.000000000000000000, -0.000000000000000000, -1.000000000000000000 ) ) ;
#13125 = EDGE_CURVE ( 'NONE', #7341, #5056, #9618, .T. ) ;
#13126 = DIRECTION ( 'NONE',  ( 0.05208774746704859793, 0.000000000000000000, -0.9986425118949268098 ) ) ;
#13127 = EDGE_LOOP ( 'NONE', ( #7114, #5257, #12274, #1630 ) ) ;
#13128 = DIRECTION ( 'NONE',  ( 0.000000000000000000, 0.000000000000000000, 1.000000000000000000 ) ) ;
#13129 = DIRECTION ( 'NONE',  ( 0.000000000000000000, 8.340016711426986103E-17, -1.000000000000000000 ) ) ;
#13130 =( NAMED_UNIT ( * ) SI_UNIT ( $, .STERADIAN. ) SOLID_ANGLE_UNIT ( ) );
#13131 = PLANE ( 'NONE',  #2456 ) ;
#13132 = VERTEX_POINT ( 'NONE', #2932 ) ;
#13133 = VECTOR ( 'NONE', #5404, 1000.000000000000000 ) ;
#13134 = LINE ( 'NONE', #1571, #3685 ) ;
#13135 = FILL_AREA_STYLE ('',( #2004 ) ) ;
#13136 = EDGE_LOOP ( 'NONE', ( #33, #6388, #12407, #5089, #11674, #1989, #3666, #735 ) ) ;
#13137 =( NAMED_UNIT ( * ) PLANE_ANGLE_UNIT ( ) SI_UNIT ( $, .RADIAN. ) );
#13138 =( LENGTH_UNIT ( ) NAMED_UNIT ( * ) SI_UNIT ( .MILLI., .METRE. ) );
#13139 = SURFACE_STYLE_FILL_AREA ( #10723 ) ;
#13140 = DIRECTION ( 'NONE',  ( -1.000000000000000000, -0.000000000000000000, -0.000000000000000000 ) ) ;
#13141 = CARTESIAN_POINT ( 'NONE',  ( 2.752999999999984571, 2.050000000000049560, -2.799999999999999822 ) ) ;
#13142 =( GEOMETRIC_REPRESENTATION_CONTEXT ( 3 ) GLOBAL_UNCERTAINTY_ASSIGNED_CONTEXT ( ( #11699 ) ) GLOBAL_UNIT_ASSIGNED_CONTEXT ( ( #6558, #7613, #3512 ) ) REPRESENTATION_CONTEXT ( 'NONE', 'WORKASPACE' ) );
#13143 = PRESENTATION_LAYER_ASSIGNMENT (  '', '', ( #11773 ) ) ;
#13144 = ORIENTED_EDGE ( 'NONE', *, *, #10003, .T. ) ;
#13145 = LINE ( 'NONE', #13161, #12991 ) ;
#13146 = EDGE_LOOP ( 'NONE', ( #4427, #5206, #12228, #3458 ) ) ;
#13147 = ORIENTED_EDGE ( 'NONE', *, *, #3742, .T. ) ;
#13148 =( LENGTH_UNIT ( ) NAMED_UNIT ( * ) SI_UNIT ( .MILLI., .METRE. ) );
#13149 =( LENGTH_UNIT ( ) NAMED_UNIT ( * ) SI_UNIT ( .MILLI., .METRE. ) );
#13150 = AXIS2_PLACEMENT_3D ( 'NONE', #13060, #6924, #1836 ) ;
#13151 =( GEOMETRIC_REPRESENTATION_CONTEXT ( 3 ) GLOBAL_UNCERTAINTY_ASSIGNED_CONTEXT ( ( #3396 ) ) GLOBAL_UNIT_ASSIGNED_CONTEXT ( ( #9778, #12786, #3728 ) ) REPRESENTATION_CONTEXT ( 'NONE', 'WORKASPACE' ) );
#13152 = CIRCLE ( 'NONE', #57, 0.2019999999999999296 ) ;
#13153 = DIRECTION ( 'NONE',  ( 0.000000000000000000, -1.000000000000000000, 0.000000000000000000 ) ) ;
#13154 =( NAMED_UNIT ( * ) SI_UNIT ( $, .STERADIAN. ) SOLID_ANGLE_UNIT ( ) );
#13155 = ORIENTED_EDGE ( 'NONE', *, *, #4938, .F. ) ;
#13156 = EDGE_CURVE ( 'NONE', #13210, #11015, #1469, .T. ) ;
#13157 = VECTOR ( 'NONE', #4899, 1000.000000000000000 ) ;
#13158 = VECTOR ( 'NONE', #5331, 1000.000000000000000 ) ;
#13159 = VERTEX_POINT ( 'NONE', #6291 ) ;
#13160 = DIRECTION ( 'NONE',  ( 1.000000000000000000, 0.000000000000000000, 0.000000000000000000 ) ) ;
#13161 = CARTESIAN_POINT ( 'NONE',  ( 2.550000000000000266, -1.049999999999996714, -1.850000000000007860 ) ) ;
#13162 = MECHANICAL_DESIGN_GEOMETRIC_PRESENTATION_REPRESENTATION (  '', ( #2782 ), #1939 ) ;
#13163 = STYLED_ITEM ( 'NONE', ( #7204 ), #4839 ) ;
#13164 = UNCERTAINTY_MEASURE_WITH_UNIT (LENGTH_MEASURE( 1.000000000000000082E-05 ), #7416, 'distance_accuracy_value', 'NONE');
#13165 = EDGE_CURVE ( 'NONE', #13159, #29, #6, .T. ) ;
#13166 = EDGE_LOOP ( 'NONE', ( #10611, #11900, #11569, #3340 ) ) ;
#13167 = DIRECTION ( 'NONE',  ( 4.243452729884350584E-16, -1.000000000000000000, 0.000000000000000000 ) ) ;
#13168 = DIRECTION ( 'NONE',  ( 1.000000000000000000, -3.261864310294242647E-33, 6.994852725712935172E-17 ) ) ;
#13169 = SURFACE_STYLE_FILL_AREA ( #10573 ) ;
#13170 = ORIENTED_EDGE ( 'NONE', *, *, #6999, .T. ) ;
#13171 = PRESENTATION_LAYER_ASSIGNMENT (  '', '', ( #9989 ) ) ;
#13172 = SURFACE_STYLE_FILL_AREA ( #700 ) ;
#13173 = ORIENTED_EDGE ( 'NONE', *, *, #6555, .T. ) ;
#13174 = FILL_AREA_STYLE_COLOUR ( '', #7733 ) ;
#13175 = CARTESIAN_POINT ( 'NONE',  ( -2.552999999999998604, 2.050000000000049116, 2.200000000000000178 ) ) ;
#13176 = DIRECTION ( 'NONE',  ( -1.000000000000000000, -0.000000000000000000, -0.000000000000000000 ) ) ;
#13177 = DIRECTION ( 'NONE',  ( 0.8343588091190996536, 0.000000000000000000, -0.5512217136918299287 ) ) ;
#13178 = ADVANCED_FACE ( 'NONE', ( #6276 ), #5293, .F. ) ;
#13179 = FACE_OUTER_BOUND ( 'NONE', #3263, .T. ) ;
#13180 = FILL_AREA_STYLE_COLOUR ( '', #3469 ) ;
#13181 = UNCERTAINTY_MEASURE_WITH_UNIT (LENGTH_MEASURE( 1.000000000000000082E-05 ), #984, 'distance_accuracy_value', 'NONE');
#13182 = CARTESIAN_POINT ( 'NONE',  ( 0.2500000000000164868, 0.8500000000000001998, -2.750000000000000000 ) ) ;
#13183 = DIRECTION ( 'NONE',  ( 0.000000000000000000, -1.000000000000000000, 0.000000000000000000 ) ) ;
#13184 =( GEOMETRIC_REPRESENTATION_CONTEXT ( 3 ) GLOBAL_UNCERTAINTY_ASSIGNED_CONTEXT ( ( #2819 ) ) GLOBAL_UNIT_ASSIGNED_CONTEXT ( ( #2311, #11550, #6517 ) ) REPRESENTATION_CONTEXT ( 'NONE', 'WORKASPACE' ) );
#13185 = EDGE_LOOP ( 'NONE', ( #9205, #13188, #10626, #12951 ) ) ;
#13186 = CARTESIAN_POINT ( 'NONE',  ( -2.750000000000014655, -1.049999999999999156, -3.099999999999995648 ) ) ;
#13187 =( LENGTH_UNIT ( ) NAMED_UNIT ( * ) SI_UNIT ( .MILLI., .METRE. ) );
#13188 = ORIENTED_EDGE ( 'NONE', *, *, #3110, .F. ) ;
#13189 =( NAMED_UNIT ( * ) SI_UNIT ( $, .STERADIAN. ) SOLID_ANGLE_UNIT ( ) );
#13190 = DIRECTION ( 'NONE',  ( 1.000000000000000000, 0.000000000000000000, 0.000000000000000000 ) ) ;
#13191 = ORIENTED_EDGE ( 'NONE', *, *, #3915, .T. ) ;
#13192 =( GEOMETRIC_REPRESENTATION_CONTEXT ( 3 ) GLOBAL_UNCERTAINTY_ASSIGNED_CONTEXT ( ( #8170 ) ) GLOBAL_UNIT_ASSIGNED_CONTEXT ( ( #12525, #5333, #1502 ) ) REPRESENTATION_CONTEXT ( 'NONE', 'WORKASPACE' ) );
#13193 = SURFACE_SIDE_STYLE ('',( #12952 ) ) ;
#13194 = SURFACE_STYLE_FILL_AREA ( #1567 ) ;
#13195 = SURFACE_STYLE_FILL_AREA ( #3163 ) ;
#13196 = VECTOR ( 'NONE', #9998, 1000.000000000000000 ) ;
#13197 = ORIENTED_EDGE ( 'NONE', *, *, #3242, .T. ) ;
#13198 = CARTESIAN_POINT ( 'NONE',  ( -2.399999999999999911, -0.04999999999999915623, 2.625000000000001776 ) ) ;
#13199 = ORIENTED_EDGE ( 'NONE', *, *, #675, .F. ) ;
#13200 =( NAMED_UNIT ( * ) PLANE_ANGLE_UNIT ( ) SI_UNIT ( $, .RADIAN. ) );
#13201 = DIRECTION ( 'NONE',  ( -0.000000000000000000, 6.776263578034472970E-17, -1.000000000000000000 ) ) ;
#13202 = STYLED_ITEM ( 'NONE', ( #379 ), #6263 ) ;
#13203 = EDGE_CURVE ( 'NONE', #7150, #4355, #2277, .T. ) ;
#13204 =( LENGTH_UNIT ( ) NAMED_UNIT ( * ) SI_UNIT ( .MILLI., .METRE. ) );
#13205 = FILL_AREA_STYLE ('',( #7169 ) ) ;
#13206 = VECTOR ( 'NONE', #2778, 1000.000000000000000 ) ;
#13207 = COLOUR_RGB ( '',1.000000000000000000, 1.000000000000000000, 1.000000000000000000 ) ;
#13208 = SURFACE_STYLE_FILL_AREA ( #13092 ) ;
#13209 = LINE ( 'NONE', #726, #1033 ) ;
#13210 = VERTEX_POINT ( 'NONE', #8362 ) ;
#13211 = CARTESIAN_POINT ( 'NONE',  ( -2.649999999999985256, -0.1499999999999995226, 0.3113248654051880004 ) ) ;
#13212 = ORIENTED_EDGE ( 'NONE', *, *, #13242, .F. ) ;
#13213 = STYLED_ITEM ( 'NONE', ( #1564 ), #8628 ) ;
#13214 = CARTESIAN_POINT ( 'NONE',  ( -1.249999999999999112, 0.8499999999999997558, -0.2499999999999966416 ) ) ;
#13215 = FILL_AREA_STYLE ('',( #8807 ) ) ;
#13216 = FILL_AREA_STYLE ('',( #10223 ) ) ;
#13217 =( LENGTH_UNIT ( ) NAMED_UNIT ( * ) SI_UNIT ( .MILLI., .METRE. ) );
#13218 = MECHANICAL_DESIGN_GEOMETRIC_PRESENTATION_REPRESENTATION (  '', ( #3344 ), #5403 ) ;
#13219 = ORIENTED_EDGE ( 'NONE', *, *, #6354, .F. ) ;
#13220 = DIRECTION ( 'NONE',  ( 0.000000000000000000, 0.000000000000000000, -1.000000000000000000 ) ) ;
#13221 = FACE_OUTER_BOUND ( 'NONE', #10327, .T. ) ;
#13222 = FACE_OUTER_BOUND ( 'NONE', #8183, .T. ) ;
#13223 = DIRECTION ( 'NONE',  ( -1.000000000000000000, -0.000000000000000000, -0.000000000000000000 ) ) ;
#13224 = DIRECTION ( 'NONE',  ( 0.000000000000000000, 0.9590177080589005199, 0.2833461410174015760 ) ) ;
#13225 = SURFACE_STYLE_USAGE ( .BOTH. , #12300 ) ;
#13226 = CARTESIAN_POINT ( 'NONE',  ( -1.749999999999999112, 0.8499999999999995337, 2.250000000000007105 ) ) ;
#13227 =( NAMED_UNIT ( * ) PLANE_ANGLE_UNIT ( ) SI_UNIT ( $, .RADIAN. ) );
#13228 = ORIENTED_EDGE ( 'NONE', *, *, #5204, .T. ) ;
#13229 = PRESENTATION_STYLE_ASSIGNMENT (( #10962 ) ) ;
#13230 = LINE ( 'NONE', #3493, #8758 ) ;
#13231 = ORIENTED_EDGE ( 'NONE', *, *, #4932, .T. ) ;
#13232 = EDGE_CURVE ( 'NONE', #5988, #5586, #6115, .T. ) ;
#13233 = CARTESIAN_POINT ( 'NONE',  ( 0.3148065801894597837, -1.039999999999999147, 2.864768817329525152 ) ) ;
#13234 = ORIENTED_EDGE ( 'NONE', *, *, #6273, .T. ) ;
#13235 = ORIENTED_EDGE ( 'NONE', *, *, #4492, .T. ) ;
#13236 = CARTESIAN_POINT ( 'NONE',  ( -0.2130186765629382140, -1.049999999999999156, 2.751416432946642399 ) ) ;
#13237 = AXIS2_PLACEMENT_3D ( 'NONE', #6110, #3059, #3324 ) ;
#13238 = ADVANCED_FACE ( 'NONE', ( #303 ), #4211, .F. ) ;
#13239 = CARTESIAN_POINT ( 'NONE',  ( -1.500000000000000000, -0.8499999999999978684, -3.099999999999995648 ) ) ;
#13240 = DIRECTION ( 'NONE',  ( 0.000000000000000000, -4.336808689942021187E-16, 1.000000000000000000 ) ) ;
#13241 = ORIENTED_EDGE ( 'NONE', *, *, #1763, .F. ) ;
#13242 = EDGE_CURVE ( 'NONE', #3460, #9031, #12045, .T. ) ;
#13243 = FILL_AREA_STYLE ('',( #12236 ) ) ;
#13245 = EDGE_LOOP ( 'NONE', ( #12895, #2950, #353, #12587 ) ) ;
#13244 = PRESENTATION_STYLE_ASSIGNMENT (( #1408 ) ) ;
#13246 = ORIENTED_EDGE ( 'NONE', *, *, #2780, .F. ) ;
#13247 = MECHANICAL_DESIGN_GEOMETRIC_PRESENTATION_REPRESENTATION (  '', ( #5432 ), #4311 ) ;
#13248 = DIRECTION ( 'NONE',  ( -1.000000000000000000, -0.000000000000000000, -0.000000000000000000 ) ) ;
#13249 = AXIS2_PLACEMENT_3D ( 'NONE', #7474, #6480, #9552 ) ;
#13250 = CARTESIAN_POINT ( 'NONE',  ( 7.899322037525770302E-31, 0.8499999999999988676, 4.305831485013859128E-16 ) ) ;
#13251 = STYLED_ITEM ( 'NONE', ( #2328 ), #302 ) ;
#13252 = UNCERTAINTY_MEASURE_WITH_UNIT (LENGTH_MEASURE( 1.000000000000000082E-05 ), #13003, 'distance_accuracy_value', 'NONE');
#13253 = UNCERTAINTY_MEASURE_WITH_UNIT (LENGTH_MEASURE( 1.000000000000000082E-05 ), #5704, 'distance_accuracy_value', 'NONE');
#13254 = ORIENTED_EDGE ( 'NONE', *, *, #4474, .F. ) ;
#13255 = SURFACE_SIDE_STYLE ('',( #956 ) ) ;
#13256 = ORIENTED_EDGE ( 'NONE', *, *, #2541, .F. ) ;
#13257 = VERTEX_POINT ( 'NONE', #10399 ) ;
#13258 = CARTESIAN_POINT ( 'NONE',  ( -1.249999999999999112, 0.8499999999999997558, -0.2499999999999966416 ) ) ;
#13259 = EDGE_CURVE ( 'NONE', #12393, #2648, #990, .T. ) ;
#13260 = DIRECTION ( 'NONE',  ( -1.000000000000000000, 3.527364893690287850E-33, -1.008560160451632221E-16 ) ) ;
#13261 = FILL_AREA_STYLE_COLOUR ( '', #292 ) ;
#13262 = DIRECTION ( 'NONE',  ( -1.204669080539449344E-16, 0.000000000000000000, 1.000000000000000000 ) ) ;
#13263 = DIRECTION ( 'NONE',  ( 1.000000000000000000, 0.000000000000000000, 0.000000000000000000 ) ) ;
#13264 = DIRECTION ( 'NONE',  ( -1.000000000000000000, -0.000000000000000000, -0.000000000000000000 ) ) ;
#13265 = DIRECTION ( 'NONE',  ( 0.000000000000000000, 0.000000000000000000, -1.000000000000000000 ) ) ;
#13266 = VECTOR ( 'NONE', #13028, 1000.000000000000000 ) ;
#13267 = SURFACE_STYLE_USAGE ( .BOTH. , #2758 ) ;
#13268 = MECHANICAL_DESIGN_GEOMETRIC_PRESENTATION_REPRESENTATION (  '', ( #9155 ), #10706 ) ;
#13269 = ORIENTED_EDGE ( 'NONE', *, *, #3652, .T. ) ;
#13270 = FACE_OUTER_BOUND ( 'NONE', #2259, .T. ) ;
#13271 = EDGE_CURVE ( 'NONE', #548, #7324, #13000, .T. ) ;
#13272 = ORIENTED_EDGE ( 'NONE', *, *, #9436, .F. ) ;
#13273 = LINE ( 'NONE', #2461, #10561 ) ;
#13274 = ORIENTED_EDGE ( 'NONE', *, *, #10127, .F. ) ;
#13275 = FILL_AREA_STYLE_COLOUR ( '', #252 ) ;
#13276 =( NAMED_UNIT ( * ) PLANE_ANGLE_UNIT ( ) SI_UNIT ( $, .RADIAN. ) );
#13277 = SURFACE_STYLE_FILL_AREA ( #10519 ) ;
#13278 = ORIENTED_EDGE ( 'NONE', *, *, #6563, .T. ) ;
#13279 =( GEOMETRIC_REPRESENTATION_CONTEXT ( 3 ) GLOBAL_UNCERTAINTY_ASSIGNED_CONTEXT ( ( #4537 ) ) GLOBAL_UNIT_ASSIGNED_CONTEXT ( ( #11487, #8476, #5455 ) ) REPRESENTATION_CONTEXT ( 'NONE', 'WORKASPACE' ) );
#13280 = CARTESIAN_POINT ( 'NONE',  ( 2.752999999999984571, 2.050000000000049560, -0.2999999999999999334 ) ) ;
#13281 = PRESENTATION_STYLE_ASSIGNMENT (( #13290 ) ) ;
#13282 = ORIENTED_EDGE ( 'NONE', *, *, #1855, .F. ) ;
#13283 =( GEOMETRIC_REPRESENTATION_CONTEXT ( 3 ) GLOBAL_UNCERTAINTY_ASSIGNED_CONTEXT ( ( #2841 ) ) GLOBAL_UNIT_ASSIGNED_CONTEXT ( ( #9008, #2862, #11912 ) ) REPRESENTATION_CONTEXT ( 'NONE', 'WORKASPACE' ) );
#13284 = LINE ( 'NONE', #6234, #1452 ) ;
#13285 = VERTEX_POINT ( 'NONE', #7191 ) ;
#13286 =( LENGTH_UNIT ( ) NAMED_UNIT ( * ) SI_UNIT ( .MILLI., .METRE. ) );
#13287 = EDGE_CURVE ( 'NONE', #4954, #12843, #4337, .T. ) ;
#13288 = SURFACE_SIDE_STYLE ('',( #2246 ) ) ;
#13289 = FILL_AREA_STYLE ('',( #12288 ) ) ;
#13290 = SURFACE_STYLE_USAGE ( .BOTH. , #8267 ) ;
#13291 = ADVANCED_FACE ( 'NONE', ( #4826 ), #3186, .T. ) ;
#13292 = SURFACE_STYLE_USAGE ( .BOTH. , #4071 ) ;
#13293 = LINE ( 'NONE', #11847, #3692 ) ;
#13294 = ORIENTED_EDGE ( 'NONE', *, *, #3196, .T. ) ;
#13295 = DIRECTION ( 'NONE',  ( -0.000000000000000000, 1.000000000000000000, 1.239088197126289831E-16 ) ) ;
#13296 = DIRECTION ( 'NONE',  ( 0.000000000000000000, -1.000000000000000000, 0.000000000000000000 ) ) ;
#13297 = VECTOR ( 'NONE', #11363, 1000.000000000000000 ) ;
#13298 = STYLED_ITEM ( 'NONE', ( #9052 ), #9521 ) ;
#13299 = FILL_AREA_STYLE_COLOUR ( '', #10128 ) ;
#13300 = ORIENTED_EDGE ( 'NONE', *, *, #7296, .F. ) ;
#13301 = SURFACE_STYLE_FILL_AREA ( #7505 ) ;
#13302 = EDGE_CURVE ( 'NONE', #9016, #7222, #3217, .T. ) ;
#13303 = FACE_OUTER_BOUND ( 'NONE', #5644, .T. ) ;
#13304 = ORIENTED_EDGE ( 'NONE', *, *, #7899, .F. ) ;
ENDSEC;
END-ISO-10303-21;
