ISO-10303-21;
HEADER;
FILE_DESCRIPTION (( 'STEP AP214' ),
    '1' );
FILE_NAME ('SKRHAD.STEP',
    '2024-07-11T03:15:26',
    ( '' ),
    ( '' ),
    'SwSTEP 2.0',
    'SolidWorks 2020',
    '' );
FILE_SCHEMA (( 'AUTOMOTIVE_DESIGN' ));
ENDSEC;

DATA;
#1 = DIRECTION ( 'NONE',  ( -4.671393224537066297E-17, 1.000000000000000000, -8.236926629845866965E-18 ) ) ;
#2 = FACE_OUTER_BOUND ( 'NONE', #6558, .T. ) ;
#3 = EDGE_CURVE ( 'NONE', #5524, #1308, #8210, .T. ) ;
#4 = MECHANICAL_DESIGN_GEOMETRIC_PRESENTATION_REPRESENTATION (  '', ( #4293 ), #3975 ) ;
#5 = FACE_OUTER_BOUND ( 'NONE', #6737, .T. ) ;
#6 = DIRECTION ( 'NONE',  ( 0.7071067811865462405, 0.7071067811865487940, -7.683492615482359515E-17 ) ) ;
#7 = EDGE_LOOP ( 'NONE', ( #89, #2557, #1503, #7678 ) ) ;
#8 = SURFACE_STYLE_FILL_AREA ( #5233 ) ;
#9 = EDGE_CURVE ( 'NONE', #5098, #3918, #4317, .T. ) ;
#10 = STYLED_ITEM ( 'NONE', ( #5261 ), #2359 ) ;
#11 = CARTESIAN_POINT ( 'NONE',  ( -0.09758073580374336531, -0.02616295090390266878, 0.4900000000000001577 ) ) ;
#12 =( NAMED_UNIT ( * ) SI_UNIT ( $, .STERADIAN. ) SOLID_ANGLE_UNIT ( ) );
#13 = UNCERTAINTY_MEASURE_WITH_UNIT (LENGTH_MEASURE( 1.000000000000000082E-05 ), #4328, 'distance_accuracy_value', 'NONE');
#14 = CARTESIAN_POINT ( 'NONE',  ( -0.3500000000000000333, -0.1074999999999999845, 0.1729999999999999871 ) ) ;
#15 = ORIENTED_EDGE ( 'NONE', *, *, #6638, .T. ) ;
#16 = COLOUR_RGB ( '',0.6470588235294117974, 0.6196078431372549211, 0.5882352941176470784 ) ;
#17 = ADVANCED_FACE ( 'NONE', ( #75 ), #1616, .F. ) ;
#18 = ORIENTED_EDGE ( 'NONE', *, *, #6726, .F. ) ;
#19 = FILL_AREA_STYLE ('',( #6188 ) ) ;
#20 = CARTESIAN_POINT ( 'NONE',  ( 0.3370710678118654102, -0.2427564927611038093, 0.1630000000000000060 ) ) ;
#21 = CARTESIAN_POINT ( 'NONE',  ( 0.07500000000000006661, 0.3400000000000000244, 0.1729999999999999871 ) ) ;
#22 = UNCERTAINTY_MEASURE_WITH_UNIT (LENGTH_MEASURE( 1.000000000000000082E-05 ), #6425, 'distance_accuracy_value', 'NONE');
#23 = DIRECTION ( 'NONE',  ( 0.7071067811865489050, -0.7071067811865461294, -0.000000000000000000 ) ) ;
#24 = VERTEX_POINT ( 'NONE', #8449 ) ;
#25 = COLOUR_RGB ( '',0.6470588235294117974, 0.6196078431372549211, 0.5882352941176470784 ) ;
#26 = PLANE ( 'NONE',  #1874 ) ;
#27 = ORIENTED_EDGE ( 'NONE', *, *, #275, .F. ) ;
#28 =( GEOMETRIC_REPRESENTATION_CONTEXT ( 3 ) GLOBAL_UNCERTAINTY_ASSIGNED_CONTEXT ( ( #9525 ) ) GLOBAL_UNIT_ASSIGNED_CONTEXT ( ( #8627, #4034, #6417 ) ) REPRESENTATION_CONTEXT ( 'NONE', 'WORKASPACE' ) );
#29 = PRESENTATION_STYLE_ASSIGNMENT (( #6838 ) ) ;
#30 = FACE_OUTER_BOUND ( 'NONE', #3639, .T. ) ;
#31 = CARTESIAN_POINT ( 'NONE',  ( -0.1046518036156090514, 0.03323401871576760203, 0.3150000000000000022 ) ) ;
#32 = ORIENTED_EDGE ( 'NONE', *, *, #9043, .T. ) ;
#33 = ADVANCED_FACE ( 'NONE', ( #4708 ), #4242, .F. ) ;
#34 = ORIENTED_EDGE ( 'NONE', *, *, #7156, .F. ) ;
#35 = DIRECTION ( 'NONE',  ( 6.735369260825570315E-17, -1.760146872403420140E-16, -1.000000000000000000 ) ) ;
#36 = VECTOR ( 'NONE', #734, 100.0000000000000000 ) ;
#37 = FILL_AREA_STYLE ('',( #732 ) ) ;
#38 = FILL_AREA_STYLE_COLOUR ( '', #4647 ) ;
#39 = LINE ( 'NONE', #3086, #1333 ) ;
#40 = ADVANCED_FACE ( 'NONE', ( #8046 ), #2050, .F. ) ;
#41 = CARTESIAN_POINT ( 'NONE',  ( -0.2356854249492379150, -0.3400000000000000244, 0.1630000000000000060 ) ) ;
#42 = VECTOR ( 'NONE', #2056, 100.0000000000000000 ) ;
#43 = EDGE_LOOP ( 'NONE', ( #3090, #7590, #7752, #3734 ) ) ;
#44 = ORIENTED_EDGE ( 'NONE', *, *, #4382, .F. ) ;
#45 = ORIENTED_EDGE ( 'NONE', *, *, #1365, .T. ) ;
#46 = CARTESIAN_POINT ( 'NONE',  ( 0.07500000000000006661, 0.3400000000000000244, 0.1729999999999999871 ) ) ;
#47 = VERTEX_POINT ( 'NONE', #7351 ) ;
#48 = EDGE_CURVE ( 'NONE', #8320, #6772, #2409, .T. ) ;
#49 = CIRCLE ( 'NONE', #7172, 0.005000000246747557386 ) ;
#50 =( NAMED_UNIT ( * ) SI_UNIT ( $, .STERADIAN. ) SOLID_ANGLE_UNIT ( ) );
#51 = CYLINDRICAL_SURFACE ( 'NONE', #6701, 0.01999999999999996572 ) ;
#52 = FACE_OUTER_BOUND ( 'NONE', #3239, .T. ) ;
#53 = DIRECTION ( 'NONE',  ( -0.1736481776669273336, 0.000000000000000000, 0.9848077530122085754 ) ) ;
#54 = DIRECTION ( 'NONE',  ( -0.000000000000000000, -1.000000000000000000, -0.000000000000000000 ) ) ;
#55 =( GEOMETRIC_REPRESENTATION_CONTEXT ( 3 ) GLOBAL_UNCERTAINTY_ASSIGNED_CONTEXT ( ( #8355 ) ) GLOBAL_UNIT_ASSIGNED_CONTEXT ( ( #6027, #6677, #5924 ) ) REPRESENTATION_CONTEXT ( 'NONE', 'WORKASPACE' ) );
#56 = ORIENTED_EDGE ( 'NONE', *, *, #1594, .F. ) ;
#57 = FACE_OUTER_BOUND ( 'NONE', #9460, .T. ) ;
#58 =( LENGTH_UNIT ( ) NAMED_UNIT ( * ) SI_UNIT ( .CENTI., .METRE. ) );
#59 = EDGE_LOOP ( 'NONE', ( #220, #6551, #7703, #1369, #2538, #9197 ) ) ;
#60 = CARTESIAN_POINT ( 'NONE',  ( -0.08000000000000000167, -0.3725000000000006084, -2.168404344971008868E-16 ) ) ;
#61 = DIRECTION ( 'NONE',  ( 0.9848077530122081313, 0.000000000000000000, 0.1736481776669295818 ) ) ;
#62 = ORIENTED_EDGE ( 'NONE', *, *, #5431, .T. ) ;
#63 = CARTESIAN_POINT ( 'NONE',  ( -0.1310000000000000053, -0.3400000000000000244, 0.1729999999999999871 ) ) ;
#64 = ORIENTED_EDGE ( 'NONE', *, *, #4125, .F. ) ;
#65 =( GEOMETRIC_REPRESENTATION_CONTEXT ( 3 ) GLOBAL_UNCERTAINTY_ASSIGNED_CONTEXT ( ( #7546 ) ) GLOBAL_UNIT_ASSIGNED_CONTEXT ( ( #8265, #8178, #6806 ) ) REPRESENTATION_CONTEXT ( 'NONE', 'WORKASPACE' ) );
#66 = FILL_AREA_STYLE ('',( #1653 ) ) ;
#67 = PRESENTATION_LAYER_ASSIGNMENT (  '', '', ( #4040 ) ) ;
#68 = CARTESIAN_POINT ( 'NONE',  ( 0.3400000000000000244, 0.3429467888754760829, 0.1729999999999999871 ) ) ;
#69 = LINE ( 'NONE', #1655, #964 ) ;
#70 = FACE_OUTER_BOUND ( 'NONE', #4181, .T. ) ;
#71 = VECTOR ( 'NONE', #1968, 100.0000000000000000 ) ;
#72 = ORIENTED_EDGE ( 'NONE', *, *, #5345, .T. ) ;
#73 = DIRECTION ( 'NONE',  ( 0.000000000000000000, 0.000000000000000000, -1.000000000000000000 ) ) ;
#74 = EDGE_CURVE ( 'NONE', #5266, #4361, #6631, .T. ) ;
#75 = FACE_OUTER_BOUND ( 'NONE', #8807, .T. ) ;
#76 = VECTOR ( 'NONE', #673, 100.0000000000000000 ) ;
#77 = CARTESIAN_POINT ( 'NONE',  ( -0.2427564927611034207, 0.3370710678118654657, 0.1729999999999999871 ) ) ;
#78 = LINE ( 'NONE', #3273, #2140 ) ;
#79 = UNCERTAINTY_MEASURE_WITH_UNIT (LENGTH_MEASURE( 1.000000000000000082E-05 ), #6752, 'distance_accuracy_value', 'NONE');
#80 = EDGE_LOOP ( 'NONE', ( #9733, #1687, #2756, #7635 ) ) ;
#81 = ORIENTED_EDGE ( 'NONE', *, *, #6654, .F. ) ;
#82 = CARTESIAN_POINT ( 'NONE',  ( 0.000000000000000000, 0.3500000000000000333, 0.06800000000000000488 ) ) ;
#83 = DIRECTION ( 'NONE',  ( 2.552652363152067194E-32, -3.491483361109382461E-15, 1.000000000000000000 ) ) ;
#84 = CARTESIAN_POINT ( 'NONE',  ( 0.000000000000000000, -0.1900000000000000022, 0.000000000000000000 ) ) ;
#85 = PRESENTATION_LAYER_ASSIGNMENT (  '', '', ( #3587 ) ) ;
#86 = FILL_AREA_STYLE ('',( #6892 ) ) ;
#87 = SURFACE_STYLE_USAGE ( .BOTH. , #5311 ) ;
#88 = VECTOR ( 'NONE', #8307, 100.0000000000000142 ) ;
#89 = ORIENTED_EDGE ( 'NONE', *, *, #7834, .T. ) ;
#90 = AXIS2_PLACEMENT_3D ( 'NONE', #4306, #2816, #3611 ) ;
#91 = PLANE ( 'NONE',  #2520 ) ;
#92 = EDGE_CURVE ( 'NONE', #1656, #4913, #7397, .T. ) ;
#93 = ORIENTED_EDGE ( 'NONE', *, *, #390, .F. ) ;
#94 = CARTESIAN_POINT ( 'NONE',  ( 0.08499999999999999223, -0.1899999999999999745, 0.007000000000000001013 ) ) ;
#95 = ORIENTED_EDGE ( 'NONE', *, *, #5413, .F. ) ;
#96 = LINE ( 'NONE', #1635, #6158 ) ;
#97 = ORIENTED_EDGE ( 'NONE', *, *, #7710, .F. ) ;
#98 = EDGE_CURVE ( 'NONE', #4599, #3593, #411, .T. ) ;
#99 = AXIS2_PLACEMENT_3D ( 'NONE', #692, #5223, #647 ) ;
#100 = DIRECTION ( 'NONE',  ( -1.000000000000000000, -0.000000000000000000, -0.000000000000000000 ) ) ;
#101 = FILL_AREA_STYLE_COLOUR ( '', #9365 ) ;
#102 = DIRECTION ( 'NONE',  ( -2.775557561562890118E-17, 1.000000000000000000, 2.737953000754036065E-18 ) ) ;
#103 = PRESENTATION_LAYER_ASSIGNMENT (  '', '', ( #9746 ) ) ;
#104 = DIRECTION ( 'NONE',  ( 0.000000000000000000, -1.000000000000000000, -0.000000000000000000 ) ) ;
#105 = ADVANCED_FACE ( 'NONE', ( #2699 ), #5732, .F. ) ;
#106 = STYLED_ITEM ( 'NONE', ( #7508 ), #2658 ) ;
#107 = ORIENTED_EDGE ( 'NONE', *, *, #3649, .T. ) ;
#108 = PRODUCT_DEFINITION_CONTEXT ( 'detailed design', #8130, 'design' ) ;
#109 = LINE ( 'NONE', #6729, #9575 ) ;
#110 = DIRECTION ( 'NONE',  ( -0.7071067811865419106, -0.7071067811865533459, 0.000000000000000000 ) ) ;
#111 = CARTESIAN_POINT ( 'NONE',  ( -0.3574999999999999845, 0.2425000000000000488, 0.1729999999999999871 ) ) ;
#112 = EDGE_CURVE ( 'NONE', #6196, #1861, #3500, .T. ) ;
#113 = ORIENTED_EDGE ( 'NONE', *, *, #1377, .F. ) ;
#114 = MECHANICAL_DESIGN_GEOMETRIC_PRESENTATION_REPRESENTATION (  '', ( #1847 ), #1701 ) ;
#115 = DIRECTION ( 'NONE',  ( -0.7071067811865489050, 0.7071067811865461294, 0.000000000000000000 ) ) ;
#116 = CARTESIAN_POINT ( 'NONE',  ( -0.08000000000000001554, 0.3575000000000004285, 0.06999999999999979849 ) ) ;
#117 = CARTESIAN_POINT ( 'NONE',  ( 0.1849999999999999423, 0.3725000000000004419, 0.06999999999999979849 ) ) ;
#118 = EDGE_CURVE ( 'NONE', #729, #1438, #3056, .T. ) ;
#119 = ORIENTED_EDGE ( 'NONE', *, *, #9501, .T. ) ;
#120 = MECHANICAL_DESIGN_GEOMETRIC_PRESENTATION_REPRESENTATION (  '', ( #2341 ), #6639 ) ;
#121 = DIRECTION ( 'NONE',  ( -1.000000000000000000, 0.000000000000000000, -2.891205793294677833E-16 ) ) ;
#122 = ORIENTED_EDGE ( 'NONE', *, *, #1281, .T. ) ;
#123 = LINE ( 'NONE', #4701, #4196 ) ;
#124 = AXIS2_PLACEMENT_3D ( 'NONE', #7147, #2594, #5542 ) ;
#125 = DIRECTION ( 'NONE',  ( 0.000000000000000000, 1.000000000000000000, 0.000000000000000000 ) ) ;
#126 =( NAMED_UNIT ( * ) SI_UNIT ( $, .STERADIAN. ) SOLID_ANGLE_UNIT ( ) );
#127 = EDGE_CURVE ( 'NONE', #8253, #7037, #6071, .T. ) ;
#128 = ORIENTED_EDGE ( 'NONE', *, *, #1612, .F. ) ;
#129 = VECTOR ( 'NONE', #784, 100.0000000000000000 ) ;
#130 = DIRECTION ( 'NONE',  ( 0.000000000000000000, 0.000000000000000000, -1.000000000000000000 ) ) ;
#131 = SURFACE_SIDE_STYLE ('',( #3457 ) ) ;
#132 = ADVANCED_FACE ( 'NONE', ( #5336 ), #6172, .T. ) ;
#133 = DIRECTION ( 'NONE',  ( -1.947823229671683877E-14, -8.068147988353826688E-15, 1.000000000000000000 ) ) ;
#134 = VERTEX_POINT ( 'NONE', #2294 ) ;
#135 = VERTEX_POINT ( 'NONE', #5280 ) ;
#136 = DIRECTION ( 'NONE',  ( -0.000000000000000000, 0.000000000000000000, -1.000000000000000000 ) ) ;
#137 = LINE ( 'NONE', #4764, #6517 ) ;
#138 = CARTESIAN_POINT ( 'NONE',  ( -0.3288046532517440723, 0.2651650429449560198, 0.1729999999999999871 ) ) ;
#139 = DIRECTION ( 'NONE',  ( 1.000000000000000000, 0.000000000000000000, 0.000000000000000000 ) ) ;
#140 = ORIENTED_EDGE ( 'NONE', *, *, #1985, .F. ) ;
#141 = CARTESIAN_POINT ( 'NONE',  ( -0.2427564927611033374, 0.3370710678118654657, 0.1629999999999999505 ) ) ;
#142 = ORIENTED_EDGE ( 'NONE', *, *, #8884, .F. ) ;
#143 =( NAMED_UNIT ( * ) SI_UNIT ( $, .STERADIAN. ) SOLID_ANGLE_UNIT ( ) );
#144 = EDGE_CURVE ( 'NONE', #1080, #7650, #109, .T. ) ;
#145 = ORIENTED_EDGE ( 'NONE', *, *, #2917, .T. ) ;
#146 = CARTESIAN_POINT ( 'NONE',  ( 0.3725000000000001088, 0.2425000000000000488, 0.1430000000000000437 ) ) ;
#147 = VECTOR ( 'NONE', #8532, 100.0000000000000000 ) ;
#148 = VERTEX_POINT ( 'NONE', #9123 ) ;
#149 =( NAMED_UNIT ( * ) SI_UNIT ( $, .STERADIAN. ) SOLID_ANGLE_UNIT ( ) );
#150 = EDGE_CURVE ( 'NONE', #8824, #6851, #9167, .T. ) ;
#151 = CARTESIAN_POINT ( 'NONE',  ( 0.1046518036156088294, -0.03323401871576771999, 0.4900000000000001577 ) ) ;
#152 = CYLINDRICAL_SURFACE ( 'NONE', #5167, 0.02000000000000001082 ) ;
#153 = LINE ( 'NONE', #3936, #5282 ) ;
#154 = FACE_OUTER_BOUND ( 'NONE', #4254, .T. ) ;
#155 = CARTESIAN_POINT ( 'NONE',  ( -0.1149999999999998662, 0.3500000000000000333, 0.06800000000000000488 ) ) ;
#156 = ORIENTED_EDGE ( 'NONE', *, *, #6566, .T. ) ;
#157 = MECHANICAL_DESIGN_GEOMETRIC_PRESENTATION_REPRESENTATION (  '', ( #7751 ), #1413 ) ;
#158 = DIRECTION ( 'NONE',  ( -1.000000000000000000, -0.000000000000000000, 0.000000000000000000 ) ) ;
#159 = CARTESIAN_POINT ( 'NONE',  ( -0.3725000000000001088, -0.2425000000000000488, 0.1430000000000000437 ) ) ;
#160 = ADVANCED_FACE ( 'NONE', ( #9020 ), #704, .F. ) ;
#161 = CARTESIAN_POINT ( 'NONE',  ( 0.3499999999999999778, 0.1074999999999999567, 0.01500000000000001679 ) ) ;
#162 = COLOUR_RGB ( '',0.6470588235294117974, 0.6196078431372549211, 0.5882352941176470784 ) ;
#163 = EDGE_CURVE ( 'NONE', #5322, #8517, #6868, .T. ) ;
#164 = PRESENTATION_STYLE_ASSIGNMENT (( #7598 ) ) ;
#165 = VECTOR ( 'NONE', #6760, 100.0000000000000000 ) ;
#166 = ORIENTED_EDGE ( 'NONE', *, *, #6233, .T. ) ;
#167 = DIRECTION ( 'NONE',  ( -1.000000000000000000, 7.311082709387417497E-18, -0.000000000000000000 ) ) ;
#168 = PRESENTATION_STYLE_ASSIGNMENT (( #811 ) ) ;
#169 = ADVANCED_FACE ( 'NONE', ( #57 ), #5387, .T. ) ;
#170 = ORIENTED_EDGE ( 'NONE', *, *, #8757, .F. ) ;
#171 = CYLINDRICAL_SURFACE ( 'NONE', #883, 0.02999999999999999195 ) ;
#172 = DIRECTION ( 'NONE',  ( 0.000000000000000000, 0.000000000000000000, -1.000000000000000000 ) ) ;
#173 = PRESENTATION_LAYER_ASSIGNMENT (  '', '', ( #5885 ) ) ;
#174 = CARTESIAN_POINT ( 'NONE',  ( 0.3509848079341076343, 0.1074999999999999845, 0.01482635179121278256 ) ) ;
#175 = EDGE_LOOP ( 'NONE', ( #6931, #9441, #3819, #1480 ) ) ;
#176 = FILL_AREA_STYLE_COLOUR ( '', #1247 ) ;
#177 = VECTOR ( 'NONE', #6396, 100.0000000000000000 ) ;
#178 = DIRECTION ( 'NONE',  ( -1.000000000000000000, 5.305779336673309789E-15, 0.000000000000000000 ) ) ;
#179 = FACE_OUTER_BOUND ( 'NONE', #8365, .T. ) ;
#180 = CIRCLE ( 'NONE', #8406, 0.001000000244997557852 ) ;
#181 = STYLED_ITEM ( 'NONE', ( #8995 ), #764 ) ;
#182 = EDGE_LOOP ( 'NONE', ( #5708, #8941, #3232, #6718 ) ) ;
#183 = EDGE_LOOP ( 'NONE', ( #6101, #5697, #3178, #462 ) ) ;
#184 = LINE ( 'NONE', #778, #6761 ) ;
#185 = FILL_AREA_STYLE ('',( #6096 ) ) ;
#186 = FACE_OUTER_BOUND ( 'NONE', #5908, .T. ) ;
#187 = VECTOR ( 'NONE', #5127, 100.0000000000000000 ) ;
#188 = CARTESIAN_POINT ( 'NONE',  ( 0.1284782594069139861, -0.1284782594069126815, 0.1900201181342708878 ) ) ;
#189 = ORIENTED_EDGE ( 'NONE', *, *, #5809, .F. ) ;
#190 = CARTESIAN_POINT ( 'NONE',  ( 0.1849999999999997202, -0.3725000000000006084, 0.03999999999999979960 ) ) ;
#191 = ORIENTED_EDGE ( 'NONE', *, *, #9211, .T. ) ;
#192 = SURFACE_STYLE_USAGE ( .BOTH. , #9056 ) ;
#193 = ORIENTED_EDGE ( 'NONE', *, *, #2285, .T. ) ;
#194 = SURFACE_SIDE_STYLE ('',( #8519 ) ) ;
#195 = ORIENTED_EDGE ( 'NONE', *, *, #2705, .T. ) ;
#196 = COLOUR_RGB ( '',1.000000000000000000, 1.000000000000000000, 1.000000000000000000 ) ;
#197 = CARTESIAN_POINT ( 'NONE',  ( -0.07999999999999998779, 0.3725000000000006084, 0.03999999999999979960 ) ) ;
#198 = LINE ( 'NONE', #2491, #8577 ) ;
#199 = SURFACE_SIDE_STYLE ('',( #4076 ) ) ;
#200 = DIRECTION ( 'NONE',  ( -7.311082709387417497E-18, -1.000000000000000000, 3.491483361109382066E-15 ) ) ;
#201 = ORIENTED_EDGE ( 'NONE', *, *, #9116, .T. ) ;
#202 = DIRECTION ( 'NONE',  ( -1.000000000000000000, -1.836909530733565394E-16, 0.000000000000000000 ) ) ;
#203 = ORIENTED_EDGE ( 'NONE', *, *, #1350, .F. ) ;
#204 = DIRECTION ( 'NONE',  ( 0.000000000000000000, 1.000000000000000000, 1.060381196468692129E-16 ) ) ;
#205 = UNCERTAINTY_MEASURE_WITH_UNIT (LENGTH_MEASURE( 1.000000000000000082E-05 ), #6296, 'distance_accuracy_value', 'NONE');
#206 = SURFACE_SIDE_STYLE ('',( #3008 ) ) ;
#207 = EDGE_CURVE ( 'NONE', #7771, #5108, #7062, .T. ) ;
#208 = AXIS2_PLACEMENT_3D ( 'NONE', #3243, #8241, #6997 ) ;
#209 = DIRECTION ( 'NONE',  ( 0.000000000000000000, 1.606956701768064271E-16, -1.000000000000000000 ) ) ;
#210 = DIRECTION ( 'NONE',  ( 1.000000000000000000, 0.000000000000000000, 0.000000000000000000 ) ) ;
#211 = DIRECTION ( 'NONE',  ( 0.000000000000000000, 1.000000000000000000, 0.000000000000000000 ) ) ;
#212 = DIRECTION ( 'NONE',  ( 0.000000000000000000, 0.000000000000000000, -1.000000000000000000 ) ) ;
#213 = APPLICATION_CONTEXT ( 'automotive_design' ) ;
#214 = CONICAL_SURFACE ( 'NONE', #1305, 0.04749999999154169705, 0.4363323128210387924 ) ;
#215 = VERTEX_POINT ( 'NONE', #3704 ) ;
#216 = DIRECTION ( 'NONE',  ( -1.000000000000000000, -0.000000000000000000, -0.000000000000000000 ) ) ;
#217 = EDGE_CURVE ( 'NONE', #5771, #4949, #3891, .T. ) ;
#218 = CARTESIAN_POINT ( 'NONE',  ( -0.07141778489984138001, -1.355252715606880543E-16, 0.4900000000000001577 ) ) ;
#219 = ADVANCED_FACE ( 'NONE', ( #1444 ), #7495, .F. ) ;
#220 = ORIENTED_EDGE ( 'NONE', *, *, #3217, .F. ) ;
#221 = LINE ( 'NONE', #9136, #8302 ) ;
#222 = DIRECTION ( 'NONE',  ( 0.000000000000000000, -1.000000000000000000, 0.000000000000000000 ) ) ;
#223 = DIRECTION ( 'NONE',  ( -1.000000000000000000, 0.000000000000000000, 0.000000000000000000 ) ) ;
#224 = ORIENTED_EDGE ( 'NONE', *, *, #4112, .F. ) ;
#225 = DIRECTION ( 'NONE',  ( 1.000000000000000000, -1.207214651526263171E-30, -3.895646459343556450E-14 ) ) ;
#226 = ADVANCED_FACE ( 'NONE', ( #6270 ), #1790, .T. ) ;
#227 = DIRECTION ( 'NONE',  ( 0.7071067811865487940, -0.7071067811865462405, 1.720874317173268168E-16 ) ) ;
#228 = DIRECTION ( 'NONE',  ( 1.000000000000000000, 0.000000000000000000, 0.000000000000000000 ) ) ;
#229 = SURFACE_STYLE_USAGE ( .BOTH. , #5415 ) ;
#230 = VERTEX_POINT ( 'NONE', #7050 ) ;
#231 = EDGE_CURVE ( 'NONE', #135, #8777, #3789, .T. ) ;
#232 = EDGE_LOOP ( 'NONE', ( #3092, #607, #5101, #3418 ) ) ;
#233 = VECTOR ( 'NONE', #3707, 100.0000000000000000 ) ;
#234 = CARTESIAN_POINT ( 'NONE',  ( 0.07000000000000000666, 0.3049999999999999378, 0.004000000000000010492 ) ) ;
#235 = LINE ( 'NONE', #9149, #3033 ) ;
#236 = LINE ( 'NONE', #8604, #4467 ) ;
#237 =( GEOMETRIC_REPRESENTATION_CONTEXT ( 3 ) GLOBAL_UNCERTAINTY_ASSIGNED_CONTEXT ( ( #4373 ) ) GLOBAL_UNIT_ASSIGNED_CONTEXT ( ( #7178, #7230, #4555 ) ) REPRESENTATION_CONTEXT ( 'NONE', 'WORKASPACE' ) );
#238 = CARTESIAN_POINT ( 'NONE',  ( 0.3642901512833205957, -0.1775000000000000189, 0.09028470468954044592 ) ) ;
#239 = EDGE_LOOP ( 'NONE', ( #4653, #2468, #3331, #7322, #3526, #2826, #8357, #8575 ) ) ;
#240 = ORIENTED_EDGE ( 'NONE', *, *, #8062, .F. ) ;
#241 = ORIENTED_EDGE ( 'NONE', *, *, #2412, .F. ) ;
#242 = CYLINDRICAL_SURFACE ( 'NONE', #9139, 0.01999999999999996572 ) ;
#243 = AXIS2_PLACEMENT_3D ( 'NONE', #9229, #5500, #3915 ) ;
#244 = VERTEX_POINT ( 'NONE', #4833 ) ;
#245 = COLOUR_RGB ( '',0.6470588235294117974, 0.6196078431372549211, 0.5882352941176470784 ) ;
#246 = CARTESIAN_POINT ( 'NONE',  ( 0.000000000000000000, -0.1900000000000000022, -0.03000000000095953342 ) ) ;
#247 = DIRECTION ( 'NONE',  ( 0.000000000000000000, -0.000000000000000000, 1.000000000000000000 ) ) ;
#248 =( GEOMETRIC_REPRESENTATION_CONTEXT ( 3 ) GLOBAL_UNCERTAINTY_ASSIGNED_CONTEXT ( ( #1573 ) ) GLOBAL_UNIT_ASSIGNED_CONTEXT ( ( #6648, #5148, #476 ) ) REPRESENTATION_CONTEXT ( 'NONE', 'WORKASPACE' ) );
#249 = CARTESIAN_POINT ( 'NONE',  ( 0.2004997304923765711, 2.455413531773958715E-17, 0.1899909248852624521 ) ) ;
#250 = ORIENTED_EDGE ( 'NONE', *, *, #2326, .T. ) ;
#251 = LINE ( 'NONE', #9216, #6405 ) ;
#252 = VERTEX_POINT ( 'NONE', #1088 ) ;
#253 = PRESENTATION_LAYER_ASSIGNMENT (  '', '', ( #722 ) ) ;
#254 = CARTESIAN_POINT ( 'NONE',  ( 0.1046518036156088571, 0.03323401871576807387, 0.4900000000000001577 ) ) ;
#255 = DIRECTION ( 'NONE',  ( 1.000000000000000000, 0.000000000000000000, 0.000000000000000000 ) ) ;
#256 = CARTESIAN_POINT ( 'NONE',  ( -0.3400000000000000799, 0.2356854249492382203, 0.1630000000000000060 ) ) ;
#257 = CARTESIAN_POINT ( 'NONE',  ( -0.3642901512833205957, 0.1775000000000000189, 0.09028470468954044592 ) ) ;
#258 =( GEOMETRIC_REPRESENTATION_CONTEXT ( 3 ) GLOBAL_UNCERTAINTY_ASSIGNED_CONTEXT ( ( #4444 ) ) GLOBAL_UNIT_ASSIGNED_CONTEXT ( ( #4294, #615, #3653 ) ) REPRESENTATION_CONTEXT ( 'NONE', 'WORKASPACE' ) );
#259 = CIRCLE ( 'NONE', #8328, 0.1816956969207695061 ) ;
#260 = DIRECTION ( 'NONE',  ( -0.1736481776669273336, 0.000000000000000000, -0.9848077530122085754 ) ) ;
#261 = SURFACE_SIDE_STYLE ('',( #6276 ) ) ;
#262 = VECTOR ( 'NONE', #9432, 100.0000000000000142 ) ;
#263 = ADVANCED_FACE ( 'NONE', ( #992 ), #4084, .T. ) ;
#264 = MECHANICAL_DESIGN_GEOMETRIC_PRESENTATION_REPRESENTATION (  '', ( #3293 ), #1041 ) ;
#265 = PRESENTATION_STYLE_ASSIGNMENT (( #1699 ) ) ;
#266 = ORIENTED_EDGE ( 'NONE', *, *, #5642, .F. ) ;
#267 = CARTESIAN_POINT ( 'NONE',  ( 0.2356854249492379982, 0.3300000000000000155, 0.004000000000000010492 ) ) ;
#268 = DIRECTION ( 'NONE',  ( 0.000000000000000000, -1.000000000000000000, -3.491483361109382461E-15 ) ) ;
#269 = AXIS2_PLACEMENT_3D ( 'NONE', #7654, #862, #121 ) ;
#270 = DIRECTION ( 'NONE',  ( 0.000000000000000000, -1.000000000000000000, 0.000000000000000000 ) ) ;
#271 = DIRECTION ( 'NONE',  ( 0.000000000000000000, -1.000000000000000000, -3.491483361109382066E-15 ) ) ;
#272 = ADVANCED_FACE ( 'NONE', ( #5630 ), #7003, .T. ) ;
#273 = PRESENTATION_LAYER_ASSIGNMENT (  '', '', ( #5201 ) ) ;
#274 = ORIENTED_EDGE ( 'NONE', *, *, #2802, .T. ) ;
#275 = EDGE_CURVE ( 'NONE', #3974, #8901, #7099, .T. ) ;
#276 = SURFACE_STYLE_FILL_AREA ( #7022 ) ;
#277 = CARTESIAN_POINT ( 'NONE',  ( 0.2149999999999999967, 0.3524999999999999800, 0.1730000001233737705 ) ) ;
#278 = FACE_OUTER_BOUND ( 'NONE', #9401, .T. ) ;
#279 = ORIENTED_EDGE ( 'NONE', *, *, #4382, .T. ) ;
#280 = VECTOR ( 'NONE', #5953, 100.0000000000000000 ) ;
#281 = ORIENTED_EDGE ( 'NONE', *, *, #534, .F. ) ;
#282 = FACE_OUTER_BOUND ( 'NONE', #4278, .T. ) ;
#283 = PRESENTATION_LAYER_ASSIGNMENT (  '', '', ( #4893 ) ) ;
#284 =( GEOMETRIC_REPRESENTATION_CONTEXT ( 3 ) GLOBAL_UNCERTAINTY_ASSIGNED_CONTEXT ( ( #9705 ) ) GLOBAL_UNIT_ASSIGNED_CONTEXT ( ( #2980, #7468, #6748 ) ) REPRESENTATION_CONTEXT ( 'NONE', 'WORKASPACE' ) );
#285 = ADVANCED_FACE ( 'NONE', ( #7691 ), #8047, .T. ) ;
#286 =( LENGTH_UNIT ( ) NAMED_UNIT ( * ) SI_UNIT ( .CENTI., .METRE. ) );
#287 = EDGE_CURVE ( 'NONE', #408, #1633, #8533, .T. ) ;
#288 = ORIENTED_EDGE ( 'NONE', *, *, #2354, .T. ) ;
#289 = VECTOR ( 'NONE', #3369, 100.0000000000000000 ) ;
#290 = CYLINDRICAL_SURFACE ( 'NONE', #3007, 0.02000000000000001082 ) ;
#291 = VERTEX_POINT ( 'NONE', #6372 ) ;
#292 = DIRECTION ( 'NONE',  ( 0.000000000000000000, 1.000000000000000000, 0.000000000000000000 ) ) ;
#293 = EDGE_LOOP ( 'NONE', ( #3656, #140, #6829, #7460 ) ) ;
#294 = ORIENTED_EDGE ( 'NONE', *, *, #6474, .T. ) ;
#295 = VECTOR ( 'NONE', #6945, 100.0000000000000142 ) ;
#296 =( LENGTH_UNIT ( ) NAMED_UNIT ( * ) SI_UNIT ( .CENTI., .METRE. ) );
#297 = FACE_OUTER_BOUND ( 'NONE', #8430, .T. ) ;
#298 = EDGE_CURVE ( 'NONE', #3513, #2638, #2592, .T. ) ;
#299 = CARTESIAN_POINT ( 'NONE',  ( 0.3288046532517440723, 0.2651650429449560198, 0.1879999999999999727 ) ) ;
#300 = FILL_AREA_STYLE ('',( #2732 ) ) ;
#301 = ORIENTED_EDGE ( 'NONE', *, *, #3037, .T. ) ;
#302 = CARTESIAN_POINT ( 'NONE',  ( 0.03535533905932727178, 0.1060660171779820582, 0.3000000000000000999 ) ) ;
#303 = ORIENTED_EDGE ( 'NONE', *, *, #2440, .T. ) ;
#304 = CARTESIAN_POINT ( 'NONE',  ( -0.1254999999999999727, 0.3400000000000000244, 0.1630000000000000060 ) ) ;
#305 = CARTESIAN_POINT ( 'NONE',  ( 0.2780547203178223570, -0.3229860436907430188, 0.1729999999999999871 ) ) ;
#306 = DIRECTION ( 'NONE',  ( -1.000000000000000000, -0.000000000000000000, -0.000000000000000000 ) ) ;
#307 = SURFACE_SIDE_STYLE ('',( #1043 ) ) ;
#308 = PRESENTATION_STYLE_ASSIGNMENT (( #4232 ) ) ;
#309 = AXIS2_PLACEMENT_3D ( 'NONE', #2499, #5540, #1738 ) ;
#310 = SURFACE_STYLE_FILL_AREA ( #4089 ) ;
#311 = CARTESIAN_POINT ( 'NONE',  ( -0.3509848079945653287, 0.1775000000000000189, 0.01482635178136416411 ) ) ;
#312 = EDGE_CURVE ( 'NONE', #7132, #9535, #6327, .T. ) ;
#313 = EDGE_LOOP ( 'NONE', ( #7242, #1532, #6746 ) ) ;
#314 = CARTESIAN_POINT ( 'NONE',  ( -0.3500000000000000333, 0.000000000000000000, 0.01399999975500243812 ) ) ;
#315 = FILL_AREA_STYLE ('',( #7206 ) ) ;
#316 =( GEOMETRIC_REPRESENTATION_CONTEXT ( 3 ) GLOBAL_UNCERTAINTY_ASSIGNED_CONTEXT ( ( #8612 ) ) GLOBAL_UNIT_ASSIGNED_CONTEXT ( ( #982, #5533, #4776 ) ) REPRESENTATION_CONTEXT ( 'NONE', 'WORKASPACE' ) );
#317 = PRESENTATION_LAYER_ASSIGNMENT (  '', '', ( #4605 ) ) ;
#318 = CARTESIAN_POINT ( 'NONE',  ( 0.1849999999999999423, 0.3725000000000004974, 0.06999999999999979849 ) ) ;
#319 = ORIENTED_EDGE ( 'NONE', *, *, #1154, .T. ) ;
#320 = CARTESIAN_POINT ( 'NONE',  ( 0.1254999999999999727, 0.3500000000000000333, 0.1630000000000000060 ) ) ;
#321 = CARTESIAN_POINT ( 'NONE',  ( -0.3500000000000000333, -0.1775000000000000189, 0.003999999877501210326 ) ) ;
#322 = EDGE_CURVE ( 'NONE', #573, #9266, #1239, .T. ) ;
#323 = AXIS2_PLACEMENT_3D ( 'NONE', #3630, #4274, #8905 ) ;
#324 = CARTESIAN_POINT ( 'NONE',  ( 0.3500000000000000333, 0.000000000000000000, 0.003999999877501211193 ) ) ;
#325 = ORIENTED_EDGE ( 'NONE', *, *, #938, .T. ) ;
#326 = ORIENTED_EDGE ( 'NONE', *, *, #8684, .F. ) ;
#327 = PLANE ( 'NONE',  #1662 ) ;
#328 = CARTESIAN_POINT ( 'NONE',  ( 0.2793071785686857544, 0.3429467888754760829, 0.1879999999999999727 ) ) ;
#329 = DIRECTION ( 'NONE',  ( -0.000000000000000000, 0.000000000000000000, 1.000000000000000000 ) ) ;
#330 = AXIS2_PLACEMENT_3D ( 'NONE', #5150, #7411, #626 ) ;
#331 = CARTESIAN_POINT ( 'NONE',  ( 0.3514696961967002653, 0.2425000000000000488, 0.1879999999999999727 ) ) ;
#332 = ORIENTED_EDGE ( 'NONE', *, *, #207, .T. ) ;
#333 = CARTESIAN_POINT ( 'NONE',  ( 0.3288046532517440723, 0.2651650429449560198, 0.1879999999999999727 ) ) ;
#334 = ORIENTED_EDGE ( 'NONE', *, *, #6833, .F. ) ;
#335 = MECHANICAL_DESIGN_GEOMETRIC_PRESENTATION_REPRESENTATION (  '', ( #4149 ), #9351 ) ;
#336 = ADVANCED_FACE ( 'NONE', ( #6519 ), #5766, .T. ) ;
#337 = ORIENTED_EDGE ( 'NONE', *, *, #7777, .F. ) ;
#338 = CONICAL_SURFACE ( 'NONE', #5114, 0.2004997304766220623, 0.6457718232339048070 ) ;
#339 = EDGE_CURVE ( 'NONE', #3558, #9743, #5717, .T. ) ;
#340 = DIRECTION ( 'NONE',  ( -0.1736481745180379344, 0.000000000000000000, 0.9848077535674427674 ) ) ;
#341 = DIRECTION ( 'NONE',  ( 0.000000000000000000, 1.000000000000000000, 0.000000000000000000 ) ) ;
#342 =( NAMED_UNIT ( * ) SI_UNIT ( $, .STERADIAN. ) SOLID_ANGLE_UNIT ( ) );
#343 = DIRECTION ( 'NONE',  ( -0.000000000000000000, -1.000000000000000000, 0.000000000000000000 ) ) ;
#344 = CARTESIAN_POINT ( 'NONE',  ( 0.08500000000000000611, -0.2600000000000000644, 0.004000000000000000083 ) ) ;
#345 = DIRECTION ( 'NONE',  ( 0.000000000000000000, -1.000000000000000000, 0.000000000000000000 ) ) ;
#346 = ORIENTED_EDGE ( 'NONE', *, *, #901, .F. ) ;
#347 = DIRECTION ( 'NONE',  ( 0.000000000000000000, 1.000000000000000000, 0.000000000000000000 ) ) ;
#348 = AXIS2_PLACEMENT_3D ( 'NONE', #1175, #8616, #341 ) ;
#349 = EDGE_CURVE ( 'NONE', #439, #1123, #7104, .T. ) ;
#350 = CARTESIAN_POINT ( 'NONE',  ( 0.2349999999999999589, 0.2600000000000000644, 0.004000000000000005287 ) ) ;
#351 = CIRCLE ( 'NONE', #509, 0.03699999999999999123 ) ;
#352 = LINE ( 'NONE', #1838, #8106 ) ;
#353 = LINE ( 'NONE', #3400, #6418 ) ;
#354 = DIRECTION ( 'NONE',  ( -1.000000000000000000, 0.000000000000000000, 0.000000000000000000 ) ) ;
#355 = LINE ( 'NONE', #9509, #2402 ) ;
#356 = DIRECTION ( 'NONE',  ( 0.000000000000000000, -1.000000000000000000, 0.000000000000000000 ) ) ;
#357 = AXIS2_PLACEMENT_3D ( 'NONE', #4897, #6238, #6387 ) ;
#358 = ORIENTED_EDGE ( 'NONE', *, *, #7249, .T. ) ;
#359 = DIRECTION ( 'NONE',  ( -1.000000000000000000, 0.000000000000000000, -1.084202172485504434E-19 ) ) ;
#360 = LINE ( 'NONE', #3456, #1853 ) ;
#361 = AXIS2_PLACEMENT_3D ( 'NONE', #7052, #7651, #260 ) ;
#362 = FILL_AREA_STYLE ('',( #5599 ) ) ;
#363 = SURFACE_STYLE_FILL_AREA ( #2559 ) ;
#364 = PLANE ( 'NONE',  #1970 ) ;
#365 = CARTESIAN_POINT ( 'NONE',  ( 0.3499999999999999778, -0.07129477650116627929, 0.01500000000000001679 ) ) ;
#366 = EDGE_LOOP ( 'NONE', ( #142, #7269, #3559, #5854 ) ) ;
#367 = CARTESIAN_POINT ( 'NONE',  ( -0.07071067811865483499, -2.000396377356436817E-16, 0.3150000000000001132 ) ) ;
#368 = AXIS2_PLACEMENT_3D ( 'NONE', #5874, #3597, #5278 ) ;
#369 = LINE ( 'NONE', #7215, #7070 ) ;
#370 = DIRECTION ( 'NONE',  ( 0.7071067811865461294, 0.7071067811865489050, -0.000000000000000000 ) ) ;
#371 = ORIENTED_EDGE ( 'NONE', *, *, #6328, .F. ) ;
#372 = ORIENTED_EDGE ( 'NONE', *, *, #5559, .T. ) ;
#373 = LINE ( 'NONE', #234, #1826 ) ;
#374 = LINE ( 'NONE', #3327, #2462 ) ;
#375 = CARTESIAN_POINT ( 'NONE',  ( 0.3500000000000000333, 0.1074999999999999845, 0.01399999975500245894 ) ) ;
#376 = EDGE_CURVE ( 'NONE', #403, #3624, #1885, .T. ) ;
#377 = CARTESIAN_POINT ( 'NONE',  ( 0.1310000000000000608, -0.3399999999999999134, 0.1879999999999999727 ) ) ;
#378 = ORIENTED_EDGE ( 'NONE', *, *, #5928, .T. ) ;
#379 = AXIS2_PLACEMENT_3D ( 'NONE', #5909, #641, #3680 ) ;
#380 = DIRECTION ( 'NONE',  ( -0.000000000000000000, -0.000000000000000000, 1.000000000000000000 ) ) ;
#381 = ORIENTED_EDGE ( 'NONE', *, *, #1756, .F. ) ;
#382 = AXIS2_PLACEMENT_3D ( 'NONE', #4690, #5495, #7652 ) ;
#383 = UNCERTAINTY_MEASURE_WITH_UNIT (LENGTH_MEASURE( 1.000000000000000082E-05 ), #296, 'distance_accuracy_value', 'NONE');
#384 = ORIENTED_EDGE ( 'NONE', *, *, #1916, .T. ) ;
#385 = CARTESIAN_POINT ( 'NONE',  ( 0.2365808694827723491, 0.2600000000000000089, 0.004000000000000010492 ) ) ;
#386 = CIRCLE ( 'NONE', #1341, 0.03249999999999993172 ) ;
#387 = DIRECTION ( 'NONE',  ( -1.000000000000000000, -0.000000000000000000, 0.000000000000000000 ) ) ;
#388 = LINE ( 'NONE', #4273, #7493 ) ;
#389 = CARTESIAN_POINT ( 'NONE',  ( 0.3399999999999999134, -0.2363399651538036217, 0.1729999999999999871 ) ) ;
#390 = EDGE_CURVE ( 'NONE', #5229, #2322, #7387, .T. ) ;
#391 = LINE ( 'NONE', #302, #7813 ) ;
#392 = ORIENTED_EDGE ( 'NONE', *, *, #3097, .F. ) ;
#393 = CIRCLE ( 'NONE', #243, 0.01000000000000002102 ) ;
#394 = FILL_AREA_STYLE ('',( #4177 ) ) ;
#395 = EDGE_CURVE ( 'NONE', #7454, #7878, #6471, .T. ) ;
#396 = DIRECTION ( 'NONE',  ( 0.000000000000000000, 1.000000000000000000, 0.000000000000000000 ) ) ;
#397 = COLOUR_RGB ( '',0.6470588235294117974, 0.6196078431372549211, 0.5882352941176470784 ) ;
#398 = CARTESIAN_POINT ( 'NONE',  ( -0.1060660171779821415, 0.03535533905932723014, 0.3150000000000001132 ) ) ;
#399 = DIRECTION ( 'NONE',  ( -0.000000000000000000, -0.000000000000000000, 1.000000000000000000 ) ) ;
#400 = VECTOR ( 'NONE', #1161, 100.0000000000000142 ) ;
#401 = CARTESIAN_POINT ( 'NONE',  ( -0.1310000000000000053, 0.3400000000000000244, 0.1729999999999999871 ) ) ;
#402 = DIRECTION ( 'NONE',  ( 1.000000000000000000, 0.000000000000000000, 0.000000000000000000 ) ) ;
#403 = VERTEX_POINT ( 'NONE', #1237 ) ;
#404 = CARTESIAN_POINT ( 'NONE',  ( -0.08500000000000000611, -0.2600000000000000644, 0.007000000000000001013 ) ) ;
#405 = EDGE_CURVE ( 'NONE', #8694, #135, #4865, .T. ) ;
#406 = AXIS2_PLACEMENT_3D ( 'NONE', #8812, #8762, #7182 ) ;
#407 = DIRECTION ( 'NONE',  ( 0.1736481776669273336, -0.000000000000000000, 0.9848077530122085754 ) ) ;
#408 = VERTEX_POINT ( 'NONE', #8820 ) ;
#409 = EDGE_CURVE ( 'NONE', #1873, #8320, #3586, .T. ) ;
#410 = VECTOR ( 'NONE', #6742, 100.0000000000000000 ) ;
#411 = LINE ( 'NONE', #6482, #3687 ) ;
#412 = FILL_AREA_STYLE ('',( #7207 ) ) ;
#413 = MECHANICAL_DESIGN_GEOMETRIC_PRESENTATION_REPRESENTATION (  '', ( #571 ), #6920 ) ;
#414 = STYLED_ITEM ( 'NONE', ( #6109 ), #3051 ) ;
#415 = CARTESIAN_POINT ( 'NONE',  ( -0.09758073580374343470, 0.02616295090390229408, 0.4900000000000001577 ) ) ;
#416 = SURFACE_STYLE_FILL_AREA ( #4146 ) ;
#417 = DIRECTION ( 'NONE',  ( 0.000000000000000000, 1.000000000000000000, 0.000000000000000000 ) ) ;
#418 = EDGE_CURVE ( 'NONE', #8383, #1433, #2038, .T. ) ;
#419 = ORIENTED_EDGE ( 'NONE', *, *, #5937, .F. ) ;
#420 = CIRCLE ( 'NONE', #581, 0.02000000024674755336 ) ;
#421 = CARTESIAN_POINT ( 'NONE',  ( 0.1149999999999998523, -0.3499999999999999778, 0.004000000000000010492 ) ) ;
#422 = MECHANICAL_DESIGN_GEOMETRIC_PRESENTATION_REPRESENTATION (  '', ( #1690 ), #9120 ) ;
#423 = LINE ( 'NONE', #3466, #1526 ) ;
#424 = UNCERTAINTY_MEASURE_WITH_UNIT (LENGTH_MEASURE( 1.000000000000000082E-05 ), #9663, 'distance_accuracy_value', 'NONE');
#425 = DIRECTION ( 'NONE',  ( 0.000000000000000000, 1.000000000000000000, 0.000000000000000000 ) ) ;
#426 = ORIENTED_EDGE ( 'NONE', *, *, #8863, .T. ) ;
#427 = ORIENTED_EDGE ( 'NONE', *, *, #3432, .F. ) ;
#428 = DIRECTION ( 'NONE',  ( -0.7071067811865461294, 0.7071067811865489050, 0.000000000000000000 ) ) ;
#429 = PLANE ( 'NONE',  #7674 ) ;
#430 = STYLED_ITEM ( 'NONE', ( #2863 ), #8391 ) ;
#431 = ADVANCED_FACE ( 'NONE', ( #5863 ), #1137, .T. ) ;
#432 = DIRECTION ( 'NONE',  ( 0.000000000000000000, 0.000000000000000000, -1.000000000000000000 ) ) ;
#433 = EDGE_CURVE ( 'NONE', #9559, #8323, #9454, .T. ) ;
#434 = ORIENTED_EDGE ( 'NONE', *, *, #2789, .T. ) ;
#435 = DIRECTION ( 'NONE',  ( 0.000000000000000000, 3.491483361109383250E-15, -1.000000000000000000 ) ) ;
#436 = CIRCLE ( 'NONE', #7248, 0.04700000000000000705 ) ;
#437 = VERTEX_POINT ( 'NONE', #5028 ) ;
#438 = SURFACE_STYLE_FILL_AREA ( #5853 ) ;
#439 = VERTEX_POINT ( 'NONE', #7340 ) ;
#440 = EDGE_LOOP ( 'NONE', ( #9434, #3573, #5907, #7725, #3470, #5744, #2422, #4573, #8743, #9628, #8039, #7486 ) ) ;
#441 = CARTESIAN_POINT ( 'NONE',  ( 0.000000000000000000, 0.1668261531676762388, -0.04999999999881764301 ) ) ;
#442 = LINE ( 'NONE', #3482, #2103 ) ;
#443 =( LENGTH_UNIT ( ) NAMED_UNIT ( * ) SI_UNIT ( .CENTI., .METRE. ) );
#444 = DIRECTION ( 'NONE',  ( 1.000000000000000000, -0.000000000000000000, 0.000000000000000000 ) ) ;
#445 = PRESENTATION_STYLE_ASSIGNMENT (( #9359 ) ) ;
#446 = STYLED_ITEM ( 'NONE', ( #8484 ), #8822 ) ;
#447 = DIRECTION ( 'NONE',  ( 0.000000000000000000, -0.000000000000000000, -1.000000000000000000 ) ) ;
#448 = VERTEX_POINT ( 'NONE', #4516 ) ;
#449 = LINE ( 'NONE', #9503, #2375 ) ;
#450 = DIRECTION ( 'NONE',  ( 1.227642196848865785E-50, -1.000000000000000000, -1.132300070967879485E-31 ) ) ;
#451 =( GEOMETRIC_REPRESENTATION_CONTEXT ( 3 ) GLOBAL_UNCERTAINTY_ASSIGNED_CONTEXT ( ( #4602 ) ) GLOBAL_UNIT_ASSIGNED_CONTEXT ( ( #1119, #5703, #7961 ) ) REPRESENTATION_CONTEXT ( 'NONE', 'WORKASPACE' ) );
#452 = LINE ( 'NONE', #5916, #8780 ) ;
#453 = EDGE_CURVE ( 'NONE', #1679, #539, #7485, .T. ) ;
#454 = CARTESIAN_POINT ( 'NONE',  ( -0.1046518036156089820, -0.03323401871576805305, 0.3150000000000000022 ) ) ;
#455 = FILL_AREA_STYLE_COLOUR ( '', #3213 ) ;
#456 = VERTEX_POINT ( 'NONE', #9010 ) ;
#457 = UNCERTAINTY_MEASURE_WITH_UNIT (LENGTH_MEASURE( 1.000000000000000082E-05 ), #8024, 'distance_accuracy_value', 'NONE');
#458 =( LENGTH_UNIT ( ) NAMED_UNIT ( * ) SI_UNIT ( .CENTI., .METRE. ) );
#459 = AXIS2_PLACEMENT_3D ( 'NONE', #5946, #7275, #7415 ) ;
#460 = DIRECTION ( 'NONE',  ( -0.000000000000000000, -0.000000000000000000, 1.000000000000000000 ) ) ;
#461 = CARTESIAN_POINT ( 'NONE',  ( -0.2780547203178223570, 0.3229860436907429633, 0.1879999999999999727 ) ) ;
#462 = ORIENTED_EDGE ( 'NONE', *, *, #7337, .F. ) ;
#463 = DIRECTION ( 'NONE',  ( 0.7071067811865489050, -0.7071067811865461294, 0.000000000000000000 ) ) ;
#464 = DIRECTION ( 'NONE',  ( 0.000000000000000000, 1.000000000000000000, 3.423796334164751519E-16 ) ) ;
#465 = DIRECTION ( 'NONE',  ( 0.000000000000000000, -3.423796334774424149E-16, 1.000000000000000000 ) ) ;
#466 = EDGE_CURVE ( 'NONE', #6851, #5255, #7067, .T. ) ;
#467 = CIRCLE ( 'NONE', #932, 0.03000000000000000236 ) ;
#468 = CARTESIAN_POINT ( 'NONE',  ( 0.000000000000000000, 0.1900000000000000022, 0.05271330261681254209 ) ) ;
#469 = FACE_OUTER_BOUND ( 'NONE', #2296, .T. ) ;
#470 = ORIENTED_EDGE ( 'NONE', *, *, #7566, .F. ) ;
#471 =( NAMED_UNIT ( * ) SI_UNIT ( $, .STERADIAN. ) SOLID_ANGLE_UNIT ( ) );
#472 = SURFACE_SIDE_STYLE ('',( #3557 ) ) ;
#473 = ADVANCED_FACE ( 'NONE', ( #9704 ), #8272, .F. ) ;
#474 = VERTEX_POINT ( 'NONE', #2335 ) ;
#475 = VERTEX_POINT ( 'NONE', #7528 ) ;
#476 =( NAMED_UNIT ( * ) SI_UNIT ( $, .STERADIAN. ) SOLID_ANGLE_UNIT ( ) );
#477 = LINE ( 'NONE', #9530, #9412 ) ;
#478 = CARTESIAN_POINT ( 'NONE',  ( 0.3642901512833205402, 0.000000000000000000, 0.09028470468954059858 ) ) ;
#479 = PRESENTATION_LAYER_ASSIGNMENT (  '', '', ( #9017 ) ) ;
#480 = FACE_OUTER_BOUND ( 'NONE', #633, .T. ) ;
#481 = ORIENTED_EDGE ( 'NONE', *, *, #1445, .T. ) ;
#482 = DIRECTION ( 'NONE',  ( -0.7071067811865474617, -0.7071067811865474617, 0.000000000000000000 ) ) ;
#483 = COLOUR_RGB ( '',1.000000000000000000, 1.000000000000000000, 1.000000000000000000 ) ;
#484 = ORIENTED_EDGE ( 'NONE', *, *, #3022, .T. ) ;
#485 = CARTESIAN_POINT ( 'NONE',  ( 0.1849999999999999423, 0.3725000000000004974, 0.03999999999999981348 ) ) ;
#486 = ORIENTED_EDGE ( 'NONE', *, *, #6358, .T. ) ;
#487 = SURFACE_STYLE_USAGE ( .BOTH. , #1124 ) ;
#488 = ORIENTED_EDGE ( 'NONE', *, *, #7164, .T. ) ;
#489 = ORIENTED_EDGE ( 'NONE', *, *, #3225, .F. ) ;
#490 = CARTESIAN_POINT ( 'NONE',  ( -0.3514696961967002098, 0.2425000000000000488, 0.1879999999999999727 ) ) ;
#491 = EDGE_CURVE ( 'NONE', #4343, #4662, #8795, .T. ) ;
#492 = MECHANICAL_DESIGN_GEOMETRIC_PRESENTATION_REPRESENTATION (  '', ( #6982 ), #3987 ) ;
#493 = DIRECTION ( 'NONE',  ( -2.103010503377848409E-17, -1.405483461053053460E-15, 1.000000000000000000 ) ) ;
#494 = CARTESIAN_POINT ( 'NONE',  ( -0.1149999999999998662, -0.3500000000000000333, 0.06800000000000000488 ) ) ;
#495 = CARTESIAN_POINT ( 'NONE',  ( -0.1046518036156088988, -0.03323401871576813632, 0.4900000000000001577 ) ) ;
#496 = VERTEX_POINT ( 'NONE', #694 ) ;
#497 = LINE ( 'NONE', #5072, #6950 ) ;
#498 = ORIENTED_EDGE ( 'NONE', *, *, #7895, .F. ) ;
#499 = DIRECTION ( 'NONE',  ( -1.000000000000000000, 0.000000000000000000, 0.000000000000000000 ) ) ;
#500 = DIRECTION ( 'NONE',  ( 0.000000000000000000, 0.000000000000000000, 1.000000000000000000 ) ) ;
#501 =( GEOMETRIC_REPRESENTATION_CONTEXT ( 3 ) GLOBAL_UNCERTAINTY_ASSIGNED_CONTEXT ( ( #2741 ) ) GLOBAL_UNIT_ASSIGNED_CONTEXT ( ( #9184, #4601, #767 ) ) REPRESENTATION_CONTEXT ( 'NONE', 'WORKASPACE' ) );
#502 = CARTESIAN_POINT ( 'NONE',  ( -1.501927950393635632E-16, 0.07141778489984133838, 0.5000000000000001110 ) ) ;
#503 = ORIENTED_EDGE ( 'NONE', *, *, #7068, .F. ) ;
#504 = PLANE ( 'NONE',  #3204 ) ;
#505 = SURFACE_SIDE_STYLE ('',( #4982 ) ) ;
#506 = AXIS2_PLACEMENT_3D ( 'NONE', #9113, #7685, #7732 ) ;
#507 = CARTESIAN_POINT ( 'NONE',  ( 4.607859233063393845E-17, -0.07141778489984133838, 0.4900000000000001577 ) ) ;
#508 = EDGE_CURVE ( 'NONE', #2435, #2815, #259, .T. ) ;
#509 = AXIS2_PLACEMENT_3D ( 'NONE', #1644, #4686, #2959 ) ;
#510 = FILL_AREA_STYLE ('',( #1997 ) ) ;
#511 = DIRECTION ( 'NONE',  ( 6.735369260825570315E-17, -1.760146872403420140E-16, -1.000000000000000000 ) ) ;
#512 = CIRCLE ( 'NONE', #6068, 0.02000000000000001082 ) ;
#513 = LINE ( 'NONE', #8782, #1207 ) ;
#514 = PLANE ( 'NONE',  #4691 ) ;
#515 = CARTESIAN_POINT ( 'NONE',  ( 0.07999999999999998779, -0.3575000000000004285, 0.06999999999999979849 ) ) ;
#516 = LINE ( 'NONE', #7353, #6234 ) ;
#517 = MECHANICAL_DESIGN_GEOMETRIC_PRESENTATION_REPRESENTATION (  '', ( #2744 ), #7647 ) ;
#518 = ADVANCED_FACE ( 'NONE', ( #5267 ), #3785, .F. ) ;
#519 = VERTEX_POINT ( 'NONE', #6018 ) ;
#520 = DIRECTION ( 'NONE',  ( 2.891205793294679017E-15, -0.000000000000000000, -1.000000000000000000 ) ) ;
#521 = EDGE_CURVE ( 'NONE', #7830, #6079, #4132, .T. ) ;
#522 = STYLED_ITEM ( 'NONE', ( #6121 ), #5895 ) ;
#523 = ORIENTED_EDGE ( 'NONE', *, *, #8463, .F. ) ;
#524 = ORIENTED_EDGE ( 'NONE', *, *, #1005, .T. ) ;
#525 = FACE_OUTER_BOUND ( 'NONE', #4996, .T. ) ;
#526 = CARTESIAN_POINT ( 'NONE',  ( 5.246010114426913002E-18, -0.1518261531648942286, -0.04999999999881764301 ) ) ;
#527 = DIRECTION ( 'NONE',  ( -0.7071067811865440200, -0.7071067811865511255, 0.000000000000000000 ) ) ;
#528 = DIRECTION ( 'NONE',  ( -0.000000000000000000, -0.000000000000000000, 1.000000000000000000 ) ) ;
#529 = ADVANCED_FACE ( 'NONE', ( #3833 ), #1536, .T. ) ;
#530 = CIRCLE ( 'NONE', #1003, 0.01100000024499758408 ) ;
#531 = ORIENTED_EDGE ( 'NONE', *, *, #5504, .T. ) ;
#532 = ORIENTED_EDGE ( 'NONE', *, *, #575, .T. ) ;
#533 = LINE ( 'NONE', #584, #5348 ) ;
#534 = EDGE_CURVE ( 'NONE', #9408, #1389, #788, .T. ) ;
#535 = ORIENTED_EDGE ( 'NONE', *, *, #2808, .F. ) ;
#536 = CARTESIAN_POINT ( 'NONE',  ( 0.3229860436907419086, -0.2780547203178235227, 0.1879999999999999727 ) ) ;
#537 = VERTEX_POINT ( 'NONE', #1586 ) ;
#538 = AXIS2_PLACEMENT_3D ( 'NONE', #8030, #1133, #5763 ) ;
#539 = VERTEX_POINT ( 'NONE', #5320 ) ;
#540 = DIRECTION ( 'NONE',  ( 0.000000000000000000, -0.000000000000000000, 1.000000000000000000 ) ) ;
#541 = DIRECTION ( 'NONE',  ( -0.000000000000000000, -1.000000000000000000, -0.000000000000000000 ) ) ;
#542 = CARTESIAN_POINT ( 'NONE',  ( 0.2793071785686857544, -0.3524999999999999800, 0.1729999999999999871 ) ) ;
#543 = CARTESIAN_POINT ( 'NONE',  ( -1.388456206199465843E-16, 0.1207106781186547406, 0.3150000000000001132 ) ) ;
#544 = EDGE_CURVE ( 'NONE', #5229, #5964, #8321, .T. ) ;
#545 = SURFACE_SIDE_STYLE ('',( #7336 ) ) ;
#546 = ORIENTED_EDGE ( 'NONE', *, *, #6654, .T. ) ;
#547 =( LENGTH_UNIT ( ) NAMED_UNIT ( * ) SI_UNIT ( .CENTI., .METRE. ) );
#548 = CARTESIAN_POINT ( 'NONE',  ( -0.3642901512833207067, -0.2250000000000000611, 0.09028470468954051531 ) ) ;
#549 = DIRECTION ( 'NONE',  ( -1.000000000000000000, 0.000000000000000000, 0.000000000000000000 ) ) ;
#550 = AXIS2_PLACEMENT_3D ( 'NONE', #2989, #5367, #4616 ) ;
#551 = COLOUR_RGB ( '',0.6470588235294117974, 0.6196078431372549211, 0.5882352941176470784 ) ;
#552 = DIRECTION ( 'NONE',  ( 0.000000000000000000, 0.000000000000000000, 1.000000000000000000 ) ) ;
#553 =( LENGTH_UNIT ( ) NAMED_UNIT ( * ) SI_UNIT ( .CENTI., .METRE. ) );
#554 = ORIENTED_EDGE ( 'NONE', *, *, #4888, .T. ) ;
#555 = CARTESIAN_POINT ( 'NONE',  ( -0.1310000000000000331, -0.3524999999999999800, 0.1880000001233737561 ) ) ;
#556 = AXIS2_PLACEMENT_3D ( 'NONE', #2769, #2677, #5064 ) ;
#557 = LINE ( 'NONE', #2953, #3128 ) ;
#558 = LINE ( 'NONE', #2098, #6571 ) ;
#559 = AXIS2_PLACEMENT_3D ( 'NONE', #625, #2974, #8887 ) ;
#560 = DIRECTION ( 'NONE',  ( 0.7071067811865489050, -0.7071067811865461294, 0.000000000000000000 ) ) ;
#561 = CARTESIAN_POINT ( 'NONE',  ( -0.3399999999999999689, 0.3429467888754760829, 0.1729999999999999871 ) ) ;
#562 = ADVANCED_FACE ( 'NONE', ( #9110 ), #2188, .T. ) ;
#563 = PRESENTATION_LAYER_ASSIGNMENT (  '', '', ( #1346 ) ) ;
#564 =( LENGTH_UNIT ( ) NAMED_UNIT ( * ) SI_UNIT ( .CENTI., .METRE. ) );
#565 = DIRECTION ( 'NONE',  ( -1.000000000000000000, 0.000000000000000000, 0.000000000000000000 ) ) ;
#566 = CARTESIAN_POINT ( 'NONE',  ( -0.2349999999999999589, -0.2600000000000000644, 0.004000000000000007890 ) ) ;
#567 = MECHANICAL_DESIGN_GEOMETRIC_PRESENTATION_REPRESENTATION (  '', ( #5339 ), #9422 ) ;
#568 = ORIENTED_EDGE ( 'NONE', *, *, #4838, .T. ) ;
#569 = PLANE ( 'NONE',  #1882 ) ;
#570 = CARTESIAN_POINT ( 'NONE',  ( -0.3389021673421357406, 0.2404073812314131697, 0.1729999636503325722 ) ) ;
#571 = STYLED_ITEM ( 'NONE', ( #6309 ), #7747 ) ;
#572 = AXIS2_PLACEMENT_3D ( 'NONE', #1395, #751, #9714 ) ;
#573 = VERTEX_POINT ( 'NONE', #4725 ) ;
#574 = PRESENTATION_LAYER_ASSIGNMENT (  '', '', ( #2798 ) ) ;
#575 = EDGE_CURVE ( 'NONE', #1430, #2058, #1899, .T. ) ;
#576 = ORIENTED_EDGE ( 'NONE', *, *, #1587, .T. ) ;
#577 = FACE_OUTER_BOUND ( 'NONE', #7442, .T. ) ;
#578 = CARTESIAN_POINT ( 'NONE',  ( -0.1310000000000000053, 0.3429467888754760829, 0.1879999999999999727 ) ) ;
#579 = CYLINDRICAL_SURFACE ( 'NONE', #330, 0.001000000244997557852 ) ;
#580 = EDGE_CURVE ( 'NONE', #2546, #2007, #6160, .T. ) ;
#581 = AXIS2_PLACEMENT_3D ( 'NONE', #4554, #2473, #6140 ) ;
#582 = ORIENTED_EDGE ( 'NONE', *, *, #4794, .T. ) ;
#583 = VERTEX_POINT ( 'NONE', #9157 ) ;
#584 = CARTESIAN_POINT ( 'NONE',  ( 0.1310000000000000608, -0.3399999999999999134, 0.1879999999999999727 ) ) ;
#585 = EDGE_LOOP ( 'NONE', ( #6837, #2376, #7409, #3370 ) ) ;
#586 = DIRECTION ( 'NONE',  ( -0.000000000000000000, -0.000000000000000000, -1.000000000000000000 ) ) ;
#587 = ORIENTED_EDGE ( 'NONE', *, *, #2147, .T. ) ;
#588 = COLOUR_RGB ( '',0.6470588235294117974, 0.6196078431372549211, 0.5882352941176470784 ) ;
#589 = ADVANCED_FACE ( 'NONE', ( #2535 ), #242, .T. ) ;
#590 = EDGE_LOOP ( 'NONE', ( #3949, #6755, #5347, #8951 ) ) ;
#591 = CARTESIAN_POINT ( 'NONE',  ( 0.2386412805424489025, -0.3396337102012702558, 0.1729999636503326832 ) ) ;
#592 = PRESENTATION_STYLE_ASSIGNMENT (( #8075 ) ) ;
#593 = FACE_OUTER_BOUND ( 'NONE', #9640, .T. ) ;
#594 = EDGE_CURVE ( 'NONE', #7657, #6853, #2386, .T. ) ;
#595 = LINE ( 'NONE', #8179, #165 ) ;
#596 = AXIS2_PLACEMENT_3D ( 'NONE', #218, #7013, #4749 ) ;
#597 = ORIENTED_EDGE ( 'NONE', *, *, #8607, .F. ) ;
#598 = DIRECTION ( 'NONE',  ( -1.000000000000000000, -0.000000000000000000, 0.000000000000000000 ) ) ;
#599 = ORIENTED_EDGE ( 'NONE', *, *, #5040, .T. ) ;
#600 = DIRECTION ( 'NONE',  ( -1.000000000000000000, -0.000000000000000000, -0.000000000000000000 ) ) ;
#601 = UNCERTAINTY_MEASURE_WITH_UNIT (LENGTH_MEASURE( 1.000000000000000082E-05 ), #3817, 'distance_accuracy_value', 'NONE');
#602 = CARTESIAN_POINT ( 'NONE',  ( -0.2605587312717443371, -0.3524999999999999800, 0.1680000000000000382 ) ) ;
#603 = ORIENTED_EDGE ( 'NONE', *, *, #2337, .T. ) ;
#604 = EDGE_CURVE ( 'NONE', #7166, #5524, #7869, .T. ) ;
#605 = CIRCLE ( 'NONE', #9610, 0.009999999999999982861 ) ;
#606 = SURFACE_STYLE_USAGE ( .BOTH. , #5180 ) ;
#607 = ORIENTED_EDGE ( 'NONE', *, *, #5606, .F. ) ;
#608 = DIRECTION ( 'NONE',  ( -1.000000000000000000, 0.000000000000000000, 0.000000000000000000 ) ) ;
#609 = DIRECTION ( 'NONE',  ( 0.000000000000000000, -1.000000000000000000, 0.000000000000000000 ) ) ;
#610 = FACE_OUTER_BOUND ( 'NONE', #4063, .T. ) ;
#611 = VECTOR ( 'NONE', #2082, 100.0000000000000000 ) ;
#612 = UNCERTAINTY_MEASURE_WITH_UNIT (LENGTH_MEASURE( 1.000000000000000082E-05 ), #7758, 'distance_accuracy_value', 'NONE');
#613 = DIRECTION ( 'NONE',  ( 0.000000000000000000, 0.000000000000000000, -1.000000000000000000 ) ) ;
#614 = MECHANICAL_DESIGN_GEOMETRIC_PRESENTATION_REPRESENTATION (  '', ( #2046 ), #5551 ) ;
#615 =( NAMED_UNIT ( * ) PLANE_ANGLE_UNIT ( ) SI_UNIT ( $, .RADIAN. ) );
#616 = DIRECTION ( 'NONE',  ( -1.000000000000000000, -0.000000000000000000, -0.000000000000000000 ) ) ;
#617 =( NAMED_UNIT ( * ) SI_UNIT ( $, .STERADIAN. ) SOLID_ANGLE_UNIT ( ) );
#618 = EDGE_CURVE ( 'NONE', #7851, #7783, #5430, .T. ) ;
#619 = ORIENTED_EDGE ( 'NONE', *, *, #761, .T. ) ;
#620 = DIRECTION ( 'NONE',  ( 0.000000000000000000, 0.000000000000000000, -1.000000000000000000 ) ) ;
#621 = MECHANICAL_DESIGN_GEOMETRIC_PRESENTATION_REPRESENTATION (  '', ( #7586 ), #6818 ) ;
#622 = ORIENTED_EDGE ( 'NONE', *, *, #3366, .F. ) ;
#623 = ORIENTED_EDGE ( 'NONE', *, *, #5870, .T. ) ;
#624 = DIRECTION ( 'NONE',  ( -1.000000000000000000, -0.000000000000000000, -0.000000000000000000 ) ) ;
#625 = CARTESIAN_POINT ( 'NONE',  ( 0.3525000000000000355, 0.2425000000000000488, 0.1680000000000000382 ) ) ;
#626 = DIRECTION ( 'NONE',  ( 0.000000000000000000, 0.000000000000000000, 1.000000000000000000 ) ) ;
#627 = VECTOR ( 'NONE', #8767, 100.0000000000000000 ) ;
#628 =( NAMED_UNIT ( * ) SI_UNIT ( $, .STERADIAN. ) SOLID_ANGLE_UNIT ( ) );
#629 = EDGE_LOOP ( 'NONE', ( #523, #9074, #4575, #8371 ) ) ;
#630 = EDGE_CURVE ( 'NONE', #2693, #2485, #96, .T. ) ;
#631 = ORIENTED_EDGE ( 'NONE', *, *, #8628, .T. ) ;
#632 = PLANE ( 'NONE',  #9585 ) ;
#633 = EDGE_LOOP ( 'NONE', ( #2498, #9040, #2235, #1921 ) ) ;
#634 = SURFACE_STYLE_USAGE ( .BOTH. , #1520 ) ;
#635 = DIRECTION ( 'NONE',  ( 0.000000000000000000, 0.000000000000000000, -1.000000000000000000 ) ) ;
#636 = ORIENTED_EDGE ( 'NONE', *, *, #717, .T. ) ;
#637 = ORIENTED_EDGE ( 'NONE', *, *, #8281, .T. ) ;
#638 = VECTOR ( 'NONE', #639, 100.0000000000000000 ) ;
#639 = DIRECTION ( 'NONE',  ( -0.000000000000000000, -3.491483361109383250E-15, 1.000000000000000000 ) ) ;
#640 = AXIS2_PLACEMENT_3D ( 'NONE', #8962, #1481, #6812 ) ;
#641 = DIRECTION ( 'NONE',  ( 0.000000000000000000, -0.9021204415296844026, -0.4314843090707787265 ) ) ;
#642 = LINE ( 'NONE', #6714, #3827 ) ;
#643 = VECTOR ( 'NONE', #8078, 100.0000000000000000 ) ;
#644 = PLANE ( 'NONE',  #7100 ) ;
#645 = ADVANCED_FACE ( 'NONE', ( #3191 ), #6211, .F. ) ;
#646 = ORIENTED_EDGE ( 'NONE', *, *, #8614, .T. ) ;
#647 = DIRECTION ( 'NONE',  ( 0.000000000000000000, -0.000000000000000000, 1.000000000000000000 ) ) ;
#648 = ORIENTED_EDGE ( 'NONE', *, *, #3737, .T. ) ;
#649 =( NAMED_UNIT ( * ) SI_UNIT ( $, .STERADIAN. ) SOLID_ANGLE_UNIT ( ) );
#650 = CARTESIAN_POINT ( 'NONE',  ( -0.2382785993070364317, -0.3396776797666642422, 0.1729999913571935721 ) ) ;
#651 = VERTEX_POINT ( 'NONE', #6506 ) ;
#652 = ADVANCED_FACE ( 'NONE', ( #1926 ), #8663, .F. ) ;
#653 = CIRCLE ( 'NONE', #2239, 0.2300000000000000377 ) ;
#654 = FACE_OUTER_BOUND ( 'NONE', #6603, .T. ) ;
#655 = LINE ( 'NONE', #6723, #7002 ) ;
#656 = ORIENTED_EDGE ( 'NONE', *, *, #7755, .F. ) ;
#657 = CARTESIAN_POINT ( 'NONE',  ( 0.000000000000000000, -0.1900000000000000022, -0.04999999999881765689 ) ) ;
#658 = DIRECTION ( 'NONE',  ( -1.000000000000000000, -7.311082709387417497E-18, 0.000000000000000000 ) ) ;
#659 = EDGE_CURVE ( 'NONE', #9542, #6093, #5804, .T. ) ;
#660 = VECTOR ( 'NONE', #1263, 100.0000000000000000 ) ;
#661 = MECHANICAL_DESIGN_GEOMETRIC_PRESENTATION_REPRESENTATION (  '', ( #3988 ), #6376 ) ;
#662 = LINE ( 'NONE', #1202, #9600 ) ;
#663 = VECTOR ( 'NONE', #586, 100.0000000000000000 ) ;
#664 = DIRECTION ( 'NONE',  ( 0.000000000000000000, 1.000000000000000000, 0.000000000000000000 ) ) ;
#665 = LINE ( 'NONE', #7400, #2608 ) ;
#666 = CARTESIAN_POINT ( 'NONE',  ( 0.1254999999999999727, 0.3750000000000000000, 0.1010000000000000064 ) ) ;
#667 = ORIENTED_EDGE ( 'NONE', *, *, #3553, .F. ) ;
#668 = LINE ( 'NONE', #943, #5231 ) ;
#669 = DIRECTION ( 'NONE',  ( 0.000000000000000000, 0.000000000000000000, -1.000000000000000000 ) ) ;
#670 =( GEOMETRIC_REPRESENTATION_CONTEXT ( 3 ) GLOBAL_UNCERTAINTY_ASSIGNED_CONTEXT ( ( #8774 ) ) GLOBAL_UNIT_ASSIGNED_CONTEXT ( ( #2431, #879, #4665 ) ) REPRESENTATION_CONTEXT ( 'NONE', 'WORKASPACE' ) );
#671 = ORIENTED_EDGE ( 'NONE', *, *, #5684, .F. ) ;
#672 = CARTESIAN_POINT ( 'NONE',  ( 0.2793071785686857544, 0.3524999999999999800, 0.1729999999999999871 ) ) ;
#673 = DIRECTION ( 'NONE',  ( -0.6018150231488560431, 0.000000000000000000, -0.7986355100496983495 ) ) ;
#674 = DIRECTION ( 'NONE',  ( -0.9848077530122085754, 0.000000000000000000, -0.1736481776669273336 ) ) ;
#675 = DIRECTION ( 'NONE',  ( 0.7071067811865515695, -0.7071067811865434649, 0.000000000000000000 ) ) ;
#676 = ORIENTED_EDGE ( 'NONE', *, *, #6923, .F. ) ;
#677 = AXIS2_PLACEMENT_3D ( 'NONE', #1349, #4247, #5736 ) ;
#678 = CARTESIAN_POINT ( 'NONE',  ( -0.2401204050130043566, 0.3389927782070674134, 0.1729999775287097141 ) ) ;
#679 = VERTEX_POINT ( 'NONE', #4314 ) ;
#680 = DIRECTION ( 'NONE',  ( 0.000000000000000000, -1.000000000000000000, 3.491483361109382461E-15 ) ) ;
#681 = VERTEX_POINT ( 'NONE', #5011 ) ;
#682 = VERTEX_POINT ( 'NONE', #536 ) ;
#683 = CARTESIAN_POINT ( 'NONE',  ( 0.3499999999999999778, -0.2250000000000000611, 0.004000000000000010492 ) ) ;
#684 = EDGE_CURVE ( 'NONE', #5098, #5034, #2074, .T. ) ;
#685 = DIRECTION ( 'NONE',  ( -7.311082709387417497E-18, 1.000000000000000000, -3.491483361109383250E-15 ) ) ;
#686 = VECTOR ( 'NONE', #2029, 100.0000000000000000 ) ;
#687 = CARTESIAN_POINT ( 'NONE',  ( 0.2356854249492379982, -0.3500000000000000333, 0.1729999999999999871 ) ) ;
#688 = CARTESIAN_POINT ( 'NONE',  ( 5.681592312200614832E-17, -0.07071067811865482111, 0.3000000000000000999 ) ) ;
#689 = VERTEX_POINT ( 'NONE', #2022 ) ;
#690 = CARTESIAN_POINT ( 'NONE',  ( 0.2149999999999999134, -0.3500000000000000333, 0.1879999999999999727 ) ) ;
#691 = ORIENTED_EDGE ( 'NONE', *, *, #1501, .F. ) ;
#692 = CARTESIAN_POINT ( 'NONE',  ( 0.000000000000000000, -0.2600000000000000644, 0.004000000000000000083 ) ) ;
#693 = VERTEX_POINT ( 'NONE', #4267 ) ;
#694 = CARTESIAN_POINT ( 'NONE',  ( 0.2500000000000000000, 0.2449999999999999956, 0.004000000000000005287 ) ) ;
#695 = CIRCLE ( 'NONE', #9543, 0.2004997304892600363 ) ;
#696 = ORIENTED_EDGE ( 'NONE', *, *, #2907, .T. ) ;
#697 = EDGE_CURVE ( 'NONE', #813, #2931, #1871, .T. ) ;
#698 = CARTESIAN_POINT ( 'NONE',  ( -0.3741382288134426082, -0.1074999999999999289, 0.08854822291287121894 ) ) ;
#699 = VERTEX_POINT ( 'NONE', #1078 ) ;
#700 =( NAMED_UNIT ( * ) PLANE_ANGLE_UNIT ( ) SI_UNIT ( $, .RADIAN. ) );
#701 = DIRECTION ( 'NONE',  ( -0.000000000000000000, -0.000000000000000000, 1.000000000000000000 ) ) ;
#702 = ADVANCED_FACE ( 'NONE', ( #7133 ), #2626, .F. ) ;
#703 = DIRECTION ( 'NONE',  ( -0.000000000000000000, -1.000000000000000000, -0.000000000000000000 ) ) ;
#704 = PLANE ( 'NONE',  #3752 ) ;
#705 = CIRCLE ( 'NONE', #8292, 0.03700000000000001205 ) ;
#706 = LINE ( 'NONE', #3796, #3613 ) ;
#707 = AXIS2_PLACEMENT_3D ( 'NONE', #9768, #7352, #565 ) ;
#708 = ADVANCED_FACE ( 'NONE', ( #5664 ), #6606, .T. ) ;
#709 = DIRECTION ( 'NONE',  ( -1.000000000000000000, 0.000000000000000000, 0.000000000000000000 ) ) ;
#710 = EDGE_CURVE ( 'NONE', #827, #2317, #8897, .T. ) ;
#711 = ORIENTED_EDGE ( 'NONE', *, *, #2606, .F. ) ;
#712 = CARTESIAN_POINT ( 'NONE',  ( 0.2439696961966996425, -0.3500000000000000333, 0.1879999999999999727 ) ) ;
#713 = CIRCLE ( 'NONE', #2954, 0.005000000246747557386 ) ;
#714 =( NAMED_UNIT ( * ) PLANE_ANGLE_UNIT ( ) SI_UNIT ( $, .RADIAN. ) );
#715 = VECTOR ( 'NONE', #9311, 100.0000000000000000 ) ;
#716 = AXIS2_PLACEMENT_3D ( 'NONE', #82, #3136, #5698 ) ;
#717 = EDGE_CURVE ( 'NONE', #3953, #5208, #7048, .T. ) ;
#718 = ORIENTED_EDGE ( 'NONE', *, *, #3350, .T. ) ;
#719 = CARTESIAN_POINT ( 'NONE',  ( -0.3725000000000000533, -0.2425000000000000488, 0.1680000000000000937 ) ) ;
#720 = LINE ( 'NONE', #3021, #1283 ) ;
#721 = EDGE_LOOP ( 'NONE', ( #7568, #1677, #3697, #7775 ) ) ;
#722 = STYLED_ITEM ( 'NONE', ( #7542 ), #160 ) ;
#723 = VECTOR ( 'NONE', #8857, 100.0000000000000000 ) ;
#724 = CARTESIAN_POINT ( 'NONE',  ( 0.3724999999999999978, 0.2425000000000000488, 0.1730000000000000149 ) ) ;
#725 = CARTESIAN_POINT ( 'NONE',  ( -0.2393170669629519354, 0.3393574793697741732, 0.1729999395605555379 ) ) ;
#726 = FILL_AREA_STYLE_COLOUR ( '', #1018 ) ;
#727 = AXIS2_PLACEMENT_3D ( 'NONE', #2236, #4476, #5967 ) ;
#728 = CARTESIAN_POINT ( 'NONE',  ( 0.3499999999999999778, 0.1775000000000000189, 0.01500000024499757896 ) ) ;
#729 = VERTEX_POINT ( 'NONE', #4360 ) ;
#730 = EDGE_CURVE ( 'NONE', #6079, #291, #2929, .T. ) ;
#731 = ORIENTED_EDGE ( 'NONE', *, *, #6303, .T. ) ;
#732 = FILL_AREA_STYLE_COLOUR ( '', #8696 ) ;
#733 = CIRCLE ( 'NONE', #2648, 0.02000000000000001082 ) ;
#734 = DIRECTION ( 'NONE',  ( -1.000000000000000000, -0.000000000000000000, -0.000000000000000000 ) ) ;
#735 = AXIS2_PLACEMENT_3D ( 'NONE', #657, #8868, #8138 ) ;
#736 = PLANE ( 'NONE',  #379 ) ;
#737 = ADVANCED_FACE ( 'NONE', ( #30 ), #3075, .F. ) ;
#738 = EDGE_LOOP ( 'NONE', ( #1006, #6569, #4079, #7593 ) ) ;
#739 = CARTESIAN_POINT ( 'NONE',  ( 0.3500000000000000333, -0.2356854249492383591, 0.1729999999999999871 ) ) ;
#740 = EDGE_LOOP ( 'NONE', ( #2428, #1383, #7914, #9077 ) ) ;
#741 = FILL_AREA_STYLE_COLOUR ( '', #1672 ) ;
#742 = ORIENTED_EDGE ( 'NONE', *, *, #2147, .F. ) ;
#743 = CARTESIAN_POINT ( 'NONE',  ( 2.168404344971008868E-17, 0.000000000000000000, 0.1900201181342708878 ) ) ;
#744 = ORIENTED_EDGE ( 'NONE', *, *, #2880, .F. ) ;
#745 = FILL_AREA_STYLE_COLOUR ( '', #7697 ) ;
#746 = LINE ( 'NONE', #2287, #6062 ) ;
#747 = FILL_AREA_STYLE_COLOUR ( '', #245 ) ;
#748 = EDGE_CURVE ( 'NONE', #5034, #1725, #6800, .T. ) ;
#749 = CARTESIAN_POINT ( 'NONE',  ( 0.000000000000000000, 1.227666219484110049E-17, 0.1930000000000002547 ) ) ;
#750 =( GEOMETRIC_REPRESENTATION_CONTEXT ( 3 ) GLOBAL_UNCERTAINTY_ASSIGNED_CONTEXT ( ( #1398 ) ) GLOBAL_UNIT_ASSIGNED_CONTEXT ( ( #5778, #3502, #3548 ) ) REPRESENTATION_CONTEXT ( 'NONE', 'WORKASPACE' ) );
#751 = DIRECTION ( 'NONE',  ( 0.000000000000000000, -1.000000000000000000, 0.000000000000000000 ) ) ;
#752 = PRESENTATION_STYLE_ASSIGNMENT (( #9563 ) ) ;
#753 = ORIENTED_EDGE ( 'NONE', *, *, #7260, .F. ) ;
#754 = EDGE_CURVE ( 'NONE', #3813, #826, #5905, .T. ) ;
#755 = CARTESIAN_POINT ( 'NONE',  ( -1.192622389734054877E-16, 0.1184177848998413662, 0.4900000000000001577 ) ) ;
#756 = CARTESIAN_POINT ( 'NONE',  ( 0.03323401871576774774, 0.1046518036156089126, 0.4900000000000001577 ) ) ;
#757 = VECTOR ( 'NONE', #3467, 100.0000000000000142 ) ;
#758 =( GEOMETRIC_REPRESENTATION_CONTEXT ( 3 ) GLOBAL_UNCERTAINTY_ASSIGNED_CONTEXT ( ( #5174 ) ) GLOBAL_UNIT_ASSIGNED_CONTEXT ( ( #5488, #2549, #9318 ) ) REPRESENTATION_CONTEXT ( 'NONE', 'WORKASPACE' ) );
#759 = ORIENTED_EDGE ( 'NONE', *, *, #2412, .T. ) ;
#760 = DIRECTION ( 'NONE',  ( 0.000000000000000000, -0.000000000000000000, -1.000000000000000000 ) ) ;
#761 = EDGE_CURVE ( 'NONE', #7967, #7368, #8726, .T. ) ;
#762 =( NAMED_UNIT ( * ) SI_UNIT ( $, .STERADIAN. ) SOLID_ANGLE_UNIT ( ) );
#763 = MECHANICAL_DESIGN_GEOMETRIC_PRESENTATION_REPRESENTATION (  '', ( #2673 ), #451 ) ;
#764 = ADVANCED_FACE ( 'NONE', ( #9641 ), #2982, .F. ) ;
#765 = ORIENTED_EDGE ( 'NONE', *, *, #2517, .F. ) ;
#766 = CARTESIAN_POINT ( 'NONE',  ( 0.3608328854037720079, -0.03499999999999996170, 0.01308987002439214974 ) ) ;
#767 =( NAMED_UNIT ( * ) SI_UNIT ( $, .STERADIAN. ) SOLID_ANGLE_UNIT ( ) );
#768 = DIRECTION ( 'NONE',  ( -0.1736481760924830642, 0.000000000000000000, -0.9848077532898256159 ) ) ;
#769 =( GEOMETRIC_REPRESENTATION_CONTEXT ( 3 ) GLOBAL_UNCERTAINTY_ASSIGNED_CONTEXT ( ( #2312 ) ) GLOBAL_UNIT_ASSIGNED_CONTEXT ( ( #7371, #7323, #6552 ) ) REPRESENTATION_CONTEXT ( 'NONE', 'WORKASPACE' ) );
#770 = VERTEX_POINT ( 'NONE', #4658 ) ;
#771 = FILL_AREA_STYLE_COLOUR ( '', #6337 ) ;
#772 = EDGE_CURVE ( 'NONE', #2509, #5386, #7713, .T. ) ;
#773 = VERTEX_POINT ( 'NONE', #4808 ) ;
#774 = CARTESIAN_POINT ( 'NONE',  ( -0.2349999999999999589, -0.2600000000000000644, 0.004000000000000000083 ) ) ;
#775 = ORIENTED_EDGE ( 'NONE', *, *, #7406, .T. ) ;
#776 = AXIS2_PLACEMENT_3D ( 'NONE', #3985, #7740, #8981 ) ;
#777 = ORIENTED_EDGE ( 'NONE', *, *, #7455, .F. ) ;
#778 = CARTESIAN_POINT ( 'NONE',  ( 0.1849999999999999423, -0.3725000000000004974, 0.03999999999999980654 ) ) ;
#779 = CARTESIAN_POINT ( 'NONE',  ( -0.1310000000000000053, 0.3725000000000004419, 0.06999999999999979849 ) ) ;
#780 = DIRECTION ( 'NONE',  ( -5.433049731604327253E-17, -5.433049731604348207E-17, -1.000000000000000000 ) ) ;
#781 = DIRECTION ( 'NONE',  ( 0.000000000000000000, -0.000000000000000000, -1.000000000000000000 ) ) ;
#782 = DIRECTION ( 'NONE',  ( 6.735369260825570315E-17, -1.760146872403420140E-16, -1.000000000000000000 ) ) ;
#783 = ORIENTED_EDGE ( 'NONE', *, *, #1307, .T. ) ;
#784 = DIRECTION ( 'NONE',  ( 1.000000000000000000, 0.000000000000000000, -0.000000000000000000 ) ) ;
#785 = ORIENTED_EDGE ( 'NONE', *, *, #4479, .F. ) ;
#786 = PLANE ( 'NONE',  #5977 ) ;
#787 = ORIENTED_EDGE ( 'NONE', *, *, #6678, .T. ) ;
#788 = LINE ( 'NONE', #4574, #2389 ) ;
#789 = VECTOR ( 'NONE', #7137, 100.0000000000000000 ) ;
#790 = ORIENTED_EDGE ( 'NONE', *, *, #217, .F. ) ;
#791 = CARTESIAN_POINT ( 'NONE',  ( 0.2687005768508874959, 0.3323401871576777689, 0.1879999999999999727 ) ) ;
#792 = LINE ( 'NONE', #934, #2251 ) ;
#793 = CARTESIAN_POINT ( 'NONE',  ( -0.1310000000000000331, 0.3575000001233738511, 0.1019349540849361496 ) ) ;
#794 = VECTOR ( 'NONE', #2479, 100.0000000000000000 ) ;
#795 = LINE ( 'NONE', #7587, #4062 ) ;
#796 = CARTESIAN_POINT ( 'NONE',  ( 0.1046518036156089543, -0.03323401871576767835, 0.3150000000000000577 ) ) ;
#797 = EDGE_LOOP ( 'NONE', ( #2977, #5451, #6607, #3074 ) ) ;
#798 = CYLINDRICAL_SURFACE ( 'NONE', #4093, 0.01100000024499758408 ) ;
#799 = FILL_AREA_STYLE_COLOUR ( '', #551 ) ;
#800 = ORIENTED_EDGE ( 'NONE', *, *, #5623, .T. ) ;
#801 = UNCERTAINTY_MEASURE_WITH_UNIT (LENGTH_MEASURE( 1.000000000000000082E-05 ), #1162, 'distance_accuracy_value', 'NONE');
#802 = AXIS2_PLACEMENT_3D ( 'NONE', #3099, #5481, #4631 ) ;
#803 = DIRECTION ( 'NONE',  ( 0.000000000000000000, -1.000000000000000000, -0.000000000000000000 ) ) ;
#804 = DIRECTION ( 'NONE',  ( 1.000000000000000000, 0.000000000000000000, 0.000000000000000000 ) ) ;
#805 = ADVANCED_FACE ( 'NONE', ( #3962 ), #3864, .F. ) ;
#806 = VECTOR ( 'NONE', #8296, 100.0000000000000000 ) ;
#807 =( NAMED_UNIT ( * ) PLANE_ANGLE_UNIT ( ) SI_UNIT ( $, .RADIAN. ) );
#808 = ORIENTED_EDGE ( 'NONE', *, *, #2354, .F. ) ;
#809 = STYLED_ITEM ( 'NONE', ( #445 ), #2210 ) ;
#810 = AXIS2_PLACEMENT_3D ( 'NONE', #1147, #3547, #4336 ) ;
#811 = SURFACE_STYLE_USAGE ( .BOTH. , #6965 ) ;
#812 = CIRCLE ( 'NONE', #8096, 0.1500000000000000222 ) ;
#813 = VERTEX_POINT ( 'NONE', #3176 ) ;
#814 = DIRECTION ( 'NONE',  ( 0.000000000000000000, -0.000000000000000000, -1.000000000000000000 ) ) ;
#815 = EDGE_CURVE ( 'NONE', #8058, #9140, #9289, .T. ) ;
#816 = UNCERTAINTY_MEASURE_WITH_UNIT (LENGTH_MEASURE( 1.000000000000000082E-05 ), #5799, 'distance_accuracy_value', 'NONE');
#817 = SURFACE_STYLE_FILL_AREA ( #4496 ) ;
#818 = ORIENTED_EDGE ( 'NONE', *, *, #8827, .T. ) ;
#819 = AXIS2_PLACEMENT_3D ( 'NONE', #7838, #402, #1939 ) ;
#820 = EDGE_CURVE ( 'NONE', #4330, #3103, #9144, .T. ) ;
#821 = DIRECTION ( 'NONE',  ( -0.9848077530122085754, -4.743456994777695614E-17, -0.1736481776669273336 ) ) ;
#822 = FILL_AREA_STYLE ('',( #2218 ) ) ;
#823 = DIRECTION ( 'NONE',  ( 0.000000000000000000, -0.000000000000000000, 1.000000000000000000 ) ) ;
#824 = DIRECTION ( 'NONE',  ( -1.000000000000000000, 0.000000000000000000, 0.000000000000000000 ) ) ;
#825 = CARTESIAN_POINT ( 'NONE',  ( 0.000000000000000000, 0.1900000000000000022, 0.000000000000000000 ) ) ;
#826 = VERTEX_POINT ( 'NONE', #9191 ) ;
#827 = VERTEX_POINT ( 'NONE', #6198 ) ;
#828 = SURFACE_STYLE_FILL_AREA ( #6147 ) ;
#829 = LINE ( 'NONE', #9247, #9486 ) ;
#830 = CARTESIAN_POINT ( 'NONE',  ( 0.1310000000000000608, 0.3725000000000004419, 0.06999999999999979849 ) ) ;
#831 = ADVANCED_FACE ( 'NONE', ( #1663 ), #4760, .T. ) ;
#832 = SURFACE_STYLE_FILL_AREA ( #86 ) ;
#833 = CARTESIAN_POINT ( 'NONE',  ( 0.07141778489984128286, 1.631680900470003037E-16, 0.5000000000000001110 ) ) ;
#834 = CIRCLE ( 'NONE', #1464, 0.02000000000000001082 ) ;
#835 = EDGE_CURVE ( 'NONE', #6161, #3971, #2425, .T. ) ;
#836 = EDGE_LOOP ( 'NONE', ( #5152, #6078, #8646, #4719, #1870, #113, #7175, #8067, #6037, #2134, #5803, #1764, #2461, #6086, #1486, #6505, #81, #8408, #3729, #6875, #9147, #4224, #6587, #6094, #9712, #9727, #6574, #1576, #1979, #1568 ) ) ;
#837 = DIRECTION ( 'NONE',  ( 0.000000000000000000, 1.000000000000000000, 0.000000000000000000 ) ) ;
#838 = ORIENTED_EDGE ( 'NONE', *, *, #4506, .F. ) ;
#839 = DIRECTION ( 'NONE',  ( -6.735369260825570315E-17, 1.760146872403420140E-16, 1.000000000000000000 ) ) ;
#840 = ORIENTED_EDGE ( 'NONE', *, *, #4479, .T. ) ;
#841 = ORIENTED_EDGE ( 'NONE', *, *, #6638, .F. ) ;
#842 = AXIS2_PLACEMENT_3D ( 'NONE', #4320, #5070, #9549 ) ;
#843 = PRESENTATION_STYLE_ASSIGNMENT (( #3337 ) ) ;
#844 = CARTESIAN_POINT ( 'NONE',  ( -0.3499999999999999778, 0.03499999999999996864, 0.01500000000000001679 ) ) ;
#845 = EDGE_CURVE ( 'NONE', #7816, #3867, #5462, .T. ) ;
#846 = CARTESIAN_POINT ( 'NONE',  ( 0.2356854249492386089, -0.3300000000000013478, 0.1629999999999993954 ) ) ;
#847 = SURFACE_STYLE_USAGE ( .BOTH. , #3838 ) ;
#848 = LINE ( 'NONE', #6219, #2275 ) ;
#849 = AXIS2_PLACEMENT_3D ( 'NONE', #4527, #658, #7539 ) ;
#850 = VERTEX_POINT ( 'NONE', #4053 ) ;
#851 = DIRECTION ( 'NONE',  ( 0.000000000000000000, -1.000000000000000000, 0.000000000000000000 ) ) ;
#852 = DIRECTION ( 'NONE',  ( 1.000000000000000000, -1.788374717501863286E-16, -2.891205793294679017E-15 ) ) ;
#853 = ORIENTED_EDGE ( 'NONE', *, *, #2572, .T. ) ;
#854 = EDGE_CURVE ( 'NONE', #6753, #6193, #78, .T. ) ;
#855 = FACE_OUTER_BOUND ( 'NONE', #8301, .T. ) ;
#856 = LINE ( 'NONE', #8489, #6745 ) ;
#857 =( NAMED_UNIT ( * ) PLANE_ANGLE_UNIT ( ) SI_UNIT ( $, .RADIAN. ) );
#858 = EDGE_CURVE ( 'NONE', #2675, #8566, #8929, .T. ) ;
#859 = AXIS2_PLACEMENT_3D ( 'NONE', #8862, #1241, #2092 ) ;
#860 = ORIENTED_EDGE ( 'NONE', *, *, #5461, .T. ) ;
#861 = AXIS2_PLACEMENT_3D ( 'NONE', #8875, #8240, #6636 ) ;
#862 = DIRECTION ( 'NONE',  ( 1.720409151025122665E-16, -6.925359060216257350E-17, -1.000000000000000000 ) ) ;
#863 = EDGE_CURVE ( 'NONE', #24, #6591, #2747, .T. ) ;
#864 = EDGE_LOOP ( 'NONE', ( #2809, #3135, #2062, #2828 ) ) ;
#865 = CIRCLE ( 'NONE', #5489, 0.02000000000000001082 ) ;
#866 = CARTESIAN_POINT ( 'NONE',  ( 0.2356854249492379982, -0.3300000000000000155, 0.1729999999999999871 ) ) ;
#867 = CARTESIAN_POINT ( 'NONE',  ( -0.3741382288134426082, 0.03499999999999999639, 0.08854822291287128833 ) ) ;
#868 = ORIENTED_EDGE ( 'NONE', *, *, #1761, .T. ) ;
#869 = AXIS2_PLACEMENT_3D ( 'NONE', #6281, #7890, #1801 ) ;
#870 = PRESENTATION_STYLE_ASSIGNMENT (( #7662 ) ) ;
#871 = VECTOR ( 'NONE', #5479, 100.0000000000000142 ) ;
#872 =( NAMED_UNIT ( * ) PLANE_ANGLE_UNIT ( ) SI_UNIT ( $, .RADIAN. ) );
#873 = DIRECTION ( 'NONE',  ( 0.000000000000000000, -1.000000000000000000, -3.491483361109382066E-15 ) ) ;
#874 = EDGE_CURVE ( 'NONE', #7297, #1080, #9726, .T. ) ;
#875 = UNCERTAINTY_MEASURE_WITH_UNIT (LENGTH_MEASURE( 1.000000000000000082E-05 ), #4752, 'distance_accuracy_value', 'NONE');
#876 = ORIENTED_EDGE ( 'NONE', *, *, #8487, .F. ) ;
#877 = ORIENTED_EDGE ( 'NONE', *, *, #8585, .F. ) ;
#878 = CARTESIAN_POINT ( 'NONE',  ( 0.1831611487205009325, 0.000000000000000000, 0.2129999999851861503 ) ) ;
#879 =( NAMED_UNIT ( * ) PLANE_ANGLE_UNIT ( ) SI_UNIT ( $, .RADIAN. ) );
#880 = MECHANICAL_DESIGN_GEOMETRIC_PRESENTATION_REPRESENTATION (  '', ( #3587 ), #4205 ) ;
#881 =( NAMED_UNIT ( * ) SI_UNIT ( $, .STERADIAN. ) SOLID_ANGLE_UNIT ( ) );
#882 = ORIENTED_EDGE ( 'NONE', *, *, #858, .F. ) ;
#883 = AXIS2_PLACEMENT_3D ( 'NONE', #3857, #9032, #5452 ) ;
#884 = DIRECTION ( 'NONE',  ( 0.000000000000000000, 0.000000000000000000, 1.000000000000000000 ) ) ;
#885 = VERTEX_POINT ( 'NONE', #6730 ) ;
#886 =( NAMED_UNIT ( * ) PLANE_ANGLE_UNIT ( ) SI_UNIT ( $, .RADIAN. ) );
#887 = ORIENTED_EDGE ( 'NONE', *, *, #9383, .F. ) ;
#888 = EDGE_CURVE ( 'NONE', #9595, #1913, #3651, .T. ) ;
#889 = ORIENTED_EDGE ( 'NONE', *, *, #1618, .F. ) ;
#890 = VECTOR ( 'NONE', #2234, 100.0000000000000000 ) ;
#891 = EDGE_CURVE ( 'NONE', #3126, #4330, #2700, .T. ) ;
#892 = CARTESIAN_POINT ( 'NONE',  ( -0.08499999999999999223, -0.1899999999999999745, 0.007000000000000001013 ) ) ;
#893 = CARTESIAN_POINT ( 'NONE',  ( -0.3642901512833205957, 0.2250000000000000611, 0.09028470468954051531 ) ) ;
#894 = CARTESIAN_POINT ( 'NONE',  ( -0.1310000000000000053, 0.3524999999999999800, 0.1730000001233737705 ) ) ;
#895 = LINE ( 'NONE', #793, #2713 ) ;
#896 =( GEOMETRIC_REPRESENTATION_CONTEXT ( 3 ) GLOBAL_UNCERTAINTY_ASSIGNED_CONTEXT ( ( #612 ) ) GLOBAL_UNIT_ASSIGNED_CONTEXT ( ( #7758, #872, #7663 ) ) REPRESENTATION_CONTEXT ( 'NONE', 'WORKASPACE' ) );
#897 = CARTESIAN_POINT ( 'NONE',  ( 0.3509848079942876620, -0.07129477650116627929, 0.01482635177978974296 ) ) ;
#898 = VECTOR ( 'NONE', #2364, 100.0000000000000000 ) ;
#899 = VERTEX_POINT ( 'NONE', #8872 ) ;
#900 = CARTESIAN_POINT ( 'NONE',  ( -0.3389927782070674134, -0.2401204050130047452, 0.1729999775287096864 ) ) ;
#901 = EDGE_CURVE ( 'NONE', #6700, #7130, #7259, .T. ) ;
#902 = SURFACE_SIDE_STYLE ('',( #2250 ) ) ;
#903 = DIRECTION ( 'NONE',  ( 0.000000000000000000, -0.000000000000000000, -1.000000000000000000 ) ) ;
#904 = COLOUR_RGB ( '',0.6470588235294117974, 0.6196078431372549211, 0.5882352941176470784 ) ;
#905 = DIRECTION ( 'NONE',  ( -0.1736481760924826201, -1.414993390029876454E-16, 0.9848077532898257269 ) ) ;
#906 = ORIENTED_EDGE ( 'NONE', *, *, #2470, .T. ) ;
#907 = LINE ( 'NONE', #8635, #2783 ) ;
#908 = FILL_AREA_STYLE_COLOUR ( '', #904 ) ;
#909 = ORIENTED_EDGE ( 'NONE', *, *, #4938, .F. ) ;
#910 = SURFACE_STYLE_FILL_AREA ( #19 ) ;
#911 = DIRECTION ( 'NONE',  ( -0.7071067811865474617, 0.7071067811865474617, -6.505213034913017138E-15 ) ) ;
#912 = CARTESIAN_POINT ( 'NONE',  ( 0.07999999999999998779, -0.3575000000000005396, 0.03999999999999978573 ) ) ;
#913 = FILL_AREA_STYLE ('',( #6084 ) ) ;
#914 = ORIENTED_EDGE ( 'NONE', *, *, #9699, .F. ) ;
#915 = DIRECTION ( 'NONE',  ( -0.7071067811865485719, 0.7071067811865465735, 0.000000000000000000 ) ) ;
#916 = VECTOR ( 'NONE', #4818, 100.0000000000000000 ) ;
#917 = FILL_AREA_STYLE_COLOUR ( '', #7620 ) ;
#918 = CARTESIAN_POINT ( 'NONE',  ( -0.2149999999999999967, -0.3725000001233738089, 0.1680000000000000104 ) ) ;
#919 =( NAMED_UNIT ( * ) SI_UNIT ( $, .STERADIAN. ) SOLID_ANGLE_UNIT ( ) );
#920 = FACE_BOUND ( 'NONE', #9538, .T. ) ;
#921 = ORIENTED_EDGE ( 'NONE', *, *, #7406, .F. ) ;
#922 = ORIENTED_EDGE ( 'NONE', *, *, #8154, .F. ) ;
#923 = FACE_OUTER_BOUND ( 'NONE', #8984, .T. ) ;
#924 =( NAMED_UNIT ( * ) PLANE_ANGLE_UNIT ( ) SI_UNIT ( $, .RADIAN. ) );
#925 = DIRECTION ( 'NONE',  ( -0.000000000000000000, -0.000000000000000000, 1.000000000000000000 ) ) ;
#926 = EDGE_CURVE ( 'NONE', #8531, #8848, #8144, .T. ) ;
#927 = ORIENTED_EDGE ( 'NONE', *, *, #5122, .F. ) ;
#928 = ORIENTED_EDGE ( 'NONE', *, *, #951, .T. ) ;
#929 = CARTESIAN_POINT ( 'NONE',  ( -0.2427564927611034484, -0.3370710678118654657, 0.1729999999999999871 ) ) ;
#930 = ORIENTED_EDGE ( 'NONE', *, *, #7552, .F. ) ;
#931 = PRESENTATION_STYLE_ASSIGNMENT (( #2438 ) ) ;
#932 = AXIS2_PLACEMENT_3D ( 'NONE', #4738, #2207, #4785 ) ;
#933 = EDGE_LOOP ( 'NONE', ( #7621, #4911, #2388, #2991 ) ) ;
#934 = CARTESIAN_POINT ( 'NONE',  ( 1.084202172485504434E-17, 0.2899999999999999800, 0.1729999999999999871 ) ) ;
#935 =( NAMED_UNIT ( * ) PLANE_ANGLE_UNIT ( ) SI_UNIT ( $, .RADIAN. ) );
#936 = DIRECTION ( 'NONE',  ( 0.000000000000000000, 1.000000000000000000, 0.000000000000000000 ) ) ;
#937 = FACE_OUTER_BOUND ( 'NONE', #5731, .T. ) ;
#938 = EDGE_CURVE ( 'NONE', #8634, #244, #8294, .T. ) ;
#939 = EDGE_LOOP ( 'NONE', ( #5004, #250, #1522, #9153, #4412, #6171 ) ) ;
#940 = CARTESIAN_POINT ( 'NONE',  ( -0.03535533905932764648, 0.1060660171779820166, 0.3150000000000001132 ) ) ;
#941 = ORIENTED_EDGE ( 'NONE', *, *, #3913, .F. ) ;
#942 = VECTOR ( 'NONE', #540, 100.0000000000000000 ) ;
#943 = CARTESIAN_POINT ( 'NONE',  ( 0.2149999999999999134, -0.3725000000000004419, 0.06999999999999981237 ) ) ;
#944 = EDGE_CURVE ( 'NONE', #4361, #5654, #3503, .T. ) ;
#945 = CARTESIAN_POINT ( 'NONE',  ( -0.3385053729295698921, -0.2409745702179836857, 0.1729999948783370045 ) ) ;
#946 = CARTESIAN_POINT ( 'NONE',  ( 0.000000000000000000, 0.1900000000000000022, 0.007000000000000007952 ) ) ;
#947 = DIRECTION ( 'NONE',  ( 0.1736481776669273336, 0.000000000000000000, -0.9848077530122085754 ) ) ;
#948 = CARTESIAN_POINT ( 'NONE',  ( -0.2149999999999999689, -0.3575000001233739622, 0.1679999999999999549 ) ) ;
#949 = COLOUR_RGB ( '',1.000000000000000000, 1.000000000000000000, 1.000000000000000000 ) ;
#950 = LINE ( 'NONE', #3898, #4680 ) ;
#951 = EDGE_CURVE ( 'NONE', #6922, #6017, #5089, .T. ) ;
#952 = CARTESIAN_POINT ( 'NONE',  ( 4.496359600802726572E-17, -0.07141778489984133838, 0.5000000000000001110 ) ) ;
#953 = ORIENTED_EDGE ( 'NONE', *, *, #3845, .F. ) ;
#954 = FACE_OUTER_BOUND ( 'NONE', #1814, .T. ) ;
#955 = DIRECTION ( 'NONE',  ( -6.735369260825570315E-17, 1.760146872403420140E-16, 1.000000000000000000 ) ) ;
#956 = ORIENTED_EDGE ( 'NONE', *, *, #6119, .F. ) ;
#957 = DIRECTION ( 'NONE',  ( -0.000000000000000000, 0.000000000000000000, 1.000000000000000000 ) ) ;
#958 = CARTESIAN_POINT ( 'NONE',  ( 0.1849999999999999423, 0.3575000000000005396, 0.03999999999999977185 ) ) ;
#959 = AXIS2_PLACEMENT_3D ( 'NONE', #8040, #8680, #5591 ) ;
#960 = CARTESIAN_POINT ( 'NONE',  ( 0.3441421356237308604, 0.2498275605729692872, 0.1630000000000000060 ) ) ;
#961 = ORIENTED_EDGE ( 'NONE', *, *, #6754, .T. ) ;
#962 = FILL_AREA_STYLE_COLOUR ( '', #2850 ) ;
#963 = CARTESIAN_POINT ( 'NONE',  ( -0.09758073580374358735, -0.02616295090390246755, 0.4900000000000001577 ) ) ;
#964 = VECTOR ( 'NONE', #6832, 100.0000000000000000 ) ;
#965 = FILL_AREA_STYLE ('',( #3226 ) ) ;
#966 = EDGE_LOOP ( 'NONE', ( #2888, #1167, #1226, #1058, #9330 ) ) ;
#967 = ORIENTED_EDGE ( 'NONE', *, *, #7898, .T. ) ;
#968 = DIRECTION ( 'NONE',  ( 0.000000000000000000, 1.000000000000000000, 0.000000000000000000 ) ) ;
#969 = LINE ( 'NONE', #5419, #2225 ) ;
#970 = FACE_OUTER_BOUND ( 'NONE', #7814, .T. ) ;
#971 = STYLED_ITEM ( 'NONE', ( #3542 ), #4485 ) ;
#972 = FILL_AREA_STYLE ('',( #2529 ) ) ;
#973 = VECTOR ( 'NONE', #3349, 100.0000000000000000 ) ;
#974 = ORIENTED_EDGE ( 'NONE', *, *, #8393, .F. ) ;
#975 = VERTEX_POINT ( 'NONE', #9516 ) ;
#976 = CARTESIAN_POINT ( 'NONE',  ( 0.000000000000000000, 0.2224999999999999478, 0.007000000000000013156 ) ) ;
#977 = VERTEX_POINT ( 'NONE', #4244 ) ;
#978 = CARTESIAN_POINT ( 'NONE',  ( 0.1849999999999999423, -0.3575000000000007061, -2.385244779468109755E-16 ) ) ;
#979 = EDGE_LOOP ( 'NONE', ( #8559, #7889, #3134, #1610, #7550 ) ) ;
#980 = CIRCLE ( 'NONE', #8422, 0.005000000000000229955 ) ;
#981 = EDGE_CURVE ( 'NONE', #3633, #3643, #4356, .T. ) ;
#982 =( LENGTH_UNIT ( ) NAMED_UNIT ( * ) SI_UNIT ( .CENTI., .METRE. ) );
#983 = CARTESIAN_POINT ( 'NONE',  ( -0.2150000000000000522, -0.3500000000000000333, 0.1879999999999999727 ) ) ;
#984 = COLOUR_RGB ( '',0.6470588235294117974, 0.6196078431372549211, 0.5882352941176470784 ) ;
#985 = FACE_OUTER_BOUND ( 'NONE', #293, .T. ) ;
#986 = CARTESIAN_POINT ( 'NONE',  ( 0.3441421356237308604, -0.2498275605729693427, 0.004000000000000005287 ) ) ;
#987 = CARTESIAN_POINT ( 'NONE',  ( 0.3397541973612299149, -0.2379596413380471176, 0.1729999948783370600 ) ) ;
#988 = ORIENTED_EDGE ( 'NONE', *, *, #4257, .F. ) ;
#989 = LINE ( 'NONE', #3889, #7341 ) ;
#990 = ORIENTED_EDGE ( 'NONE', *, *, #9383, .T. ) ;
#991 = LINE ( 'NONE', #5989, #6025 ) ;
#992 = FACE_OUTER_BOUND ( 'NONE', #1049, .T. ) ;
#993 = MECHANICAL_DESIGN_GEOMETRIC_PRESENTATION_REPRESENTATION (  '', ( #522 ), #5292 ) ;
#994 = SURFACE_STYLE_USAGE ( .BOTH. , #7926 ) ;
#995 = ADVANCED_FACE ( 'NONE', ( #5779 ), #9565, .F. ) ;
#996 = EDGE_CURVE ( 'NONE', #9266, #6967, #7451, .T. ) ;
#997 = CARTESIAN_POINT ( 'NONE',  ( -0.2356854249492379982, -0.3300000000000000155, 0.004000000000000010492 ) ) ;
#998 = VECTOR ( 'NONE', #2048, 100.0000000000000000 ) ;
#999 = EDGE_LOOP ( 'NONE', ( #7715, #8163, #8908, #372 ) ) ;
#1000 = CARTESIAN_POINT ( 'NONE',  ( -0.2397342033701420905, -0.3391846958125282474, 0.1729999395605556767 ) ) ;
#1001 = CARTESIAN_POINT ( 'NONE',  ( 2.662147991555695389E-18, -0.3724999999999997757, 0.1019349540849361496 ) ) ;
#1002 = EDGE_CURVE ( 'NONE', #5841, #8517, #4440, .T. ) ;
#1003 = AXIS2_PLACEMENT_3D ( 'NONE', #7588, #54, #5627 ) ;
#1004 = DIRECTION ( 'NONE',  ( 0.000000000000000000, -1.000000000000000000, -3.491483361109382066E-15 ) ) ;
#1005 = EDGE_CURVE ( 'NONE', #4157, #5386, #8387, .T. ) ;
#1006 = ORIENTED_EDGE ( 'NONE', *, *, #5431, .F. ) ;
#1007 = CARTESIAN_POINT ( 'NONE',  ( 0.000000000000000000, 0.2600000000000000644, 0.000000000000000000 ) ) ;
#1008 = EDGE_CURVE ( 'NONE', #6298, #8247, #7592, .T. ) ;
#1009 = CARTESIAN_POINT ( 'NONE',  ( 0.07999999999999998779, 0.3725000000000006084, 0.03999999999999979960 ) ) ;
#1010 = CIRCLE ( 'NONE', #5784, 0.04999999999999998890 ) ;
#1011 = AXIS2_PLACEMENT_3D ( 'NONE', #111, #852, #9125 ) ;
#1012 = ORIENTED_EDGE ( 'NONE', *, *, #7354, .F. ) ;
#1013 = EDGE_LOOP ( 'NONE', ( #27, #6627, #5124, #1622, #2965 ) ) ;
#1014 = CIRCLE ( 'NONE', #6588, 0.02000000000000001082 ) ;
#1015 = CARTESIAN_POINT ( 'NONE',  ( -0.1149999999999998662, 0.3500000000000000333, 0.1729999999999999871 ) ) ;
#1016 = SURFACE_SIDE_STYLE ('',( #6940 ) ) ;
#1017 = CARTESIAN_POINT ( 'NONE',  ( 0.3375338976290728210, 0.2422936629438964262, 0.1729999999999999871 ) ) ;
#1018 = COLOUR_RGB ( '',0.6470588235294117974, 0.6196078431372549211, 0.5882352941176470784 ) ;
#1019 = DIRECTION ( 'NONE',  ( -0.000000000000000000, 0.000000000000000000, 1.000000000000000000 ) ) ;
#1020 = VECTOR ( 'NONE', #8840, 100.0000000000000000 ) ;
#1021 = ORIENTED_EDGE ( 'NONE', *, *, #6850, .T. ) ;
#1022 = SURFACE_SIDE_STYLE ('',( #1819 ) ) ;
#1023 = ORIENTED_EDGE ( 'NONE', *, *, #5606, .T. ) ;
#1024 = CARTESIAN_POINT ( 'NONE',  ( -0.1255000000000000004, 0.3750000000000000000, 0.1010000000000000064 ) ) ;
#1025 = ORIENTED_EDGE ( 'NONE', *, *, #6942, .F. ) ;
#1026 = SURFACE_STYLE_FILL_AREA ( #6255 ) ;
#1027 = ADVANCED_FACE ( 'NONE', ( #6073 ), #9023, .T. ) ;
#1028 = COLOUR_RGB ( '',1.000000000000000000, 1.000000000000000000, 1.000000000000000000 ) ;
#1029 = EDGE_LOOP ( 'NONE', ( #7679, #599, #6020, #1515 ) ) ;
#1030 = VECTOR ( 'NONE', #2493, 100.0000000000000000 ) ;
#1031 = EDGE_CURVE ( 'NONE', #8419, #3814, #7356, .T. ) ;
#1032 = FILL_AREA_STYLE_COLOUR ( '', #397 ) ;
#1033 = CARTESIAN_POINT ( 'NONE',  ( 0.3441421356237308604, -0.2498275605729693427, 0.1630000000000000060 ) ) ;
#1034 = CARTESIAN_POINT ( 'NONE',  ( -0.1849999999999999423, -0.3575000000000004285, 0.06999999999999974298 ) ) ;
#1035 = ORIENTED_EDGE ( 'NONE', *, *, #6305, .F. ) ;
#1036 = CARTESIAN_POINT ( 'NONE',  ( -0.2356854249492379982, -0.3300000000000000155, 0.1729999999999999871 ) ) ;
#1037 = ORIENTED_EDGE ( 'NONE', *, *, #3014, .F. ) ;
#1038 = CARTESIAN_POINT ( 'NONE',  ( 0.2149999999999999134, -0.3524999999999999800, 0.1680000000000000382 ) ) ;
#1039 =( GEOMETRIC_REPRESENTATION_CONTEXT ( 3 ) GLOBAL_UNCERTAINTY_ASSIGNED_CONTEXT ( ( #5186 ) ) GLOBAL_UNIT_ASSIGNED_CONTEXT ( ( #8754, #5706, #3525 ) ) REPRESENTATION_CONTEXT ( 'NONE', 'WORKASPACE' ) );
#1040 = DIRECTION ( 'NONE',  ( 0.000000000000000000, 0.000000000000000000, -1.000000000000000000 ) ) ;
#1041 =( GEOMETRIC_REPRESENTATION_CONTEXT ( 3 ) GLOBAL_UNCERTAINTY_ASSIGNED_CONTEXT ( ( #1079 ) ) GLOBAL_UNIT_ASSIGNED_CONTEXT ( ( #5919, #1436, #6021 ) ) REPRESENTATION_CONTEXT ( 'NONE', 'WORKASPACE' ) );
#1042 = LINE ( 'NONE', #6324, #6481 ) ;
#1043 = SURFACE_STYLE_FILL_AREA ( #7102 ) ;
#1044 = LINE ( 'NONE', #5723, #9199 ) ;
#1045 = CARTESIAN_POINT ( 'NONE',  ( -0.1310000000000000331, 0.3725000000000001088, 0.1019349540849361774 ) ) ;
#1046 = VECTOR ( 'NONE', #2576, 100.0000000000000000 ) ;
#1047 = STYLED_ITEM ( 'NONE', ( #2467 ), #2681 ) ;
#1048 = EDGE_CURVE ( 'NONE', #439, #2293, #3569, .T. ) ;
#1049 = EDGE_LOOP ( 'NONE', ( #5621, #2063, #840, #1545, #5848, #9580, #1404, #5970, #2043, #2368 ) ) ;
#1050 = DIRECTION ( 'NONE',  ( 0.000000000000000000, 0.000000000000000000, -1.000000000000000000 ) ) ;
#1051 = DIRECTION ( 'NONE',  ( -0.000000000000000000, 0.000000000000000000, 1.000000000000000000 ) ) ;
#1052 = AXIS2_PLACEMENT_3D ( 'NONE', #3166, #4542, #2411 ) ;
#1053 = FACE_OUTER_BOUND ( 'NONE', #1095, .T. ) ;
#1054 =( LENGTH_UNIT ( ) NAMED_UNIT ( * ) SI_UNIT ( .CENTI., .METRE. ) );
#1055 = PRESENTATION_STYLE_ASSIGNMENT (( #7849 ) ) ;
#1056 = AXIS2_PLACEMENT_3D ( 'NONE', #8829, #7398, #464 ) ;
#1057 = ADVANCED_FACE ( 'NONE', ( #5389 ), #3847, .F. ) ;
#1058 = ORIENTED_EDGE ( 'NONE', *, *, #9374, .T. ) ;
#1059 = DIRECTION ( 'NONE',  ( 0.000000000000000000, -0.4226182617842429989, 0.9063077870163452898 ) ) ;
#1060 = ADVANCED_FACE ( 'NONE', ( #3749 ), #6860, .F. ) ;
#1061 = LINE ( 'NONE', #9335, #1556 ) ;
#1062 = ORIENTED_EDGE ( 'NONE', *, *, #7737, .T. ) ;
#1063 = STYLED_ITEM ( 'NONE', ( #5253 ), #8991 ) ;
#1064 = VERTEX_POINT ( 'NONE', #3943 ) ;
#1065 = DIRECTION ( 'NONE',  ( -0.6018150229063274903, 0.000000000000000000, -0.7986355102324566024 ) ) ;
#1066 = SURFACE_SIDE_STYLE ('',( #2616 ) ) ;
#1067 = STYLED_ITEM ( 'NONE', ( #931 ), #645 ) ;
#1068 = CARTESIAN_POINT ( 'NONE',  ( 0.000000000000000000, -0.2374999999928839867, -0.03000000000095954730 ) ) ;
#1069 = B_SPLINE_CURVE_WITH_KNOTS ( 'NONE', 3,
 ( #2158, #3510, #3659, #5144, #7360, #6541, #8982, #6739, #570, #5887, #5050, #7405 ),
 .UNSPECIFIED., .F., .F.,
 ( 4, 2, 2, 2, 2, 4 ),
 ( 0.000000000000000000, 0.2499999999999800160, 0.3749999999999684697, 0.4999999999999569233, 0.7499999999999784617, 1.000000000000000000 ),
 .UNSPECIFIED. ) ;
#1070 = CARTESIAN_POINT ( 'NONE',  ( 0.2356854249492379982, 0.3300000000000000155, 0.1630000000000000060 ) ) ;
#1071 = EDGE_CURVE ( 'NONE', #7657, #8528, #1547, .T. ) ;
#1072 = AXIS2_PLACEMENT_3D ( 'NONE', #6251, #837, #1674 ) ;
#1073 = AXIS2_PLACEMENT_3D ( 'NONE', #6391, #2610, #8599 ) ;
#1074 = CARTESIAN_POINT ( 'NONE',  ( 2.168404344971008868E-17, 0.000000000000000000, 0.2039727746534936159 ) ) ;
#1075 = VERTEX_POINT ( 'NONE', #1497 ) ;
#1076 = DIRECTION ( 'NONE',  ( 0.7071067811865487940, -0.7071067811865462405, 1.720874317173268414E-16 ) ) ;
#1077 = ORIENTED_EDGE ( 'NONE', *, *, #4032, .T. ) ;
#1078 = CARTESIAN_POINT ( 'NONE',  ( -0.2149999999999999134, 0.3500000000000000333, 0.1879999999999999727 ) ) ;
#1079 = UNCERTAINTY_MEASURE_WITH_UNIT (LENGTH_MEASURE( 1.000000000000000082E-05 ), #5919, 'distance_accuracy_value', 'NONE');
#1080 = VERTEX_POINT ( 'NONE', #755 ) ;
#1081 = PRESENTATION_LAYER_ASSIGNMENT (  '', '', ( #2046 ) ) ;
#1082 = CARTESIAN_POINT ( 'NONE',  ( -0.3509848079341076343, 0.03499999999999997558, 0.01482635179121278776 ) ) ;
#1083 = DIRECTION ( 'NONE',  ( 0.000000000000000000, 1.000000000000000000, 0.000000000000000000 ) ) ;
#1084 = CARTESIAN_POINT ( 'NONE',  ( 0.3499999999999999778, -0.03499999999999992006, 0.01500000000000001679 ) ) ;
#1085 = DIRECTION ( 'NONE',  ( 2.891205793294679017E-15, -0.000000000000000000, -1.000000000000000000 ) ) ;
#1086 = ORIENTED_EDGE ( 'NONE', *, *, #1989, .F. ) ;
#1087 = PLANE ( 'NONE',  #6665 ) ;
#1088 = CARTESIAN_POINT ( 'NONE',  ( -0.3514696961967002098, -0.2424999999999999933, 0.1729999999999999871 ) ) ;
#1089 =( LENGTH_UNIT ( ) NAMED_UNIT ( * ) SI_UNIT ( .CENTI., .METRE. ) );
#1090 = DIRECTION ( 'NONE',  ( -0.000000000000000000, -3.290811972840868436E-16, 1.000000000000000000 ) ) ;
#1091 = PRESENTATION_STYLE_ASSIGNMENT (( #4928 ) ) ;
#1092 = CIRCLE ( 'NONE', #7896, 0.05000000000000000278 ) ;
#1093 = DIRECTION ( 'NONE',  ( 1.720409151025122665E-16, -6.925359060216257350E-17, -1.000000000000000000 ) ) ;
#1094 = SURFACE_STYLE_FILL_AREA ( #5729 ) ;
#1095 = EDGE_LOOP ( 'NONE', ( #5238, #8918, #6321, #2366 ) ) ;
#1096 = FACE_OUTER_BOUND ( 'NONE', #4713, .T. ) ;
#1097 = FACE_OUTER_BOUND ( 'NONE', #1029, .T. ) ;
#1098 = VECTOR ( 'NONE', #8175, 100.0000000000000000 ) ;
#1099 = MECHANICAL_DESIGN_GEOMETRIC_PRESENTATION_REPRESENTATION (  '', ( #4924 ), #7445 ) ;
#1100 = EDGE_CURVE ( 'NONE', #5429, #2136, #4532, .T. ) ;
#1101 = DIRECTION ( 'NONE',  ( -0.000000000000000000, -0.000000000000000000, 1.000000000000000000 ) ) ;
#1102 =( NAMED_UNIT ( * ) SI_UNIT ( $, .STERADIAN. ) SOLID_ANGLE_UNIT ( ) );
#1103 =( NAMED_UNIT ( * ) SI_UNIT ( $, .STERADIAN. ) SOLID_ANGLE_UNIT ( ) );
#1104 = CARTESIAN_POINT ( 'NONE',  ( 0.000000000000000000, -0.2374999999915416993, -0.03000000000383806764 ) ) ;
#1105 =( GEOMETRIC_REPRESENTATION_CONTEXT ( 3 ) GLOBAL_UNCERTAINTY_ASSIGNED_CONTEXT ( ( #6493 ) ) GLOBAL_UNIT_ASSIGNED_CONTEXT ( ( #8313, #6849, #8414 ) ) REPRESENTATION_CONTEXT ( 'NONE', 'WORKASPACE' ) );
#1106 = VERTEX_POINT ( 'NONE', #5443 ) ;
#1107 = DIRECTION ( 'NONE',  ( -4.864909963427316455E-17, 1.000000000000000000, 2.737953000754034909E-18 ) ) ;
#1108 = DIRECTION ( 'NONE',  ( 0.000000000000000000, 0.000000000000000000, -1.000000000000000000 ) ) ;
#1109 = CARTESIAN_POINT ( 'NONE',  ( -0.1254999999999999727, 0.3575000000000004285, 0.06999999999999979849 ) ) ;
#1110 = EDGE_LOOP ( 'NONE', ( #2994, #6061, #9527, #6144, #7039, #1757, #4433, #7229 ) ) ;
#1111 = EDGE_CURVE ( 'NONE', #7967, #4343, #351, .T. ) ;
#1112 = VERTEX_POINT ( 'NONE', #6822 ) ;
#1113 = CIRCLE ( 'NONE', #6688, 0.005000000246747557386 ) ;
#1114 = CARTESIAN_POINT ( 'NONE',  ( 0.2369944744889108112, 0.3399381940299394111, 0.1730000010243324116 ) ) ;
#1115 = CARTESIAN_POINT ( 'NONE',  ( -1.192622389734054877E-16, 0.07141778489984138001, 0.4899999999999998801 ) ) ;
#1116 = EDGE_CURVE ( 'NONE', #9140, #4304, #5446, .T. ) ;
#1117 = FACE_OUTER_BOUND ( 'NONE', #2233, .T. ) ;
#1118 = VECTOR ( 'NONE', #9086, 100.0000000000000142 ) ;
#1119 =( LENGTH_UNIT ( ) NAMED_UNIT ( * ) SI_UNIT ( .CENTI., .METRE. ) );
#1120 = ORIENTED_EDGE ( 'NONE', *, *, #7142, .F. ) ;
#1121 = CIRCLE ( 'NONE', #4943, 0.02000000000000001082 ) ;
#1122 = CARTESIAN_POINT ( 'NONE',  ( 0.07999999999999998779, -0.3575000000000007061, -2.487538802691211212E-16 ) ) ;
#1123 = VERTEX_POINT ( 'NONE', #3108 ) ;
#1124 = SURFACE_SIDE_STYLE ('',( #4914 ) ) ;
#1125 = COLOUR_RGB ( '',0.6470588235294117974, 0.6196078431372549211, 0.5882352941176470784 ) ;
#1126 = ORIENTED_EDGE ( 'NONE', *, *, #1297, .T. ) ;
#1127 = ADVANCED_FACE ( 'NONE', ( #8239 ), #1449, .F. ) ;
#1128 = CARTESIAN_POINT ( 'NONE',  ( 2.168404344971008868E-17, 3.252606517456513302E-17, 0.04900000000000009903 ) ) ;
#1129 = CARTESIAN_POINT ( 'NONE',  ( -0.1255000000000000004, 0.3500000000000000333, 0.1630000000000000060 ) ) ;
#1130 = FACE_OUTER_BOUND ( 'NONE', #7729, .T. ) ;
#1131 = EDGE_CURVE ( 'NONE', #3877, #9578, #5677, .T. ) ;
#1132 = DIRECTION ( 'NONE',  ( 0.000000000000000000, 2.891205793294678228E-15, 1.000000000000000000 ) ) ;
#1133 = DIRECTION ( 'NONE',  ( -0.7071067811865401342, 0.7071067811865549002, -0.000000000000000000 ) ) ;
#1134 = ORIENTED_EDGE ( 'NONE', *, *, #3313, .T. ) ;
#1135 = CARTESIAN_POINT ( 'NONE',  ( -0.3500000000000000333, 0.03499999999999995476, 0.1729999999999999871 ) ) ;
#1136 = AXIS2_PLACEMENT_3D ( 'NONE', #1423, #5857, #8177 ) ;
#1137 = CYLINDRICAL_SURFACE ( 'NONE', #3286, 0.01000000000000000194 ) ;
#1138 = FACE_OUTER_BOUND ( 'NONE', #8291, .T. ) ;
#1139 =( GEOMETRIC_REPRESENTATION_CONTEXT ( 3 ) GLOBAL_UNCERTAINTY_ASSIGNED_CONTEXT ( ( #1693 ) ) GLOBAL_UNIT_ASSIGNED_CONTEXT ( ( #7927, #2552, #1741 ) ) REPRESENTATION_CONTEXT ( 'NONE', 'WORKASPACE' ) );
#1140 = EDGE_CURVE ( 'NONE', #2457, #1106, #2902, .T. ) ;
#1141 = SURFACE_SIDE_STYLE ('',( #9321 ) ) ;
#1142 = EDGE_LOOP ( 'NONE', ( #7376, #6652, #4585, #8212 ) ) ;
#1143 = PRESENTATION_LAYER_ASSIGNMENT (  '', '', ( #9371 ) ) ;
#1144 = LINE ( 'NONE', #5680, #5983 ) ;
#1145 = PLANE ( 'NONE',  #6576 ) ;
#1146 = ORIENTED_EDGE ( 'NONE', *, *, #1361, .T. ) ;
#1147 = CARTESIAN_POINT ( 'NONE',  ( 0.3642901512833205957, 0.03499999999999999639, 0.09028470468954044592 ) ) ;
#1148 = SURFACE_STYLE_USAGE ( .BOTH. , #9279 ) ;
#1149 = ADVANCED_FACE ( 'NONE', ( #4790 ), #4134, .F. ) ;
#1150 = VECTOR ( 'NONE', #6217, 100.0000000000000000 ) ;
#1151 = CARTESIAN_POINT ( 'NONE',  ( -0.3500000000000000333, 0.2356854249492383591, 0.1729999999999999871 ) ) ;
#1152 = SURFACE_STYLE_USAGE ( .BOTH. , #8784 ) ;
#1153 = DIRECTION ( 'NONE',  ( 0.1736481760924833140, 2.829986780059754881E-16, 0.9848077532898256159 ) ) ;
#1154 = EDGE_CURVE ( 'NONE', #1550, #7077, #7788, .T. ) ;
#1155 = ORIENTED_EDGE ( 'NONE', *, *, #8105, .F. ) ;
#1156 = CYLINDRICAL_SURFACE ( 'NONE', #2358, 0.04999999999999998890 ) ;
#1157 = LINE ( 'NONE', #1759, #3450 ) ;
#1158 = CARTESIAN_POINT ( 'NONE',  ( 0.3514696961967002653, -0.2425000000000000488, 0.1879999999999999727 ) ) ;
#1159 = VERTEX_POINT ( 'NONE', #1696 ) ;
#1160 = ORIENTED_EDGE ( 'NONE', *, *, #1493, .F. ) ;
#1161 = DIRECTION ( 'NONE',  ( 0.1736481776669273336, -0.000000000000000000, 0.9848077530122085754 ) ) ;
#1162 =( LENGTH_UNIT ( ) NAMED_UNIT ( * ) SI_UNIT ( .CENTI., .METRE. ) );
#1163 = DIRECTION ( 'NONE',  ( 0.000000000000000000, 1.000000000000000000, 0.000000000000000000 ) ) ;
#1164 = DIRECTION ( 'NONE',  ( 1.000000000000000000, 0.000000000000000000, 0.000000000000000000 ) ) ;
#1165 = LINE ( 'NONE', #9487, #4894 ) ;
#1166 = EDGE_CURVE ( 'NONE', #681, #679, #5910, .T. ) ;
#1167 = ORIENTED_EDGE ( 'NONE', *, *, #2504, .T. ) ;
#1168 = AXIS2_PLACEMENT_3D ( 'NONE', #5117, #2633, #4172 ) ;
#1169 = DIRECTION ( 'NONE',  ( 0.000000000000000000, 0.000000000000000000, 1.000000000000000000 ) ) ;
#1170 = EDGE_LOOP ( 'NONE', ( #9343, #8948, #337, #1227 ) ) ;
#1171 = CIRCLE ( 'NONE', #3258, 0.009999999999999982861 ) ;
#1172 = VERTEX_POINT ( 'NONE', #5492 ) ;
#1173 = ORIENTED_EDGE ( 'NONE', *, *, #2421, .F. ) ;
#1174 = DIRECTION ( 'NONE',  ( -1.000000000000000000, 0.000000000000000000, 0.000000000000000000 ) ) ;
#1175 = CARTESIAN_POINT ( 'NONE',  ( -1.393507733145085189E-16, 0.07071067811865476560, 0.3150000000000001132 ) ) ;
#1176 = AXIS2_PLACEMENT_3D ( 'NONE', #3561, #4403, #7410 ) ;
#1177 =( NAMED_UNIT ( * ) SI_UNIT ( $, .STERADIAN. ) SOLID_ANGLE_UNIT ( ) );
#1178 = MECHANICAL_DESIGN_GEOMETRIC_PRESENTATION_REPRESENTATION (  '', ( #4040 ), #6750 ) ;
#1179 = LINE ( 'NONE', #5711, #9697 ) ;
#1180 = DIRECTION ( 'NONE',  ( -0.000000000000000000, -1.000000000000000000, -0.000000000000000000 ) ) ;
#1181 =( NAMED_UNIT ( * ) PLANE_ANGLE_UNIT ( ) SI_UNIT ( $, .RADIAN. ) );
#1182 = EDGE_CURVE ( 'NONE', #8359, #1199, #352, .T. ) ;
#1183 = ORIENTED_EDGE ( 'NONE', *, *, #3120, .T. ) ;
#1184 = DIRECTION ( 'NONE',  ( 1.000000000000000000, 0.000000000000000000, -0.000000000000000000 ) ) ;
#1185 = FILL_AREA_STYLE ('',( #6621 ) ) ;
#1186 = VECTOR ( 'NONE', #3196, 100.0000000000000000 ) ;
#1187 = CARTESIAN_POINT ( 'NONE',  ( -0.1831611487506743796, 2.243077145456656702E-17, 0.2130000000079235178 ) ) ;
#1188 = FACE_OUTER_BOUND ( 'NONE', #4191, .T. ) ;
#1189 = EDGE_CURVE ( 'NONE', #6658, #975, #9271, .T. ) ;
#1190 = STYLED_ITEM ( 'NONE', ( #164 ), #9308 ) ;
#1191 =( NAMED_UNIT ( * ) PLANE_ANGLE_UNIT ( ) SI_UNIT ( $, .RADIAN. ) );
#1192 = PLANE ( 'NONE',  #3695 ) ;
#1193 = ORIENTED_EDGE ( 'NONE', *, *, #2292, .F. ) ;
#1194 =( NAMED_UNIT ( * ) SI_UNIT ( $, .STERADIAN. ) SOLID_ANGLE_UNIT ( ) );
#1195 = AXIS2_PLACEMENT_3D ( 'NONE', #8337, #6028, #6117 ) ;
#1196 = AXIS2_PLACEMENT_3D ( 'NONE', #7879, #3396, #7925 ) ;
#1197 = DIRECTION ( 'NONE',  ( 1.000000000000000000, 0.000000000000000000, -0.000000000000000000 ) ) ;
#1198 = ADVANCED_FACE ( 'NONE', ( #4742 ), #6273, .T. ) ;
#1199 = VERTEX_POINT ( 'NONE', #7342 ) ;
#1200 =( GEOMETRIC_REPRESENTATION_CONTEXT ( 3 ) GLOBAL_UNCERTAINTY_ASSIGNED_CONTEXT ( ( #5361 ) ) GLOBAL_UNIT_ASSIGNED_CONTEXT ( ( #6236, #6080, #9083 ) ) REPRESENTATION_CONTEXT ( 'NONE', 'WORKASPACE' ) );
#1201 = CARTESIAN_POINT ( 'NONE',  ( 0.3441421356237308604, 0.2498275605729692872, 0.1729999999999999871 ) ) ;
#1202 = CARTESIAN_POINT ( 'NONE',  ( 0.1310000000000000331, 0.3574999999999999289, 0.1019349540849361496 ) ) ;
#1203 = DIRECTION ( 'NONE',  ( -0.1736481776669273336, 0.000000000000000000, 0.9848077530122085754 ) ) ;
#1204 = CIRCLE ( 'NONE', #6925, 0.08499999999999997835 ) ;
#1205 = AXIS2_PLACEMENT_3D ( 'NONE', #4004, #8775, #7935 ) ;
#1206 = PLANE ( 'NONE',  #9100 ) ;
#1207 = VECTOR ( 'NONE', #6733, 100.0000000000000142 ) ;
#1208 = CARTESIAN_POINT ( 'NONE',  ( 0.07141778489984131062, 1.301042606982605321E-16, 0.4900000000000001577 ) ) ;
#1209 = FACE_OUTER_BOUND ( 'NONE', #5499, .T. ) ;
#1210 = ORIENTED_EDGE ( 'NONE', *, *, #150, .T. ) ;
#1211 =( GEOMETRIC_REPRESENTATION_CONTEXT ( 3 ) GLOBAL_UNCERTAINTY_ASSIGNED_CONTEXT ( ( #2199 ) ) GLOBAL_UNIT_ASSIGNED_CONTEXT ( ( #1304, #8880, #2110 ) ) REPRESENTATION_CONTEXT ( 'NONE', 'WORKASPACE' ) );
#1212 = SURFACE_SIDE_STYLE ('',( #1405 ) ) ;
#1213 = LINE ( 'NONE', #6642, #1373 ) ;
#1214 = UNCERTAINTY_MEASURE_WITH_UNIT (LENGTH_MEASURE( 1.000000000000000082E-05 ), #1054, 'distance_accuracy_value', 'NONE');
#1215 = ORIENTED_EDGE ( 'NONE', *, *, #6292, .T. ) ;
#1216 = ORIENTED_EDGE ( 'NONE', *, *, #7798, .T. ) ;
#1217 = CARTESIAN_POINT ( 'NONE',  ( 0.2379596413380468678, 0.3397541973612298039, 0.1729999948783370323 ) ) ;
#1218 = FACE_OUTER_BOUND ( 'NONE', #9757, .T. ) ;
#1219 = CIRCLE ( 'NONE', #7716, 0.01000000000000003143 ) ;
#1220 = DIRECTION ( 'NONE',  ( 0.7071067811865511255, -0.7071067811865440200, 0.000000000000000000 ) ) ;
#1221 = SURFACE_SIDE_STYLE ('',( #2820 ) ) ;
#1222 = EDGE_LOOP ( 'NONE', ( #8732, #8497, #753, #5372 ) ) ;
#1223 = FILL_AREA_STYLE ('',( #8844 ) ) ;
#1224 = ORIENTED_EDGE ( 'NONE', *, *, #2917, .F. ) ;
#1225 = AXIS2_PLACEMENT_3D ( 'NONE', #3030, #1419, #680 ) ;
#1226 = ORIENTED_EDGE ( 'NONE', *, *, #1955, .F. ) ;
#1227 = ORIENTED_EDGE ( 'NONE', *, *, #6835, .F. ) ;
#1228 = ORIENTED_EDGE ( 'NONE', *, *, #8932, .T. ) ;
#1229 = DIRECTION ( 'NONE',  ( -0.7071067811865494601, -0.7071067811865456854, 0.000000000000000000 ) ) ;
#1230 = ADVANCED_FACE ( 'NONE', ( #1188 ), #6572, .F. ) ;
#1231 = CARTESIAN_POINT ( 'NONE',  ( -0.3500000000000000333, 0.000000000000000000, 0.003999999877501211193 ) ) ;
#1232 = LINE ( 'NONE', #5960, #6199 ) ;
#1233 = PRESENTATION_LAYER_ASSIGNMENT (  '', '', ( #446 ) ) ;
#1234 = LINE ( 'NONE', #3393, #2283 ) ;
#1235 = ORIENTED_EDGE ( 'NONE', *, *, #1860, .F. ) ;
#1236 = LINE ( 'NONE', #4225, #8953 ) ;
#1237 = CARTESIAN_POINT ( 'NONE',  ( -0.2500000000000000555, 0.2449999999999999956, 0.004000000000000000083 ) ) ;
#1238 = PRESENTATION_LAYER_ASSIGNMENT (  '', '', ( #2673 ) ) ;
#1239 = B_SPLINE_CURVE_WITH_KNOTS ( 'NONE', 3,
 ( #1739, #8431, #6323, #945, #7880, #900, #4787, #9504, #9604, #7244, #2737, #8721 ),
 .UNSPECIFIED., .F., .F.,
 ( 4, 2, 2, 2, 2, 4 ),
 ( 0.000000000000000000, 0.2500000000000150435, 0.3750000000000272560, 0.5000000000000394129, 0.7500000000000196509, 1.000000000000000000 ),
 .UNSPECIFIED. ) ;
#1240 = DIRECTION ( 'NONE',  ( 0.000000000000000000, 3.290811972840868436E-16, -1.000000000000000000 ) ) ;
#1241 = DIRECTION ( 'NONE',  ( 1.720409151025122665E-16, -6.925359060216257350E-17, -1.000000000000000000 ) ) ;
#1242 = EDGE_CURVE ( 'NONE', #9384, #7612, #3638, .T. ) ;
#1243 = DIRECTION ( 'NONE',  ( -0.000000000000000000, -0.000000000000000000, -1.000000000000000000 ) ) ;
#1244 = ORIENTED_EDGE ( 'NONE', *, *, #6850, .F. ) ;
#1245 = UNCERTAINTY_MEASURE_WITH_UNIT (LENGTH_MEASURE( 1.000000000000000082E-05 ), #4802, 'distance_accuracy_value', 'NONE');
#1246 = LINE ( 'NONE', #4285, #6367 ) ;
#1247 = COLOUR_RGB ( '',0.6470588235294117974, 0.6196078431372549211, 0.5882352941176470784 ) ;
#1248 = EDGE_CURVE ( 'NONE', #5162, #9096, #2730, .T. ) ;
#1249 = CARTESIAN_POINT ( 'NONE',  ( 0.2793071785686857544, -0.3524999999999999800, 0.1879999999999999727 ) ) ;
#1250 = DIRECTION ( 'NONE',  ( 0.000000000000000000, -1.000000000000000000, 6.505212713883956980E-14 ) ) ;
#1251 = MECHANICAL_DESIGN_GEOMETRIC_PRESENTATION_REPRESENTATION (  '', ( #7423 ), #2685 ) ;
#1252 = EDGE_CURVE ( 'NONE', #7816, #5743, #4230, .T. ) ;
#1253 = CARTESIAN_POINT ( 'NONE',  ( -0.1310000000000000331, -0.3524999999999999800, 0.1730000001233737705 ) ) ;
#1254 = CARTESIAN_POINT ( 'NONE',  ( 0.3500000000000000333, 0.000000000000000000, 0.004000000000000010492 ) ) ;
#1255 = EDGE_LOOP ( 'NONE', ( #9111, #800, #7619, #6508 ) ) ;
#1256 =( NAMED_UNIT ( * ) PLANE_ANGLE_UNIT ( ) SI_UNIT ( $, .RADIAN. ) );
#1257 = AXIS2_PLACEMENT_3D ( 'NONE', #5810, #7971, #1174 ) ;
#1258 = CARTESIAN_POINT ( 'NONE',  ( -0.1816956969207694783, 0.000000000000000000, 0.1900201181342708878 ) ) ;
#1259 = ORIENTED_EDGE ( 'NONE', *, *, #6126, .F. ) ;
#1260 = EDGE_CURVE ( 'NONE', #6708, #8072, #6473, .T. ) ;
#1261 = VERTEX_POINT ( 'NONE', #5030 ) ;
#1262 = CARTESIAN_POINT ( 'NONE',  ( 0.2356854249492379982, 0.3300000000000000155, 0.1729999999999999871 ) ) ;
#1263 = DIRECTION ( 'NONE',  ( -1.000000000000000000, -0.000000000000000000, -0.000000000000000000 ) ) ;
#1264 = SURFACE_SIDE_STYLE ('',( #8705 ) ) ;
#1265 = VERTEX_POINT ( 'NONE', #4374 ) ;
#1266 = VECTOR ( 'NONE', #1019, 100.0000000000000000 ) ;
#1267 = ORIENTED_EDGE ( 'NONE', *, *, #6119, .T. ) ;
#1268 = CARTESIAN_POINT ( 'NONE',  ( -0.1310000000000000608, -0.3725000000000004419, 0.06999999999999979849 ) ) ;
#1269 = ORIENTED_EDGE ( 'NONE', *, *, #9241, .T. ) ;
#1270 =( NAMED_UNIT ( * ) SI_UNIT ( $, .STERADIAN. ) SOLID_ANGLE_UNIT ( ) );
#1271 = VERTEX_POINT ( 'NONE', #4976 ) ;
#1272 = VERTEX_POINT ( 'NONE', #4327 ) ;
#1273 = DIRECTION ( 'NONE',  ( -2.208151064125263996E-16, -0.000000000000000000, 1.000000000000000000 ) ) ;
#1274 = FILL_AREA_STYLE_COLOUR ( '', #4021 ) ;
#1275 = FILL_AREA_STYLE_COLOUR ( '', #6363 ) ;
#1276 = VECTOR ( 'NONE', #4929, 100.0000000000000000 ) ;
#1277 = FILL_AREA_STYLE_COLOUR ( '', #3947 ) ;
#1278 = EDGE_LOOP ( 'NONE', ( #2942, #6834, #5302, #4493, #3145, #1337 ) ) ;
#1279 = FACE_OUTER_BOUND ( 'NONE', #3325, .T. ) ;
#1280 =( LENGTH_UNIT ( ) NAMED_UNIT ( * ) SI_UNIT ( .CENTI., .METRE. ) );
#1281 = EDGE_CURVE ( 'NONE', #8999, #8531, #9457, .T. ) ;
#1282 = DIRECTION ( 'NONE',  ( -0.000000000000000000, -0.000000000000000000, 1.000000000000000000 ) ) ;
#1283 = VECTOR ( 'NONE', #9034, 100.0000000000000000 ) ;
#1284 = CARTESIAN_POINT ( 'NONE',  ( 0.06999999999999999278, 0.1899999999999999745, 0.007000000000000001013 ) ) ;
#1285 = DIRECTION ( 'NONE',  ( 0.000000000000000000, -1.000000000000000000, -3.491483361109382066E-15 ) ) ;
#1286 = ORIENTED_EDGE ( 'NONE', *, *, #127, .T. ) ;
#1287 = CARTESIAN_POINT ( 'NONE',  ( 0.1816956969207695338, 2.225130536528679715E-17, 0.1900201181342708878 ) ) ;
#1288 = STYLED_ITEM ( 'NONE', ( #870 ), #17 ) ;
#1289 = AXIS2_PLACEMENT_3D ( 'NONE', #1336, #3696, #9661 ) ;
#1290 = CARTESIAN_POINT ( 'NONE',  ( -0.3514696961967002098, 0.2425000000000000488, 0.1879999999999999727 ) ) ;
#1291 = PRESENTATION_LAYER_ASSIGNMENT (  '', '', ( #9677 ) ) ;
#1292 = DIRECTION ( 'NONE',  ( 0.000000000000000000, -0.000000000000000000, -1.000000000000000000 ) ) ;
#1293 = ADVANCED_FACE ( 'NONE', ( #8133 ), #5600, .T. ) ;
#1294 = DIRECTION ( 'NONE',  ( 1.000000000000000000, 7.311082709387417497E-18, -0.000000000000000000 ) ) ;
#1295 = DIRECTION ( 'NONE',  ( 0.000000000000000000, -1.000000000000000000, 0.000000000000000000 ) ) ;
#1296 = VECTOR ( 'NONE', #8713, 100.0000000000000000 ) ;
#1297 = EDGE_CURVE ( 'NONE', #8479, #9109, #8821, .T. ) ;
#1298 = DIRECTION ( 'NONE',  ( 0.000000000000000000, 0.000000000000000000, -1.000000000000000000 ) ) ;
#1299 = LINE ( 'NONE', #4340, #7507 ) ;
#1300 = DIRECTION ( 'NONE',  ( -1.000000000000000000, -7.311082709387417497E-18, 0.000000000000000000 ) ) ;
#1301 = CIRCLE ( 'NONE', #357, 0.02000000000000001082 ) ;
#1302 = ORIENTED_EDGE ( 'NONE', *, *, #8534, .T. ) ;
#1303 = EDGE_CURVE ( 'NONE', #9535, #4361, #7246, .T. ) ;
#1304 =( LENGTH_UNIT ( ) NAMED_UNIT ( * ) SI_UNIT ( .CENTI., .METRE. ) );
#1305 = AXIS2_PLACEMENT_3D ( 'NONE', #9420, #9373, #6380 ) ;
#1306 = ORIENTED_EDGE ( 'NONE', *, *, #1408, .T. ) ;
#1307 = EDGE_CURVE ( 'NONE', #3757, #2293, #8083, .T. ) ;
#1308 = VERTEX_POINT ( 'NONE', #8035 ) ;
#1309 = PRESENTATION_STYLE_ASSIGNMENT (( #4452 ) ) ;
#1310 = CARTESIAN_POINT ( 'NONE',  ( 5.524359591552243845E-17, -2.565691817581183208E-17, 0.04900000000000008515 ) ) ;
#1311 = LINE ( 'NONE', #3518, #9030 ) ;
#1312 = CARTESIAN_POINT ( 'NONE',  ( -0.1254999999999999727, 0.3725000000000002198, 0.1019349540849361496 ) ) ;
#1313 = VECTOR ( 'NONE', #6866, 100.0000000000000142 ) ;
#1314 = ORIENTED_EDGE ( 'NONE', *, *, #4781, .T. ) ;
#1315 = EDGE_CURVE ( 'NONE', #496, #8843, #7314, .T. ) ;
#1316 = VERTEX_POINT ( 'NONE', #8723 ) ;
#1317 = DIRECTION ( 'NONE',  ( -0.000000000000000000, 1.000000000000000000, -0.000000000000000000 ) ) ;
#1318 = ORIENTED_EDGE ( 'NONE', *, *, #7667, .F. ) ;
#1319 = DIRECTION ( 'NONE',  ( -0.7071067811865463515, -0.7071067811865486830, 0.000000000000000000 ) ) ;
#1320 = ORIENTED_EDGE ( 'NONE', *, *, #7343, .F. ) ;
#1321 = ORIENTED_EDGE ( 'NONE', *, *, #7887, .F. ) ;
#1322 = DIRECTION ( 'NONE',  ( 0.7071067811865474617, 0.7071067811865474617, 0.000000000000000000 ) ) ;
#1323 = LINE ( 'NONE', #9597, #8881 ) ;
#1324 = FILL_AREA_STYLE ('',( #8125 ) ) ;
#1325 = EDGE_CURVE ( 'NONE', #5705, #5608, #452, .T. ) ;
#1326 = ORIENTED_EDGE ( 'NONE', *, *, #6634, .F. ) ;
#1327 = VECTOR ( 'NONE', #2404, 100.0000000000000000 ) ;
#1328 = LINE ( 'NONE', #8226, #3596 ) ;
#1329 = CARTESIAN_POINT ( 'NONE',  ( 0.3370710678118653547, 0.2427564927611038093, 0.1630000000000000060 ) ) ;
#1330 = CARTESIAN_POINT ( 'NONE',  ( 0.2356854249492379705, 0.3300000000000002931, 0.1630000000000000060 ) ) ;
#1331 = ORIENTED_EDGE ( 'NONE', *, *, #7260, .T. ) ;
#1332 = EDGE_CURVE ( 'NONE', #2156, #7816, #5175, .T. ) ;
#1333 = VECTOR ( 'NONE', #3629, 100.0000000000000000 ) ;
#1334 = PRESENTATION_LAYER_ASSIGNMENT (  '', '', ( #6428 ) ) ;
#1335 = CARTESIAN_POINT ( 'NONE',  ( -0.1255000000000000282, 0.3500000000000000333, 0.08600000000000000699 ) ) ;
#1336 = CARTESIAN_POINT ( 'NONE',  ( 0.3514696961967002653, -0.2425000000000000488, 0.1879999999999999727 ) ) ;
#1337 = ORIENTED_EDGE ( 'NONE', *, *, #1564, .F. ) ;
#1338 = DIRECTION ( 'NONE',  ( 4.864909963427316455E-17, -1.000000000000000000, -2.737953000754034909E-18 ) ) ;
#1339 = CARTESIAN_POINT ( 'NONE',  ( 0.2149999999999999967, 0.3725000001233738089, 0.1680000000000000104 ) ) ;
#1340 = CARTESIAN_POINT ( 'NONE',  ( 0.2350000000000000144, -0.2449999999999999956, 0.000000000000000000 ) ) ;
#1341 = AXIS2_PLACEMENT_3D ( 'NONE', #4547, #5295, #6696 ) ;
#1342 = DIRECTION ( 'NONE',  ( 0.000000000000000000, -0.000000000000000000, -1.000000000000000000 ) ) ;
#1343 = PLANE ( 'NONE',  #7867 ) ;
#1344 = FILL_AREA_STYLE ('',( #6580 ) ) ;
#1345 = ADVANCED_FACE ( 'NONE', ( #8187 ), #5865, .T. ) ;
#1346 = STYLED_ITEM ( 'NONE', ( #4628 ), #3989 ) ;
#1347 = DIRECTION ( 'NONE',  ( 0.000000000000000000, 0.000000000000000000, -1.000000000000000000 ) ) ;
#1348 = AXIS2_PLACEMENT_3D ( 'NONE', #117, #4037, #1646 ) ;
#1349 = CARTESIAN_POINT ( 'NONE',  ( 0.2605587312717443371, 0.3524999999999999800, 0.1680000000000000382 ) ) ;
#1350 = EDGE_CURVE ( 'NONE', #3513, #2686, #7294, .T. ) ;
#1351 = VECTOR ( 'NONE', #1358, 100.0000000000000000 ) ;
#1352 = ORIENTED_EDGE ( 'NONE', *, *, #7161, .T. ) ;
#1353 = DIRECTION ( 'NONE',  ( -0.000000000000000000, -0.000000000000000000, -1.000000000000000000 ) ) ;
#1354 = STYLED_ITEM ( 'NONE', ( #1384 ), #7615 ) ;
#1355 = VECTOR ( 'NONE', #4483, 100.0000000000000000 ) ;
#1356 = ORIENTED_EDGE ( 'NONE', *, *, #6634, .T. ) ;
#1357 = ORIENTED_EDGE ( 'NONE', *, *, #2628, .T. ) ;
#1358 = DIRECTION ( 'NONE',  ( 0.000000000000000000, 3.491483361109383250E-15, -1.000000000000000000 ) ) ;
#1359 = PLANE ( 'NONE',  #5948 ) ;
#1360 = CARTESIAN_POINT ( 'NONE',  ( 0.1254999999999999727, -0.3400000000000000244, 0.1630000000000000060 ) ) ;
#1361 = EDGE_CURVE ( 'NONE', #1570, #230, #2088, .T. ) ;
#1362 = CIRCLE ( 'NONE', #6620, 0.01100000024499758582 ) ;
#1363 = VECTOR ( 'NONE', #6239, 100.0000000000000000 ) ;
#1364 = EDGE_LOOP ( 'NONE', ( #1636, #8547, #7346, #4210 ) ) ;
#1365 = EDGE_CURVE ( 'NONE', #7763, #3558, #2189, .T. ) ;
#1366 = CARTESIAN_POINT ( 'NONE',  ( -0.2149999999999999134, -0.3575000000000004285, 0.07000000000000004829 ) ) ;
#1367 = EDGE_LOOP ( 'NONE', ( #6342, #7331, #9264, #6668, #8518, #5300, #6156, #4621 ) ) ;
#1368 = CARTESIAN_POINT ( 'NONE',  ( -0.2367200545436607684, 0.3400001732204434579, 0.1730000051928050064 ) ) ;
#1369 = ORIENTED_EDGE ( 'NONE', *, *, #9104, .F. ) ;
#1370 = SURFACE_STYLE_FILL_AREA ( #8171 ) ;
#1371 = CARTESIAN_POINT ( 'NONE',  ( 0.3642901512833205957, 0.2250000000000000611, 0.09028470468954055694 ) ) ;
#1372 = ORIENTED_EDGE ( 'NONE', *, *, #3378, .T. ) ;
#1373 = VECTOR ( 'NONE', #9729, 100.0000000000000000 ) ;
#1374 = ORIENTED_EDGE ( 'NONE', *, *, #3875, .F. ) ;
#1375 = DIRECTION ( 'NONE',  ( 0.1736481745180379344, 0.000000000000000000, 0.9848077535674427674 ) ) ;
#1376 = FILL_AREA_STYLE ('',( #3627 ) ) ;
#1377 = EDGE_CURVE ( 'NONE', #3619, #8997, #8183, .T. ) ;
#1378 = CARTESIAN_POINT ( 'NONE',  ( -0.2149999999999999967, 0.3724999999999999978, 0.1879999999999999727 ) ) ;
#1379 = ADVANCED_FACE ( 'NONE', ( #1096 ), #8495, .T. ) ;
#1380 = ORIENTED_EDGE ( 'NONE', *, *, #9425, .T. ) ;
#1381 = VECTOR ( 'NONE', #5088, 100.0000000000000000 ) ;
#1382 = CARTESIAN_POINT ( 'NONE',  ( -0.3725000000000001088, 0.2425000000000000488, 0.1430000000000000437 ) ) ;
#1383 = ORIENTED_EDGE ( 'NONE', *, *, #4042, .F. ) ;
#1384 = PRESENTATION_STYLE_ASSIGNMENT (( #2995 ) ) ;
#1385 = VERTEX_POINT ( 'NONE', #1748 ) ;
#1386 =( NAMED_UNIT ( * ) PLANE_ANGLE_UNIT ( ) SI_UNIT ( $, .RADIAN. ) );
#1387 = UNCERTAINTY_MEASURE_WITH_UNIT (LENGTH_MEASURE( 1.000000000000000082E-05 ), #8911, 'distance_accuracy_value', 'NONE');
#1388 = DIRECTION ( 'NONE',  ( -0.000000000000000000, 0.8574929257125440962, -0.5144957554275266798 ) ) ;
#1389 = VERTEX_POINT ( 'NONE', #1702 ) ;
#1390 = CARTESIAN_POINT ( 'NONE',  ( 0.000000000000000000, 0.3725000000000006084, -2.168404344971008868E-16 ) ) ;
#1391 = AXIS2_PLACEMENT_3D ( 'NONE', #728, #6801, #9786 ) ;
#1392 = LINE ( 'NONE', #5868, #2097 ) ;
#1393 = EDGE_LOOP ( 'NONE', ( #156, #7251, #930, #7220, #1012, #7844, #4656, #3043 ) ) ;
#1394 = PRESENTATION_STYLE_ASSIGNMENT (( #4381 ) ) ;
#1395 = CARTESIAN_POINT ( 'NONE',  ( -0.3525000000000000355, 0.000000000000000000, 0.1680000000000000382 ) ) ;
#1396 = CARTESIAN_POINT ( 'NONE',  ( 0.3500000000000000333, -0.1775000000000000189, 0.01399999981625184818 ) ) ;
#1397 = VECTOR ( 'NONE', #2484, 100.0000000000000000 ) ;
#1398 = UNCERTAINTY_MEASURE_WITH_UNIT (LENGTH_MEASURE( 1.000000000000000082E-05 ), #5778, 'distance_accuracy_value', 'NONE');
#1399 = DIRECTION ( 'NONE',  ( 0.000000000000000000, 1.000000000000000000, 0.000000000000000000 ) ) ;
#1400 =( LENGTH_UNIT ( ) NAMED_UNIT ( * ) SI_UNIT ( .CENTI., .METRE. ) );
#1401 = VECTOR ( 'NONE', #5356, 100.0000000000000000 ) ;
#1402 = DIRECTION ( 'NONE',  ( -1.000000000000000000, -0.000000000000000000, 0.000000000000000000 ) ) ;
#1403 = LINE ( 'NONE', #9213, #1947 ) ;
#1404 = ORIENTED_EDGE ( 'NONE', *, *, #1458, .T. ) ;
#1405 = SURFACE_STYLE_FILL_AREA ( #5935 ) ;
#1406 = VECTOR ( 'NONE', #7001, 100.0000000000000000 ) ;
#1407 = DIRECTION ( 'NONE',  ( 0.000000000000000000, -1.000000000000000000, 4.678559327375966378E-16 ) ) ;
#1408 = EDGE_CURVE ( 'NONE', #2322, #1709, #7060, .T. ) ;
#1409 = ORIENTED_EDGE ( 'NONE', *, *, #2173, .T. ) ;
#1410 = SURFACE_SIDE_STYLE ('',( #2115 ) ) ;
#1411 = CARTESIAN_POINT ( 'NONE',  ( -0.2427564927611034207, -0.3370710678118654657, 0.1630000000000000060 ) ) ;
#1412 = DIRECTION ( 'NONE',  ( 1.720409151025122665E-16, -6.925359060216257350E-17, -1.000000000000000000 ) ) ;
#1413 =( GEOMETRIC_REPRESENTATION_CONTEXT ( 3 ) GLOBAL_UNCERTAINTY_ASSIGNED_CONTEXT ( ( #9400 ) ) GLOBAL_UNIT_ASSIGNED_CONTEXT ( ( #3626, #4417, #7475 ) ) REPRESENTATION_CONTEXT ( 'NONE', 'WORKASPACE' ) );
#1414 = ORIENTED_EDGE ( 'NONE', *, *, #2646, .F. ) ;
#1415 = LINE ( 'NONE', #5851, #9430 ) ;
#1416 = ORIENTED_EDGE ( 'NONE', *, *, #1651, .T. ) ;
#1417 = SURFACE_SIDE_STYLE ('',( #3722 ) ) ;
#1418 = EDGE_CURVE ( 'NONE', #8528, #9759, #4094, .T. ) ;
#1419 = DIRECTION ( 'NONE',  ( -0.000000000000000000, 3.491483361109382461E-15, 1.000000000000000000 ) ) ;
#1420 = ORIENTED_EDGE ( 'NONE', *, *, #1154, .F. ) ;
#1421 = ORIENTED_EDGE ( 'NONE', *, *, #48, .F. ) ;
#1422 =( GEOMETRIC_REPRESENTATION_CONTEXT ( 3 ) GLOBAL_UNCERTAINTY_ASSIGNED_CONTEXT ( ( #801 ) ) GLOBAL_UNIT_ASSIGNED_CONTEXT ( ( #1162, #5611, #7123 ) ) REPRESENTATION_CONTEXT ( 'NONE', 'WORKASPACE' ) );
#1423 = CARTESIAN_POINT ( 'NONE',  ( -1.393507733145085189E-16, 0.07071067811865476560, 0.3150000000000001132 ) ) ;
#1424 = LINE ( 'NONE', #3038, #2456 ) ;
#1425 = LINE ( 'NONE', #4468, #3507 ) ;
#1426 = VECTOR ( 'NONE', #4060, 100.0000000000000000 ) ;
#1427 = DIRECTION ( 'NONE',  ( 0.7071067811865485719, -0.7071067811865465735, 0.000000000000000000 ) ) ;
#1428 = VERTEX_POINT ( 'NONE', #3405 ) ;
#1429 = LINE ( 'NONE', #9653, #5503 ) ;
#1430 = VERTEX_POINT ( 'NONE', #6430 ) ;
#1431 = DIRECTION ( 'NONE',  ( 0.7071067811865535679, 0.7071067811865415775, 2.617495589168885770E-15 ) ) ;
#1432 = ADVANCED_FACE ( 'NONE', ( #6382, #4748 ), #9423, .T. ) ;
#1433 = VERTEX_POINT ( 'NONE', #7796 ) ;
#1434 = MECHANICAL_DESIGN_GEOMETRIC_PRESENTATION_REPRESENTATION (  '', ( #8861 ), #6686 ) ;
#1435 = EDGE_CURVE ( 'NONE', #679, #2848, #6964, .T. ) ;
#1436 =( NAMED_UNIT ( * ) PLANE_ANGLE_UNIT ( ) SI_UNIT ( $, .RADIAN. ) );
#1437 = CARTESIAN_POINT ( 'NONE',  ( 0.07999999999999998779, 0.3725000000000006084, 0.03999999999999982042 ) ) ;
#1438 = VERTEX_POINT ( 'NONE', #9377 ) ;
#1439 = VECTOR ( 'NONE', #9016, 100.0000000000000000 ) ;
#1440 = CARTESIAN_POINT ( 'NONE',  ( 0.2149999999999999134, 0.3575000000000004285, 0.06999999999999979849 ) ) ;
#1441 = CARTESIAN_POINT ( 'NONE',  ( 0.1254999999999999727, -0.3725000000000002753, 0.1019349540849361496 ) ) ;
#1442 = B_SPLINE_CURVE_WITH_KNOTS ( 'NONE', 3,
 ( #6656, #6604, #9689, #8946, #9639, #678, #3720, #725, #2927, #1368, #6555, #2874 ),
 .UNSPECIFIED., .F., .F.,
 ( 4, 2, 2, 2, 2, 4 ),
 ( 0.000000000000000000, 0.2500000000000069944, 0.3750000000000058287, 0.5000000000000046629, 0.7500000000000023315, 1.000000000000000000 ),
 .UNSPECIFIED. ) ;
#1443 = VECTOR ( 'NONE', #329, 100.0000000000000000 ) ;
#1444 = FACE_OUTER_BOUND ( 'NONE', #6404, .T. ) ;
#1445 = EDGE_CURVE ( 'NONE', #4645, #2206, #3744, .T. ) ;
#1446 = MECHANICAL_DESIGN_GEOMETRIC_PRESENTATION_REPRESENTATION (  '', ( #8725 ), #3209 ) ;
#1447 =( NAMED_UNIT ( * ) SI_UNIT ( $, .STERADIAN. ) SOLID_ANGLE_UNIT ( ) );
#1448 = VECTOR ( 'NONE', #6935, 100.0000000000000000 ) ;
#1449 = PLANE ( 'NONE',  #8423 ) ;
#1450 = APPLICATION_PROTOCOL_DEFINITION ( 'draft international standard', 'automotive_design', 1998, #8130 ) ;
#1451 = MECHANICAL_DESIGN_GEOMETRIC_PRESENTATION_REPRESENTATION (  '', ( #3368 ), #4635 ) ;
#1452 = DIRECTION ( 'NONE',  ( 0.000000000000000000, 0.000000000000000000, -1.000000000000000000 ) ) ;
#1453 = ORIENTED_EDGE ( 'NONE', *, *, #7744, .T. ) ;
#1454 = DIRECTION ( 'NONE',  ( -1.000000000000000000, 0.000000000000000000, 0.000000000000000000 ) ) ;
#1455 = ADVANCED_FACE ( 'NONE', ( #954 ), #3996, .T. ) ;
#1456 = CARTESIAN_POINT ( 'NONE',  ( 0.2427564927611034207, 0.3370710678118654657, 0.1729999999999999871 ) ) ;
#1457 = AXIS2_PLACEMENT_3D ( 'NONE', #7918, #7237, #1827 ) ;
#1458 = EDGE_CURVE ( 'NONE', #8777, #3940, #7839, .T. ) ;
#1459 = ORIENTED_EDGE ( 'NONE', *, *, #5790, .T. ) ;
#1460 = DIRECTION ( 'NONE',  ( 4.864909963427316455E-17, -1.000000000000000000, -2.737953000754034909E-18 ) ) ;
#1461 = DIRECTION ( 'NONE',  ( 0.8320502943378436100, -0.5547001962252291474, 0.000000000000000000 ) ) ;
#1462 = ORIENTED_EDGE ( 'NONE', *, *, #7425, .F. ) ;
#1463 = ORIENTED_EDGE ( 'NONE', *, *, #2539, .T. ) ;
#1464 = AXIS2_PLACEMENT_3D ( 'NONE', #9262, #2494, #9312 ) ;
#1465 = CARTESIAN_POINT ( 'NONE',  ( -0.3300000000000002931, -0.2356854249492384146, 0.1629999999999998117 ) ) ;
#1466 = CARTESIAN_POINT ( 'NONE',  ( 0.08500000000000000611, -0.2600000000000000644, 0.006999999999999999278 ) ) ;
#1467 = PLANE ( 'NONE',  #1391 ) ;
#1468 = VERTEX_POINT ( 'NONE', #5596 ) ;
#1469 = ORIENTED_EDGE ( 'NONE', *, *, #2166, .F. ) ;
#1470 = LINE ( 'NONE', #1525, #6675 ) ;
#1471 = LINE ( 'NONE', #8311, #36 ) ;
#1472 = PRESENTATION_LAYER_ASSIGNMENT (  '', '', ( #2112 ) ) ;
#1473 = FACE_OUTER_BOUND ( 'NONE', #6256, .T. ) ;
#1474 =( LENGTH_UNIT ( ) NAMED_UNIT ( * ) SI_UNIT ( .CENTI., .METRE. ) );
#1475 = EDGE_CURVE ( 'NONE', #8022, #456, #3950, .T. ) ;
#1476 = ORIENTED_EDGE ( 'NONE', *, *, #6762, .F. ) ;
#1477 = CARTESIAN_POINT ( 'NONE',  ( -0.3642901512833205402, 0.03499999999999999639, 0.09028470468954055694 ) ) ;
#1478 = ORIENTED_EDGE ( 'NONE', *, *, #1140, .F. ) ;
#1479 = PLANE ( 'NONE',  #4705 ) ;
#1480 = ORIENTED_EDGE ( 'NONE', *, *, #7793, .T. ) ;
#1481 = DIRECTION ( 'NONE',  ( 0.000000000000000000, 1.000000000000000000, 0.000000000000000000 ) ) ;
#1482 = VECTOR ( 'NONE', #6727, 100.0000000000000000 ) ;
#1483 = ORIENTED_EDGE ( 'NONE', *, *, #9730, .T. ) ;
#1484 = LINE ( 'NONE', #2286, #4863 ) ;
#1485 = DIRECTION ( 'NONE',  ( 0.000000000000000000, -1.000000000000000000, -3.491483361109382461E-15 ) ) ;
#1486 = ORIENTED_EDGE ( 'NONE', *, *, #5623, .F. ) ;
#1487 = LINE ( 'NONE', #7307, #2472 ) ;
#1488 = DIRECTION ( 'NONE',  ( 1.000000000000000000, -7.311082709387417497E-18, 0.000000000000000000 ) ) ;
#1489 = EDGE_CURVE ( 'NONE', #1633, #6529, #9409, .T. ) ;
#1490 = CYLINDRICAL_SURFACE ( 'NONE', #572, 0.004999999999999969746 ) ;
#1491 = DIRECTION ( 'NONE',  ( -1.788374717501863286E-16, -1.000000000000000000, 5.170559343823121797E-31 ) ) ;
#1492 = EDGE_LOOP ( 'NONE', ( #1210, #9215, #9277, #4316 ) ) ;
#1493 = EDGE_CURVE ( 'NONE', #899, #7633, #3257, .T. ) ;
#1494 = DIRECTION ( 'NONE',  ( -1.216841899242989572E-16, 1.216841899242984888E-16, 1.000000000000000000 ) ) ;
#1495 = AXIS2_PLACEMENT_3D ( 'NONE', #5769, #1889, #1990 ) ;
#1496 = PRESENTATION_STYLE_ASSIGNMENT (( #4388 ) ) ;
#1497 = CARTESIAN_POINT ( 'NONE',  ( -0.03535533905932763260, 0.1060660171779820166, 0.3000000000000000999 ) ) ;
#1498 = UNCERTAINTY_MEASURE_WITH_UNIT (LENGTH_MEASURE( 1.000000000000000082E-05 ), #443, 'distance_accuracy_value', 'NONE');
#1499 = VECTOR ( 'NONE', #3620, 100.0000000000000000 ) ;
#1500 = CARTESIAN_POINT ( 'NONE',  ( -0.1255000000000000004, 0.3400000000000000244, 0.1630000000000000060 ) ) ;
#1501 = EDGE_CURVE ( 'NONE', #8121, #6033, #7053, .T. ) ;
#1502 = CIRCLE ( 'NONE', #9404, 0.02000000000000001082 ) ;
#1503 = ORIENTED_EDGE ( 'NONE', *, *, #9130, .T. ) ;
#1504 = LINE ( 'NONE', #3803, #4915 ) ;
#1505 = CARTESIAN_POINT ( 'NONE',  ( -0.1849999999999999423, 0.3725000000000004974, 0.03999999999999981348 ) ) ;
#1506 = AXIS2_PLACEMENT_3D ( 'NONE', #318, #8783, #6773 ) ;
#1507 =( GEOMETRIC_REPRESENTATION_CONTEXT ( 3 ) GLOBAL_UNCERTAINTY_ASSIGNED_CONTEXT ( ( #3078 ) ) GLOBAL_UNIT_ASSIGNED_CONTEXT ( ( #5396, #857, #4644 ) ) REPRESENTATION_CONTEXT ( 'NONE', 'WORKASPACE' ) );
#1508 = ORIENTED_EDGE ( 'NONE', *, *, #854, .T. ) ;
#1509 = FACE_OUTER_BOUND ( 'NONE', #7809, .T. ) ;
#1510 = DIRECTION ( 'NONE',  ( 1.720409151025122665E-16, -6.925359060216257350E-17, -1.000000000000000000 ) ) ;
#1511 = AXIS2_PLACEMENT_3D ( 'NONE', #2604, #270, #5644 ) ;
#1512 = CARTESIAN_POINT ( 'NONE',  ( 0.09758073580374339306, -0.02616295090390221775, 0.5000000000000001110 ) ) ;
#1513 = UNCERTAINTY_MEASURE_WITH_UNIT (LENGTH_MEASURE( 1.000000000000000082E-05 ), #1880, 'distance_accuracy_value', 'NONE');
#1514 =( NAMED_UNIT ( * ) PLANE_ANGLE_UNIT ( ) SI_UNIT ( $, .RADIAN. ) );
#1515 = ORIENTED_EDGE ( 'NONE', *, *, #8757, .T. ) ;
#1516 = STYLED_ITEM ( 'NONE', ( #7833 ), #219 ) ;
#1517 = SURFACE_SIDE_STYLE ('',( #7611 ) ) ;
#1518 = CARTESIAN_POINT ( 'NONE',  ( 0.3724999999999999978, -0.2425000000000000488, 0.1430000000000000437 ) ) ;
#1519 = AXIS2_PLACEMENT_3D ( 'NONE', #8145, #2003, #5879 ) ;
#1520 = SURFACE_SIDE_STYLE ('',( #1370 ) ) ;
#1521 = DIRECTION ( 'NONE',  ( 0.000000000000000000, 0.000000000000000000, -1.000000000000000000 ) ) ;
#1522 = ORIENTED_EDGE ( 'NONE', *, *, #1856, .F. ) ;
#1523 = ORIENTED_EDGE ( 'NONE', *, *, #1587, .F. ) ;
#1524 = SURFACE_STYLE_USAGE ( .BOTH. , #2323 ) ;
#1525 = CARTESIAN_POINT ( 'NONE',  ( 0.3509848079945653843, -0.1775000000000000189, 0.01482635178136413982 ) ) ;
#1526 = VECTOR ( 'NONE', #1108, 100.0000000000000000 ) ;
#1527 = FILL_AREA_STYLE ('',( #8458 ) ) ;
#1528 = DIRECTION ( 'NONE',  ( -0.000000000000000000, 0.000000000000000000, -1.000000000000000000 ) ) ;
#1529 = DIRECTION ( 'NONE',  ( 6.735369260825570315E-17, -1.760146872403420140E-16, -1.000000000000000000 ) ) ;
#1530 = ORIENTED_EDGE ( 'NONE', *, *, #3105, .F. ) ;
#1531 = CARTESIAN_POINT ( 'NONE',  ( 3.980102096849648082E-18, 0.2224999999969032027, -0.02999999999815374657 ) ) ;
#1532 = ORIENTED_EDGE ( 'NONE', *, *, #9320, .T. ) ;
#1533 = DIRECTION ( 'NONE',  ( -0.000000000000000000, -0.000000000000000000, -1.000000000000000000 ) ) ;
#1534 =( GEOMETRIC_REPRESENTATION_CONTEXT ( 3 ) GLOBAL_UNCERTAINTY_ASSIGNED_CONTEXT ( ( #5979 ) ) GLOBAL_UNIT_ASSIGNED_CONTEXT ( ( #4007, #4946, #5741 ) ) REPRESENTATION_CONTEXT ( 'NONE', 'WORKASPACE' ) );
#1535 = ORIENTED_EDGE ( 'NONE', *, *, #4786, .T. ) ;
#1536 = PLANE ( 'NONE',  #640 ) ;
#1537 = EDGE_LOOP ( 'NONE', ( #7153, #6187, #8157, #2600 ) ) ;
#1538 = EDGE_CURVE ( 'NONE', #9491, #9796, #713, .T. ) ;
#1539 = DIRECTION ( 'NONE',  ( 0.1736481776669273336, -0.000000000000000000, 0.9848077530122085754 ) ) ;
#1540 = DIRECTION ( 'NONE',  ( 0.000000000000000000, 0.000000000000000000, 1.000000000000000000 ) ) ;
#1541 = CARTESIAN_POINT ( 'NONE',  ( 0.2356854249492381925, -0.3399999999999999134, 0.1730000000000000149 ) ) ;
#1542 = CIRCLE ( 'NONE', #2818, 0.009999999999999982861 ) ;
#1543 = DIRECTION ( 'NONE',  ( -2.208151064125263996E-16, -0.000000000000000000, -1.000000000000000000 ) ) ;
#1544 = CARTESIAN_POINT ( 'NONE',  ( 0.2793071785686857544, 0.2425000000000000488, 0.1729999999999999871 ) ) ;
#1545 = ORIENTED_EDGE ( 'NONE', *, *, #2292, .T. ) ;
#1546 =( LENGTH_UNIT ( ) NAMED_UNIT ( * ) SI_UNIT ( .CENTI., .METRE. ) );
#1547 = LINE ( 'NONE', #3010, #2423 ) ;
#1548 = VECTOR ( 'NONE', #2270, 100.0000000000000000 ) ;
#1549 = EDGE_CURVE ( 'NONE', #7466, #474, #907, .T. ) ;
#1550 = VERTEX_POINT ( 'NONE', #2652 ) ;
#1551 = VECTOR ( 'NONE', #7728, 100.0000000000000000 ) ;
#1552 = SURFACE_SIDE_STYLE ('',( #8813 ) ) ;
#1553 = EDGE_CURVE ( 'NONE', #7297, #6903, #393, .T. ) ;
#1554 = DIRECTION ( 'NONE',  ( 0.000000000000000000, 1.000000000000000000, -1.760146872403419401E-16 ) ) ;
#1555 = VECTOR ( 'NONE', #9201, 100.0000000000000000 ) ;
#1556 = VECTOR ( 'NONE', #7952, 100.0000000000000000 ) ;
#1557 = AXIS2_PLACEMENT_3D ( 'NONE', #4683, #2500, #2451 ) ;
#1558 = EDGE_LOOP ( 'NONE', ( #201, #4594, #5552, #294 ) ) ;
#1559 = CARTESIAN_POINT ( 'NONE',  ( -0.3500000000000000333, -0.03499999999999997558, 0.01399999975500245894 ) ) ;
#1560 = ADVANCED_FACE ( 'NONE', ( #7711 ), #8933, .T. ) ;
#1561 = VECTOR ( 'NONE', #6809, 100.0000000000000000 ) ;
#1562 = ORIENTED_EDGE ( 'NONE', *, *, #1315, .T. ) ;
#1563 = DIRECTION ( 'NONE',  ( 0.000000000000000000, -1.000000000000000000, -1.606956701768064271E-16 ) ) ;
#1564 = EDGE_CURVE ( 'NONE', #6205, #9444, #5001, .T. ) ;
#1565 = CARTESIAN_POINT ( 'NONE',  ( 0.02616295090390242245, -0.09758073580374344858, 0.5000000000000001110 ) ) ;
#1566 = LINE ( 'NONE', #867, #898 ) ;
#1567 = MECHANICAL_DESIGN_GEOMETRIC_PRESENTATION_REPRESENTATION (  '', ( #1719 ), #5385 ) ;
#1568 = ORIENTED_EDGE ( 'NONE', *, *, #7938, .F. ) ;
#1569 = FACE_OUTER_BOUND ( 'NONE', #6556, .T. ) ;
#1570 = VERTEX_POINT ( 'NONE', #1902 ) ;
#1571 = ADVANCED_FACE ( 'NONE', ( #2055 ), #9519, .T. ) ;
#1572 = CARTESIAN_POINT ( 'NONE',  ( -0.3525000000000000355, 0.2425000000000000488, 0.1729999999999999871 ) ) ;
#1573 = UNCERTAINTY_MEASURE_WITH_UNIT (LENGTH_MEASURE( 1.000000000000000082E-05 ), #6648, 'distance_accuracy_value', 'NONE');
#1574 = EDGE_LOOP ( 'NONE', ( #5890, #4673, #7818, #2878 ) ) ;
#1575 = AXIS2_PLACEMENT_3D ( 'NONE', #1789, #4832, #3200 ) ;
#1576 = ORIENTED_EDGE ( 'NONE', *, *, #944, .F. ) ;
#1577 = PLANE ( 'NONE',  #716 ) ;
#1578 = CARTESIAN_POINT ( 'NONE',  ( 0.1046518036156088294, -0.03323401871576776162, 0.5000000000000001110 ) ) ;
#1579 = LINE ( 'NONE', #6203, #4325 ) ;
#1580 = DIRECTION ( 'NONE',  ( 0.000000000000000000, -1.000000000000000000, -0.000000000000000000 ) ) ;
#1581 = ORIENTED_EDGE ( 'NONE', *, *, #3977, .F. ) ;
#1582 = CARTESIAN_POINT ( 'NONE',  ( 0.2356854249492379982, -0.3500000000000000333, 0.004000000000000010492 ) ) ;
#1583 = ORIENTED_EDGE ( 'NONE', *, *, #7311, .T. ) ;
#1584 = FILL_AREA_STYLE_COLOUR ( '', #2962 ) ;
#1585 = ORIENTED_EDGE ( 'NONE', *, *, #3445, .T. ) ;
#1586 = CARTESIAN_POINT ( 'NONE',  ( -0.3608328854037720079, 0.03499999999999996864, 0.01308987002439214280 ) ) ;
#1587 = EDGE_CURVE ( 'NONE', #3918, #4958, #9427, .T. ) ;
#1588 = VECTOR ( 'NONE', #2679, 100.0000000000000000 ) ;
#1589 = ORIENTED_EDGE ( 'NONE', *, *, #8628, .F. ) ;
#1590 = PLANE ( 'NONE',  #2804 ) ;
#1591 = FACE_OUTER_BOUND ( 'NONE', #1605, .T. ) ;
#1592 = CARTESIAN_POINT ( 'NONE',  ( -0.2149999999999999134, 0.3725000001233738089, 0.1680000000000000104 ) ) ;
#1593 = DIRECTION ( 'NONE',  ( 0.000000000000000000, 1.000000000000000000, 0.000000000000000000 ) ) ;
#1594 = EDGE_CURVE ( 'NONE', #813, #6765, #7196, .T. ) ;
#1595 = ORIENTED_EDGE ( 'NONE', *, *, #3868, .T. ) ;
#1596 = DIRECTION ( 'NONE',  ( 0.000000000000000000, 1.606956701768064271E-16, -1.000000000000000000 ) ) ;
#1597 =( GEOMETRIC_REPRESENTATION_CONTEXT ( 3 ) GLOBAL_UNCERTAINTY_ASSIGNED_CONTEXT ( ( #4194 ) ) GLOBAL_UNIT_ASSIGNED_CONTEXT ( ( #5762, #5626, #3534 ) ) REPRESENTATION_CONTEXT ( 'NONE', 'WORKASPACE' ) );
#1598 = FILL_AREA_STYLE ('',( #799 ) ) ;
#1599 = ORIENTED_EDGE ( 'NONE', *, *, #521, .F. ) ;
#1600 = LINE ( 'NONE', #7006, #6242 ) ;
#1601 = PRESENTATION_STYLE_ASSIGNMENT (( #3307 ) ) ;
#1602 = VECTOR ( 'NONE', #2618, 100.0000000000000000 ) ;
#1603 = SURFACE_STYLE_FILL_AREA ( #6962 ) ;
#1604 = EDGE_CURVE ( 'NONE', #5362, #7851, #7945, .T. ) ;
#1605 = EDGE_LOOP ( 'NONE', ( #6884, #4463, #731, #4560 ) ) ;
#1606 = PRESENTATION_LAYER_ASSIGNMENT (  '', '', ( #4149 ) ) ;
#1607 = LINE ( 'NONE', #1456, #4397 ) ;
#1608 = ADVANCED_FACE ( 'NONE', ( #7893, #2005 ), #364, .T. ) ;
#1609 = MECHANICAL_DESIGN_GEOMETRIC_PRESENTATION_REPRESENTATION (  '', ( #971 ), #3529 ) ;
#1610 = ORIENTED_EDGE ( 'NONE', *, *, #630, .T. ) ;
#1611 = DIRECTION ( 'NONE',  ( 1.000000000000000000, -0.000000000000000000, 1.084202172485504434E-19 ) ) ;
#1612 = EDGE_CURVE ( 'NONE', #3940, #9759, #7452, .T. ) ;
#1613 = ORIENTED_EDGE ( 'NONE', *, *, #618, .F. ) ;
#1614 =( GEOMETRIC_REPRESENTATION_CONTEXT ( 3 ) GLOBAL_UNCERTAINTY_ASSIGNED_CONTEXT ( ( #457 ) ) GLOBAL_UNIT_ASSIGNED_CONTEXT ( ( #8024, #5957, #2935 ) ) REPRESENTATION_CONTEXT ( 'NONE', 'WORKASPACE' ) );
#1615 = DIRECTION ( 'NONE',  ( 0.000000000000000000, 1.000000000000000000, 0.000000000000000000 ) ) ;
#1616 = PLANE ( 'NONE',  #4632 ) ;
#1617 = FACE_OUTER_BOUND ( 'NONE', #3583, .T. ) ;
#1618 = EDGE_CURVE ( 'NONE', #7633, #1106, #6824, .T. ) ;
#1619 = DIRECTION ( 'NONE',  ( 0.000000000000000000, -0.8574929257125440962, -0.5144957554275266798 ) ) ;
#1620 = PLANE ( 'NONE',  #2514 ) ;
#1621 = ORIENTED_EDGE ( 'NONE', *, *, #5901, .F. ) ;
#1622 = ORIENTED_EDGE ( 'NONE', *, *, #1803, .F. ) ;
#1623 = DIRECTION ( 'NONE',  ( 0.000000000000000000, 2.891205793294680200E-15, -1.000000000000000000 ) ) ;
#1624 = AXIS2_PLACEMENT_3D ( 'NONE', #3872, #5366, #7572 ) ;
#1625 = FILL_AREA_STYLE_COLOUR ( '', #8546 ) ;
#1626 = SURFACE_SIDE_STYLE ('',( #3823 ) ) ;
#1627 = FILL_AREA_STYLE_COLOUR ( '', #5940 ) ;
#1628 = FACE_OUTER_BOUND ( 'NONE', #5785, .T. ) ;
#1629 = EDGE_CURVE ( 'NONE', #215, #7763, #665, .T. ) ;
#1630 = AXIS2_PLACEMENT_3D ( 'NONE', #3463, #3604, #1300 ) ;
#1631 = ORIENTED_EDGE ( 'NONE', *, *, #7455, .T. ) ;
#1632 = LINE ( 'NONE', #5315, #1555 ) ;
#1633 = VERTEX_POINT ( 'NONE', #4489 ) ;
#1634 = ORIENTED_EDGE ( 'NONE', *, *, #231, .F. ) ;
#1635 = CARTESIAN_POINT ( 'NONE',  ( 0.07000000000000000666, 0.2600000000000000644, 0.004000000000000000083 ) ) ;
#1636 = ORIENTED_EDGE ( 'NONE', *, *, #7316, .T. ) ;
#1637 = DIRECTION ( 'NONE',  ( 0.000000000000000000, -1.000000000000000000, -0.000000000000000000 ) ) ;
#1638 = PRESENTATION_STYLE_ASSIGNMENT (( #7641 ) ) ;
#1639 = CYLINDRICAL_SURFACE ( 'NONE', #6877, 0.03249999999999995254 ) ;
#1640 = CIRCLE ( 'NONE', #849, 0.005000000246747557386 ) ;
#1641 = ORIENTED_EDGE ( 'NONE', *, *, #3963, .F. ) ;
#1642 = EDGE_CURVE ( 'NONE', #7527, #8383, #3754, .T. ) ;
#1643 = DIRECTION ( 'NONE',  ( -1.000000000000000000, 7.311082709387417497E-18, 0.000000000000000000 ) ) ;
#1644 = CARTESIAN_POINT ( 'NONE',  ( 0.07141778489984131062, 1.301042606982605321E-16, 0.5000000000000003331 ) ) ;
#1645 = CARTESIAN_POINT ( 'NONE',  ( -0.2149999999999999134, 0.3500000000000000333, 0.1729999999999999871 ) ) ;
#1646 = DIRECTION ( 'NONE',  ( 0.000000000000000000, 3.491483361109383250E-15, -1.000000000000000000 ) ) ;
#1647 = MECHANICAL_DESIGN_GEOMETRIC_PRESENTATION_REPRESENTATION (  '', ( #7690 ), #9082 ) ;
#1648 = VERTEX_POINT ( 'NONE', #756 ) ;
#1649 = VECTOR ( 'NONE', #6435, 100.0000000000000000 ) ;
#1650 = DIRECTION ( 'NONE',  ( -0.7071067811865495711, -0.7071067811865455743, 0.000000000000000000 ) ) ;
#1651 = EDGE_CURVE ( 'NONE', #3096, #1736, #9076, .T. ) ;
#1652 = VERTEX_POINT ( 'NONE', #4441 ) ;
#1653 = FILL_AREA_STYLE_COLOUR ( '', #2790 ) ;
#1654 = CARTESIAN_POINT ( 'NONE',  ( 0.2780547203178223570, -0.3229860436907429078, 0.1879999999999999727 ) ) ;
#1655 = CARTESIAN_POINT ( 'NONE',  ( 0.1254999999999999727, 0.3750000000000000000, 0.1010000000000000064 ) ) ;
#1656 = VERTEX_POINT ( 'NONE', #6734 ) ;
#1657 = COLOUR_RGB ( '',0.6470588235294117974, 0.6196078431372549211, 0.5882352941176470784 ) ;
#1658 =( NAMED_UNIT ( * ) SI_UNIT ( $, .STERADIAN. ) SOLID_ANGLE_UNIT ( ) );
#1659 = DIRECTION ( 'NONE',  ( -1.000000000000000000, -1.788374717501863286E-16, -2.891205793294679017E-15 ) ) ;
#1660 = AXIS2_PLACEMENT_3D ( 'NONE', #2004, #5044, #5276 ) ;
#1661 = LINE ( 'NONE', #7613, #7232 ) ;
#1662 = AXIS2_PLACEMENT_3D ( 'NONE', #8554, #428, #7078 ) ;
#1663 = FACE_OUTER_BOUND ( 'NONE', #3476, .T. ) ;
#1664 = DIRECTION ( 'NONE',  ( 0.000000000000000000, 0.000000000000000000, 1.000000000000000000 ) ) ;
#1665 = ORIENTED_EDGE ( 'NONE', *, *, #9532, .T. ) ;
#1666 = EDGE_CURVE ( 'NONE', #682, #9513, #1014, .T. ) ;
#1667 = EDGE_LOOP ( 'NONE', ( #5113, #4011, #3185, #9307 ) ) ;
#1668 = LINE ( 'NONE', #3919, #2152 ) ;
#1669 = PRESENTATION_STYLE_ASSIGNMENT (( #3777 ) ) ;
#1670 = EDGE_CURVE ( 'NONE', #1861, #5208, #2961, .T. ) ;
#1671 = CARTESIAN_POINT ( 'NONE',  ( 0.3500000000000000333, 0.2356854249492383591, 0.1729999999999999871 ) ) ;
#1672 = COLOUR_RGB ( '',0.6470588235294117974, 0.6196078431372549211, 0.5882352941176470784 ) ;
#1673 = ORIENTED_EDGE ( 'NONE', *, *, #8534, .F. ) ;
#1674 = DIRECTION ( 'NONE',  ( 0.000000000000000000, -0.000000000000000000, 1.000000000000000000 ) ) ;
#1675 = VERTEX_POINT ( 'NONE', #5984 ) ;
#1676 = SURFACE_SIDE_STYLE ('',( #5472 ) ) ;
#1677 = ORIENTED_EDGE ( 'NONE', *, *, #74, .F. ) ;
#1678 = DIRECTION ( 'NONE',  ( -1.000000000000000000, 7.311082709387417497E-18, -0.000000000000000000 ) ) ;
#1679 = VERTEX_POINT ( 'NONE', #5092 ) ;
#1680 = VECTOR ( 'NONE', #3029, 100.0000000000000000 ) ;
#1681 = ADVANCED_FACE ( 'NONE', ( #7498 ), #9672, .F. ) ;
#1682 = COLOUR_RGB ( '',0.6470588235294117974, 0.6196078431372549211, 0.5882352941176470784 ) ;
#1683 = DIRECTION ( 'NONE',  ( 0.000000000000000000, 0.000000000000000000, 1.000000000000000000 ) ) ;
#1684 = CARTESIAN_POINT ( 'NONE',  ( -0.3514696961967002098, -0.2424999999999999933, 0.1879999999999999727 ) ) ;
#1685 =( NAMED_UNIT ( * ) SI_UNIT ( $, .STERADIAN. ) SOLID_ANGLE_UNIT ( ) );
#1686 = SURFACE_STYLE_FILL_AREA ( #2446 ) ;
#1687 = ORIENTED_EDGE ( 'NONE', *, *, #1031, .T. ) ;
#1688 = VECTOR ( 'NONE', #4867, 100.0000000000000000 ) ;
#1689 = DIRECTION ( 'NONE',  ( 7.311082709387417497E-18, 1.000000000000000000, 0.000000000000000000 ) ) ;
#1690 = STYLED_ITEM ( 'NONE', ( #9778 ), #2655 ) ;
#1691 = ORIENTED_EDGE ( 'NONE', *, *, #6136, .F. ) ;
#1692 = LINE ( 'NONE', #8244, #1406 ) ;
#1693 = UNCERTAINTY_MEASURE_WITH_UNIT (LENGTH_MEASURE( 1.000000000000000082E-05 ), #7927, 'distance_accuracy_value', 'NONE');
#1694 = DIRECTION ( 'NONE',  ( 0.7071067811865503483, -0.7071067811865446862, 0.000000000000000000 ) ) ;
#1695 = DIRECTION ( 'NONE',  ( 1.000000000000000000, 1.548860246407863829E-16, -0.000000000000000000 ) ) ;
#1696 = CARTESIAN_POINT ( 'NONE',  ( -0.3229860436907419641, -0.2780547203178234672, 0.1879999999999999727 ) ) ;
#1697 = LINE ( 'NONE', #4792, #7023 ) ;
#1698 = DIRECTION ( 'NONE',  ( -0.000000000000000000, 2.502005013666494650E-16, 1.000000000000000000 ) ) ;
#1699 = SURFACE_STYLE_USAGE ( .BOTH. , #8492 ) ;
#1700 = ORIENTED_EDGE ( 'NONE', *, *, #9521, .F. ) ;
#1701 =( GEOMETRIC_REPRESENTATION_CONTEXT ( 3 ) GLOBAL_UNCERTAINTY_ASSIGNED_CONTEXT ( ( #8141 ) ) GLOBAL_UNIT_ASSIGNED_CONTEXT ( ( #4187, #4095, #6483 ) ) REPRESENTATION_CONTEXT ( 'NONE', 'WORKASPACE' ) );
#1702 = CARTESIAN_POINT ( 'NONE',  ( -0.08500000000000000611, -0.1899999999999999745, 0.000000000000000000 ) ) ;
#1703 = EDGE_LOOP ( 'NONE', ( #4671, #9787, #5417, #9108, #868, #6601, #9612, #1940, #4359, #3028, #8700, #3554, #1585, #7195, #9060, #7933, #3565, #9363, #2821, #6495, #274, #603, #8860, #145, #2534, #3832, #7689, #9798, #426, #7088, #6427, #6359, #2698, #7203, #524, #6885, #3879, #7097, #1595, #2071, #8967, #2267, #7484, #8417, #4997, #9629, #8600 ) ) ;
#1704 = PLANE ( 'NONE',  #1519 ) ;
#1705 = DIRECTION ( 'NONE',  ( -0.7071067811865502373, 0.7071067811865447972, 0.000000000000000000 ) ) ;
#1706 =( GEOMETRIC_REPRESENTATION_CONTEXT ( 3 ) GLOBAL_UNCERTAINTY_ASSIGNED_CONTEXT ( ( #2372 ) ) GLOBAL_UNIT_ASSIGNED_CONTEXT ( ( #1089, #4741, #8535 ) ) REPRESENTATION_CONTEXT ( 'NONE', 'WORKASPACE' ) );
#1707 = DIRECTION ( 'NONE',  ( 0.000000000000000000, -0.4226182615797905995, 0.9063077871116830275 ) ) ;
#1708 = LINE ( 'NONE', #8825, #2970 ) ;
#1709 = VERTEX_POINT ( 'NONE', #5931 ) ;
#1710 = CARTESIAN_POINT ( 'NONE',  ( 0.2651650429449547430, 0.3288046532517451825, 0.1729999999999999871 ) ) ;
#1711 = EDGE_CURVE ( 'NONE', #1861, #2823, #5943, .T. ) ;
#1712 = VECTOR ( 'NONE', #7863, 100.0000000000000000 ) ;
#1713 = DIRECTION ( 'NONE',  ( -1.000000000000000000, 0.000000000000000000, 0.000000000000000000 ) ) ;
#1714 = CARTESIAN_POINT ( 'NONE',  ( 0.1310000000000000608, 0.3399999999999999689, 0.1879999999999999727 ) ) ;
#1715 = ORIENTED_EDGE ( 'NONE', *, *, #3635, .T. ) ;
#1716 = ORIENTED_EDGE ( 'NONE', *, *, #7556, .F. ) ;
#1717 = CARTESIAN_POINT ( 'NONE',  ( -0.07499999999999999722, 0.3400000000000000244, 0.1879999999999999727 ) ) ;
#1718 = DIRECTION ( 'NONE',  ( -0.7071067811865461294, -0.7071067811865489050, 7.683492615482358283E-17 ) ) ;
#1719 = STYLED_ITEM ( 'NONE', ( #9537 ), #6991 ) ;
#1720 = DIRECTION ( 'NONE',  ( 0.7071067811865487940, -0.7071067811865462405, 1.720874317173268168E-16 ) ) ;
#1721 = ORIENTED_EDGE ( 'NONE', *, *, #112, .F. ) ;
#1722 = DIRECTION ( 'NONE',  ( 0.7071067811865461294, -0.7071067811865489050, 0.000000000000000000 ) ) ;
#1723 = ADVANCED_FACE ( 'NONE', ( #5139 ), #2252, .F. ) ;
#1724 = ORIENTED_EDGE ( 'NONE', *, *, #8098, .T. ) ;
#1725 = VERTEX_POINT ( 'NONE', #6785 ) ;
#1726 = ORIENTED_EDGE ( 'NONE', *, *, #6136, .T. ) ;
#1727 = EDGE_CURVE ( 'NONE', #3965, #9121, #1299, .T. ) ;
#1728 = FILL_AREA_STYLE ('',( #7731 ) ) ;
#1729 = DIRECTION ( 'NONE',  ( -4.336807627434740291E-14, 0.000000000000000000, -1.000000000000000000 ) ) ;
#1730 = CARTESIAN_POINT ( 'NONE',  ( 1.206132622479185328E-17, -8.274266934669021853E-18, 0.3000000000000001554 ) ) ;
#1731 =( LENGTH_UNIT ( ) NAMED_UNIT ( * ) SI_UNIT ( .CENTI., .METRE. ) );
#1732 = CARTESIAN_POINT ( 'NONE',  ( -1.192622389734054877E-16, 0.07141778489984138001, 0.4899999999999998801 ) ) ;
#1733 = ORIENTED_EDGE ( 'NONE', *, *, #3350, .F. ) ;
#1734 = LINE ( 'NONE', #4783, #9069 ) ;
#1735 = ADVANCED_FACE ( 'NONE', ( #2909 ), #8146, .T. ) ;
#1736 = VERTEX_POINT ( 'NONE', #3603 ) ;
#1737 = PRESENTATION_LAYER_ASSIGNMENT (  '', '', ( #6031 ) ) ;
#1738 = DIRECTION ( 'NONE',  ( -1.000000000000000000, 0.000000000000000000, 0.000000000000000000 ) ) ;
#1739 = CARTESIAN_POINT ( 'NONE',  ( -0.3370710678118654102, -0.2427564927611038370, 0.1729999999999999871 ) ) ;
#1740 = DIRECTION ( 'NONE',  ( 0.000000000000000000, 1.000000000000000000, 1.668003342285393769E-16 ) ) ;
#1741 =( NAMED_UNIT ( * ) SI_UNIT ( $, .STERADIAN. ) SOLID_ANGLE_UNIT ( ) );
#1742 = EDGE_CURVE ( 'NONE', #134, #6103, #4536, .T. ) ;
#1743 = CARTESIAN_POINT ( 'NONE',  ( -0.1310000000000000331, 0.3524999999999999800, 0.1680000000000000382 ) ) ;
#1744 = MECHANICAL_DESIGN_GEOMETRIC_PRESENTATION_REPRESENTATION (  '', ( #9017 ), #4774 ) ;
#1745 = EDGE_CURVE ( 'NONE', #519, #4812, #1171, .T. ) ;
#1746 = AXIS2_PLACEMENT_3D ( 'NONE', #41, #139, #9152 ) ;
#1747 = VERTEX_POINT ( 'NONE', #3654 ) ;
#1748 = CARTESIAN_POINT ( 'NONE',  ( 0.2349999999999999589, 0.2600000000000000644, 0.000000000000000000 ) ) ;
#1749 = DIRECTION ( 'NONE',  ( -1.000000000000000000, -7.311082709387417497E-18, 2.552652363152067741E-32 ) ) ;
#1750 = COLOUR_RGB ( '',0.6470588235294117974, 0.6196078431372549211, 0.5882352941176470784 ) ;
#1751 = ORIENTED_EDGE ( 'NONE', *, *, #2167, .T. ) ;
#1752 = DIRECTION ( 'NONE',  ( -1.000000000000000000, -0.000000000000000000, -0.000000000000000000 ) ) ;
#1753 = CARTESIAN_POINT ( 'NONE',  ( 0.3514696961967002653, 0.2425000000000000488, 0.1729999999999999871 ) ) ;
#1754 = DIRECTION ( 'NONE',  ( 0.000000000000000000, 0.000000000000000000, -1.000000000000000000 ) ) ;
#1755 = AXIS2_PLACEMENT_3D ( 'NONE', #4434, #1338, #5922 ) ;
#1756 = EDGE_CURVE ( 'NONE', #2224, #3480, #8926, .T. ) ;
#1757 = ORIENTED_EDGE ( 'NONE', *, *, #8079, .F. ) ;
#1758 = DIRECTION ( 'NONE',  ( 0.000000000000000000, 0.000000000000000000, -1.000000000000000000 ) ) ;
#1759 = CARTESIAN_POINT ( 'NONE',  ( -0.3741382288134425527, 0.2250000000000000611, 0.08854822291287120506 ) ) ;
#1760 = COLOUR_RGB ( '',1.000000000000000000, 1.000000000000000000, 1.000000000000000000 ) ;
#1761 = EDGE_CURVE ( 'NONE', #3725, #5964, #7549, .T. ) ;
#1762 = CYLINDRICAL_SURFACE ( 'NONE', #1073, 0.001000000244997557852 ) ;
#1763 = VERTEX_POINT ( 'NONE', #4745 ) ;
#1764 = ORIENTED_EDGE ( 'NONE', *, *, #298, .F. ) ;
#1765 = CARTESIAN_POINT ( 'NONE',  ( -0.1149999999999998662, 0.3500000000000000333, 0.06800000000000000488 ) ) ;
#1766 = CARTESIAN_POINT ( 'NONE',  ( 0.03535533905932741056, 0.1060660171779819472, 0.3150000000000001132 ) ) ;
#1767 = SURFACE_STYLE_FILL_AREA ( #5567 ) ;
#1768 = CLOSED_SHELL ( 'NONE', ( #7646, #7304, #1060, #8873, #4136, #4345, #4728, #336, #4391, #7435, #4986, #9779, #8588, #1845, #2523, #2037, #737, #4923, #5091, #2681, #2979, #6913, #1057, #33, #589, #4485, #4977, #8140, #1571, #5635, #7747, #5435, #4292, #708, #1931, #3501, #1379, #1198, #6991, #8744, #3989, #805, #7058, #3094, #2049, #8651, #9673, #9709, #6672, #4066, #8667, #1881, #2536, #7236, #2210, #562, #5290, #529, #2601, #5704, #6736, #6664, #8572, #4710, #17, #263, #9774, #7609, #5589, #5532, #2266, #6074, #9770, #3939, #5094, #6455, #8637, #473, #1127, #7018, #1867, #3203, #3839, #9062, #4836, #9686, #3386, #4898, #8578, #8822, #1027, #9332, #4050, #8944, #831, #6956, #9170, #2971, #4139, #7730, #7499, #4334, #132, #5400, #7910, #9722, #6169, #2853, #6711, #4606, #5578, #2938, #3509, #518, #8028, #1230, #6429, #7545, #4222, #1432, #3948, #9415, #6373, #1735, #7602, #3453, #6114, #7074, #4204, #9071, #3241, #1293, #6527, #4676, #3806, #272, #3662, #285, #226, #8459, #5720, #8055, #6959, #645, #9635, #4870, #2350, #3341, #5312, #652, #7082, #2508, #5862, #2932, #2228, #7628, #9468, #7459, #9795, #6485, #4154, #3640, #1455, #105, #169, #5859, #5585, #2911, #9419, #4188, #9078, #5747, #1780, #6581, #2900, #3957, #1608, #8900, #5143, #8817, #7789, #9619, #2587, #3051, #1848, #2016, #4668, #1969, #5377, #7857, #4263, #4726, #5846, #8991, #3413, #1835, #6054, #764, #5447, #6876, #7201, #3577, #3944, #160, #5194, #9237, #9403, #9227, #3884, #1723, #6176, #1345, #2066, #3271, #3399, #8391, #7014, #3082, #6722, #5998, #7656, #4241, #2957, #1681, #9596, #2655, #2359, #4170, #9122, #6024, #40, #4456, #1149, #5100, #702, #2591, #9308, #2658, #2102, #1560, #995, #6345, #4472, #2105, #6107, #431, #3193, #8332, #9298, #219, #2597, #5895, #7615, #3709 ) ) ;
#1769 = PRESENTATION_LAYER_ASSIGNMENT (  '', '', ( #3368 ) ) ;
#1770 =( NAMED_UNIT ( * ) SI_UNIT ( $, .STERADIAN. ) SOLID_ANGLE_UNIT ( ) );
#1771 = VECTOR ( 'NONE', #9506, 100.0000000000000000 ) ;
#1772 = ORIENTED_EDGE ( 'NONE', *, *, #7026, .F. ) ;
#1773 = LINE ( 'NONE', #3475, #916 ) ;
#1774 = ORIENTED_EDGE ( 'NONE', *, *, #3014, .T. ) ;
#1775 = LINE ( 'NONE', #7817, #2489 ) ;
#1776 = ORIENTED_EDGE ( 'NONE', *, *, #3658, .F. ) ;
#1777 = ORIENTED_EDGE ( 'NONE', *, *, #6833, .T. ) ;
#1778 = PRESENTATION_LAYER_ASSIGNMENT (  '', '', ( #7636 ) ) ;
#1779 =( NAMED_UNIT ( * ) PLANE_ANGLE_UNIT ( ) SI_UNIT ( $, .RADIAN. ) );
#1780 = ADVANCED_FACE ( 'NONE', ( #6919, #8344 ), #9224, .F. ) ;
#1781 = DIRECTION ( 'NONE',  ( -5.433049731604327253E-17, -5.433049731604348207E-17, -1.000000000000000000 ) ) ;
#1782 = VECTOR ( 'NONE', #1637, 100.0000000000000000 ) ;
#1783 = SURFACE_STYLE_USAGE ( .BOTH. , #199 ) ;
#1784 = LINE ( 'NONE', #7239, #3546 ) ;
#1785 = CARTESIAN_POINT ( 'NONE',  ( 0.3399381940299393556, -0.2369944744889109223, 0.1730000010243323838 ) ) ;
#1786 = ORIENTED_EDGE ( 'NONE', *, *, #4595, .T. ) ;
#1787 = CYLINDRICAL_SURFACE ( 'NONE', #8983, 0.02000000000000001082 ) ;
#1788 = VERTEX_POINT ( 'NONE', #3112 ) ;
#1789 = CARTESIAN_POINT ( 'NONE',  ( -0.2793071785686857544, 0.3429467888754760829, 0.1879999999999999727 ) ) ;
#1790 = CYLINDRICAL_SURFACE ( 'NONE', #1557, 0.01000000000000001409 ) ;
#1791 = CIRCLE ( 'NONE', #842, 0.01000000000000001409 ) ;
#1792 = DIRECTION ( 'NONE',  ( -1.000000000000000000, 0.000000000000000000, -2.891205793294677833E-16 ) ) ;
#1793 = DIRECTION ( 'NONE',  ( -0.000000000000000000, -0.000000000000000000, 1.000000000000000000 ) ) ;
#1794 = EDGE_CURVE ( 'NONE', #9142, #7939, #4043, .T. ) ;
#1795 =( NAMED_UNIT ( * ) SI_UNIT ( $, .STERADIAN. ) SOLID_ANGLE_UNIT ( ) );
#1796 = FACE_OUTER_BOUND ( 'NONE', #7045, .T. ) ;
#1797 = VECTOR ( 'NONE', #1491, 100.0000000000000000 ) ;
#1798 = EDGE_CURVE ( 'NONE', #6458, #5902, #4036, .T. ) ;
#1799 = CARTESIAN_POINT ( 'NONE',  ( -0.3500000000000000333, 0.1775000000000000189, 0.01399999975500245894 ) ) ;
#1800 = ORIENTED_EDGE ( 'NONE', *, *, #2895, .T. ) ;
#1801 = DIRECTION ( 'NONE',  ( 0.000000000000000000, 1.000000000000000000, 1.668003342285395002E-16 ) ) ;
#1802 = CARTESIAN_POINT ( 'NONE',  ( 0.1310000000000000331, 0.3575000000000000400, 0.1019349540849361496 ) ) ;
#1803 = EDGE_CURVE ( 'NONE', #4695, #4029, #5151, .T. ) ;
#1804 = CARTESIAN_POINT ( 'NONE',  ( -0.1255000000000000560, -0.3500000000000000333, 0.08600000000000000699 ) ) ;
#1805 = CARTESIAN_POINT ( 'NONE',  ( -0.2498275605729688986, 0.3441421356237309714, 0.004000000000000010492 ) ) ;
#1806 = DIRECTION ( 'NONE',  ( 0.000000000000000000, 0.000000000000000000, -1.000000000000000000 ) ) ;
#1807 = ORIENTED_EDGE ( 'NONE', *, *, #3793, .T. ) ;
#1808 = DIRECTION ( 'NONE',  ( -0.000000000000000000, 1.000000000000000000, 0.000000000000000000 ) ) ;
#1809 = FILL_AREA_STYLE_COLOUR ( '', #3144 ) ;
#1810 = CARTESIAN_POINT ( 'NONE',  ( -0.3499999999999999778, 0.1074999999999999845, 0.01500000024499757896 ) ) ;
#1811 = MECHANICAL_DESIGN_GEOMETRIC_PRESENTATION_REPRESENTATION (  '', ( #2611 ), #65 ) ;
#1812 = VECTOR ( 'NONE', #3600, 100.0000000000000000 ) ;
#1813 = EDGE_LOOP ( 'NONE', ( #1956, #3927, #1883, #2758 ) ) ;
#1814 = EDGE_LOOP ( 'NONE', ( #1356, #718, #5306, #9775 ) ) ;
#1815 = LINE ( 'NONE', #7859, #6116 ) ;
#1816 = DIRECTION ( 'NONE',  ( -0.1736481776669273336, 0.000000000000000000, -0.9848077530122085754 ) ) ;
#1817 = LINE ( 'NONE', #7767, #1266 ) ;
#1818 = AXIS2_PLACEMENT_3D ( 'NONE', #1959, #2715, #4159 ) ;
#1819 = SURFACE_STYLE_FILL_AREA ( #4864 ) ;
#1820 = VERTEX_POINT ( 'NONE', #2506 ) ;
#1821 = CARTESIAN_POINT ( 'NONE',  ( -0.3288046532517440723, -0.2651650429449559643, 0.1879999999999999727 ) ) ;
#1822 = VERTEX_POINT ( 'NONE', #5545 ) ;
#1823 = DIRECTION ( 'NONE',  ( 0.000000000000000000, 0.000000000000000000, -1.000000000000000000 ) ) ;
#1824 = ORIENTED_EDGE ( 'NONE', *, *, #9353, .T. ) ;
#1825 = CARTESIAN_POINT ( 'NONE',  ( 0.1255000000000000004, -0.3400000000000000244, 0.1630000000000000060 ) ) ;
#1826 = VECTOR ( 'NONE', #4200, 100.0000000000000000 ) ;
#1827 = DIRECTION ( 'NONE',  ( -1.000000000000000000, 0.000000000000000000, 0.000000000000000000 ) ) ;
#1828 = CARTESIAN_POINT ( 'NONE',  ( -0.3429467888754750282, 0.2793071785686869757, 0.1879999999999999727 ) ) ;
#1829 = DIRECTION ( 'NONE',  ( -0.000000000000000000, 0.000000000000000000, 1.000000000000000000 ) ) ;
#1830 = SURFACE_SIDE_STYLE ('',( #2637 ) ) ;
#1831 = VERTEX_POINT ( 'NONE', #3161 ) ;
#1832 = DIRECTION ( 'NONE',  ( 0.000000000000000000, -1.000000000000000000, 0.000000000000000000 ) ) ;
#1833 = CIRCLE ( 'NONE', #7216, 0.03699999999999998429 ) ;
#1834 = CARTESIAN_POINT ( 'NONE',  ( 0.1500000000000000777, -7.287216188601531505E-18, 0.04900000000000010597 ) ) ;
#1835 = ADVANCED_FACE ( 'NONE', ( #3253 ), #6179, .F. ) ;
#1836 = PRESENTATION_LAYER_ASSIGNMENT (  '', '', ( #414 ) ) ;
#1837 = LINE ( 'NONE', #6224, #7557 ) ;
#1838 = CARTESIAN_POINT ( 'NONE',  ( -0.3642901512833205402, 0.03499999999999994782, 0.09028470468954051531 ) ) ;
#1839 = DIRECTION ( 'NONE',  ( 0.000000000000000000, 3.491483361109383250E-15, -1.000000000000000000 ) ) ;
#1840 = CYLINDRICAL_SURFACE ( 'NONE', #959, 0.01999999999999996572 ) ;
#1841 = VECTOR ( 'NONE', #23, 100.0000000000000142 ) ;
#1842 = CARTESIAN_POINT ( 'NONE',  ( 0.3514696961967002653, -0.2425000000000000488, 0.1879999999999999727 ) ) ;
#1843 = ORIENTED_EDGE ( 'NONE', *, *, #3324, .F. ) ;
#1844 = DIRECTION ( 'NONE',  ( 0.000000000000000000, 0.000000000000000000, -1.000000000000000000 ) ) ;
#1845 = ADVANCED_FACE ( 'NONE', ( #3850 ), #4513, .T. ) ;
#1846 = PRESENTATION_STYLE_ASSIGNMENT (( #1148 ) ) ;
#1847 = STYLED_ITEM ( 'NONE', ( #1846 ), #8588 ) ;
#1848 = ADVANCED_FACE ( 'NONE', ( #2352 ), #5445, .T. ) ;
#1849 = LINE ( 'NONE', #5688, #9263 ) ;
#1850 = FACE_OUTER_BOUND ( 'NONE', #5471, .T. ) ;
#1851 = DIRECTION ( 'NONE',  ( 1.000000000000000000, 0.000000000000000000, 0.000000000000000000 ) ) ;
#1852 = FACE_OUTER_BOUND ( 'NONE', #6220, .T. ) ;
#1853 = VECTOR ( 'NONE', #1749, 100.0000000000000000 ) ;
#1854 = ORIENTED_EDGE ( 'NONE', *, *, #4538, .F. ) ;
#1855 = DIRECTION ( 'NONE',  ( -0.1736481760924821760, -2.829986780059754881E-16, 0.9848077532898257269 ) ) ;
#1856 = EDGE_CURVE ( 'NONE', #6591, #7553, #856, .T. ) ;
#1857 = CARTESIAN_POINT ( 'NONE',  ( 0.3509848079341075788, -0.03499999999999992006, 0.01482635179121278082 ) ) ;
#1858 = LINE ( 'NONE', #1109, #5052 ) ;
#1859 = ORIENTED_EDGE ( 'NONE', *, *, #2697, .T. ) ;
#1860 = EDGE_CURVE ( 'NONE', #3103, #8359, #950, .T. ) ;
#1861 = VERTEX_POINT ( 'NONE', #2301 ) ;
#1862 = LINE ( 'NONE', #3372, #3272 ) ;
#1863 = PLANE ( 'NONE',  #2701 ) ;
#1864 = FACE_OUTER_BOUND ( 'NONE', #1703, .T. ) ;
#1865 = CIRCLE ( 'NONE', #3628, 0.01000000000000002623 ) ;
#1866 = DIRECTION ( 'NONE',  ( 0.000000000000000000, -0.000000000000000000, 1.000000000000000000 ) ) ;
#1867 = ADVANCED_FACE ( 'NONE', ( #3991 ), #9347, .F. ) ;
#1868 = ORIENTED_EDGE ( 'NONE', *, *, #433, .T. ) ;
#1869 = CARTESIAN_POINT ( 'NONE',  ( -0.1849999999999997202, -0.3725000000000006084, 0.03999999999999979960 ) ) ;
#1870 = ORIENTED_EDGE ( 'NONE', *, *, #7737, .F. ) ;
#1871 = LINE ( 'NONE', #7279, #3111 ) ;
#1872 = UNCERTAINTY_MEASURE_WITH_UNIT (LENGTH_MEASURE( 1.000000000000000082E-05 ), #286, 'distance_accuracy_value', 'NONE');
#1873 = VERTEX_POINT ( 'NONE', #4793 ) ;
#1874 = AXIS2_PLACEMENT_3D ( 'NONE', #8399, #821, #9088 ) ;
#1875 = SURFACE_STYLE_USAGE ( .BOTH. , #2026 ) ;
#1876 = DIRECTION ( 'NONE',  ( -0.7071067811865492381, 0.7071067811865457964, 0.000000000000000000 ) ) ;
#1877 = SURFACE_STYLE_USAGE ( .BOTH. , #4967 ) ;
#1878 = CARTESIAN_POINT ( 'NONE',  ( -0.3509848078736500510, -0.1775000000000000189, 0.01482635180106138886 ) ) ;
#1879 = DIRECTION ( 'NONE',  ( -1.000000000000000000, 0.000000000000000000, 0.000000000000000000 ) ) ;
#1880 =( LENGTH_UNIT ( ) NAMED_UNIT ( * ) SI_UNIT ( .CENTI., .METRE. ) );
#1881 = ADVANCED_FACE ( 'NONE', ( #6478 ), #1993, .F. ) ;
#1882 = AXIS2_PLACEMENT_3D ( 'NONE', #2862, #6641, #9624 ) ;
#1883 = ORIENTED_EDGE ( 'NONE', *, *, #3963, .T. ) ;
#1884 = DIRECTION ( 'NONE',  ( 0.000000000000000000, 0.000000000000000000, -1.000000000000000000 ) ) ;
#1885 = LINE ( 'NONE', #4974, #2836 ) ;
#1886 = FACE_OUTER_BOUND ( 'NONE', #1925, .T. ) ;
#1887 = FILL_AREA_STYLE ('',( #6225 ) ) ;
#1888 = EDGE_CURVE ( 'NONE', #148, #7947, #355, .T. ) ;
#1889 = DIRECTION ( 'NONE',  ( -0.000000000000000000, -0.000000000000000000, 1.000000000000000000 ) ) ;
#1890 = CARTESIAN_POINT ( 'NONE',  ( -0.06999999999999999278, 0.1900000000000000022, 0.007000000000000001013 ) ) ;
#1891 = VECTOR ( 'NONE', #7145, 100.0000000000000000 ) ;
#1892 = SURFACE_STYLE_USAGE ( .BOTH. , #3352 ) ;
#1893 = VECTOR ( 'NONE', #1229, 99.99999999999998579 ) ;
#1894 = CARTESIAN_POINT ( 'NONE',  ( -0.1849999999999999423, -0.3725000000000004974, 0.06999999999999979849 ) ) ;
#1895 = ORIENTED_EDGE ( 'NONE', *, *, #3265, .T. ) ;
#1896 = CARTESIAN_POINT ( 'NONE',  ( 0.2356854249492379982, -0.3400000000000000244, 0.1630000000000000060 ) ) ;
#1897 = PLANE ( 'NONE',  #6135 ) ;
#1898 =( GEOMETRIC_REPRESENTATION_CONTEXT ( 3 ) GLOBAL_UNCERTAINTY_ASSIGNED_CONTEXT ( ( #3383 ) ) GLOBAL_UNIT_ASSIGNED_CONTEXT ( ( #1930, #6610, #4875 ) ) REPRESENTATION_CONTEXT ( 'NONE', 'WORKASPACE' ) );
#1899 = CIRCLE ( 'NONE', #3660, 0.02000000024674755336 ) ;
#1900 =( NAMED_UNIT ( * ) SI_UNIT ( $, .STERADIAN. ) SOLID_ANGLE_UNIT ( ) );
#1901 =( LENGTH_UNIT ( ) NAMED_UNIT ( * ) SI_UNIT ( .CENTI., .METRE. ) );
#1902 = CARTESIAN_POINT ( 'NONE',  ( -0.3608328854037720634, -0.1775000000000000189, 0.01308987002439213933 ) ) ;
#1903 = DIRECTION ( 'NONE',  ( 0.000000000000000000, -1.000000000000000000, 0.000000000000000000 ) ) ;
#1904 = EDGE_CURVE ( 'NONE', #8225, #6402, #7923, .T. ) ;
#1905 = CIRCLE ( 'NONE', #6681, 0.04999999999999998890 ) ;
#1906 = EDGE_LOOP ( 'NONE', ( #2113, #2281, #5355, #7362 ) ) ;
#1907 = FACE_OUTER_BOUND ( 'NONE', #3426, .T. ) ;
#1908 = DIRECTION ( 'NONE',  ( -1.227642196848865785E-50, 1.000000000000000000, 1.132300070967879485E-31 ) ) ;
#1909 = UNCERTAINTY_MEASURE_WITH_UNIT (LENGTH_MEASURE( 1.000000000000000082E-05 ), #458, 'distance_accuracy_value', 'NONE');
#1910 =( GEOMETRIC_REPRESENTATION_CONTEXT ( 3 ) GLOBAL_UNCERTAINTY_ASSIGNED_CONTEXT ( ( #6459 ) ) GLOBAL_UNIT_ASSIGNED_CONTEXT ( ( #3564, #5749, #8063 ) ) REPRESENTATION_CONTEXT ( 'NONE', 'WORKASPACE' ) );
#1911 = LINE ( 'NONE', #4195, #757 ) ;
#1912 = ORIENTED_EDGE ( 'NONE', *, *, #3162, .T. ) ;
#1913 = VERTEX_POINT ( 'NONE', #3401 ) ;
#1914 = CARTESIAN_POINT ( 'NONE',  ( 0.2389082749236456082, 0.3394948589294401464, 0.1729999775287096864 ) ) ;
#1915 = CARTESIAN_POINT ( 'NONE',  ( 0.3386768041623584580, 0.2406949267651999902, 0.1729999913571935166 ) ) ;
#1916 = EDGE_CURVE ( 'NONE', #4029, #1981, #5427, .T. ) ;
#1917 = DIRECTION ( 'NONE',  ( 0.000000000000000000, 0.000000000000000000, -1.000000000000000000 ) ) ;
#1918 = COLOUR_RGB ( '',0.6470588235294117974, 0.6196078431372549211, 0.5882352941176470784 ) ;
#1919 = EDGE_CURVE ( 'NONE', #699, #2284, #6422, .T. ) ;
#1920 = DIRECTION ( 'NONE',  ( 0.000000000000000000, -0.000000000000000000, 1.000000000000000000 ) ) ;
#1921 = ORIENTED_EDGE ( 'NONE', *, *, #1242, .F. ) ;
#1922 = PRESENTATION_LAYER_ASSIGNMENT (  '', '', ( #3988 ) ) ;
#1923 = MECHANICAL_DESIGN_GEOMETRIC_PRESENTATION_REPRESENTATION (  '', ( #181 ), #9195 ) ;
#1924 = DIRECTION ( 'NONE',  ( 6.735369260825570315E-17, -1.760146872403420140E-16, -1.000000000000000000 ) ) ;
#1925 = EDGE_LOOP ( 'NONE', ( #122, #1971, #3140, #3088, #5010 ) ) ;
#1926 = FACE_OUTER_BOUND ( 'NONE', #2625, .T. ) ;
#1927 = ORIENTED_EDGE ( 'NONE', *, *, #9666, .T. ) ;
#1928 = ORIENTED_EDGE ( 'NONE', *, *, #5901, .T. ) ;
#1929 = CIRCLE ( 'NONE', #819, 0.02000000024674755336 ) ;
#1930 =( LENGTH_UNIT ( ) NAMED_UNIT ( * ) SI_UNIT ( .CENTI., .METRE. ) );
#1931 = ADVANCED_FACE ( 'NONE', ( #4182 ), #504, .T. ) ;
#1932 = LINE ( 'NONE', #2833, #7214 ) ;
#1933 = CARTESIAN_POINT ( 'NONE',  ( -0.07000000000000008993, -0.3049999999999999933, 0.004000000000000002685 ) ) ;
#1934 = CARTESIAN_POINT ( 'NONE',  ( -1.377323619068362719E-16, 0.07141778489984129674, 0.3150000000000000577 ) ) ;
#1935 = PLANE ( 'NONE',  #4830 ) ;
#1936 = ORIENTED_EDGE ( 'NONE', *, *, #5875, .F. ) ;
#1937 = DIRECTION ( 'NONE',  ( -1.000000000000000000, 0.000000000000000000, 0.000000000000000000 ) ) ;
#1938 = DIRECTION ( 'NONE',  ( 0.000000000000000000, 1.000000000000000000, 2.282530889443167515E-16 ) ) ;
#1939 = DIRECTION ( 'NONE',  ( 0.000000000000000000, 0.000000000000000000, -1.000000000000000000 ) ) ;
#1940 = ORIENTED_EDGE ( 'NONE', *, *, #7324, .T. ) ;
#1941 = UNCERTAINTY_MEASURE_WITH_UNIT (LENGTH_MEASURE( 1.000000000000000082E-05 ), #7719, 'distance_accuracy_value', 'NONE');
#1942 =( NAMED_UNIT ( * ) PLANE_ANGLE_UNIT ( ) SI_UNIT ( $, .RADIAN. ) );
#1943 = VECTOR ( 'NONE', #7401, 100.0000000000000000 ) ;
#1944 = ORIENTED_EDGE ( 'NONE', *, *, #7556, .T. ) ;
#1945 = PRESENTATION_STYLE_ASSIGNMENT (( #6532 ) ) ;
#1946 = CARTESIAN_POINT ( 'NONE',  ( -0.07071067811865483499, -2.000396377356436817E-16, 0.3150000000000001132 ) ) ;
#1947 = VECTOR ( 'NONE', #4630, 100.0000000000000000 ) ;
#1948 = APPLICATION_PROTOCOL_DEFINITION ( 'draft international standard', 'automotive_design', 1998, #213 ) ;
#1949 =( LENGTH_UNIT ( ) NAMED_UNIT ( * ) SI_UNIT ( .CENTI., .METRE. ) );
#1950 = CARTESIAN_POINT ( 'NONE',  ( 0.2687005768508874959, -0.3323401871576777689, 0.1879999999999999727 ) ) ;
#1951 = DIRECTION ( 'NONE',  ( -1.000000000000000000, -0.000000000000000000, 0.000000000000000000 ) ) ;
#1952 = EDGE_LOOP ( 'NONE', ( #7021, #1216, #5340, #8390, #5647, #3041 ) ) ;
#1953 = CARTESIAN_POINT ( 'NONE',  ( -0.03323401871576810163, 0.1046518036156088710, 0.4900000000000001577 ) ) ;
#1954 = VECTOR ( 'NONE', #5039, 100.0000000000000000 ) ;
#1955 = EDGE_CURVE ( 'NONE', #8849, #827, #2742, .T. ) ;
#1956 = ORIENTED_EDGE ( 'NONE', *, *, #6608, .F. ) ;
#1957 = ORIENTED_EDGE ( 'NONE', *, *, #7589, .F. ) ;
#1958 = CARTESIAN_POINT ( 'NONE',  ( 0.3500000000000000333, 0.03499999999999999639, 0.1729999999999999871 ) ) ;
#1959 = CARTESIAN_POINT ( 'NONE',  ( 0.1849999999999999423, -0.3725000000000004419, 0.06999999999999979849 ) ) ;
#1960 = CARTESIAN_POINT ( 'NONE',  ( -0.2149999999999999134, 0.3575000001850606735, 0.1679999999999999549 ) ) ;
#1961 = CARTESIAN_POINT ( 'NONE',  ( -0.2500000000000000000, 0.2449999999999999400, 0.004000000000000000083 ) ) ;
#1962 = EDGE_LOOP ( 'NONE', ( #2712, #9009, #2035, #325 ) ) ;
#1963 = FILL_AREA_STYLE_COLOUR ( '', #4750 ) ;
#1964 = ORIENTED_EDGE ( 'NONE', *, *, #2708, .F. ) ;
#1965 = VECTOR ( 'NONE', #6151, 100.0000000000000000 ) ;
#1966 = CARTESIAN_POINT ( 'NONE',  ( 0.3500000000000000333, -0.03499999999999992006, 0.1729999999999999871 ) ) ;
#1967 = ORIENTED_EDGE ( 'NONE', *, *, #4178, .T. ) ;
#1968 = DIRECTION ( 'NONE',  ( 0.000000000000000000, 1.000000000000000000, 0.000000000000000000 ) ) ;
#1969 = ADVANCED_FACE ( 'NONE', ( #5772 ), #1840, .T. ) ;
#1970 = AXIS2_PLACEMENT_3D ( 'NONE', #4189, #5782, #5045 ) ;
#1971 = ORIENTED_EDGE ( 'NONE', *, *, #2173, .F. ) ;
#1972 = ORIENTED_EDGE ( 'NONE', *, *, #4587, .F. ) ;
#1973 = LINE ( 'NONE', #4270, #1893 ) ;
#1974 = LINE ( 'NONE', #385, #7643 ) ;
#1975 = STYLED_ITEM ( 'NONE', ( #6535 ), #3839 ) ;
#1976 = CARTESIAN_POINT ( 'NONE',  ( 0.07000000000000000666, 0.2600000000000000644, 0.007000000000000001013 ) ) ;
#1977 = CARTESIAN_POINT ( 'NONE',  ( 0.3288046532517440723, 0.2651650429449560198, 0.1729999999999999871 ) ) ;
#1978 = CARTESIAN_POINT ( 'NONE',  ( 4.336808689942017736E-17, -0.07141778489984133838, 0.4900000000000001577 ) ) ;
#1979 = ORIENTED_EDGE ( 'NONE', *, *, #1303, .F. ) ;
#1980 = CARTESIAN_POINT ( 'NONE',  ( -0.2780547203178223570, -0.3229860436907429633, 0.1879999999999999727 ) ) ;
#1981 = VERTEX_POINT ( 'NONE', #3544 ) ;
#1982 = AXIS2_PLACEMENT_3D ( 'NONE', #9382, #6536, #1851 ) ;
#1983 = FACE_OUTER_BOUND ( 'NONE', #8753, .T. ) ;
#1984 = CARTESIAN_POINT ( 'NONE',  ( 0.3642901512833205957, -0.2250000000000000611, 0.09028470468954051531 ) ) ;
#1985 = EDGE_CURVE ( 'NONE', #1272, #5426, #6841, .T. ) ;
#1986 = CIRCLE ( 'NONE', #3424, 0.05000000000000000278 ) ;
#1987 = CARTESIAN_POINT ( 'NONE',  ( 0.1254999999999999727, 0.3750000000000000000, 0.1010000000000000064 ) ) ;
#1988 = VECTOR ( 'NONE', #7168, 100.0000000000000000 ) ;
#1989 = EDGE_CURVE ( 'NONE', #5818, #5619, #1246, .T. ) ;
#1990 = DIRECTION ( 'NONE',  ( -1.000000000000000000, 0.000000000000000000, 0.000000000000000000 ) ) ;
#1991 = STYLED_ITEM ( 'NONE', ( #4700 ), #9709 ) ;
#1992 = ORIENTED_EDGE ( 'NONE', *, *, #8013, .F. ) ;
#1993 = CYLINDRICAL_SURFACE ( 'NONE', #9498, 0.02000000000000001082 ) ;
#1994 = DIRECTION ( 'NONE',  ( 0.000000000000000000, 0.000000000000000000, -1.000000000000000000 ) ) ;
#1995 = FILL_AREA_STYLE_COLOUR ( '', #3863 ) ;
#1996 = ORIENTED_EDGE ( 'NONE', *, *, #7966, .F. ) ;
#1997 = FILL_AREA_STYLE_COLOUR ( '', #1125 ) ;
#1998 = MECHANICAL_DESIGN_GEOMETRIC_PRESENTATION_REPRESENTATION (  '', ( #3598 ), #5022 ) ;
#1999 = FACE_OUTER_BOUND ( 'NONE', #2476, .T. ) ;
#2000 =( NAMED_UNIT ( * ) PLANE_ANGLE_UNIT ( ) SI_UNIT ( $, .RADIAN. ) );
#2001 = CIRCLE ( 'NONE', #7538, 0.04700000000000000705 ) ;
#2002 = AXIS2_PLACEMENT_3D ( 'NONE', #5232, #6676, #6725 ) ;
#2003 = DIRECTION ( 'NONE',  ( 1.000000000000000000, -1.788374717501863286E-16, -2.891205793294679017E-15 ) ) ;
#2004 = CARTESIAN_POINT ( 'NONE',  ( -0.3300000000000000155, -0.2356854249492383591, 0.004000000000000010492 ) ) ;
#2005 = FACE_BOUND ( 'NONE', #2763, .T. ) ;
#2006 = CARTESIAN_POINT ( 'NONE',  ( 0.3499999999999999778, -0.07120522349883356972, 0.01500000000000001679 ) ) ;
#2007 = VERTEX_POINT ( 'NONE', #1045 ) ;
#2008 = VECTOR ( 'NONE', #4646, 100.0000000000000000 ) ;
#2009 = SURFACE_SIDE_STYLE ('',( #5096 ) ) ;
#2010 = CARTESIAN_POINT ( 'NONE',  ( 0.1254999999999999727, -0.3750000000000000000, 0.1010000000000000064 ) ) ;
#2011 = ORIENTED_EDGE ( 'NONE', *, *, #3658, .T. ) ;
#2012 = ORIENTED_EDGE ( 'NONE', *, *, #2539, .F. ) ;
#2013 = CARTESIAN_POINT ( 'NONE',  ( 0.3300000000000000155, -0.2356854249492383591, 0.1630000000000000060 ) ) ;
#2014 = FACE_OUTER_BOUND ( 'NONE', #7525, .T. ) ;
#2015 = PRESENTATION_STYLE_ASSIGNMENT (( #5845 ) ) ;
#2016 = ADVANCED_FACE ( 'NONE', ( #1796 ), #7840, .T. ) ;
#2017 = EDGE_LOOP ( 'NONE', ( #8729, #9376, #7231, #5638 ) ) ;
#2018 = EDGE_LOOP ( 'NONE', ( #93, #2890, #9737, #3852 ) ) ;
#2019 = CARTESIAN_POINT ( 'NONE',  ( -0.1046518036156089126, 0.03323401871576776856, 0.4900000000000001577 ) ) ;
#2020 = VECTOR ( 'NONE', #3251, 100.0000000000000000 ) ;
#2021 = ORIENTED_EDGE ( 'NONE', *, *, #7136, .T. ) ;
#2022 = CARTESIAN_POINT ( 'NONE',  ( 0.2780547203178223570, -0.3229860436907429633, 0.1879999999999999727 ) ) ;
#2023 = ORIENTED_EDGE ( 'NONE', *, *, #7532, .F. ) ;
#2024 = AXIS2_PLACEMENT_3D ( 'NONE', #6557, #9399, #3478 ) ;
#2025 = ORIENTED_EDGE ( 'NONE', *, *, #3154, .F. ) ;
#2026 = SURFACE_SIDE_STYLE ('',( #3387 ) ) ;
#2027 = CARTESIAN_POINT ( 'NONE',  ( 0.1254999999999999727, -0.3750000000000000000, 0.1129999999999999893 ) ) ;
#2028 = FACE_OUTER_BOUND ( 'NONE', #4841, .T. ) ;
#2029 = DIRECTION ( 'NONE',  ( 0.7071067811865487940, 0.7071067811865462405, 0.000000000000000000 ) ) ;
#2030 = CARTESIAN_POINT ( 'NONE',  ( -0.3500000000000000333, 0.000000000000000000, 0.003999999877501211193 ) ) ;
#2031 = AXIS2_PLACEMENT_3D ( 'NONE', #825, #1521, #3077 ) ;
#2032 = EDGE_CURVE ( 'NONE', #1064, #9395, #3698, .T. ) ;
#2033 = AXIS2_PLACEMENT_3D ( 'NONE', #4739, #5441, #4884 ) ;
#2034 = DIRECTION ( 'NONE',  ( -0.000000000000000000, -0.000000000000000000, 1.000000000000000000 ) ) ;
#2035 = ORIENTED_EDGE ( 'NONE', *, *, #7440, .T. ) ;
#2036 = DIRECTION ( 'NONE',  ( 0.000000000000000000, 3.290811972840868436E-16, -1.000000000000000000 ) ) ;
#2037 = ADVANCED_FACE ( 'NONE', ( #8088 ), #2561, .F. ) ;
#2038 = LINE ( 'NONE', #1984, #5816 ) ;
#2039 = VECTOR ( 'NONE', #4207, 100.0000000000000000 ) ;
#2040 = DIRECTION ( 'NONE',  ( -0.000000000000000000, 0.000000000000000000, 1.000000000000000000 ) ) ;
#2041 =( NAMED_UNIT ( * ) SI_UNIT ( $, .STERADIAN. ) SOLID_ANGLE_UNIT ( ) );
#2042 = DIRECTION ( 'NONE',  ( 0.7071067811865475727, -0.7071067811865475727, 0.000000000000000000 ) ) ;
#2043 = ORIENTED_EDGE ( 'NONE', *, *, #1418, .F. ) ;
#2044 = FILL_AREA_STYLE_COLOUR ( '', #16 ) ;
#2045 = EDGE_CURVE ( 'NONE', #6567, #4772, #9761, .T. ) ;
#2046 = STYLED_ITEM ( 'NONE', ( #3912 ), #7014 ) ;
#2047 = CARTESIAN_POINT ( 'NONE',  ( -0.2651650429449547985, -0.3288046532517450715, 0.1879999999999999727 ) ) ;
#2048 = DIRECTION ( 'NONE',  ( 0.000000000000000000, 0.000000000000000000, 1.000000000000000000 ) ) ;
#2049 = ADVANCED_FACE ( 'NONE', ( #3004 ), #2144, .F. ) ;
#2050 = PLANE ( 'NONE',  #810 ) ;
#2051 = SURFACE_SIDE_STYLE ('',( #8687 ) ) ;
#2052 = CARTESIAN_POINT ( 'NONE',  ( 0.03323401871576806693, -0.1046518036156088016, 0.5000000000000001110 ) ) ;
#2053 = COLOUR_RGB ( '',0.6470588235294117974, 0.6196078431372549211, 0.5882352941176470784 ) ;
#2054 = CARTESIAN_POINT ( 'NONE',  ( 0.1500000000000000500, 7.441497490213170232E-18, 0.3000000000000001554 ) ) ;
#2055 = FACE_OUTER_BOUND ( 'NONE', #2718, .T. ) ;
#2056 = DIRECTION ( 'NONE',  ( 0.000000000000000000, -0.000000000000000000, -1.000000000000000000 ) ) ;
#2057 = EDGE_CURVE ( 'NONE', #9155, #5911, #1113, .T. ) ;
#2058 = VERTEX_POINT ( 'NONE', #555 ) ;
#2059 = LINE ( 'NONE', #5787, #9322 ) ;
#2060 = AXIS2_PLACEMENT_3D ( 'NONE', #1825, #4123, #6463 ) ;
#2061 = LINE ( 'NONE', #3607, #7861 ) ;
#2062 = ORIENTED_EDGE ( 'NONE', *, *, #7311, .F. ) ;
#2063 = ORIENTED_EDGE ( 'NONE', *, *, #7864, .T. ) ;
#2064 = DIRECTION ( 'NONE',  ( 0.000000000000000000, 1.000000000000000000, 0.000000000000000000 ) ) ;
#2065 = DIRECTION ( 'NONE',  ( -0.000000000000000000, -1.000000000000000000, -0.000000000000000000 ) ) ;
#2066 = ADVANCED_FACE ( 'NONE', ( #3644 ), #6674, .T. ) ;
#2067 = DIRECTION ( 'NONE',  ( 0.000000000000000000, 0.000000000000000000, -1.000000000000000000 ) ) ;
#2068 = VERTEX_POINT ( 'NONE', #8527 ) ;
#2069 = EDGE_CURVE ( 'NONE', #2216, #3355, #3152, .T. ) ;
#2070 = VECTOR ( 'NONE', #5467, 100.0000000000000000 ) ;
#2071 = ORIENTED_EDGE ( 'NONE', *, *, #5684, .T. ) ;
#2072 = DIRECTION ( 'NONE',  ( -0.000000000000000000, -3.491483361109383250E-15, -1.000000000000000000 ) ) ;
#2073 = ORIENTED_EDGE ( 'NONE', *, *, #1538, .T. ) ;
#2074 = LINE ( 'NONE', #4211, #7359 ) ;
#2075 = STYLED_ITEM ( 'NONE', ( #6379 ), #1881 ) ;
#2076 = ORIENTED_EDGE ( 'NONE', *, *, #6231, .F. ) ;
#2077 = ORIENTED_EDGE ( 'NONE', *, *, #1666, .F. ) ;
#2078 = CYLINDRICAL_SURFACE ( 'NONE', #6185, 0.01000000000000001409 ) ;
#2079 = CARTESIAN_POINT ( 'NONE',  ( 0.2365808694827723491, -0.2600000000000000644, 0.004000000000000010492 ) ) ;
#2080 = CIRCLE ( 'NONE', #3843, 0.01100000024499758408 ) ;
#2081 = CARTESIAN_POINT ( 'NONE',  ( 0.2149999999999999134, 0.3725000000000004419, 0.06999999999999981237 ) ) ;
#2082 = DIRECTION ( 'NONE',  ( 0.000000000000000000, 0.000000000000000000, 1.000000000000000000 ) ) ;
#2083 = VECTOR ( 'NONE', #1342, 100.0000000000000000 ) ;
#2084 = VERTEX_POINT ( 'NONE', #9163 ) ;
#2085 = FACE_OUTER_BOUND ( 'NONE', #1537, .T. ) ;
#2086 =( NAMED_UNIT ( * ) SI_UNIT ( $, .STERADIAN. ) SOLID_ANGLE_UNIT ( ) );
#2087 = UNCERTAINTY_MEASURE_WITH_UNIT (LENGTH_MEASURE( 1.000000000000000082E-05 ), #4961, 'distance_accuracy_value', 'NONE');
#2088 = LINE ( 'NONE', #8964, #3897 ) ;
#2089 = ORIENTED_EDGE ( 'NONE', *, *, #5328, .T. ) ;
#2090 = VECTOR ( 'NONE', #1243, 100.0000000000000000 ) ;
#2091 = EDGE_CURVE ( 'NONE', #8447, #4346, #895, .T. ) ;
#2092 = DIRECTION ( 'NONE',  ( -1.000000000000000000, 0.000000000000000000, -1.445602896647338917E-16 ) ) ;
#2093 = CARTESIAN_POINT ( 'NONE',  ( -0.2150000000000000522, 0.3429467888754760829, 0.1879999999999999727 ) ) ;
#2094 = VERTEX_POINT ( 'NONE', #3791 ) ;
#2095 =( NAMED_UNIT ( * ) SI_UNIT ( $, .STERADIAN. ) SOLID_ANGLE_UNIT ( ) );
#2096 = CARTESIAN_POINT ( 'NONE',  ( 5.817072295078466220E-18, -0.1425000000071160178, -0.03000000000095951608 ) ) ;
#2097 = VECTOR ( 'NONE', #7487, 100.0000000000000000 ) ;
#2098 = CARTESIAN_POINT ( 'NONE',  ( 0.3741382288134425527, 0.2250000000000000611, 0.08854822291287120506 ) ) ;
#2099 = AXIS2_PLACEMENT_3D ( 'NONE', #602, #3491, #5823 ) ;
#2100 = SURFACE_STYLE_FILL_AREA ( #8871 ) ;
#2101 = CARTESIAN_POINT ( 'NONE',  ( -0.1310000000000000053, 0.3429467888754760829, 0.1729999999999999871 ) ) ;
#2102 = ADVANCED_FACE ( 'NONE', ( #154 ), #6694, .T. ) ;
#2103 = VECTOR ( 'NONE', #5758, 100.0000000000000000 ) ;
#2104 = DIRECTION ( 'NONE',  ( 1.000000000000000000, 0.000000000000000000, 0.000000000000000000 ) ) ;
#2105 = ADVANCED_FACE ( 'NONE', ( #937 ), #7151, .T. ) ;
#2106 = DIRECTION ( 'NONE',  ( -1.000000000000000000, 0.000000000000000000, 0.000000000000000000 ) ) ;
#2107 = CARTESIAN_POINT ( 'NONE',  ( 0.3509848078736499399, 0.1074999999999999845, 0.01482635180106140448 ) ) ;
#2108 = MECHANICAL_DESIGN_GEOMETRIC_PRESENTATION_REPRESENTATION (  '', ( #8432 ), #8275 ) ;
#2109 = VERTEX_POINT ( 'NONE', #9214 ) ;
#2110 =( NAMED_UNIT ( * ) SI_UNIT ( $, .STERADIAN. ) SOLID_ANGLE_UNIT ( ) );
#2111 = EDGE_CURVE ( 'NONE', #3199, #8802, #3684, .T. ) ;
#2112 = STYLED_ITEM ( 'NONE', ( #3498 ), #6054 ) ;
#2113 = ORIENTED_EDGE ( 'NONE', *, *, #4421, .T. ) ;
#2114 = ORIENTED_EDGE ( 'NONE', *, *, #8988, .T. ) ;
#2115 = SURFACE_STYLE_FILL_AREA ( #6594 ) ;
#2116 = LINE ( 'NONE', #578, #5156 ) ;
#2117 = FACE_OUTER_BOUND ( 'NONE', #979, .T. ) ;
#2118 = DIRECTION ( 'NONE',  ( 0.000000000000000000, 0.000000000000000000, 1.000000000000000000 ) ) ;
#2119 = STYLED_ITEM ( 'NONE', ( #2684 ), #6429 ) ;
#2120 = ORIENTED_EDGE ( 'NONE', *, *, #8912, .T. ) ;
#2121 = CARTESIAN_POINT ( 'NONE',  ( -0.3370710678118654102, -0.2427564927611038093, 0.1630000000000000060 ) ) ;
#2122 = EDGE_LOOP ( 'NONE', ( #378, #8395, #4522, #5586 ) ) ;
#2123 = DIRECTION ( 'NONE',  ( -1.000000000000000000, 0.000000000000000000, 0.000000000000000000 ) ) ;
#2124 = VERTEX_POINT ( 'NONE', #5021 ) ;
#2125 =( NAMED_UNIT ( * ) PLANE_ANGLE_UNIT ( ) SI_UNIT ( $, .RADIAN. ) );
#2126 = VERTEX_POINT ( 'NONE', #5671 ) ;
#2127 = ORIENTED_EDGE ( 'NONE', *, *, #3625, .T. ) ;
#2128 = CARTESIAN_POINT ( 'NONE',  ( 0.2356854249492381925, -0.3399999999999999134, 0.1730000000000000149 ) ) ;
#2129 = CARTESIAN_POINT ( 'NONE',  ( -0.2044929080402671517, 1.227666219484110049E-17, 0.1930000000000002547 ) ) ;
#2130 = PRESENTATION_STYLE_ASSIGNMENT (( #2882 ) ) ;
#2131 = DIRECTION ( 'NONE',  ( -0.000000000000000000, -3.491483361109383250E-15, 1.000000000000000000 ) ) ;
#2132 = VECTOR ( 'NONE', #9793, 100.0000000000000000 ) ;
#2133 = DIRECTION ( 'NONE',  ( -1.000000000000000000, 0.000000000000000000, 0.000000000000000000 ) ) ;
#2134 = ORIENTED_EDGE ( 'NONE', *, *, #4178, .F. ) ;
#2135 = AXIS2_PLACEMENT_3D ( 'NONE', #4593, #9129, #1554 ) ;
#2136 = VERTEX_POINT ( 'NONE', #249 ) ;
#2137 = CARTESIAN_POINT ( 'NONE',  ( -0.2149999999999999134, -0.3725000000000004419, 0.06999999999999979849 ) ) ;
#2138 = ORIENTED_EDGE ( 'NONE', *, *, #418, .F. ) ;
#2139 = VECTOR ( 'NONE', #6237, 100.0000000000000000 ) ;
#2140 = VECTOR ( 'NONE', #6141, 100.0000000000000000 ) ;
#2141 = DIRECTION ( 'NONE',  ( 0.000000000000000000, -3.491483361109383250E-15, 1.000000000000000000 ) ) ;
#2142 = LINE ( 'NONE', #4432, #9038 ) ;
#2143 = ORIENTED_EDGE ( 'NONE', *, *, #6277, .T. ) ;
#2144 = PLANE ( 'NONE',  #3357 ) ;
#2145 = PLANE ( 'NONE',  #3762 ) ;
#2146 = LINE ( 'NONE', #9764, #1482 ) ;
#2147 = EDGE_CURVE ( 'NONE', #6802, #583, #5482, .T. ) ;
#2148 = TOROIDAL_SURFACE ( 'NONE', #4051, 0.009999999999998508346, 0.01000000000000003664 ) ;
#2149 = DIRECTION ( 'NONE',  ( -1.000000000000000000, 0.000000000000000000, -1.084202172485504434E-19 ) ) ;
#2150 = CARTESIAN_POINT ( 'NONE',  ( 0.2427564927611034207, 0.3370710678118654657, 0.1729999999999999871 ) ) ;
#2151 = CARTESIAN_POINT ( 'NONE',  ( -0.3642901512833205957, 0.1775000000000000189, 0.09028470468954044592 ) ) ;
#2152 = VECTOR ( 'NONE', #9790, 100.0000000000000000 ) ;
#2153 = CARTESIAN_POINT ( 'NONE',  ( -0.09758073580374354572, 0.02616295090390220041, 0.5000000000000001110 ) ) ;
#2154 = COLOUR_RGB ( '',0.6470588235294117974, 0.6196078431372549211, 0.5882352941176470784 ) ;
#2155 = EDGE_CURVE ( 'NONE', #8818, #8253, #180, .T. ) ;
#2156 = VERTEX_POINT ( 'NONE', #6513 ) ;
#2157 = DIRECTION ( 'NONE',  ( 2.775557561562890118E-17, -1.000000000000000000, -2.737953000754036065E-18 ) ) ;
#2158 = CARTESIAN_POINT ( 'NONE',  ( -0.3400000000000001354, 0.2356854249492382758, 0.1729999999999999871 ) ) ;
#2159 = EDGE_CURVE ( 'NONE', #1831, #5938, #4025, .T. ) ;
#2160 = COLOUR_RGB ( '',1.000000000000000000, 1.000000000000000000, 1.000000000000000000 ) ;
#2161 = AXIS2_PLACEMENT_3D ( 'NONE', #8279, #5182, #7537 ) ;
#2162 = ORIENTED_EDGE ( 'NONE', *, *, #1435, .T. ) ;
#2163 = DIRECTION ( 'NONE',  ( -0.7071067811865487940, 0.7071067811865462405, 0.000000000000000000 ) ) ;
#2164 = CARTESIAN_POINT ( 'NONE',  ( 0.3500000000000000333, 0.1775000000000000189, 0.01399999975500245894 ) ) ;
#2165 = AXIS2_PLACEMENT_3D ( 'NONE', #1869, #4912, #7913 ) ;
#2166 = EDGE_CURVE ( 'NONE', #6897, #7522, #4629, .T. ) ;
#2167 = EDGE_CURVE ( 'NONE', #9081, #3513, #1121, .T. ) ;
#2168 =( GEOMETRIC_REPRESENTATION_CONTEXT ( 3 ) GLOBAL_UNCERTAINTY_ASSIGNED_CONTEXT ( ( #5665 ) ) GLOBAL_UNIT_ASSIGNED_CONTEXT ( ( #3497, #5825, #5084 ) ) REPRESENTATION_CONTEXT ( 'NONE', 'WORKASPACE' ) );
#2169 = ORIENTED_EDGE ( 'NONE', *, *, #4910, .T. ) ;
#2170 = SURFACE_STYLE_FILL_AREA ( #6702 ) ;
#2171 = ORIENTED_EDGE ( 'NONE', *, *, #8370, .T. ) ;
#2172 = CARTESIAN_POINT ( 'NONE',  ( 0.1254999999999999727, 0.3724999999999997757, 0.1019349540849361496 ) ) ;
#2173 = EDGE_CURVE ( 'NONE', #4185, #8531, #4127, .T. ) ;
#2174 = ORIENTED_EDGE ( 'NONE', *, *, #7369, .F. ) ;
#2175 = DIRECTION ( 'NONE',  ( 1.000000000000000000, -0.000000000000000000, -0.000000000000000000 ) ) ;
#2176 = SURFACE_SIDE_STYLE ('',( #6472 ) ) ;
#2177 = ORIENTED_EDGE ( 'NONE', *, *, #8230, .T. ) ;
#2178 = ORIENTED_EDGE ( 'NONE', *, *, #7494, .F. ) ;
#2179 = CARTESIAN_POINT ( 'NONE',  ( 0.2401204050130042178, -0.3389927782070674134, 0.1729999775287097696 ) ) ;
#2180 = FACE_OUTER_BOUND ( 'NONE', #9250, .T. ) ;
#2181 = LINE ( 'NONE', #8368, #2132 ) ;
#2182 = LINE ( 'NONE', #5220, #6975 ) ;
#2183 = EDGE_CURVE ( 'NONE', #7650, #6899, #7461, .T. ) ;
#2184 = CIRCLE ( 'NONE', #6145, 0.04700000000000000705 ) ;
#2185 = DIRECTION ( 'NONE',  ( -0.000000000000000000, -1.000000000000000000, -0.000000000000000000 ) ) ;
#2186 = ORIENTED_EDGE ( 'NONE', *, *, #8094, .F. ) ;
#2187 = EDGE_LOOP ( 'NONE', ( #3773, #4429, #961, #6814 ) ) ;
#2188 = CYLINDRICAL_SURFACE ( 'NONE', #9175, 0.02000000024674755336 ) ;
#2189 = LINE ( 'NONE', #4428, #3584 ) ;
#2190 = ORIENTED_EDGE ( 'NONE', *, *, #891, .F. ) ;
#2191 = DIRECTION ( 'NONE',  ( -1.227642196848865785E-50, 1.000000000000000000, 1.132300070967879485E-31 ) ) ;
#2192 = CIRCLE ( 'NONE', #4890, 0.03700000000000003286 ) ;
#2193 = CARTESIAN_POINT ( 'NONE',  ( -0.3298350308547479126, -0.1774999999999999911, -0.1051199933897667138 ) ) ;
#2194 = ORIENTED_EDGE ( 'NONE', *, *, #6726, .T. ) ;
#2195 = PRESENTATION_STYLE_ASSIGNMENT (( #8867 ) ) ;
#2196 = EDGE_CURVE ( 'NONE', #8261, #4611, #4469, .T. ) ;
#2197 = LINE ( 'NONE', #4332, #1355 ) ;
#2198 = DIRECTION ( 'NONE',  ( -2.552652363152067741E-32, 3.491483361109383250E-15, 1.000000000000000000 ) ) ;
#2199 = UNCERTAINTY_MEASURE_WITH_UNIT (LENGTH_MEASURE( 1.000000000000000082E-05 ), #1304, 'distance_accuracy_value', 'NONE');
#2200 = CARTESIAN_POINT ( 'NONE',  ( 0.07000000000000000666, 0.3049999999999999933, 0.06800000000000000488 ) ) ;
#2201 = EDGE_CURVE ( 'NONE', #1428, #1080, #2722, .T. ) ;
#2202 = DIRECTION ( 'NONE',  ( -0.7071067811865461294, -0.7071067811865489050, 0.000000000000000000 ) ) ;
#2203 = AXIS2_PLACEMENT_3D ( 'NONE', #3027, #7709, #73 ) ;
#2204 = CARTESIAN_POINT ( 'NONE',  ( 0.2793071785686857544, 0.3524999999999999800, 0.1879999999999999727 ) ) ;
#2205 = CARTESIAN_POINT ( 'NONE',  ( -0.2149999999999999689, 0.3429467888754760829, 0.1879999999999999727 ) ) ;
#2206 = VERTEX_POINT ( 'NONE', #4221 ) ;
#2207 = DIRECTION ( 'NONE',  ( -7.311082709387417497E-18, 1.000000000000000000, -3.491483361109382066E-15 ) ) ;
#2208 = VECTOR ( 'NONE', #1353, 100.0000000000000000 ) ;
#2209 = DIRECTION ( 'NONE',  ( -0.8320502943378432770, -0.5547001962252295915, 0.000000000000000000 ) ) ;
#2210 = ADVANCED_FACE ( 'NONE', ( #7240 ), #9497, .F. ) ;
#2211 = ORIENTED_EDGE ( 'NONE', *, *, #2183, .F. ) ;
#2212 = LINE ( 'NONE', #2759, #6445 ) ;
#2213 = CARTESIAN_POINT ( 'NONE',  ( -0.02616295090390233918, -0.09758073580374347633, 0.4900000000000001577 ) ) ;
#2214 = DIRECTION ( 'NONE',  ( -0.000000000000000000, -0.000000000000000000, 1.000000000000000000 ) ) ;
#2215 = DIRECTION ( 'NONE',  ( -0.7071067811865464625, -0.7071067811865485719, 0.000000000000000000 ) ) ;
#2216 = VERTEX_POINT ( 'NONE', #6662 ) ;
#2217 = CYLINDRICAL_SURFACE ( 'NONE', #2203, 0.005000000246747557386 ) ;
#2218 = FILL_AREA_STYLE_COLOUR ( '', #25 ) ;
#2219 = CARTESIAN_POINT ( 'NONE',  ( 0.1060660171779821276, -0.03535533905932722321, 0.3000000000000000999 ) ) ;
#2220 =( LENGTH_UNIT ( ) NAMED_UNIT ( * ) SI_UNIT ( .CENTI., .METRE. ) );
#2221 = CARTESIAN_POINT ( 'NONE',  ( 0.2356854249492379982, 0.3500000000000000333, 0.1630000000000000060 ) ) ;
#2222 = VERTEX_POINT ( 'NONE', #7429 ) ;
#2223 = EDGE_CURVE ( 'NONE', #4782, #5841, #642, .T. ) ;
#2224 = VERTEX_POINT ( 'NONE', #9004 ) ;
#2225 = VECTOR ( 'NONE', #4013, 100.0000000000000000 ) ;
#2226 = LINE ( 'NONE', #5308, #1098 ) ;
#2227 = LINE ( 'NONE', #8904, #6585 ) ;
#2228 = ADVANCED_FACE ( 'NONE', ( #4321 ), #9698, .T. ) ;
#2229 = FACE_OUTER_BOUND ( 'NONE', #2017, .T. ) ;
#2230 = CIRCLE ( 'NONE', #3354, 0.005000000000000229955 ) ;
#2231 = VERTEX_POINT ( 'NONE', #9648 ) ;
#2232 = LINE ( 'NONE', #9601, #4260 ) ;
#2233 = EDGE_LOOP ( 'NONE', ( #4005, #7029, #9751, #9177 ) ) ;
#2234 = DIRECTION ( 'NONE',  ( 1.000000000000000000, 0.000000000000000000, 0.000000000000000000 ) ) ;
#2235 = ORIENTED_EDGE ( 'NONE', *, *, #9320, .F. ) ;
#2236 = CARTESIAN_POINT ( 'NONE',  ( -0.2605587312717443371, -0.3524999999999999800, 0.1680000000000000382 ) ) ;
#2237 = EDGE_LOOP ( 'NONE', ( #7569, #2076, #5369, #906 ) ) ;
#2238 = EDGE_CURVE ( 'NONE', #6922, #7851, #1232, .T. ) ;
#2239 = AXIS2_PLACEMENT_3D ( 'NONE', #7321, #9533, #675 ) ;
#2240 = DIRECTION ( 'NONE',  ( 0.000000000000000000, -1.000000000000000000, -3.491483361109383250E-15 ) ) ;
#2241 = DIRECTION ( 'NONE',  ( 0.000000000000000000, -3.290811972840868436E-16, 1.000000000000000000 ) ) ;
#2242 = ORIENTED_EDGE ( 'NONE', *, *, #5413, .T. ) ;
#2243 = LINE ( 'NONE', #1254, #3746 ) ;
#2244 = MECHANICAL_DESIGN_GEOMETRIC_PRESENTATION_REPRESENTATION (  '', ( #2075 ), #7772 ) ;
#2245 =( NAMED_UNIT ( * ) PLANE_ANGLE_UNIT ( ) SI_UNIT ( $, .RADIAN. ) );
#2246 = CARTESIAN_POINT ( 'NONE',  ( 0.06999999999999999278, 0.2600000000000000644, 0.007000000000000001013 ) ) ;
#2247 = PLANE ( 'NONE',  #9231 ) ;
#2248 = PRESENTATION_LAYER_ASSIGNMENT (  '', '', ( #9190 ) ) ;
#2249 = FILL_AREA_STYLE_COLOUR ( '', #6769 ) ;
#2250 = SURFACE_STYLE_FILL_AREA ( #2958 ) ;
#2251 = VECTOR ( 'NONE', #1540, 100.0000000000000000 ) ;
#2252 = CYLINDRICAL_SURFACE ( 'NONE', #7669, 0.08499999999999997835 ) ;
#2253 = COLOUR_RGB ( '',0.6470588235294117974, 0.6196078431372549211, 0.5882352941176470784 ) ;
#2254 = ORIENTED_EDGE ( 'NONE', *, *, #5242, .T. ) ;
#2255 = CARTESIAN_POINT ( 'NONE',  ( -0.2356854249492379982, 0.3500000000000000333, 0.1729999999999999871 ) ) ;
#2256 =( LENGTH_UNIT ( ) NAMED_UNIT ( * ) SI_UNIT ( .CENTI., .METRE. ) );
#2257 = VECTOR ( 'NONE', #780, 100.0000000000000000 ) ;
#2258 = AXIS2_PLACEMENT_3D ( 'NONE', #2006, #417, #2807 ) ;
#2259 = ORIENTED_EDGE ( 'NONE', *, *, #9345, .F. ) ;
#2260 = PRESENTATION_STYLE_ASSIGNMENT (( #6038 ) ) ;
#2261 = CYLINDRICAL_SURFACE ( 'NONE', #3892, 0.001000000244997557852 ) ;
#2262 = CARTESIAN_POINT ( 'NONE',  ( -0.1849999999999999423, 0.3725000000000004419, 0.06999999999999979849 ) ) ;
#2263 = DIRECTION ( 'NONE',  ( 6.735369260825571547E-17, -1.760146872403419401E-16, -1.000000000000000000 ) ) ;
#2264 = EDGE_LOOP ( 'NONE', ( #4020, #3109 ) ) ;
#2265 = LINE ( 'NONE', #6795, #3012 ) ;
#2266 = ADVANCED_FACE ( 'NONE', ( #2229 ), #2884, .F. ) ;
#2267 = ORIENTED_EDGE ( 'NONE', *, *, #5334, .T. ) ;
#2268 = VECTOR ( 'NONE', #7640, 100.0000000000000000 ) ;
#2269 = CARTESIAN_POINT ( 'NONE',  ( 0.09758073580374324041, 0.02616295090390269654, 0.4900000000000001577 ) ) ;
#2270 = DIRECTION ( 'NONE',  ( -1.000000000000000000, -0.000000000000000000, 0.000000000000000000 ) ) ;
#2271 = ORIENTED_EDGE ( 'NONE', *, *, #6846, .F. ) ;
#2272 = VERTEX_POINT ( 'NONE', #495 ) ;
#2273 = CARTESIAN_POINT ( 'NONE',  ( -0.1849999999999999423, 0.3725000000000004419, 0.06999999999999979849 ) ) ;
#2274 = DIRECTION ( 'NONE',  ( -0.000000000000000000, -1.000000000000000000, -0.000000000000000000 ) ) ;
#2275 = VECTOR ( 'NONE', #104, 100.0000000000000000 ) ;
#2276 = FILL_AREA_STYLE_COLOUR ( '', #5637 ) ;
#2277 = ORIENTED_EDGE ( 'NONE', *, *, #2045, .T. ) ;
#2278 = LINE ( 'NONE', #4569, #129 ) ;
#2279 = EDGE_CURVE ( 'NONE', #2314, #2823, #2182, .T. ) ;
#2280 = ORIENTED_EDGE ( 'NONE', *, *, #8630, .T. ) ;
#2281 = ORIENTED_EDGE ( 'NONE', *, *, #6149, .T. ) ;
#2282 = DIRECTION ( 'NONE',  ( -0.7071067811865420216, -0.7071067811865531239, 2.617495589168923241E-15 ) ) ;
#2283 = VECTOR ( 'NONE', #3437, 100.0000000000000000 ) ;
#2284 = VERTEX_POINT ( 'NONE', #8223 ) ;
#2285 = EDGE_CURVE ( 'NONE', #6446, #5362, #1425, .T. ) ;
#2286 = CARTESIAN_POINT ( 'NONE',  ( -0.3741382288134426637, -0.2250000000000000611, 0.08854822291287120506 ) ) ;
#2287 = CARTESIAN_POINT ( 'NONE',  ( 0.2149999999999999134, 0.3575000000000004285, 0.07000000000000004829 ) ) ;
#2288 = CARTESIAN_POINT ( 'NONE',  ( -0.3525000000000000355, -0.2425000000000000488, 0.1729999999999999871 ) ) ;
#2289 = PRESENTATION_STYLE_ASSIGNMENT (( #847 ) ) ;
#2290 = DIRECTION ( 'NONE',  ( -1.000000000000000000, -7.311082709387417497E-18, 0.000000000000000000 ) ) ;
#2291 = CARTESIAN_POINT ( 'NONE',  ( 0.3575000000000000400, 0.2425000000000000488, 0.1430000000000000160 ) ) ;
#2292 = EDGE_CURVE ( 'NONE', #1172, #6042, #595, .T. ) ;
#2293 = VERTEX_POINT ( 'NONE', #7478 ) ;
#2294 = CARTESIAN_POINT ( 'NONE',  ( -0.3500000000000000333, 0.1074999999999999567, 0.01399999975500245894 ) ) ;
#2295 = DIRECTION ( 'NONE',  ( 6.735369260825570315E-17, -1.760146872403420140E-16, -1.000000000000000000 ) ) ;
#2296 = EDGE_LOOP ( 'NONE', ( #8806, #4482, #6943, #6265 ) ) ;
#2297 = UNCERTAINTY_MEASURE_WITH_UNIT (LENGTH_MEASURE( 1.000000000000000082E-05 ), #4272, 'distance_accuracy_value', 'NONE');
#2298 = MECHANICAL_DESIGN_GEOMETRIC_PRESENTATION_REPRESENTATION (  '', ( #8297 ), #6421 ) ;
#2299 = LINE ( 'NONE', #5341, #6873 ) ;
#2300 = PRESENTATION_LAYER_ASSIGNMENT (  '', '', ( #4363 ) ) ;
#2301 = CARTESIAN_POINT ( 'NONE',  ( 0.2149999999999999967, 0.3524999999999999800, 0.1880000001233737561 ) ) ;
#2302 = CIRCLE ( 'NONE', #3738, 0.01000000000000001409 ) ;
#2303 = EDGE_CURVE ( 'NONE', #8564, #3593, #1905, .T. ) ;
#2304 = ORIENTED_EDGE ( 'NONE', *, *, #4406, .F. ) ;
#2305 = VECTOR ( 'NONE', #8686, 100.0000000000000000 ) ;
#2306 = CARTESIAN_POINT ( 'NONE',  ( 0.03535533905932755627, -0.1060660171779820582, 0.3000000000000000999 ) ) ;
#2307 = CIRCLE ( 'NONE', #9731, 0.009999999999999998473 ) ;
#2308 = ORIENTED_EDGE ( 'NONE', *, *, #8935, .T. ) ;
#2309 = LINE ( 'NONE', #9085, #3415 ) ;
#2310 = CIRCLE ( 'NONE', #4378, 0.01999999999999996572 ) ;
#2311 = CARTESIAN_POINT ( 'NONE',  ( -0.1310000000000000331, 0.4381999999999999784, 0.1879999999999999727 ) ) ;
#2312 = UNCERTAINTY_MEASURE_WITH_UNIT (LENGTH_MEASURE( 1.000000000000000082E-05 ), #7371, 'distance_accuracy_value', 'NONE');
#2313 = LINE ( 'NONE', #5353, #6204 ) ;
#2314 = VERTEX_POINT ( 'NONE', #2081 ) ;
#2315 =( GEOMETRIC_REPRESENTATION_CONTEXT ( 3 ) GLOBAL_UNCERTAINTY_ASSIGNED_CONTEXT ( ( #9716 ) ) GLOBAL_UNIT_ASSIGNED_CONTEXT ( ( #547, #9799, #7339 ) ) REPRESENTATION_CONTEXT ( 'NONE', 'WORKASPACE' ) );
#2316 =( GEOMETRIC_REPRESENTATION_CONTEXT ( 3 ) GLOBAL_UNCERTAINTY_ASSIGNED_CONTEXT ( ( #7134 ) ) GLOBAL_UNIT_ASSIGNED_CONTEXT ( ( #9063, #4431, #50 ) ) REPRESENTATION_CONTEXT ( 'NONE', 'WORKASPACE' ) );
#2317 = VERTEX_POINT ( 'NONE', #6565 ) ;
#2318 = CARTESIAN_POINT ( 'NONE',  ( 5.742402914055457549E-17, -0.07141778489984136613, 0.3150000000000000577 ) ) ;
#2319 = DIRECTION ( 'NONE',  ( 0.000000000000000000, 0.000000000000000000, 1.000000000000000000 ) ) ;
#2320 = FACE_OUTER_BOUND ( 'NONE', #8107, .T. ) ;
#2321 = ORIENTED_EDGE ( 'NONE', *, *, #5828, .T. ) ;
#2322 = VERTEX_POINT ( 'NONE', #9750 ) ;
#2323 = SURFACE_SIDE_STYLE ('',( #828 ) ) ;
#2324 =( NAMED_UNIT ( * ) SI_UNIT ( $, .STERADIAN. ) SOLID_ANGLE_UNIT ( ) );
#2325 = CIRCLE ( 'NONE', #6129, 0.001000000244997557852 ) ;
#2326 = EDGE_CURVE ( 'NONE', #9542, #7553, #7335, .T. ) ;
#2327 = CARTESIAN_POINT ( 'NONE',  ( -0.2356854249492379982, 0.3300000000000000155, 0.004000000000000010492 ) ) ;
#2328 = FACE_OUTER_BOUND ( 'NONE', #5224, .T. ) ;
#2329 = LINE ( 'NONE', #5368, #2556 ) ;
#2330 = ORIENTED_EDGE ( 'NONE', *, *, #8487, .T. ) ;
#2331 = DIRECTION ( 'NONE',  ( 0.000000000000000000, 1.000000000000000000, 0.000000000000000000 ) ) ;
#2332 = ORIENTED_EDGE ( 'NONE', *, *, #684, .T. ) ;
#2333 = CARTESIAN_POINT ( 'NONE',  ( 0.2439696961966996425, -0.3500000000000000333, 0.1879999999999999727 ) ) ;
#2334 = ORIENTED_EDGE ( 'NONE', *, *, #4275, .T. ) ;
#2335 = CARTESIAN_POINT ( 'NONE',  ( -0.1254999999999999727, -0.3725000000274166778, 0.1019349540849361774 ) ) ;
#2336 = VERTEX_POINT ( 'NONE', #543 ) ;
#2337 = EDGE_CURVE ( 'NONE', #3883, #1159, #4926, .T. ) ;
#2338 = DIRECTION ( 'NONE',  ( 0.7071067811865461294, 0.7071067811865489050, 0.000000000000000000 ) ) ;
#2339 = DIRECTION ( 'NONE',  ( 1.000000000000000000, -1.548860246407863829E-16, 0.000000000000000000 ) ) ;
#2340 =( LENGTH_UNIT ( ) NAMED_UNIT ( * ) SI_UNIT ( .CENTI., .METRE. ) );
#2341 = STYLED_ITEM ( 'NONE', ( #5234 ), #8817 ) ;
#2342 = SURFACE_STYLE_FILL_AREA ( #4582 ) ;
#2343 = EDGE_CURVE ( 'NONE', #5170, #6514, #8814, .T. ) ;
#2344 = CARTESIAN_POINT ( 'NONE',  ( -0.3499999999999999778, 0.1074999999999999567, 0.01500000000000001679 ) ) ;
#2345 = ORIENTED_EDGE ( 'NONE', *, *, #7995, .T. ) ;
#2346 = SURFACE_STYLE_USAGE ( .BOTH. , #2956 ) ;
#2347 = CARTESIAN_POINT ( 'NONE',  ( 0.2439696961966996425, -0.3500000000000000333, 0.1879999999999999727 ) ) ;
#2348 = VECTOR ( 'NONE', #5514, 100.0000000000000000 ) ;
#2349 = ORIENTED_EDGE ( 'NONE', *, *, #1445, .F. ) ;
#2350 = ADVANCED_FACE ( 'NONE', ( #6615 ), #9599, .T. ) ;
#2351 = LINE ( 'NONE', #7694, #6398 ) ;
#2352 = FACE_OUTER_BOUND ( 'NONE', #5074, .T. ) ;
#2353 = VECTOR ( 'NONE', #7770, 100.0000000000000000 ) ;
#2354 = EDGE_CURVE ( 'NONE', #6193, #9096, #6055, .T. ) ;
#2355 = VECTOR ( 'NONE', #1694, 100.0000000000000000 ) ;
#2356 = ORIENTED_EDGE ( 'NONE', *, *, #5727, .F. ) ;
#2357 = LINE ( 'NONE', #8245, #5037 ) ;
#2358 = AXIS2_PLACEMENT_3D ( 'NONE', #367, #7757, #3319 ) ;
#2359 = ADVANCED_FACE ( 'NONE', ( #1628 ), #4508, .T. ) ;
#2360 = ORIENTED_EDGE ( 'NONE', *, *, #6047, .F. ) ;
#2361 = SURFACE_SIDE_STYLE ('',( #7504 ) ) ;
#2362 = DIRECTION ( 'NONE',  ( 1.000000000000000000, 0.000000000000000000, 0.000000000000000000 ) ) ;
#2363 = CARTESIAN_POINT ( 'NONE',  ( 0.1254999999999999727, 0.3750000000000000000, 0.1129999999999999893 ) ) ;
#2364 = DIRECTION ( 'NONE',  ( -0.000000000000000000, -1.000000000000000000, -0.000000000000000000 ) ) ;
#2365 = CIRCLE ( 'NONE', #3171, 0.1831611487432383001 ) ;
#2366 = ORIENTED_EDGE ( 'NONE', *, *, #5686, .F. ) ;
#2367 = SURFACE_STYLE_USAGE ( .BOTH. , #9188 ) ;
#2368 = ORIENTED_EDGE ( 'NONE', *, *, #4166, .T. ) ;
#2369 = CARTESIAN_POINT ( 'NONE',  ( -0.2349999999999999589, 0.2600000000000000089, 0.000000000000000000 ) ) ;
#2370 =( NAMED_UNIT ( * ) PLANE_ANGLE_UNIT ( ) SI_UNIT ( $, .RADIAN. ) );
#2371 = FACE_OUTER_BOUND ( 'NONE', #1364, .T. ) ;
#2372 = UNCERTAINTY_MEASURE_WITH_UNIT (LENGTH_MEASURE( 1.000000000000000082E-05 ), #1089, 'distance_accuracy_value', 'NONE');
#2373 = EDGE_LOOP ( 'NONE', ( #4300, #95, #8719, #6707 ) ) ;
#2374 = EDGE_CURVE ( 'NONE', #9743, #9679, #3825, .T. ) ;
#2375 = VECTOR ( 'NONE', #8624, 100.0000000000000000 ) ;
#2376 = ORIENTED_EDGE ( 'NONE', *, *, #1594, .T. ) ;
#2377 = CARTESIAN_POINT ( 'NONE',  ( -0.1254999999999999449, -0.3490212044152968263, 0.1673148430907077933 ) ) ;
#2378 = SURFACE_STYLE_USAGE ( .BOTH. , #8412 ) ;
#2379 = DIRECTION ( 'NONE',  ( -1.000000000000000000, -1.715263890407989127E-16, 0.000000000000000000 ) ) ;
#2380 = EDGE_CURVE ( 'NONE', #3619, #4426, #5414, .T. ) ;
#2381 = VERTEX_POINT ( 'NONE', #9102 ) ;
#2382 = CARTESIAN_POINT ( 'NONE',  ( -0.2780547203178223570, 0.3229860436907429633, 0.1879999999999999727 ) ) ;
#2383 = VERTEX_POINT ( 'NONE', #3876 ) ;
#2384 = DIRECTION ( 'NONE',  ( -2.065146995210489872E-16, -3.491483361109382461E-15, 1.000000000000000000 ) ) ;
#2385 = ORIENTED_EDGE ( 'NONE', *, *, #8193, .F. ) ;
#2386 = LINE ( 'NONE', #5530, #2829 ) ;
#2387 = VECTOR ( 'NONE', #7235, 100.0000000000000000 ) ;
#2388 = ORIENTED_EDGE ( 'NONE', *, *, #6888, .T. ) ;
#2389 = VECTOR ( 'NONE', #9058, 100.0000000000000000 ) ;
#2390 =( LENGTH_UNIT ( ) NAMED_UNIT ( * ) SI_UNIT ( .CENTI., .METRE. ) );
#2391 = DIRECTION ( 'NONE',  ( -1.000000000000000000, 0.000000000000000000, 0.000000000000000000 ) ) ;
#2392 = MECHANICAL_DESIGN_GEOMETRIC_PRESENTATION_REPRESENTATION (  '', ( #4618 ), #1105 ) ;
#2393 = DIRECTION ( 'NONE',  ( 0.000000000000000000, 1.000000000000000000, 3.423796334164751519E-16 ) ) ;
#2394 = PRESENTATION_STYLE_ASSIGNMENT (( #6167 ) ) ;
#2395 =( NAMED_UNIT ( * ) SI_UNIT ( $, .STERADIAN. ) SOLID_ANGLE_UNIT ( ) );
#2396 = CARTESIAN_POINT ( 'NONE',  ( 0.000000000000000000, 0.1900000000000000022, 0.05271330261681254209 ) ) ;
#2397 = ORIENTED_EDGE ( 'NONE', *, *, #6100, .T. ) ;
#2398 = DIRECTION ( 'NONE',  ( 0.7071067811865489050, 0.7071067811865461294, 0.000000000000000000 ) ) ;
#2399 = EDGE_CURVE ( 'NONE', #6001, #8865, #2329, .T. ) ;
#2400 = DIRECTION ( 'NONE',  ( 0.000000000000000000, -8.673617379884049672E-15, 1.000000000000000000 ) ) ;
#2401 = DIRECTION ( 'NONE',  ( 0.6018150231488560431, 7.370108417780367825E-17, -0.7986355100496983495 ) ) ;
#2402 = VECTOR ( 'NONE', #4886, 100.0000000000000000 ) ;
#2403 = CARTESIAN_POINT ( 'NONE',  ( -0.3575000000000001510, -0.2425000000000000488, 0.1430000000000000160 ) ) ;
#2404 = DIRECTION ( 'NONE',  ( 0.000000000000000000, 3.491483361109383250E-15, -1.000000000000000000 ) ) ;
#2405 = AXIS2_PLACEMENT_3D ( 'NONE', #6150, #5700, #8555 ) ;
#2406 = FILL_AREA_STYLE_COLOUR ( '', #5961 ) ;
#2407 = VERTEX_POINT ( 'NONE', #8369 ) ;
#2408 = PRESENTATION_LAYER_ASSIGNMENT (  '', '', ( #8725 ) ) ;
#2409 = CIRCLE ( 'NONE', #7931, 0.004999999999999969746 ) ;
#2410 = EDGE_CURVE ( 'NONE', #7297, #8058, #4617, .T. ) ;
#2411 = DIRECTION ( 'NONE',  ( 1.000000000000000000, -1.207214651526263171E-30, 3.895646459343556450E-14 ) ) ;
#2412 = EDGE_CURVE ( 'NONE', #2293, #437, #8460, .T. ) ;
#2413 = ORIENTED_EDGE ( 'NONE', *, *, #9397, .T. ) ;
#2414 =( NAMED_UNIT ( * ) SI_UNIT ( $, .STERADIAN. ) SOLID_ANGLE_UNIT ( ) );
#2415 = PLANE ( 'NONE',  #7202 ) ;
#2416 = CARTESIAN_POINT ( 'NONE',  ( -0.1310000000000000331, 0.3400000000000000244, 0.1879999999999999727 ) ) ;
#2417 = DIRECTION ( 'NONE',  ( -0.7071067811865487940, 0.7071067811865462405, -1.720874317173268168E-16 ) ) ;
#2418 = ORIENTED_EDGE ( 'NONE', *, *, #1435, .F. ) ;
#2419 = PRESENTATION_LAYER_ASSIGNMENT (  '', '', ( #6227 ) ) ;
#2420 =( LENGTH_UNIT ( ) NAMED_UNIT ( * ) SI_UNIT ( .CENTI., .METRE. ) );
#2421 = EDGE_CURVE ( 'NONE', #6693, #6514, #7295, .T. ) ;
#2422 = ORIENTED_EDGE ( 'NONE', *, *, #6358, .F. ) ;
#2423 = VECTOR ( 'NONE', #903, 100.0000000000000000 ) ;
#2424 = CARTESIAN_POINT ( 'NONE',  ( 0.2793071785686857544, -0.3429467888754760829, 0.1879999999999999727 ) ) ;
#2425 = LINE ( 'NONE', #9469, #7675 ) ;
#2426 =( NAMED_UNIT ( * ) SI_UNIT ( $, .STERADIAN. ) SOLID_ANGLE_UNIT ( ) );
#2427 = ORIENTED_EDGE ( 'NONE', *, *, #3812, .T. ) ;
#2428 = ORIENTED_EDGE ( 'NONE', *, *, #2628, .F. ) ;
#2429 = CARTESIAN_POINT ( 'NONE',  ( -0.3499999999999999778, 0.03499999999999996864, 0.01500000024499757896 ) ) ;
#2430 = CARTESIAN_POINT ( 'NONE',  ( 2.662147991555695389E-18, -0.3724999999999997757, 0.1019349540849361496 ) ) ;
#2431 =( LENGTH_UNIT ( ) NAMED_UNIT ( * ) SI_UNIT ( .CENTI., .METRE. ) );
#2432 = AXIS2_PLACEMENT_3D ( 'NONE', #365, #2560, #5646 ) ;
#2433 = ORIENTED_EDGE ( 'NONE', *, *, #4342, .F. ) ;
#2434 = CARTESIAN_POINT ( 'NONE',  ( 0.1711816160934631625, 2.160750359372187924E-17, 0.2039727746534936159 ) ) ;
#2435 = VERTEX_POINT ( 'NONE', #188 ) ;
#2436 = FILL_AREA_STYLE ('',( #8418 ) ) ;
#2437 = ORIENTED_EDGE ( 'NONE', *, *, #2238, .T. ) ;
#2438 = SURFACE_STYLE_USAGE ( .BOTH. , #194 ) ;
#2439 = ORIENTED_EDGE ( 'NONE', *, *, #5085, .T. ) ;
#2440 = EDGE_CURVE ( 'NONE', #1648, #4164, #8085, .T. ) ;
#2441 = EDGE_CURVE ( 'NONE', #6298, #474, #7127, .T. ) ;
#2442 = SURFACE_STYLE_USAGE ( .BOTH. , #3294 ) ;
#2443 = DIRECTION ( 'NONE',  ( 0.000000000000000000, 1.000000000000000000, 0.000000000000000000 ) ) ;
#2444 = CARTESIAN_POINT ( 'NONE',  ( 0.07999999999999998779, 0.3725000000000006084, -2.168404344971008868E-16 ) ) ;
#2445 = FILL_AREA_STYLE_COLOUR ( '', #984 ) ;
#2446 = FILL_AREA_STYLE ('',( #8330 ) ) ;
#2447 = ORIENTED_EDGE ( 'NONE', *, *, #2223, .T. ) ;
#2448 = LINE ( 'NONE', #5331, #3550 ) ;
#2449 = EDGE_LOOP ( 'NONE', ( #3905, #9493, #5740, #4108, #2894, #3015, #44, #4455, #8017, #470 ) ) ;
#2450 = LINE ( 'NONE', #4541, #147 ) ;
#2451 = DIRECTION ( 'NONE',  ( 0.7071067811865474617, -0.7071067811865474617, 0.000000000000000000 ) ) ;
#2452 = DIRECTION ( 'NONE',  ( 1.000000000000000000, 0.000000000000000000, 0.000000000000000000 ) ) ;
#2453 = DIRECTION ( 'NONE',  ( 1.000000000000000000, 0.000000000000000000, -3.491483361109381672E-15 ) ) ;
#2454 = DIRECTION ( 'NONE',  ( -1.000000000000000000, 0.000000000000000000, -2.891205793294677833E-16 ) ) ;
#2455 = EDGE_CURVE ( 'NONE', #1820, #2206, #4909, .T. ) ;
#2456 = VECTOR ( 'NONE', #1580, 100.0000000000000000 ) ;
#2457 = VERTEX_POINT ( 'NONE', #3328 ) ;
#2458 = CARTESIAN_POINT ( 'NONE',  ( 0.000000000000000000, -0.1425000000000000155, 0.04898381751025223524 ) ) ;
#2459 = AXIS2_PLACEMENT_3D ( 'NONE', #1950, #7998, #8644 ) ;
#2460 = CARTESIAN_POINT ( 'NONE',  ( -0.1254999999999999727, -0.3400000000000000244, 0.1630000000000000060 ) ) ;
#2461 = ORIENTED_EDGE ( 'NONE', *, *, #2167, .F. ) ;
#2462 = VECTOR ( 'NONE', #4999, 100.0000000000000000 ) ;
#2463 = FACE_OUTER_BOUND ( 'NONE', #4983, .T. ) ;
#2464 = VECTOR ( 'NONE', #1295, 100.0000000000000000 ) ;
#2465 = CARTESIAN_POINT ( 'NONE',  ( 0.1849999999999999423, 0.3575000000000005396, 0.03999999999999978573 ) ) ;
#2466 = EDGE_CURVE ( 'NONE', #3959, #2136, #2230, .T. ) ;
#2467 = PRESENTATION_STYLE_ASSIGNMENT (( #9236 ) ) ;
#2468 = ORIENTED_EDGE ( 'NONE', *, *, #5594, .F. ) ;
#2469 = VECTOR ( 'NONE', #6230, 100.0000000000000000 ) ;
#2470 = EDGE_CURVE ( 'NONE', #5195, #2284, #1817, .T. ) ;
#2471 = DIRECTION ( 'NONE',  ( 1.000000000000000000, 0.000000000000000000, 0.000000000000000000 ) ) ;
#2472 = VECTOR ( 'NONE', #2805, 100.0000000000000000 ) ;
#2473 = DIRECTION ( 'NONE',  ( -1.000000000000000000, -0.000000000000000000, -0.000000000000000000 ) ) ;
#2474 =( GEOMETRIC_REPRESENTATION_CONTEXT ( 3 ) GLOBAL_UNCERTAINTY_ASSIGNED_CONTEXT ( ( #7618 ) ) GLOBAL_UNIT_ASSIGNED_CONTEXT ( ( #3180, #7570, #2478 ) ) REPRESENTATION_CONTEXT ( 'NONE', 'WORKASPACE' ) );
#2475 = LINE ( 'NONE', #6840, #2348 ) ;
#2476 = EDGE_LOOP ( 'NONE', ( #5869, #3234, #3571, #8306 ) ) ;
#2477 = ORIENTED_EDGE ( 'NONE', *, *, #7120, .T. ) ;
#2478 =( NAMED_UNIT ( * ) SI_UNIT ( $, .STERADIAN. ) SOLID_ANGLE_UNIT ( ) );
#2479 = DIRECTION ( 'NONE',  ( 0.000000000000000000, -1.000000000000000000, -0.000000000000000000 ) ) ;
#2480 = CARTESIAN_POINT ( 'NONE',  ( 0.3400001732213193684, 0.2367200545393514100, 0.1730000051928049787 ) ) ;
#2481 = EDGE_CURVE ( 'NONE', #9508, #6810, #4450, .T. ) ;
#2482 = VECTOR ( 'NONE', #3831, 100.0000000000000000 ) ;
#2483 = ORIENTED_EDGE ( 'NONE', *, *, #6961, .F. ) ;
#2484 = DIRECTION ( 'NONE',  ( 0.7071067811865485719, 0.7071067811865465735, 0.000000000000000000 ) ) ;
#2485 = VERTEX_POINT ( 'NONE', #7034 ) ;
#2486 =( LENGTH_UNIT ( ) NAMED_UNIT ( * ) SI_UNIT ( .CENTI., .METRE. ) );
#2487 = ORIENTED_EDGE ( 'NONE', *, *, #8523, .F. ) ;
#2488 = ORIENTED_EDGE ( 'NONE', *, *, #2708, .T. ) ;
#2489 = VECTOR ( 'NONE', #4069, 100.0000000000000000 ) ;
#2490 = VECTOR ( 'NONE', #8042, 100.0000000000000000 ) ;
#2491 = CARTESIAN_POINT ( 'NONE',  ( -0.2149999999999999134, 0.3725000000000004419, 0.06999999999999981237 ) ) ;
#2492 = EDGE_CURVE ( 'NONE', #1433, #9391, #2672, .T. ) ;
#2493 = DIRECTION ( 'NONE',  ( -0.7071067811865492381, 0.7071067811865457964, 0.000000000000000000 ) ) ;
#2494 = DIRECTION ( 'NONE',  ( 0.000000000000000000, 0.000000000000000000, -1.000000000000000000 ) ) ;
#2495 = EDGE_LOOP ( 'NONE', ( #8711, #9324, #326, #4944, #7578, #7769, #3890, #3668, #2676, #7135, #8059, #7119, #9690, #8166, #4964, #5007, #6159, #5595 ) ) ;
#2496 = CIRCLE ( 'NONE', #9127, 0.02317384683232378423 ) ;
#2497 = DIRECTION ( 'NONE',  ( -0.7071067811865489050, 0.7071067811865461294, -0.000000000000000000 ) ) ;
#2498 = ORIENTED_EDGE ( 'NONE', *, *, #3683, .F. ) ;
#2499 = CARTESIAN_POINT ( 'NONE',  ( -0.07141778489984138001, -1.355252715606880543E-16, 0.5000000000000002220 ) ) ;
#2500 = DIRECTION ( 'NONE',  ( -0.7071067811865487940, -0.7071067811865462405, 0.000000000000000000 ) ) ;
#2501 = DIRECTION ( 'NONE',  ( -1.548860246407863829E-16, 1.000000000000000000, 0.000000000000000000 ) ) ;
#2502 = CARTESIAN_POINT ( 'NONE',  ( -0.3500000000000000333, -0.1074999999999999567, 0.01499999999999999598 ) ) ;
#2503 = MECHANICAL_DESIGN_GEOMETRIC_PRESENTATION_REPRESENTATION (  '', ( #4087 ), #3153 ) ;
#2504 = EDGE_CURVE ( 'NONE', #4625, #827, #9342, .T. ) ;
#2505 = CARTESIAN_POINT ( 'NONE',  ( -0.3441421356237308604, -0.2498275605729692872, 0.1630000000000000060 ) ) ;
#2506 = CARTESIAN_POINT ( 'NONE',  ( 0.2498275605729688986, 0.3441421356237309714, 0.1630000000000000060 ) ) ;
#2507 = DIRECTION ( 'NONE',  ( 0.000000000000000000, 1.000000000000000000, 0.000000000000000000 ) ) ;
#2508 = ADVANCED_FACE ( 'NONE', ( #3281 ), #5523, .F. ) ;
#2509 = VERTEX_POINT ( 'NONE', #7081 ) ;
#2510 = DIRECTION ( 'NONE',  ( 0.000000000000000000, 0.000000000000000000, -1.000000000000000000 ) ) ;
#2511 = DIRECTION ( 'NONE',  ( -1.000000000000000000, 0.000000000000000000, 0.000000000000000000 ) ) ;
#2512 = ORIENTED_EDGE ( 'NONE', *, *, #5456, .T. ) ;
#2513 = CYLINDRICAL_SURFACE ( 'NONE', #4518, 0.02000000000000001082 ) ;
#2514 = AXIS2_PLACEMENT_3D ( 'NONE', #1009, #8698, #4107 ) ;
#2515 = CARTESIAN_POINT ( 'NONE',  ( 0.1831611487506744351, 0.000000000000000000, 0.2130000000079235178 ) ) ;
#2516 = AXIS2_PLACEMENT_3D ( 'NONE', #4031, #1040, #4133 ) ;
#2517 = EDGE_CURVE ( 'NONE', #8980, #1820, #3040, .T. ) ;
#2518 = VERTEX_POINT ( 'NONE', #6451 ) ;
#2519 = DIRECTION ( 'NONE',  ( 0.1736481776669273336, -0.000000000000000000, -0.9848077530122085754 ) ) ;
#2520 = AXIS2_PLACEMENT_3D ( 'NONE', #3141, #3233, #3878 ) ;
#2521 = DIRECTION ( 'NONE',  ( -0.000000000000000000, 1.000000000000000000, 0.000000000000000000 ) ) ;
#2522 = CARTESIAN_POINT ( 'NONE',  ( 0.2651650429449547430, -0.3288046532517451825, 0.1879999999999999727 ) ) ;
#2523 = ADVANCED_FACE ( 'NONE', ( #5702, #1864 ), #2620, .T. ) ;
#2524 = DIRECTION ( 'NONE',  ( 1.000000000000000000, 0.000000000000000000, -0.000000000000000000 ) ) ;
#2525 = ORIENTED_EDGE ( 'NONE', *, *, #3254, .T. ) ;
#2526 = ORIENTED_EDGE ( 'NONE', *, *, #3162, .F. ) ;
#2527 = CARTESIAN_POINT ( 'NONE',  ( 0.2404073812312225444, 0.3389021673422618064, 0.1729999636503325722 ) ) ;
#2528 = TOROIDAL_SURFACE ( 'NONE', #8057, 0.01000000000000081032, 0.009999999999999972453 ) ;
#2529 = FILL_AREA_STYLE_COLOUR ( '', #5093 ) ;
#2530 = ORIENTED_EDGE ( 'NONE', *, *, #9104, .T. ) ;
#2531 = CARTESIAN_POINT ( 'NONE',  ( -0.03323401871576801836, 0.1046518036156089126, 0.3150000000000000022 ) ) ;
#2532 = ORIENTED_EDGE ( 'NONE', *, *, #9002, .T. ) ;
#2533 = DIRECTION ( 'NONE',  ( 0.000000000000000000, 1.000000000000000000, 0.000000000000000000 ) ) ;
#2534 = ORIENTED_EDGE ( 'NONE', *, *, #9605, .T. ) ;
#2535 = FACE_OUTER_BOUND ( 'NONE', #8481, .T. ) ;
#2536 = ADVANCED_FACE ( 'NONE', ( #1117 ), #4161, .F. ) ;
#2537 = CIRCLE ( 'NONE', #8998, 0.01100000024499758582 ) ;
#2538 = ORIENTED_EDGE ( 'NONE', *, *, #4767, .F. ) ;
#2539 = EDGE_CURVE ( 'NONE', #2435, #4695, #653, .T. ) ;
#2540 = SURFACE_SIDE_STYLE ('',( #4825 ) ) ;
#2541 = LINE ( 'NONE', #7140, #1030 ) ;
#2542 = LINE ( 'NONE', #5625, #7799 ) ;
#2543 = CARTESIAN_POINT ( 'NONE',  ( -0.2793071785686857544, -0.3429467888754760829, 0.1729999999999999871 ) ) ;
#2544 = ORIENTED_EDGE ( 'NONE', *, *, #7156, .T. ) ;
#2545 = DIRECTION ( 'NONE',  ( 0.000000000000000000, 3.491483361109383250E-15, 1.000000000000000000 ) ) ;
#2546 = VERTEX_POINT ( 'NONE', #1312 ) ;
#2547 = AXIS2_PLACEMENT_3D ( 'NONE', #3481, #2729, #6510 ) ;
#2548 = DIRECTION ( 'NONE',  ( 6.735369260825570315E-17, -1.760146872403420140E-16, -1.000000000000000000 ) ) ;
#2549 =( NAMED_UNIT ( * ) PLANE_ANGLE_UNIT ( ) SI_UNIT ( $, .RADIAN. ) );
#2550 = EDGE_CURVE ( 'NONE', #9662, #475, #4308, .T. ) ;
#2551 = DIRECTION ( 'NONE',  ( 0.000000000000000000, 8.673617379884049672E-15, 1.000000000000000000 ) ) ;
#2552 =( NAMED_UNIT ( * ) PLANE_ANGLE_UNIT ( ) SI_UNIT ( $, .RADIAN. ) );
#2553 = COLOUR_RGB ( '',0.6470588235294117974, 0.6196078431372549211, 0.5882352941176470784 ) ;
#2554 = DIRECTION ( 'NONE',  ( -1.000000000000000000, 0.000000000000000000, -2.891205793294677833E-16 ) ) ;
#2555 = FILL_AREA_STYLE_COLOUR ( '', #2788 ) ;
#2556 = VECTOR ( 'NONE', #2379, 100.0000000000000000 ) ;
#2557 = ORIENTED_EDGE ( 'NONE', *, *, #4566, .F. ) ;
#2558 = DIRECTION ( 'NONE',  ( -1.000000000000000000, 0.000000000000000000, 0.000000000000000000 ) ) ;
#2559 = FILL_AREA_STYLE ('',( #4848 ) ) ;
#2560 = DIRECTION ( 'NONE',  ( -3.194683927456174497E-20, -1.000000000000000000, -1.132300105604712060E-31 ) ) ;
#2561 = TOROIDAL_SURFACE ( 'NONE', #8091, 0.2044929080402671517, 0.005000000000000232557 ) ;
#2562 = ORIENTED_EDGE ( 'NONE', *, *, #9192, .T. ) ;
#2563 = PRESENTATION_STYLE_ASSIGNMENT (( #9333 ) ) ;
#2564 = CIRCLE ( 'NONE', #6213, 0.02999999999999998154 ) ;
#2565 = ORIENTED_EDGE ( 'NONE', *, *, #3504, .F. ) ;
#2566 = ORIENTED_EDGE ( 'NONE', *, *, #6538, .T. ) ;
#2567 = CARTESIAN_POINT ( 'NONE',  ( 0.2363399651538033996, 0.3400000000000000799, 0.1730000000000000426 ) ) ;
#2568 = FILL_AREA_STYLE_COLOUR ( '', #2553 ) ;
#2569 = MECHANICAL_DESIGN_GEOMETRIC_PRESENTATION_REPRESENTATION (  '', ( #1288 ), #284 ) ;
#2570 = CIRCLE ( 'NONE', #8104, 0.001000000244997557852 ) ;
#2571 = CARTESIAN_POINT ( 'NONE',  ( 0.2044929080402671517, 3.731982072282582438E-17, 0.1930000000000002547 ) ) ;
#2572 = EDGE_CURVE ( 'NONE', #2771, #403, #9584, .T. ) ;
#2573 = VECTOR ( 'NONE', #4086, 100.0000000000000000 ) ;
#2574 = LINE ( 'NONE', #5616, #1712 ) ;
#2575 = ORIENTED_EDGE ( 'NONE', *, *, #7755, .T. ) ;
#2576 = DIRECTION ( 'NONE',  ( 1.000000000000000000, 0.000000000000000000, -0.000000000000000000 ) ) ;
#2577 = ORIENTED_EDGE ( 'NONE', *, *, #8869, .F. ) ;
#2578 = DIRECTION ( 'NONE',  ( 1.000000000000000000, 0.000000000000000000, 0.000000000000000000 ) ) ;
#2579 = UNCERTAINTY_MEASURE_WITH_UNIT (LENGTH_MEASURE( 1.000000000000000082E-05 ), #6883, 'distance_accuracy_value', 'NONE');
#2580 = EDGE_LOOP ( 'NONE', ( #6820, #203, #2651, #9398 ) ) ;
#2581 = AXIS2_PLACEMENT_3D ( 'NONE', #3679, #6612, #6561 ) ;
#2582 = DIRECTION ( 'NONE',  ( 0.9848077530122085754, -3.146149500180365761E-20, -0.1736481776669273336 ) ) ;
#2583 = DIRECTION ( 'NONE',  ( -1.000000000000000000, 0.000000000000000000, -1.084202172485504434E-19 ) ) ;
#2584 = VECTOR ( 'NONE', #1707, 100.0000000000000000 ) ;
#2585 = CARTESIAN_POINT ( 'NONE',  ( 0.1849999999999999423, -0.3725000000000003308, 0.1019349540849361496 ) ) ;
#2586 = DIRECTION ( 'NONE',  ( -0.000000000000000000, -0.000000000000000000, 1.000000000000000000 ) ) ;
#2587 = ADVANCED_FACE ( 'NONE', ( #6699 ), #5105, .T. ) ;
#2588 = CARTESIAN_POINT ( 'NONE',  ( 0.3288046532517441278, -0.2651650429449559643, 0.1729999999999999871 ) ) ;
#2589 = ORIENTED_EDGE ( 'NONE', *, *, #9131, .F. ) ;
#2590 = PLANE ( 'NONE',  #1196 ) ;
#2591 = ADVANCED_FACE ( 'NONE', ( #8890 ), #2869, .F. ) ;
#2592 = LINE ( 'NONE', #9366, #2355 ) ;
#2593 = CIRCLE ( 'NONE', #5925, 0.04699999999999999317 ) ;
#2594 = DIRECTION ( 'NONE',  ( 7.311082709387417497E-18, 1.000000000000000000, -3.491483361109382066E-15 ) ) ;
#2595 = PRESENTATION_STYLE_ASSIGNMENT (( #6325 ) ) ;
#2596 = DIRECTION ( 'NONE',  ( 1.000000000000000000, 0.000000000000000000, 0.000000000000000000 ) ) ;
#2597 = ADVANCED_FACE ( 'NONE', ( #4454 ), #3670, .T. ) ;
#2598 = VECTOR ( 'NONE', #2733, 100.0000000000000000 ) ;
#2599 = LINE ( 'NONE', #1842, #7968 ) ;
#2600 = ORIENTED_EDGE ( 'NONE', *, *, #4888, .F. ) ;
#2601 = ADVANCED_FACE ( 'NONE', ( #480 ), #8939, .F. ) ;
#2602 = CARTESIAN_POINT ( 'NONE',  ( 0.2149999999999999134, -0.3575000001233738511, 0.07000000000000004829 ) ) ;
#2603 = CARTESIAN_POINT ( 'NONE',  ( 0.3441421356237308604, 0.2498275605729693427, 0.1729999999999999871 ) ) ;
#2604 = CARTESIAN_POINT ( 'NONE',  ( -0.3514696961967002653, 0.2425000000000000488, 0.1879999999999999727 ) ) ;
#2605 =( NAMED_UNIT ( * ) SI_UNIT ( $, .STERADIAN. ) SOLID_ANGLE_UNIT ( ) );
#2606 = EDGE_CURVE ( 'NONE', #8323, #899, #7660, .T. ) ;
#2607 = ORIENTED_EDGE ( 'NONE', *, *, #1604, .T. ) ;
#2608 = VECTOR ( 'NONE', #8099, 100.0000000000000000 ) ;
#2609 = SURFACE_SIDE_STYLE ('',( #2707 ) ) ;
#2610 = DIRECTION ( 'NONE',  ( 0.000000000000000000, -1.000000000000000000, 0.000000000000000000 ) ) ;
#2611 = STYLED_ITEM ( 'NONE', ( #2130 ), #4263 ) ;
#2612 = AXIS2_PLACEMENT_3D ( 'NONE', #5284, #2202, #6174 ) ;
#2613 = ORIENTED_EDGE ( 'NONE', *, *, #772, .F. ) ;
#2614 = ORIENTED_EDGE ( 'NONE', *, *, #5040, .F. ) ;
#2615 = DIRECTION ( 'NONE',  ( 0.7071067811865487940, 0.7071067811865462405, 0.000000000000000000 ) ) ;
#2616 = SURFACE_STYLE_FILL_AREA ( #8702 ) ;
#2617 = EDGE_CURVE ( 'NONE', #4962, #5426, #2313, .T. ) ;
#2618 = DIRECTION ( 'NONE',  ( 0.000000000000000000, 0.000000000000000000, 1.000000000000000000 ) ) ;
#2619 = STYLED_ITEM ( 'NONE', ( #7113 ), #1560 ) ;
#2620 = PLANE ( 'NONE',  #2710 ) ;
#2621 = CIRCLE ( 'NONE', #4995, 0.01000000000000001409 ) ;
#2622 = CARTESIAN_POINT ( 'NONE',  ( 0.03323401871576800448, -0.1046518036156088710, 0.4900000000000001577 ) ) ;
#2623 = EDGE_LOOP ( 'NONE', ( #3404, #623, #18, #4491 ) ) ;
#2624 = DIRECTION ( 'NONE',  ( 0.000000000000000000, -1.000000000000000000, 0.000000000000000000 ) ) ;
#2625 = EDGE_LOOP ( 'NONE', ( #6947, #5106, #744, #8115 ) ) ;
#2626 = PLANE ( 'NONE',  #556 ) ;
#2627 = ORIENTED_EDGE ( 'NONE', *, *, #4844, .T. ) ;
#2628 = EDGE_CURVE ( 'NONE', #1199, #4799, #1566, .T. ) ;
#2629 = VECTOR ( 'NONE', #6953, 100.0000000000000142 ) ;
#2630 = CARTESIAN_POINT ( 'NONE',  ( -0.3429467888754750282, -0.2793071785686869757, 0.1879999999999999727 ) ) ;
#2631 = STYLED_ITEM ( 'NONE', ( #9276 ), #9298 ) ;
#2632 = LINE ( 'NONE', #4171, #1296 ) ;
#2633 = DIRECTION ( 'NONE',  ( 6.735369260825570315E-17, -1.760146872403420140E-16, -1.000000000000000000 ) ) ;
#2634 = FACE_OUTER_BOUND ( 'NONE', #8809, .T. ) ;
#2635 = PRESENTATION_LAYER_ASSIGNMENT (  '', '', ( #1991 ) ) ;
#2636 = CARTESIAN_POINT ( 'NONE',  ( 0.3400000000000001354, -0.2356854249492383035, 0.1729999999999999871 ) ) ;
#2637 = SURFACE_STYLE_FILL_AREA ( #4971 ) ;
#2638 = VERTEX_POINT ( 'NONE', #5247 ) ;
#2639 = CYLINDRICAL_SURFACE ( 'NONE', #4384, 0.04700000000000000705 ) ;
#2640 = PRESENTATION_LAYER_ASSIGNMENT (  '', '', ( #1354 ) ) ;
#2641 = CARTESIAN_POINT ( 'NONE',  ( 0.000000000000000000, -0.1900000000000000300, 0.04898381751025222830 ) ) ;
#2642 = CIRCLE ( 'NONE', #8014, 0.02000000000000001082 ) ;
#2643 = CARTESIAN_POINT ( 'NONE',  ( -0.1310000000000000053, 0.3429467888754760829, 0.1879999999999999727 ) ) ;
#2644 = EDGE_CURVE ( 'NONE', #6724, #1265, #4603, .T. ) ;
#2645 = CARTESIAN_POINT ( 'NONE',  ( -0.1310000000000000331, 0.3575000000822493029, 0.1019349540849362329 ) ) ;
#2646 = EDGE_CURVE ( 'NONE', #8634, #4599, #3811, .T. ) ;
#2647 = SURFACE_SIDE_STYLE ('',( #2694 ) ) ;
#2648 = AXIS2_PLACEMENT_3D ( 'NONE', #5062, #9740, #6002 ) ;
#2649 = CIRCLE ( 'NONE', #8963, 0.02999999999999999195 ) ;
#2650 = DIRECTION ( 'NONE',  ( -1.000000000000000000, -7.311082709387417497E-18, 0.000000000000000000 ) ) ;
#2651 = ORIENTED_EDGE ( 'NONE', *, *, #298, .T. ) ;
#2652 = CARTESIAN_POINT ( 'NONE',  ( 0.3608328854037720079, -0.1074999999999999567, 0.01308987002439216188 ) ) ;
#2653 = FACE_OUTER_BOUND ( 'NONE', #8118, .T. ) ;
#2654 = VECTOR ( 'NONE', #4597, 100.0000000000000000 ) ;
#2655 = ADVANCED_FACE ( 'NONE', ( #70 ), #6191, .T. ) ;
#2656 = DIRECTION ( 'NONE',  ( -1.613629597670917114E-14, -3.895646459343735048E-14, 1.000000000000000000 ) ) ;
#2657 = SURFACE_SIDE_STYLE ('',( #363 ) ) ;
#2658 = ADVANCED_FACE ( 'NONE', ( #6930 ), #9736, .F. ) ;
#2659 = FILL_AREA_STYLE ('',( #8053 ) ) ;
#2660 = SURFACE_STYLE_USAGE ( .BOTH. , #4942 ) ;
#2661 = ORIENTED_EDGE ( 'NONE', *, *, #5516, .T. ) ;
#2662 = LINE ( 'NONE', #8695, #4113 ) ;
#2663 = LINE ( 'NONE', #6390, #5520 ) ;
#2664 = EDGE_CURVE ( 'NONE', #5195, #3932, #7560, .T. ) ;
#2665 = LINE ( 'NONE', #9389, #2835 ) ;
#2666 = EDGE_LOOP ( 'NONE', ( #5992, #974 ) ) ;
#2667 = VECTOR ( 'NONE', #7245, 100.0000000000000142 ) ;
#2668 = ORIENTED_EDGE ( 'NONE', *, *, #8770, .T. ) ;
#2669 = CARTESIAN_POINT ( 'NONE',  ( -0.2350000000000000144, -0.2449999999999999956, 0.004000000000000000083 ) ) ;
#2670 = DIRECTION ( 'NONE',  ( -1.000000000000000000, -0.000000000000000000, 0.000000000000000000 ) ) ;
#2671 = CARTESIAN_POINT ( 'NONE',  ( 0.3379530021977295018, 0.2417871515341444288, 0.1730000010243323838 ) ) ;
#2672 = LINE ( 'NONE', #238, #1426 ) ;
#2673 = STYLED_ITEM ( 'NONE', ( #7911 ), #6913 ) ;
#2674 = SURFACE_STYLE_USAGE ( .BOTH. , #1022 ) ;
#2675 = VERTEX_POINT ( 'NONE', #9510 ) ;
#2676 = ORIENTED_EDGE ( 'NONE', *, *, #2091, .F. ) ;
#2677 = DIRECTION ( 'NONE',  ( 0.1736481776669273613, 1.114418483915393384E-17, -0.9848077530122085754 ) ) ;
#2678 = ORIENTED_EDGE ( 'NONE', *, *, #580, .F. ) ;
#2679 = DIRECTION ( 'NONE',  ( -0.000000000000000000, 0.000000000000000000, 1.000000000000000000 ) ) ;
#2680 =( NAMED_UNIT ( * ) SI_UNIT ( $, .STERADIAN. ) SOLID_ANGLE_UNIT ( ) );
#2681 = ADVANCED_FACE ( 'NONE', ( #4755 ), #5728, .F. ) ;
#2682 = DIRECTION ( 'NONE',  ( -0.000000000000000000, -0.000000000000000000, -1.000000000000000000 ) ) ;
#2683 = DIRECTION ( 'NONE',  ( 0.000000000000000000, -0.000000000000000000, -1.000000000000000000 ) ) ;
#2684 = PRESENTATION_STYLE_ASSIGNMENT (( #4081 ) ) ;
#2685 =( GEOMETRIC_REPRESENTATION_CONTEXT ( 3 ) GLOBAL_UNCERTAINTY_ASSIGNED_CONTEXT ( ( #5297 ) ) GLOBAL_UNIT_ASSIGNED_CONTEXT ( ( #6490, #7358, #471 ) ) REPRESENTATION_CONTEXT ( 'NONE', 'WORKASPACE' ) );
#2686 = VERTEX_POINT ( 'NONE', #2047 ) ;
#2687 = PLANE ( 'NONE',  #6183 ) ;
#2688 = DIRECTION ( 'NONE',  ( 1.000000000000000000, 0.000000000000000000, 0.000000000000000000 ) ) ;
#2689 = DIRECTION ( 'NONE',  ( -0.000000000000000000, 1.000000000000000000, 0.000000000000000000 ) ) ;
#2690 = DIRECTION ( 'NONE',  ( -1.000000000000000000, 0.000000000000000000, 0.000000000000000000 ) ) ;
#2691 = LINE ( 'NONE', #1284, #9243 ) ;
#2692 = CARTESIAN_POINT ( 'NONE',  ( -0.07141778489984138001, -1.355252715606880543E-16, 0.5000000000000002220 ) ) ;
#2693 = VERTEX_POINT ( 'NONE', #7987 ) ;
#2694 = SURFACE_STYLE_FILL_AREA ( #6525 ) ;
#2695 = LINE ( 'NONE', #8501, #8335 ) ;
#2696 = DIRECTION ( 'NONE',  ( 0.000000000000000000, 0.000000000000000000, 1.000000000000000000 ) ) ;
#2697 = EDGE_CURVE ( 'NONE', #2109, #4958, #1144, .T. ) ;
#2698 = ORIENTED_EDGE ( 'NONE', *, *, #7367, .T. ) ;
#2699 = FACE_OUTER_BOUND ( 'NONE', #5856, .T. ) ;
#2700 = LINE ( 'NONE', #7303, #9405 ) ;
#2701 = AXIS2_PLACEMENT_3D ( 'NONE', #4201, #5795, #5056 ) ;
#2702 = FACE_OUTER_BOUND ( 'NONE', #182, .T. ) ;
#2703 = CARTESIAN_POINT ( 'NONE',  ( 0.1849999999999999423, 0.3725000000000004419, 0.06999999999999979849 ) ) ;
#2704 = PRESENTATION_LAYER_ASSIGNMENT (  '', '', ( #4618 ) ) ;
#2705 = EDGE_CURVE ( 'NONE', #7389, #6708, #2649, .T. ) ;
#2706 = VERTEX_POINT ( 'NONE', #174 ) ;
#2707 = SURFACE_STYLE_FILL_AREA ( #9387 ) ;
#2708 = EDGE_CURVE ( 'NONE', #439, #1820, #3452, .T. ) ;
#2709 = UNCERTAINTY_MEASURE_WITH_UNIT (LENGTH_MEASURE( 1.000000000000000082E-05 ), #8435, 'distance_accuracy_value', 'NONE');
#2710 = AXIS2_PLACEMENT_3D ( 'NONE', #7224, #5657, #8658 ) ;
#2711 = ORIENTED_EDGE ( 'NONE', *, *, #2697, .F. ) ;
#2712 = ORIENTED_EDGE ( 'NONE', *, *, #9049, .T. ) ;
#2713 = VECTOR ( 'NONE', #6168, 100.0000000000000000 ) ;
#2714 = LINE ( 'NONE', #1765, #7211 ) ;
#2715 = DIRECTION ( 'NONE',  ( -7.311082709387417497E-18, 1.000000000000000000, -3.491483361109382066E-15 ) ) ;
#2716 = CARTESIAN_POINT ( 'NONE',  ( -0.3725000000000001088, 0.2425000000000000488, 0.1430000000000000437 ) ) ;
#2717 = EDGE_CURVE ( 'NONE', #3355, #1272, #2695, .T. ) ;
#2718 = EDGE_LOOP ( 'NONE', ( #648, #5776, #2171, #9693 ) ) ;
#2719 = VECTOR ( 'NONE', #8206, 100.0000000000000000 ) ;
#2720 = DIRECTION ( 'NONE',  ( -1.000000000000000000, 0.000000000000000000, -1.084202172485504434E-19 ) ) ;
#2721 = ORIENTED_EDGE ( 'NONE', *, *, #5456, .F. ) ;
#2722 = CIRCLE ( 'NONE', #8248, 0.01000000000000002623 ) ;
#2723 = AXIS2_PLACEMENT_3D ( 'NONE', #9691, #4460, #5212 ) ;
#2724 = CARTESIAN_POINT ( 'NONE',  ( -0.03323401871576772693, -0.1046518036156090514, 0.3150000000000000022 ) ) ;
#2725 = ORIENTED_EDGE ( 'NONE', *, *, #8195, .F. ) ;
#2726 = ORIENTED_EDGE ( 'NONE', *, *, #8475, .T. ) ;
#2727 = ORIENTED_EDGE ( 'NONE', *, *, #7068, .T. ) ;
#2728 = CIRCLE ( 'NONE', #6542, 0.01100000024499758408 ) ;
#2729 = DIRECTION ( 'NONE',  ( 0.000000000000000000, -1.000000000000000000, -3.491483361109383250E-15 ) ) ;
#2730 = CIRCLE ( 'NONE', #4001, 0.01499999999999999598 ) ;
#2731 = CARTESIAN_POINT ( 'NONE',  ( 0.3500000000000000333, 0.000000000000000000, 0.003999999877501211193 ) ) ;
#2732 = FILL_AREA_STYLE_COLOUR ( '', #3995 ) ;
#2733 = DIRECTION ( 'NONE',  ( -0.7071067811865495711, -0.7071067811865455743, 0.000000000000000000 ) ) ;
#2734 = ORIENTED_EDGE ( 'NONE', *, *, #9625, .T. ) ;
#2735 = LINE ( 'NONE', #4131, #7431 ) ;
#2736 = AXIS2_PLACEMENT_3D ( 'NONE', #3182, #6249, #9099 ) ;
#2737 = CARTESIAN_POINT ( 'NONE',  ( -0.3399999999999999689, -0.2360460442132767955, 0.1730000000000000426 ) ) ;
#2738 = DIRECTION ( 'NONE',  ( 0.000000000000000000, -0.000000000000000000, -1.000000000000000000 ) ) ;
#2739 = DIRECTION ( 'NONE',  ( -1.000000000000000000, -7.311082709387417497E-18, 0.000000000000000000 ) ) ;
#2740 = EDGE_LOOP ( 'NONE', ( #9783, #2437, #9744, #8609 ) ) ;
#2741 = UNCERTAINTY_MEASURE_WITH_UNIT (LENGTH_MEASURE( 1.000000000000000082E-05 ), #9184, 'distance_accuracy_value', 'NONE');
#2742 = LINE ( 'NONE', #404, #3675 ) ;
#2743 =( NAMED_UNIT ( * ) SI_UNIT ( $, .STERADIAN. ) SOLID_ANGLE_UNIT ( ) );
#2744 = STYLED_ITEM ( 'NONE', ( #2394 ), #5635 ) ;
#2745 = ORIENTED_EDGE ( 'NONE', *, *, #144, .F. ) ;
#2746 = SURFACE_STYLE_FILL_AREA ( #8733 ) ;
#2747 = LINE ( 'NONE', #5927, #2766 ) ;
#2748 = EDGE_CURVE ( 'NONE', #1747, #8398, #5512, .T. ) ;
#2749 = AXIS2_PLACEMENT_3D ( 'NONE', #4779, #5193, #8477 ) ;
#2750 = FILL_AREA_STYLE ('',( #8095 ) ) ;
#2751 = DIRECTION ( 'NONE',  ( 0.7071067811865489050, -0.7071067811865461294, 0.000000000000000000 ) ) ;
#2752 = CARTESIAN_POINT ( 'NONE',  ( 4.336808689942017736E-17, -1.243937791364082077E-17, 0.1879999999999999727 ) ) ;
#2753 = ORIENTED_EDGE ( 'NONE', *, *, #3, .F. ) ;
#2754 =( LENGTH_UNIT ( ) NAMED_UNIT ( * ) SI_UNIT ( .CENTI., .METRE. ) );
#2755 = AXIS2_PLACEMENT_3D ( 'NONE', #7446, #7396, #8280 ) ;
#2756 = ORIENTED_EDGE ( 'NONE', *, *, #8180, .T. ) ;
#2757 = EDGE_CURVE ( 'NONE', #8315, #8777, #1708, .T. ) ;
#2758 = ORIENTED_EDGE ( 'NONE', *, *, #4430, .T. ) ;
#2759 = CARTESIAN_POINT ( 'NONE',  ( 0.000000000000000000, 0.2600000000000000644, 0.007000000000000001013 ) ) ;
#2760 = DIRECTION ( 'NONE',  ( -2.891205793294679017E-15, 0.000000000000000000, -1.000000000000000000 ) ) ;
#2761 = CARTESIAN_POINT ( 'NONE',  ( -0.3499999999999999778, 0.1775000000000000189, 0.003999999877501220734 ) ) ;
#2762 = EDGE_CURVE ( 'NONE', #6059, #6700, #8491, .T. ) ;
#2763 = EDGE_LOOP ( 'NONE', ( #5792, #9294 ) ) ;
#2764 = CARTESIAN_POINT ( 'NONE',  ( -1.495192581132810249E-16, 0.07141778489984133838, 0.4900000000000001577 ) ) ;
#2765 = ORIENTED_EDGE ( 'NONE', *, *, #3022, .F. ) ;
#2766 = VECTOR ( 'NONE', #1203, 100.0000000000000142 ) ;
#2767 = DIRECTION ( 'NONE',  ( 0.000000000000000000, 0.000000000000000000, -1.000000000000000000 ) ) ;
#2768 = VERTEX_POINT ( 'NONE', #4238 ) ;
#2769 = CARTESIAN_POINT ( 'NONE',  ( -0.3642901512833205957, -0.1775000000000000189, 0.09028470468954044592 ) ) ;
#2770 = AXIS2_PLACEMENT_3D ( 'NONE', #3946, #1698, #6122 ) ;
#2771 = VERTEX_POINT ( 'NONE', #9418 ) ;
#2772 = EDGE_CURVE ( 'NONE', #6529, #9513, #8682, .T. ) ;
#2773 = ORIENTED_EDGE ( 'NONE', *, *, #2159, .T. ) ;
#2774 = AXIS2_PLACEMENT_3D ( 'NONE', #4413, #2175, #2319 ) ;
#2775 = DIRECTION ( 'NONE',  ( -0.7071067811865435759, -0.7071067811865515695, -1.008697416034608702E-15 ) ) ;
#2776 = COLOUR_RGB ( '',0.6470588235294117974, 0.6196078431372549211, 0.5882352941176470784 ) ;
#2777 = SURFACE_STYLE_FILL_AREA ( #7285 ) ;
#2778 = PLANE ( 'NONE',  #8282 ) ;
#2779 = EDGE_CURVE ( 'NONE', #7363, #6130, #7299, .T. ) ;
#2780 = DIRECTION ( 'NONE',  ( 6.735369260825570315E-17, -1.760146872403420140E-16, -1.000000000000000000 ) ) ;
#2781 = DIRECTION ( 'NONE',  ( 3.194683927456174497E-20, 1.000000000000000000, 1.132300105604712060E-31 ) ) ;
#2782 = ORIENTED_EDGE ( 'NONE', *, *, #6360, .T. ) ;
#2783 = VECTOR ( 'NONE', #4142, 100.0000000000000000 ) ;
#2784 = DIRECTION ( 'NONE',  ( -1.000000000000000000, -7.311082709387417497E-18, 0.000000000000000000 ) ) ;
#2785 = CARTESIAN_POINT ( 'NONE',  ( -0.02616295090390245021, 0.09758073580374354572, 0.4900000000000001577 ) ) ;
#2786 = VECTOR ( 'NONE', #9327, 100.0000000000000000 ) ;
#2787 = DIRECTION ( 'NONE',  ( 1.000000000000000000, 0.000000000000000000, 0.000000000000000000 ) ) ;
#2788 = COLOUR_RGB ( '',0.6470588235294117974, 0.6196078431372549211, 0.5882352941176470784 ) ;
#2789 = EDGE_CURVE ( 'NONE', #3814, #3096, #3545, .T. ) ;
#2790 = COLOUR_RGB ( '',0.6470588235294117974, 0.6196078431372549211, 0.5882352941176470784 ) ;
#2791 = CARTESIAN_POINT ( 'NONE',  ( -2.665667021211483796E-16, -0.1518261531630999972, -0.05000000000000000971 ) ) ;
#2792 = ORIENTED_EDGE ( 'NONE', *, *, #888, .F. ) ;
#2793 =( LENGTH_UNIT ( ) NAMED_UNIT ( * ) SI_UNIT ( .CENTI., .METRE. ) );
#2794 = DIRECTION ( 'NONE',  ( 0.7071067811865516806, -0.7071067811865435759, 0.000000000000000000 ) ) ;
#2795 = PRESENTATION_LAYER_ASSIGNMENT (  '', '', ( #1516 ) ) ;
#2796 = DIRECTION ( 'NONE',  ( -3.194683927456174497E-20, -1.000000000000000000, -1.132300105604712060E-31 ) ) ;
#2797 = AXIS2_PLACEMENT_3D ( 'NONE', #7491, #701, #6774 ) ;
#2798 = STYLED_ITEM ( 'NONE', ( #5191 ), #4570 ) ;
#2799 =( NAMED_UNIT ( * ) PLANE_ANGLE_UNIT ( ) SI_UNIT ( $, .RADIAN. ) );
#2800 = AXIS2_PLACEMENT_3D ( 'NONE', #3093, #2282, #3046 ) ;
#2801 = DIRECTION ( 'NONE',  ( -0.7071067811865490160, -0.7071067811865461294, 0.000000000000000000 ) ) ;
#2802 = EDGE_CURVE ( 'NONE', #4039, #3883, #9464, .T. ) ;
#2803 = CIRCLE ( 'NONE', #4543, 0.009999999999999982861 ) ;
#2804 = AXIS2_PLACEMENT_3D ( 'NONE', #791, #8916, #5324 ) ;
#2805 = DIRECTION ( 'NONE',  ( 0.000000000000000000, 0.000000000000000000, 1.000000000000000000 ) ) ;
#2806 = SURFACE_STYLE_USAGE ( .BOTH. , #7159 ) ;
#2807 = DIRECTION ( 'NONE',  ( 0.000000000000000000, 0.000000000000000000, 1.000000000000000000 ) ) ;
#2808 = EDGE_CURVE ( 'NONE', #474, #1656, #3052, .T. ) ;
#2809 = ORIENTED_EDGE ( 'NONE', *, *, #7966, .T. ) ;
#2810 = VECTOR ( 'NONE', #3321, 100.0000000000000000 ) ;
#2811 =( NAMED_UNIT ( * ) SI_UNIT ( $, .STERADIAN. ) SOLID_ANGLE_UNIT ( ) );
#2812 = PRODUCT_RELATED_PRODUCT_CATEGORY ( 'part', '', ( #4937 ) ) ;
#2813 = CARTESIAN_POINT ( 'NONE',  ( 0.3229860436907419086, -0.2780547203178235782, 0.1879999999999999727 ) ) ;
#2814 = VERTEX_POINT ( 'NONE', #1440 ) ;
#2815 = VERTEX_POINT ( 'NONE', #1287 ) ;
#2816 = DIRECTION ( 'NONE',  ( 6.735369260825570315E-17, -1.760146872403420140E-16, -1.000000000000000000 ) ) ;
#2817 = CYLINDRICAL_SURFACE ( 'NONE', #7361, 0.1500000000000000222 ) ;
#2818 = AXIS2_PLACEMENT_3D ( 'NONE', #3057, #6030, #2400 ) ;
#2819 = FACE_OUTER_BOUND ( 'NONE', #5564, .T. ) ;
#2820 = SURFACE_STYLE_FILL_AREA ( #5002 ) ;
#2821 = ORIENTED_EDGE ( 'NONE', *, *, #7126, .T. ) ;
#2822 = EDGE_CURVE ( 'NONE', #2124, #537, #557, .T. ) ;
#2823 = VERTEX_POINT ( 'NONE', #1339 ) ;
#2824 = FACE_OUTER_BOUND ( 'NONE', #9476, .T. ) ;
#2825 = VECTOR ( 'NONE', #7980, 100.0000000000000000 ) ;
#2826 = ORIENTED_EDGE ( 'NONE', *, *, #8202, .F. ) ;
#2827 = DIRECTION ( 'NONE',  ( 0.7071067811865461294, 0.7071067811865489050, 0.000000000000000000 ) ) ;
#2828 = ORIENTED_EDGE ( 'NONE', *, *, #5178, .T. ) ;
#2829 = VECTOR ( 'NONE', #6948, 100.0000000000000000 ) ;
#2830 = VERTEX_POINT ( 'NONE', #2898 ) ;
#2831 = DIRECTION ( 'NONE',  ( 0.000000000000000000, 1.000000000000000000, 0.000000000000000000 ) ) ;
#2832 = VECTOR ( 'NONE', #7173, 100.0000000000000000 ) ;
#2833 = CARTESIAN_POINT ( 'NONE',  ( 0.2793071785686857544, -0.3400000000000000799, 0.1729999999999999871 ) ) ;
#2834 = FILL_AREA_STYLE ('',( #1275 ) ) ;
#2835 = VECTOR ( 'NONE', #370, 100.0000000000000142 ) ;
#2836 = VECTOR ( 'NONE', #450, 100.0000000000000000 ) ;
#2837 = PRESENTATION_STYLE_ASSIGNMENT (( #3582 ) ) ;
#2838 = EDGE_CURVE ( 'NONE', #3624, #5515, #3914, .T. ) ;
#2839 = ORIENTED_EDGE ( 'NONE', *, *, #4042, .T. ) ;
#2840 = CARTESIAN_POINT ( 'NONE',  ( 0.000000000000000000, 1.227666219484110049E-17, 0.1930000000000002547 ) ) ;
#2841 = DIRECTION ( 'NONE',  ( -4.671393224537066297E-17, 1.000000000000000000, -8.236926629845866965E-18 ) ) ;
#2842 = AXIS2_PLACEMENT_3D ( 'NONE', #5409, #1615, #4655 ) ;
#2843 = CARTESIAN_POINT ( 'NONE',  ( 0.2350000000000000144, 0.2449999999999999956, 0.004000000000000000083 ) ) ;
#2844 = ORIENTED_EDGE ( 'NONE', *, *, #8642, .F. ) ;
#2845 = EDGE_CURVE ( 'NONE', #9578, #7132, #7847, .T. ) ;
#2846 = DIRECTION ( 'NONE',  ( 7.311082709387417497E-18, -1.000000000000000000, 0.000000000000000000 ) ) ;
#2847 = DIRECTION ( 'NONE',  ( -0.9848077530122085754, 0.000000000000000000, 0.1736481776669273336 ) ) ;
#2848 = VERTEX_POINT ( 'NONE', #2096 ) ;
#2849 = DIRECTION ( 'NONE',  ( 0.000000000000000000, 0.000000000000000000, -1.000000000000000000 ) ) ;
#2850 = COLOUR_RGB ( '',1.000000000000000000, 1.000000000000000000, 1.000000000000000000 ) ;
#2851 = FACE_OUTER_BOUND ( 'NONE', #3848, .T. ) ;
#2852 = CARTESIAN_POINT ( 'NONE',  ( 0.2149999999999999967, 0.3500000000000000333, 0.1879999999999999727 ) ) ;
#2853 = ADVANCED_FACE ( 'NONE', ( #6819 ), #2145, .F. ) ;
#2854 = LINE ( 'NONE', #7302, #1381 ) ;
#2855 = DIRECTION ( 'NONE',  ( -0.7071067811865461294, -0.7071067811865489050, 0.000000000000000000 ) ) ;
#2856 = EDGE_CURVE ( 'NONE', #8915, #5229, #5976, .T. ) ;
#2857 = AXIS2_PLACEMENT_3D ( 'NONE', #7899, #1107, #9431 ) ;
#2858 = CARTESIAN_POINT ( 'NONE',  ( 0.000000000000000000, 0.000000000000000000, 0.000000000000000000 ) ) ;
#2859 = DIRECTION ( 'NONE',  ( 0.000000000000000000, -4.336808689942024836E-15, -1.000000000000000000 ) ) ;
#2860 = LINE ( 'NONE', #5783, #3068 ) ;
#2861 = ORIENTED_EDGE ( 'NONE', *, *, #2772, .T. ) ;
#2862 = CARTESIAN_POINT ( 'NONE',  ( -0.2149999999999999967, 0.3500000000000000333, 0.1879999999999999727 ) ) ;
#2863 = PRESENTATION_STYLE_ASSIGNMENT (( #8103 ) ) ;
#2864 = ORIENTED_EDGE ( 'NONE', *, *, #2223, .F. ) ;
#2865 = ORIENTED_EDGE ( 'NONE', *, *, #3206, .T. ) ;
#2866 = CARTESIAN_POINT ( 'NONE',  ( 0.3300000000000000155, 0.2356854249492383591, 0.1729999999999999871 ) ) ;
#2867 = CARTESIAN_POINT ( 'NONE',  ( -0.3500000000000000333, -0.07129477650116629317, 0.01499999999999999598 ) ) ;
#2868 = CARTESIAN_POINT ( 'NONE',  ( 0.3741382288134425527, -0.2250000000000000611, 0.08854822291287120506 ) ) ;
#2869 = PLANE ( 'NONE',  #5730 ) ;
#2870 = ORIENTED_EDGE ( 'NONE', *, *, #1071, .F. ) ;
#2871 = CARTESIAN_POINT ( 'NONE',  ( -0.3400000000000001354, 0.2356854249492382758, 0.1729999999999999871 ) ) ;
#2872 = VECTOR ( 'NONE', #6807, 100.0000000000000000 ) ;
#2873 = ORIENTED_EDGE ( 'NONE', *, *, #8268, .F. ) ;
#2874 = CARTESIAN_POINT ( 'NONE',  ( -0.2356854249492379150, 0.3399999999999999689, 0.1729999999999999871 ) ) ;
#2875 = ORIENTED_EDGE ( 'NONE', *, *, #6180, .F. ) ;
#2876 = CARTESIAN_POINT ( 'NONE',  ( 0.2605587312717443371, -0.3524999999999999800, 0.1680000000000000382 ) ) ;
#2877 = FACE_OUTER_BOUND ( 'NONE', #1558, .T. ) ;
#2878 = ORIENTED_EDGE ( 'NONE', *, *, #6303, .F. ) ;
#2879 = EDGE_LOOP ( 'NONE', ( #4721, #4607, #7954, #6855 ) ) ;
#2880 = EDGE_CURVE ( 'NONE', #1075, #6250, #2197, .T. ) ;
#2881 = CARTESIAN_POINT ( 'NONE',  ( -0.2004997304923764601, 0.000000000000000000, 0.1899909248852624521 ) ) ;
#2882 = SURFACE_STYLE_USAGE ( .BOTH. , #4420 ) ;
#2883 = CIRCLE ( 'NONE', #5734, 0.01000000000000002623 ) ;
#2884 = PLANE ( 'NONE',  #323 ) ;
#2885 = AXIS2_PLACEMENT_3D ( 'NONE', #1934, #5583, #5712 ) ;
#2886 = VERTEX_POINT ( 'NONE', #3595 ) ;
#2887 = CARTESIAN_POINT ( 'NONE',  ( 0.3499999999999999778, -0.1775000000000000189, 0.01500000000000001679 ) ) ;
#2888 = ORIENTED_EDGE ( 'NONE', *, *, #8607, .T. ) ;
#2889 = CARTESIAN_POINT ( 'NONE',  ( 0.2356854249492379982, -0.3500000000000000333, 0.06800000000000000488 ) ) ;
#2890 = ORIENTED_EDGE ( 'NONE', *, *, #544, .T. ) ;
#2891 = SURFACE_STYLE_USAGE ( .BOTH. , #5173 ) ;
#2892 = UNCERTAINTY_MEASURE_WITH_UNIT (LENGTH_MEASURE( 1.000000000000000082E-05 ), #8778, 'distance_accuracy_value', 'NONE');
#2893 = CARTESIAN_POINT ( 'NONE',  ( -0.3500000000000000333, 0.000000000000000000, 0.01399999975500245894 ) ) ;
#2894 = ORIENTED_EDGE ( 'NONE', *, *, #8877, .F. ) ;
#2895 = EDGE_CURVE ( 'NONE', #2509, #408, #2642, .T. ) ;
#2896 = CARTESIAN_POINT ( 'NONE',  ( 0.1060660171779820166, 0.03535533905932763260, 0.3150000000000001132 ) ) ;
#2897 = VERTEX_POINT ( 'NONE', #3005 ) ;
#2898 = CARTESIAN_POINT ( 'NONE',  ( 0.1254999999999999727, -0.3750000000000000000, 0.1010000000000000064 ) ) ;
#2899 = CIRCLE ( 'NONE', #3375, 0.1816956969207695061 ) ;
#2900 = ADVANCED_FACE ( 'NONE', ( #2851 ), #7349, .T. ) ;
#2901 = CARTESIAN_POINT ( 'NONE',  ( 0.09758073580374357348, -0.02616295090390204081, 0.4900000000000001577 ) ) ;
#2902 = CIRCLE ( 'NONE', #8581, 0.01100000024499758408 ) ;
#2903 = UNCERTAINTY_MEASURE_WITH_UNIT (LENGTH_MEASURE( 1.000000000000000082E-05 ), #2486, 'distance_accuracy_value', 'NONE');
#2904 = PRESENTATION_STYLE_ASSIGNMENT (( #9668 ) ) ;
#2905 = CARTESIAN_POINT ( 'NONE',  ( 0.2356854249492379982, -0.3500000000000000333, 0.004000000000000010492 ) ) ;
#2906 = MECHANICAL_DESIGN_GEOMETRIC_PRESENTATION_REPRESENTATION (  '', ( #9371 ), #8428 ) ;
#2907 = EDGE_CURVE ( 'NONE', #3643, #3633, #5029, .T. ) ;
#2908 = SURFACE_STYLE_USAGE ( .BOTH. , #8051 ) ;
#2909 = FACE_OUTER_BOUND ( 'NONE', #8409, .T. ) ;
#2910 = LINE ( 'NONE', #2107, #4016 ) ;
#2911 = ADVANCED_FACE ( 'NONE', ( #3700 ), #7395, .T. ) ;
#2912 = ORIENTED_EDGE ( 'NONE', *, *, #4248, .T. ) ;
#2913 = LINE ( 'NONE', #8741, #9788 ) ;
#2914 = DIRECTION ( 'NONE',  ( 0.9848077530122085754, -0.000000000000000000, 0.1736481776669273336 ) ) ;
#2915 = VECTOR ( 'NONE', #9223, 100.0000000000000000 ) ;
#2916 = ORIENTED_EDGE ( 'NONE', *, *, #312, .F. ) ;
#2917 = EDGE_CURVE ( 'NONE', #6469, #2686, #6453, .T. ) ;
#2918 = ORIENTED_EDGE ( 'NONE', *, *, #118, .T. ) ;
#2919 = CARTESIAN_POINT ( 'NONE',  ( 0.1254999999999999727, 0.3575000000000004285, 0.06999999999999979849 ) ) ;
#2920 = LINE ( 'NONE', #3020, #5643 ) ;
#2921 = CARTESIAN_POINT ( 'NONE',  ( -0.3400000000000000244, -0.2356854249492383591, 0.1630000000000000060 ) ) ;
#2922 = DIRECTION ( 'NONE',  ( -0.1736481776669273336, 5.547510422357377460E-21, -0.9848077530122085754 ) ) ;
#2923 = VECTOR ( 'NONE', #9119, 100.0000000000000000 ) ;
#2924 = EDGE_LOOP ( 'NONE', ( #9206, #434, #1416, #1228 ) ) ;
#2925 = CARTESIAN_POINT ( 'NONE',  ( -0.1060660171779820166, 0.03535533905932736198, 0.3150000000000001132 ) ) ;
#2926 = EDGE_LOOP ( 'NONE', ( #6990, #7962, #554, #1035 ) ) ;
#2927 = CARTESIAN_POINT ( 'NONE',  ( -0.2386412805381429303, 0.3396337102021455001, 0.1729999636503325722 ) ) ;
#2928 = EDGE_LOOP ( 'NONE', ( #1476, #4459, #6115, #6348 ) ) ;
#2929 = LINE ( 'NONE', #5952, #5321 ) ;
#2930 = SURFACE_STYLE_USAGE ( .BOTH. , #2176 ) ;
#2931 = VERTEX_POINT ( 'NONE', #2246 ) ;
#2932 = ADVANCED_FACE ( 'NONE', ( #5277 ), #5923, .F. ) ;
#2933 = ORIENTED_EDGE ( 'NONE', *, *, #3403, .F. ) ;
#2934 = CARTESIAN_POINT ( 'NONE',  ( 0.2396278560001821045, -0.3392229105312986048, 0.1729999564678304513 ) ) ;
#2935 =( NAMED_UNIT ( * ) SI_UNIT ( $, .STERADIAN. ) SOLID_ANGLE_UNIT ( ) );
#2936 = CARTESIAN_POINT ( 'NONE',  ( 0.1149999999999998662, 0.3500000000000000333, 0.06800000000000000488 ) ) ;
#2937 = CARTESIAN_POINT ( 'NONE',  ( 0.08500000000000000611, -0.2600000000000000644, 0.007000000000000001013 ) ) ;
#2938 = ADVANCED_FACE ( 'NONE', ( #8194 ), #1490, .F. ) ;
#2939 = CIRCLE ( 'NONE', #1495, 0.01499999999999999598 ) ;
#2940 = VERTEX_POINT ( 'NONE', #3792 ) ;
#2941 = CARTESIAN_POINT ( 'NONE',  ( 0.000000000000000000, 0.2224999999999999478, 0.05271330261681254209 ) ) ;
#2942 = ORIENTED_EDGE ( 'NONE', *, *, #7254, .T. ) ;
#2943 = AXIS2_PLACEMENT_3D ( 'NONE', #6032, #8976, #5237 ) ;
#2944 = FACE_OUTER_BOUND ( 'NONE', #6381, .T. ) ;
#2945 = VERTEX_POINT ( 'NONE', #4436 ) ;
#2946 = CARTESIAN_POINT ( 'NONE',  ( -0.2394192877975281353, -0.3393093023095143934, 0.1729999564678303681 ) ) ;
#2947 = ORIENTED_EDGE ( 'NONE', *, *, #8310, .T. ) ;
#2948 = VECTOR ( 'NONE', #1611, 100.0000000000000000 ) ;
#2949 = VECTOR ( 'NONE', #6244, 100.0000000000000000 ) ;
#2950 = CARTESIAN_POINT ( 'NONE',  ( -0.3499999999999999778, -0.2250000000000000611, 0.004000000000000010492 ) ) ;
#2951 = ORIENTED_EDGE ( 'NONE', *, *, #4257, .T. ) ;
#2952 = SURFACE_SIDE_STYLE ('',( #7347 ) ) ;
#2953 = CARTESIAN_POINT ( 'NONE',  ( -0.3608328855244097855, 0.07120522349883362523, 0.01308987000312042404 ) ) ;
#2954 = AXIS2_PLACEMENT_3D ( 'NONE', #4843, #167, #7108 ) ;
#2955 = CARTESIAN_POINT ( 'NONE',  ( -0.2149999999999999134, 0.3500000000000000333, 0.1879999999999999727 ) ) ;
#2956 = SURFACE_SIDE_STYLE ('',( #8 ) ) ;
#2957 = ADVANCED_FACE ( 'NONE', ( #5 ), #7444, .F. ) ;
#2958 = FILL_AREA_STYLE ('',( #9124 ) ) ;
#2959 = DIRECTION ( 'NONE',  ( -1.000000000000000000, 0.000000000000000000, 0.000000000000000000 ) ) ;
#2960 = AXIS2_PLACEMENT_3D ( 'NONE', #1976, #6408, #8715 ) ;
#2961 = LINE ( 'NONE', #2204, #9246 ) ;
#2962 = COLOUR_RGB ( '',0.6470588235294117974, 0.6196078431372549211, 0.5882352941176470784 ) ;
#2963 = CARTESIAN_POINT ( 'NONE',  ( 0.07499999999999999722, 0.3399999999999999689, 0.1729999999999999871 ) ) ;
#2964 = AXIS2_PLACEMENT_3D ( 'NONE', #3215, #3168, #6791 ) ;
#2965 = ORIENTED_EDGE ( 'NONE', *, *, #8557, .F. ) ;
#2966 = DIRECTION ( 'NONE',  ( 0.000000000000000000, 0.000000000000000000, -1.000000000000000000 ) ) ;
#2967 = EDGE_CURVE ( 'NONE', #9314, #4503, #795, .T. ) ;
#2968 = DIRECTION ( 'NONE',  ( 0.7071067811865475727, 0.7071067811865475727, 0.000000000000000000 ) ) ;
#2969 = AXIS2_PLACEMENT_3D ( 'NONE', #5303, #130, #3175 ) ;
#2970 = VECTOR ( 'NONE', #7020, 100.0000000000000000 ) ;
#2971 = ADVANCED_FACE ( 'NONE', ( #3840 ), #3739, .F. ) ;
#2972 = VERTEX_POINT ( 'NONE', #9660 ) ;
#2973 = LINE ( 'NONE', #5993, #9106 ) ;
#2974 = DIRECTION ( 'NONE',  ( 0.000000000000000000, -1.000000000000000000, 0.000000000000000000 ) ) ;
#2975 = FACE_OUTER_BOUND ( 'NONE', #1110, .T. ) ;
#2976 = CIRCLE ( 'NONE', #5672, 0.001000000244997557852 ) ;
#2977 = ORIENTED_EDGE ( 'NONE', *, *, #845, .F. ) ;
#2978 = FACE_OUTER_BOUND ( 'NONE', #8772, .T. ) ;
#2979 = ADVANCED_FACE ( 'NONE', ( #654 ), #1590, .T. ) ;
#2980 =( LENGTH_UNIT ( ) NAMED_UNIT ( * ) SI_UNIT ( .CENTI., .METRE. ) );
#2981 = DIRECTION ( 'NONE',  ( -1.000000000000000000, -0.000000000000000000, 0.000000000000000000 ) ) ;
#2982 = PLANE ( 'NONE',  #3524 ) ;
#2983 = CARTESIAN_POINT ( 'NONE',  ( -0.07000000000000000666, 0.2600000000000000644, 0.000000000000000000 ) ) ;
#2984 = ORIENTED_EDGE ( 'NONE', *, *, #3120, .F. ) ;
#2985 = VECTOR ( 'NONE', #6232, 100.0000000000000000 ) ;
#2986 = ORIENTED_EDGE ( 'NONE', *, *, #6223, .F. ) ;
#2987 = SURFACE_SIDE_STYLE ('',( #4364 ) ) ;
#2988 = SURFACE_SIDE_STYLE ('',( #4418 ) ) ;
#2989 = CARTESIAN_POINT ( 'NONE',  ( 0.3400000000000000244, 0.2356854249492383591, 0.1630000000000000060 ) ) ;
#2990 = CARTESIAN_POINT ( 'NONE',  ( -0.3298350308547478016, 0.1074999999999999151, -0.1051199933897666722 ) ) ;
#2991 = ORIENTED_EDGE ( 'NONE', *, *, #3536, .T. ) ;
#2992 = COLOUR_RGB ( '',0.6470588235294117974, 0.6196078431372549211, 0.5882352941176470784 ) ;
#2993 = DIRECTION ( 'NONE',  ( 1.000000000000000000, 0.000000000000000000, -0.000000000000000000 ) ) ;
#2994 = ORIENTED_EDGE ( 'NONE', *, *, #944, .T. ) ;
#2995 = SURFACE_STYLE_USAGE ( .BOTH. , #6619 ) ;
#2996 = ORIENTED_EDGE ( 'NONE', *, *, #6063, .F. ) ;
#2997 = CARTESIAN_POINT ( 'NONE',  ( 0.3429467888754750282, 0.2793071785686869757, 0.1879999999999999727 ) ) ;
#2998 = ORIENTED_EDGE ( 'NONE', *, *, #5986, .F. ) ;
#2999 = LINE ( 'NONE', #2950, #8954 ) ;
#3000 = VECTOR ( 'NONE', #7882, 100.0000000000000000 ) ;
#3001 = DIRECTION ( 'NONE',  ( 0.1736481776669273336, -0.000000000000000000, -0.9848077530122085754 ) ) ;
#3002 = ORIENTED_EDGE ( 'NONE', *, *, #7938, .T. ) ;
#3003 = FACE_OUTER_BOUND ( 'NONE', #4163, .T. ) ;
#3004 = FACE_OUTER_BOUND ( 'NONE', #6285, .T. ) ;
#3005 = CARTESIAN_POINT ( 'NONE',  ( 0.1310000000000000608, -0.3524999999999999800, 0.1730000001233737705 ) ) ;
#3006 = FACE_OUTER_BOUND ( 'NONE', #7179, .T. ) ;
#3007 = AXIS2_PLACEMENT_3D ( 'NONE', #7227, #8560, #6353 ) ;
#3008 = SURFACE_STYLE_FILL_AREA ( #6779 ) ;
#3009 = CARTESIAN_POINT ( 'NONE',  ( -0.2149999999999999967, -0.3500000000000000333, 0.1879999999999999727 ) ) ;
#3010 = CARTESIAN_POINT ( 'NONE',  ( -0.1310000000000000053, -0.3399999999999999689, 0.1879999999999999727 ) ) ;
#3011 = UNCERTAINTY_MEASURE_WITH_UNIT (LENGTH_MEASURE( 1.000000000000000082E-05 ), #3920, 'distance_accuracy_value', 'NONE');
#3012 = VECTOR ( 'NONE', #5249, 100.0000000000000000 ) ;
#3013 = DIRECTION ( 'NONE',  ( 0.000000000000000000, 1.000000000000000000, 0.000000000000000000 ) ) ;
#3014 = EDGE_CURVE ( 'NONE', #8137, #8999, #8379, .T. ) ;
#3015 = ORIENTED_EDGE ( 'NONE', *, *, #5559, .F. ) ;
#3016 = DIRECTION ( 'NONE',  ( 0.000000000000000000, -3.423796334774424149E-16, 1.000000000000000000 ) ) ;
#3017 = AXIS2_PLACEMENT_3D ( 'NONE', #8576, #2966, #1454 ) ;
#3018 = DIRECTION ( 'NONE',  ( -1.000000000000000000, -0.000000000000000000, -0.000000000000000000 ) ) ;
#3019 = ORIENTED_EDGE ( 'NONE', *, *, #8594, .F. ) ;
#3020 = CARTESIAN_POINT ( 'NONE',  ( 0.3509848079942876620, -0.07120522349883356972, 0.01482635177978971347 ) ) ;
#3021 = CARTESIAN_POINT ( 'NONE',  ( 0.2793071785686857544, 0.2425000000000000488, 0.1879999999999999727 ) ) ;
#3022 = EDGE_CURVE ( 'NONE', #230, #4540, #1484, .T. ) ;
#3023 = FILL_AREA_STYLE_COLOUR ( '', #7233 ) ;
#3024 = CIRCLE ( 'NONE', #2060, 0.009999999999999982861 ) ;
#3025 = EDGE_LOOP ( 'NONE', ( #189, #2254, #9489, #1599 ) ) ;
#3026 = EDGE_CURVE ( 'NONE', #7522, #2109, #3641, .T. ) ;
#3027 = CARTESIAN_POINT ( 'NONE',  ( -0.2605587312717443371, 0.3524999999999999800, 0.1680000000000000382 ) ) ;
#3028 = ORIENTED_EDGE ( 'NONE', *, *, #6608, .T. ) ;
#3029 = DIRECTION ( 'NONE',  ( 0.000000000000000000, 0.000000000000000000, -1.000000000000000000 ) ) ;
#3030 = CARTESIAN_POINT ( 'NONE',  ( -6.123031769111629622E-20, 0.3724999999999997757, 0.1019349540849361496 ) ) ;
#3031 = ORIENTED_EDGE ( 'NONE', *, *, #9, .F. ) ;
#3032 = ORIENTED_EDGE ( 'NONE', *, *, #6397, .T. ) ;
#3033 = VECTOR ( 'NONE', #8410, 100.0000000000000142 ) ;
#3034 = DIRECTION ( 'NONE',  ( 0.7071067811865461294, 0.7071067811865489050, -0.000000000000000000 ) ) ;
#3035 = CARTESIAN_POINT ( 'NONE',  ( 0.3500000000000000333, 0.1775000000000000189, 0.1729999999999999871 ) ) ;
#3036 = CARTESIAN_POINT ( 'NONE',  ( 0.3642901512833205402, 0.1774999999999999911, 0.09028470468954054307 ) ) ;
#3037 = EDGE_CURVE ( 'NONE', #5176, #5170, #2999, .T. ) ;
#3038 = CARTESIAN_POINT ( 'NONE',  ( -0.2150000000000000522, 0.3429467888754760829, 0.1729999999999999871 ) ) ;
#3039 = FILL_AREA_STYLE_COLOUR ( '', #483 ) ;
#3040 = CIRCLE ( 'NONE', #4299, 0.02000000000000001082 ) ;
#3041 = ORIENTED_EDGE ( 'NONE', *, *, #127, .F. ) ;
#3042 = DIRECTION ( 'NONE',  ( 1.000000000000000000, -7.311082709387417497E-18, 0.000000000000000000 ) ) ;
#3043 = ORIENTED_EDGE ( 'NONE', *, *, #6862, .T. ) ;
#3044 = SURFACE_STYLE_FILL_AREA ( #3783 ) ;
#3045 = ORIENTED_EDGE ( 'NONE', *, *, #5759, .F. ) ;
#3046 = DIRECTION ( 'NONE',  ( 0.7071067811865533459, -0.7071067811865414665, 0.000000000000000000 ) ) ;
#3047 = ORIENTED_EDGE ( 'NONE', *, *, #8630, .F. ) ;
#3048 = PRESENTATION_LAYER_ASSIGNMENT (  '', '', ( #8861 ) ) ;
#3049 = PRESENTATION_STYLE_ASSIGNMENT (( #5228 ) ) ;
#3050 = DIRECTION ( 'NONE',  ( 1.000000000000000000, 0.000000000000000000, 0.000000000000000000 ) ) ;
#3051 = ADVANCED_FACE ( 'NONE', ( #8231 ), #4480, .T. ) ;
#3052 = LINE ( 'NONE', #8919, #5184 ) ;
#3053 = DIRECTION ( 'NONE',  ( -0.7071067811865485719, 0.7071067811865464625, 0.000000000000000000 ) ) ;
#3054 = ORIENTED_EDGE ( 'NONE', *, *, #594, .F. ) ;
#3055 = AXIS2_PLACEMENT_3D ( 'NONE', #1115, #4014, #7223 ) ;
#3056 = LINE ( 'NONE', #4486, #4214 ) ;
#3057 = CARTESIAN_POINT ( 'NONE',  ( 0.3400000000000000799, -0.2356854249492382203, 0.1630000000000000060 ) ) ;
#3058 = CARTESIAN_POINT ( 'NONE',  ( -0.07141778489984138001, -1.946552788381143124E-16, 0.3150000000000000577 ) ) ;
#3059 = VECTOR ( 'NONE', #4553, 100.0000000000000000 ) ;
#3060 = VECTOR ( 'NONE', #1485, 100.0000000000000000 ) ;
#3061 = CARTESIAN_POINT ( 'NONE',  ( 0.000000000000000000, -0.1900000000000000022, 0.007000000000000001013 ) ) ;
#3062 = AXIS2_PLACEMENT_3D ( 'NONE', #3058, #5235, #6870 ) ;
#3063 = EDGE_CURVE ( 'NONE', #3417, #6458, #7090, .T. ) ;
#3064 = ORIENTED_EDGE ( 'NONE', *, *, #3926, .T. ) ;
#3065 = FACE_OUTER_BOUND ( 'NONE', #3856, .T. ) ;
#3066 = MECHANICAL_DESIGN_GEOMETRIC_PRESENTATION_REPRESENTATION (  '', ( #7636 ), #1614 ) ;
#3067 = EDGE_CURVE ( 'NONE', #4812, #7132, #9209, .T. ) ;
#3068 = VECTOR ( 'NONE', #8876, 100.0000000000000000 ) ;
#3069 = ORIENTED_EDGE ( 'NONE', *, *, #7293, .F. ) ;
#3070 = CARTESIAN_POINT ( 'NONE',  ( -0.3500000000000000333, -0.1775000000000000189, 0.01499999999999999598 ) ) ;
#3071 = LINE ( 'NONE', #8251, #9354 ) ;
#3072 = ORIENTED_EDGE ( 'NONE', *, *, #5067, .T. ) ;
#3073 = DIRECTION ( 'NONE',  ( 0.7071067811865490160, -0.7071067811865461294, 0.000000000000000000 ) ) ;
#3074 = ORIENTED_EDGE ( 'NONE', *, *, #4275, .F. ) ;
#3075 = PLANE ( 'NONE',  #2723 ) ;
#3076 = EDGE_CURVE ( 'NONE', #2823, #3953, #6905, .T. ) ;
#3077 = DIRECTION ( 'NONE',  ( -1.000000000000000000, 0.000000000000000000, 0.000000000000000000 ) ) ;
#3078 = UNCERTAINTY_MEASURE_WITH_UNIT (LENGTH_MEASURE( 1.000000000000000082E-05 ), #5396, 'distance_accuracy_value', 'NONE');
#3079 = ORIENTED_EDGE ( 'NONE', *, *, #3037, .F. ) ;
#3080 = ORIENTED_EDGE ( 'NONE', *, *, #8342, .F. ) ;
#3081 = CYLINDRICAL_SURFACE ( 'NONE', #7999, 0.02999999999999998154 ) ;
#3082 = ADVANCED_FACE ( 'NONE', ( #6992 ), #4022, .T. ) ;
#3083 = PRESENTATION_STYLE_ASSIGNMENT (( #5216 ) ) ;
#3084 = DIRECTION ( 'NONE',  ( -0.7071067811865482389, -0.7071067811865467956, 0.000000000000000000 ) ) ;
#3085 = VECTOR ( 'NONE', #6113, 100.0000000000000142 ) ;
#3086 = CARTESIAN_POINT ( 'NONE',  ( 0.1254999999999999727, 0.3725000000000003308, 0.09950000000000019940 ) ) ;
#3087 = FILL_AREA_STYLE ('',( #3039 ) ) ;
#3088 = ORIENTED_EDGE ( 'NONE', *, *, #4406, .T. ) ;
#3089 = CARTESIAN_POINT ( 'NONE',  ( 0.07999999999999998779, 0.3575000000000004285, 0.06999999999999979849 ) ) ;
#3090 = ORIENTED_EDGE ( 'NONE', *, *, #5257, .T. ) ;
#3091 = CARTESIAN_POINT ( 'NONE',  ( 0.03535533905932761178, -0.1060660171779820166, 0.3150000000000001132 ) ) ;
#3092 = ORIENTED_EDGE ( 'NONE', *, *, #9370, .T. ) ;
#3093 = CARTESIAN_POINT ( 'NONE',  ( 0.02616295090390251266, -0.09758073580374337919, 0.4900000000000001577 ) ) ;
#3094 = ADVANCED_FACE ( 'NONE', ( #3148 ), #6163, .F. ) ;
#3095 = VECTOR ( 'NONE', #9361, 100.0000000000000000 ) ;
#3096 = VERTEX_POINT ( 'NONE', #8023 ) ;
#3097 = EDGE_CURVE ( 'NONE', #1981, #1747, #9173, .T. ) ;
#3098 = DIRECTION ( 'NONE',  ( -0.000000000000000000, 1.000000000000000000, -0.000000000000000000 ) ) ;
#3099 = CARTESIAN_POINT ( 'NONE',  ( 0.2986012715283292152, 0.000000000000000000, -0.3398431496474395574 ) ) ;
#3100 = B_SPLINE_CURVE_WITH_KNOTS ( 'NONE', 3,
 ( #6349, #2567, #1114, #1217, #7030, #1914, #8602, #3277, #2527, #7956, #6447, #9339 ),
 .UNSPECIFIED., .F., .F.,
 ( 4, 2, 2, 2, 2, 4 ),
 ( 0.000000000000000000, 0.2500000000000288658, 0.3750000000000448530, 0.5000000000000608402, 0.7500000000000304201, 1.000000000000000000 ),
 .UNSPECIFIED. ) ;
#3101 = DIRECTION ( 'NONE',  ( -0.9848077530122085754, -4.743456994777695614E-17, -0.1736481776669273336 ) ) ;
#3102 = LINE ( 'NONE', #4027, #2923 ) ;
#3103 = VERTEX_POINT ( 'NONE', #1082 ) ;
#3104 = CARTESIAN_POINT ( 'NONE',  ( 0.000000000000000000, -0.3049999999999999378, 0.06800000000000000488 ) ) ;
#3105 = EDGE_CURVE ( 'NONE', #1913, #9559, #6406, .T. ) ;
#3106 = DIRECTION ( 'NONE',  ( 7.311082709387417497E-18, 1.000000000000000000, -0.000000000000000000 ) ) ;
#3107 = COLOUR_RGB ( '',1.000000000000000000, 1.000000000000000000, 1.000000000000000000 ) ;
#3108 = CARTESIAN_POINT ( 'NONE',  ( 0.3370710678118654102, 0.2427564927611038093, 0.1729999999999999871 ) ) ;
#3109 = ORIENTED_EDGE ( 'NONE', *, *, #2907, .F. ) ;
#3110 = FACE_OUTER_BOUND ( 'NONE', #7107, .T. ) ;
#3111 = VECTOR ( 'NONE', #6403, 100.0000000000000000 ) ;
#3112 = CARTESIAN_POINT ( 'NONE',  ( 0.1254999999999999727, 0.3575000000000003175, 0.1019349540849361913 ) ) ;
#3113 = CIRCLE ( 'NONE', #8625, 0.01499999999999999598 ) ;
#3114 =( NAMED_UNIT ( * ) SI_UNIT ( $, .STERADIAN. ) SOLID_ANGLE_UNIT ( ) );
#3115 = ORIENTED_EDGE ( 'NONE', *, *, #8585, .T. ) ;
#3116 = EDGE_CURVE ( 'NONE', #6042, #8315, #3024, .T. ) ;
#3117 = CARTESIAN_POINT ( 'NONE',  ( -0.07000000000000000666, 0.2600000000000000089, 0.004000000000000009624 ) ) ;
#3118 = COLOUR_RGB ( '',1.000000000000000000, 1.000000000000000000, 1.000000000000000000 ) ;
#3119 = AXIS2_PLACEMENT_3D ( 'NONE', #7622, #35, #968 ) ;
#3120 = EDGE_CURVE ( 'NONE', #583, #8694, #1973, .T. ) ;
#3121 = ORIENTED_EDGE ( 'NONE', *, *, #3238, .T. ) ;
#3122 = DIRECTION ( 'NONE',  ( 1.000000000000000000, 0.000000000000000000, -0.000000000000000000 ) ) ;
#3123 = LINE ( 'NONE', #8444, #806 ) ;
#3124 = UNCERTAINTY_MEASURE_WITH_UNIT (LENGTH_MEASURE( 1.000000000000000082E-05 ), #2420, 'distance_accuracy_value', 'NONE');
#3125 = SURFACE_SIDE_STYLE ('',( #4549 ) ) ;
#3126 = VERTEX_POINT ( 'NONE', #7283 ) ;
#3127 = LINE ( 'NONE', #6932, #7580 ) ;
#3128 = VECTOR ( 'NONE', #5130, 100.0000000000000000 ) ;
#3129 = SURFACE_STYLE_FILL_AREA ( #822 ) ;
#3130 = DIRECTION ( 'NONE',  ( 0.000000000000000000, 0.000000000000000000, -1.000000000000000000 ) ) ;
#3131 = STYLED_ITEM ( 'NONE', ( #9380 ), #9774 ) ;
#3132 = DIRECTION ( 'NONE',  ( -2.103010503377848409E-17, -1.405483461053053460E-15, 1.000000000000000000 ) ) ;
#3133 = CARTESIAN_POINT ( 'NONE',  ( -0.3229860436907419641, -0.2780547203178235227, 0.1879999999999999727 ) ) ;
#3134 = ORIENTED_EDGE ( 'NONE', *, *, #3812, .F. ) ;
#3135 = ORIENTED_EDGE ( 'NONE', *, *, #4415, .F. ) ;
#3136 = DIRECTION ( 'NONE',  ( 0.000000000000000000, 0.000000000000000000, 1.000000000000000000 ) ) ;
#3137 = DIRECTION ( 'NONE',  ( 0.000000000000000000, -1.000000000000000000, -3.491483361109382461E-15 ) ) ;
#3138 = VECTOR ( 'NONE', #8563, 100.0000000000000000 ) ;
#3139 = EDGE_CURVE ( 'NONE', #7130, #2972, #5015, .T. ) ;
#3140 = ORIENTED_EDGE ( 'NONE', *, *, #6003, .T. ) ;
#3141 = CARTESIAN_POINT ( 'NONE',  ( 0.1254999999999999727, 0.3750000000000000000, 0.1010000000000000064 ) ) ;
#3142 = EDGE_LOOP ( 'NONE', ( #8685, #1421, #8260, #9658 ) ) ;
#3143 = CYLINDRICAL_SURFACE ( 'NONE', #6123, 0.01100000024499758408 ) ;
#3144 = COLOUR_RGB ( '',1.000000000000000000, 1.000000000000000000, 1.000000000000000000 ) ;
#3145 = ORIENTED_EDGE ( 'NONE', *, *, #3265, .F. ) ;
#3146 = DIRECTION ( 'NONE',  ( 0.000000000000000000, -1.000000000000000000, 0.000000000000000000 ) ) ;
#3147 = ORIENTED_EDGE ( 'NONE', *, *, #3845, .T. ) ;
#3148 = FACE_OUTER_BOUND ( 'NONE', #1255, .T. ) ;
#3149 = PRESENTATION_STYLE_ASSIGNMENT (( #9064 ) ) ;
#3150 = CARTESIAN_POINT ( 'NONE',  ( -0.08499999999999999223, -0.1900000000000000022, 0.007000000000000001013 ) ) ;
#3151 = SURFACE_STYLE_FILL_AREA ( #8526 ) ;
#3152 = LINE ( 'NONE', #4581, #4622 ) ;
#3153 =( GEOMETRIC_REPRESENTATION_CONTEXT ( 3 ) GLOBAL_UNCERTAINTY_ASSIGNED_CONTEXT ( ( #8921 ) ) GLOBAL_UNIT_ASSIGNED_CONTEXT ( ( #1400, #8048, #8143 ) ) REPRESENTATION_CONTEXT ( 'NONE', 'WORKASPACE' ) );
#3154 = EDGE_CURVE ( 'NONE', #2336, #6394, #7181, .T. ) ;
#3155 = DIRECTION ( 'NONE',  ( -3.194683927456174497E-20, -1.000000000000000000, -1.132300105604712060E-31 ) ) ;
#3156 = ORIENTED_EDGE ( 'NONE', *, *, #2196, .T. ) ;
#3157 = EDGE_CURVE ( 'NONE', #5095, #6127, #9447, .T. ) ;
#3158 = DIRECTION ( 'NONE',  ( 6.735369260825570315E-17, -1.760146872403420140E-16, -1.000000000000000000 ) ) ;
#3159 = CARTESIAN_POINT ( 'NONE',  ( 0.3500000000000000333, -0.03499999999999992006, 0.01399999975500245894 ) ) ;
#3160 = ORIENTED_EDGE ( 'NONE', *, *, #4803, .F. ) ;
#3161 = CARTESIAN_POINT ( 'NONE',  ( 0.08500000000000000611, -0.2600000000000000089, 0.000000000000000000 ) ) ;
#3162 = EDGE_CURVE ( 'NONE', #6093, #2224, #9402, .T. ) ;
#3163 = COLOUR_RGB ( '',0.6470588235294117974, 0.6196078431372549211, 0.5882352941176470784 ) ;
#3164 = CARTESIAN_POINT ( 'NONE',  ( 0.1310000000000000608, -0.3575000001233737956, 0.1679999999999999272 ) ) ;
#3165 = ORIENTED_EDGE ( 'NONE', *, *, #7793, .F. ) ;
#3166 = CARTESIAN_POINT ( 'NONE',  ( -0.3299999999999992384, 0.2356854249492379705, 0.1630000000000004223 ) ) ;
#3167 = ORIENTED_EDGE ( 'NONE', *, *, #5394, .T. ) ;
#3168 = DIRECTION ( 'NONE',  ( 0.000000000000000000, -1.000000000000000000, 0.000000000000000000 ) ) ;
#3169 = DIRECTION ( 'NONE',  ( -0.7071067811865487940, -0.7071067811865462405, -0.000000000000000000 ) ) ;
#3170 = CARTESIAN_POINT ( 'NONE',  ( 0.3300000000000000155, -0.2356854249492383591, 0.004000000000000010492 ) ) ;
#3171 = AXIS2_PLACEMENT_3D ( 'NONE', #4398, #620, #9675 ) ;
#3172 = ORIENTED_EDGE ( 'NONE', *, *, #6328, .T. ) ;
#3173 = CARTESIAN_POINT ( 'NONE',  ( 0.3642901512833205402, -0.03499999999999992006, 0.09028470468954057082 ) ) ;
#3174 = ORIENTED_EDGE ( 'NONE', *, *, #4282, .F. ) ;
#3175 = DIRECTION ( 'NONE',  ( -1.000000000000000000, 0.000000000000000000, 0.000000000000000000 ) ) ;
#3176 = CARTESIAN_POINT ( 'NONE',  ( 0.06999999999999999278, 0.1899999999999999745, 0.007000000000000001013 ) ) ;
#3177 = CARTESIAN_POINT ( 'NONE',  ( 0.1254999999999999727, -0.3750000000000000000, 0.1129999999999999893 ) ) ;
#3178 = ORIENTED_EDGE ( 'NONE', *, *, #491, .T. ) ;
#3179 = VERTEX_POINT ( 'NONE', #9545 ) ;
#3180 =( LENGTH_UNIT ( ) NAMED_UNIT ( * ) SI_UNIT ( .CENTI., .METRE. ) );
#3181 = SURFACE_STYLE_USAGE ( .BOTH. , #7671 ) ;
#3182 = CARTESIAN_POINT ( 'NONE',  ( 0.2149999999999999967, 0.3500000000000000333, 0.1879999999999999727 ) ) ;
#3183 = STYLED_ITEM ( 'NONE', ( #4917 ), #3193 ) ;
#3184 = SURFACE_STYLE_FILL_AREA ( #3087 ) ;
#3185 = ORIENTED_EDGE ( 'NONE', *, *, #3378, .F. ) ;
#3186 = EDGE_CURVE ( 'NONE', #8247, #9491, #6560, .T. ) ;
#3187 = CARTESIAN_POINT ( 'NONE',  ( -0.2149999999999999134, -0.3725000000000004419, 0.06999999999999981237 ) ) ;
#3188 = ORIENTED_EDGE ( 'NONE', *, *, #1670, .F. ) ;
#3189 = DIRECTION ( 'NONE',  ( -0.7071067811865494601, 0.7071067811865456854, 0.000000000000000000 ) ) ;
#3190 = ORIENTED_EDGE ( 'NONE', *, *, #3026, .F. ) ;
#3191 = FACE_OUTER_BOUND ( 'NONE', #8087, .T. ) ;
#3192 = ORIENTED_EDGE ( 'NONE', *, *, #5257, .F. ) ;
#3193 = ADVANCED_FACE ( 'NONE', ( #8712 ), #4921, .T. ) ;
#3194 = DIRECTION ( 'NONE',  ( 0.000000000000000000, 0.000000000000000000, -1.000000000000000000 ) ) ;
#3195 = AXIS2_PLACEMENT_3D ( 'NONE', #3230, #1720, #6351 ) ;
#3196 = DIRECTION ( 'NONE',  ( 0.000000000000000000, 1.000000000000000000, 0.000000000000000000 ) ) ;
#3197 = CARTESIAN_POINT ( 'NONE',  ( 0.2793071785686857544, -0.2425000000000000488, 0.1879999999999999727 ) ) ;
#3198 = LINE ( 'NONE', #4583, #1313 ) ;
#3199 = VERTEX_POINT ( 'NONE', #441 ) ;
#3200 = DIRECTION ( 'NONE',  ( -1.000000000000000000, 0.000000000000000000, 0.000000000000000000 ) ) ;
#3201 = DIRECTION ( 'NONE',  ( -1.498835719919922711E-29, 8.910623282276885903E-15, -1.000000000000000000 ) ) ;
#3202 = DIRECTION ( 'NONE',  ( 3.491483361109381672E-15, -6.244080569586447174E-31, 1.000000000000000000 ) ) ;
#3203 = ADVANCED_FACE ( 'NONE', ( #7871 ), #4215, .T. ) ;
#3204 = AXIS2_PLACEMENT_3D ( 'NONE', #4839, #3495, #7198 ) ;
#3205 = CARTESIAN_POINT ( 'NONE',  ( 0.03323401871576775468, 0.1046518036156088988, 0.4900000000000001577 ) ) ;
#3206 = EDGE_CURVE ( 'NONE', #3291, #7650, #7908, .T. ) ;
#3207 = FILL_AREA_STYLE ('',( #2555 ) ) ;
#3208 = EDGE_LOOP ( 'NONE', ( #4510, #8766, #2277, #1267 ) ) ;
#3209 =( GEOMETRIC_REPRESENTATION_CONTEXT ( 3 ) GLOBAL_UNCERTAINTY_ASSIGNED_CONTEXT ( ( #7267 ) ) GLOBAL_UNIT_ASSIGNED_CONTEXT ( ( #2340, #6263, #3981 ) ) REPRESENTATION_CONTEXT ( 'NONE', 'WORKASPACE' ) );
#3210 = DIRECTION ( 'NONE',  ( -1.000000000000000000, 0.000000000000000000, 0.000000000000000000 ) ) ;
#3211 = CARTESIAN_POINT ( 'NONE',  ( 0.1060660171779819472, 0.03535533905932768811, 0.3150000000000001132 ) ) ;
#3212 = EDGE_CURVE ( 'NONE', #3976, #8320, #4505, .T. ) ;
#3213 = COLOUR_RGB ( '',0.6470588235294117974, 0.6196078431372549211, 0.5882352941176470784 ) ;
#3214 = ORIENTED_EDGE ( 'NONE', *, *, #3649, .F. ) ;
#3215 = CARTESIAN_POINT ( 'NONE',  ( -0.3525000000000000355, 0.000000000000000000, 0.1680000000000000382 ) ) ;
#3216 = CARTESIAN_POINT ( 'NONE',  ( 0.3725000000000001088, -0.2425000000000000488, 0.1730000000000000149 ) ) ;
#3217 = EDGE_CURVE ( 'NONE', #5034, #2706, #4130, .T. ) ;
#3218 = DIRECTION ( 'NONE',  ( -1.498835719919922711E-29, 8.910623282276885903E-15, -1.000000000000000000 ) ) ;
#3219 = FILL_AREA_STYLE_COLOUR ( '', #6926 ) ;
#3220 = ORIENTED_EDGE ( 'NONE', *, *, #4342, .T. ) ;
#3221 = PRESENTATION_LAYER_ASSIGNMENT (  '', '', ( #6548 ) ) ;
#3222 = SURFACE_STYLE_FILL_AREA ( #6195 ) ;
#3223 = CYLINDRICAL_SURFACE ( 'NONE', #2969, 0.02000000000000001082 ) ;
#3224 = DIRECTION ( 'NONE',  ( 1.216841899242989572E-16, -1.216841899242984888E-16, -1.000000000000000000 ) ) ;
#3225 = EDGE_CURVE ( 'NONE', #2007, #3543, #5258, .T. ) ;
#3226 = FILL_AREA_STYLE_COLOUR ( '', #9617 ) ;
#3227 = ORIENTED_EDGE ( 'NONE', *, *, #9481, .T. ) ;
#3228 = EDGE_LOOP ( 'NONE', ( #1843, #6671, #6786, #1583, #5227, #8990, #7984, #2589 ) ) ;
#3229 = DIRECTION ( 'NONE',  ( 0.7071067811865519026, 0.7071067811865431318, 0.000000000000000000 ) ) ;
#3230 = CARTESIAN_POINT ( 'NONE',  ( 0.02616295090390226633, 0.09758073580374340694, 0.4900000000000001577 ) ) ;
#3231 = AXIS2_PLACEMENT_3D ( 'NONE', #9162, #6735, #4679 ) ;
#3232 = ORIENTED_EDGE ( 'NONE', *, *, #2380, .F. ) ;
#3233 = DIRECTION ( 'NONE',  ( 0.000000000000000000, -0.5144957554275266798, 0.8574929257125440962 ) ) ;
#3234 = ORIENTED_EDGE ( 'NONE', *, *, #2069, .T. ) ;
#3235 =( LENGTH_UNIT ( ) NAMED_UNIT ( * ) SI_UNIT ( .CENTI., .METRE. ) );
#3236 = ORIENTED_EDGE ( 'NONE', *, *, #684, .F. ) ;
#3237 = FILL_AREA_STYLE ('',( #9204 ) ) ;
#3238 = EDGE_CURVE ( 'NONE', #9679, #7763, #2226, .T. ) ;
#3239 = EDGE_LOOP ( 'NONE', ( #8508, #9171, #7278, #2661 ) ) ;
#3240 = LINE ( 'NONE', #8525, #7313 ) ;
#3241 = ADVANCED_FACE ( 'NONE', ( #8122 ), #2078, .T. ) ;
#3242 = PRESENTATION_STYLE_ASSIGNMENT (( #1783 ) ) ;
#3243 = CARTESIAN_POINT ( 'NONE',  ( 0.000000000000000000, -0.1900000000000000022, 0.007000000000000001880 ) ) ;
#3244 = DIRECTION ( 'NONE',  ( -4.745752291439779558E-45, 1.000000000000000000, 8.910623282276885903E-15 ) ) ;
#3245 = ORIENTED_EDGE ( 'NONE', *, *, #8044, .F. ) ;
#3246 = DIRECTION ( 'NONE',  ( 0.000000000000000000, 1.000000000000000000, 0.000000000000000000 ) ) ;
#3247 =( GEOMETRIC_REPRESENTATION_CONTEXT ( 3 ) GLOBAL_UNCERTAINTY_ASSIGNED_CONTEXT ( ( #22 ) ) GLOBAL_UNIT_ASSIGNED_CONTEXT ( ( #6425, #4138, #2743 ) ) REPRESENTATION_CONTEXT ( 'NONE', 'WORKASPACE' ) );
#3248 = ORIENTED_EDGE ( 'NONE', *, *, #618, .T. ) ;
#3249 = CARTESIAN_POINT ( 'NONE',  ( 0.2780547203178223015, 0.3229860436907429633, 0.1879999999999999727 ) ) ;
#3250 = DIRECTION ( 'NONE',  ( 0.000000000000000000, 0.000000000000000000, 1.000000000000000000 ) ) ;
#3251 = DIRECTION ( 'NONE',  ( -0.000000000000000000, -0.000000000000000000, 1.000000000000000000 ) ) ;
#3252 = DIRECTION ( 'NONE',  ( -0.000000000000000000, 0.000000000000000000, -1.000000000000000000 ) ) ;
#3253 = FACE_OUTER_BOUND ( 'NONE', #7676, .T. ) ;
#3254 = EDGE_CURVE ( 'NONE', #8694, #3940, #5613, .T. ) ;
#3255 = PRESENTATION_LAYER_ASSIGNMENT (  '', '', ( #2611 ) ) ;
#3256 = ORIENTED_EDGE ( 'NONE', *, *, #8162, .F. ) ;
#3257 = LINE ( 'NONE', #314, #2469 ) ;
#3258 = AXIS2_PLACEMENT_3D ( 'NONE', #1500, #616, #2859 ) ;
#3259 = SURFACE_STYLE_FILL_AREA ( #315 ) ;
#3260 = ORIENTED_EDGE ( 'NONE', *, *, #9664, .F. ) ;
#3261 = LINE ( 'NONE', #1151, #3750 ) ;
#3262 = CARTESIAN_POINT ( 'NONE',  ( -1.618222012878672046E-16, 0.2131738468368999939, -0.05000000000000000278 ) ) ;
#3263 = FILL_AREA_STYLE ('',( #9328 ) ) ;
#3264 = CARTESIAN_POINT ( 'NONE',  ( 0.2793071785686857544, 0.3429467888754760829, 0.1879999999999999727 ) ) ;
#3265 = EDGE_CURVE ( 'NONE', #9444, #1433, #1470, .T. ) ;
#3266 = ORIENTED_EDGE ( 'NONE', *, *, #6411, .F. ) ;
#3267 = PRESENTATION_LAYER_ASSIGNMENT (  '', '', ( #2619 ) ) ;
#3268 = SURFACE_SIDE_STYLE ('',( #276 ) ) ;
#3269 = STYLED_ITEM ( 'NONE', ( #8025 ), #4139 ) ;
#3270 = DIRECTION ( 'NONE',  ( 0.7071067811865461294, 0.7071067811865489050, 0.000000000000000000 ) ) ;
#3271 = ADVANCED_FACE ( 'NONE', ( #5165 ), #7517, .T. ) ;
#3272 = VECTOR ( 'NONE', #2615, 100.0000000000000000 ) ;
#3273 = CARTESIAN_POINT ( 'NONE',  ( 0.2500000000000000000, 0.000000000000000000, 0.000000000000000000 ) ) ;
#3274 = DIRECTION ( 'NONE',  ( -1.000000000000000000, -1.788374717501863286E-16, -2.891205793294679017E-15 ) ) ;
#3275 = ORIENTED_EDGE ( 'NONE', *, *, #7164, .F. ) ;
#3276 = EDGE_LOOP ( 'NONE', ( #5269, #777, #3192, #7661 ) ) ;
#3277 = CARTESIAN_POINT ( 'NONE',  ( 0.2397342033722960342, 0.3391846958116757627, 0.1729999395605555657 ) ) ;
#3278 = FACE_OUTER_BOUND ( 'NONE', #5999, .T. ) ;
#3279 = PLANE ( 'NONE',  #5107 ) ;
#3280 = VECTOR ( 'NONE', #8972, 100.0000000000000000 ) ;
#3281 = FACE_OUTER_BOUND ( 'NONE', #8804, .T. ) ;
#3282 = VECTOR ( 'NONE', #3189, 99.99999999999998579 ) ;
#3283 = EDGE_CURVE ( 'NONE', #6897, #1725, #6804, .T. ) ;
#3284 = ORIENTED_EDGE ( 'NONE', *, *, #7642, .T. ) ;
#3285 = FACE_OUTER_BOUND ( 'NONE', #9031, .T. ) ;
#3286 = AXIS2_PLACEMENT_3D ( 'NONE', #2785, #5076, #8082 ) ;
#3287 = ORIENTED_EDGE ( 'NONE', *, *, #5790, .F. ) ;
#3288 = CARTESIAN_POINT ( 'NONE',  ( 0.3500000000000000333, 0.000000000000000000, 0.01399999987750123742 ) ) ;
#3289 = ORIENTED_EDGE ( 'NONE', *, *, #7425, .T. ) ;
#3290 =( NAMED_UNIT ( * ) PLANE_ANGLE_UNIT ( ) SI_UNIT ( $, .RADIAN. ) );
#3291 = VERTEX_POINT ( 'NONE', #9791 ) ;
#3292 = VECTOR ( 'NONE', #823, 100.0000000000000000 ) ;
#3293 = STYLED_ITEM ( 'NONE', ( #7533 ), #2971 ) ;
#3294 = SURFACE_SIDE_STYLE ('',( #4729 ) ) ;
#3295 = FILL_AREA_STYLE_COLOUR ( '', #196 ) ;
#3296 = DIRECTION ( 'NONE',  ( -1.000000000000000000, 0.000000000000000000, 0.000000000000000000 ) ) ;
#3297 = ORIENTED_EDGE ( 'NONE', *, *, #6474, .F. ) ;
#3298 = PRESENTATION_LAYER_ASSIGNMENT (  '', '', ( #6467 ) ) ;
#3299 = PLANE ( 'NONE',  #8605 ) ;
#3300 = ORIENTED_EDGE ( 'NONE', *, *, #5918, .T. ) ;
#3301 = DIRECTION ( 'NONE',  ( 0.000000000000000000, -1.000000000000000000, 0.000000000000000000 ) ) ;
#3302 = DIRECTION ( 'NONE',  ( 0.7071067811865461294, 0.7071067811865489050, 0.000000000000000000 ) ) ;
#3303 = DIRECTION ( 'NONE',  ( 1.480679104661777854E-14, 1.000000000000000000, -7.403395523308860873E-15 ) ) ;
#3304 = CARTESIAN_POINT ( 'NONE',  ( -0.2498275605729689264, 0.3441421356237310269, 0.1729999999999999871 ) ) ;
#3305 = AXIS2_PLACEMENT_3D ( 'NONE', #5829, #1294, #1250 ) ;
#3306 = DIRECTION ( 'NONE',  ( -7.311082709387417497E-18, 1.000000000000000000, -3.491483361109382066E-15 ) ) ;
#3307 = SURFACE_STYLE_USAGE ( .BOTH. , #261 ) ;
#3308 = EDGE_LOOP ( 'NONE', ( #5797, #4804, #8453, #9502, #2753, #2011, #5690, #671 ) ) ;
#3309 = CIRCLE ( 'NONE', #8515, 0.009999999999999982861 ) ;
#3310 = CARTESIAN_POINT ( 'NONE',  ( 0.2793071785686857544, 0.3400000000000000244, 0.1729999999999999871 ) ) ;
#3311 = DIRECTION ( 'NONE',  ( 0.000000000000000000, 0.000000000000000000, 1.000000000000000000 ) ) ;
#3312 = COLOUR_RGB ( '',1.000000000000000000, 1.000000000000000000, 1.000000000000000000 ) ;
#3313 = EDGE_CURVE ( 'NONE', #6897, #5098, #8952, .T. ) ;
#3314 =( NAMED_UNIT ( * ) SI_UNIT ( $, .STERADIAN. ) SOLID_ANGLE_UNIT ( ) );
#3315 = LINE ( 'NONE', #6339, #7841 ) ;
#3316 = CYLINDRICAL_SURFACE ( 'NONE', #9220, 0.004999999999999969746 ) ;
#3317 = VECTOR ( 'NONE', #600, 100.0000000000000000 ) ;
#3318 = ORIENTED_EDGE ( 'NONE', *, *, #1904, .F. ) ;
#3319 = DIRECTION ( 'NONE',  ( 0.000000000000000000, 1.000000000000000000, 0.000000000000000000 ) ) ;
#3320 = AXIS2_PLACEMENT_3D ( 'NONE', #8907, #8855, #2993 ) ;
#3321 = DIRECTION ( 'NONE',  ( 1.000000000000000000, 0.000000000000000000, 0.000000000000000000 ) ) ;
#3322 = FACE_OUTER_BOUND ( 'NONE', #939, .T. ) ;
#3323 = ORIENTED_EDGE ( 'NONE', *, *, #1803, .T. ) ;
#3324 = EDGE_CURVE ( 'NONE', #5208, #3725, #4715, .T. ) ;
#3325 = EDGE_LOOP ( 'NONE', ( #6741, #6949, #8837, #6605 ) ) ;
#3326 = DIRECTION ( 'NONE',  ( 0.7071067811865465735, -0.7071067811865485719, 0.000000000000000000 ) ) ;
#3327 = CARTESIAN_POINT ( 'NONE',  ( -0.2439696961966995037, 0.3500000000000000333, 0.1879999999999999727 ) ) ;
#3328 = CARTESIAN_POINT ( 'NONE',  ( -0.3608328854037720634, -0.1074999999999999567, 0.01308987002439214800 ) ) ;
#3329 = ORIENTED_EDGE ( 'NONE', *, *, #1260, .T. ) ;
#3330 = FACE_OUTER_BOUND ( 'NONE', #3025, .T. ) ;
#3331 = ORIENTED_EDGE ( 'NONE', *, *, #4430, .F. ) ;
#3332 = CARTESIAN_POINT ( 'NONE',  ( 0.3525000000000000355, 0.3429467888754760829, 0.1879999999999999727 ) ) ;
#3333 = ORIENTED_EDGE ( 'NONE', *, *, #8256, .F. ) ;
#3334 = AXIS2_PLACEMENT_3D ( 'NONE', #6221, #3301, #5239 ) ;
#3335 = VERTEX_POINT ( 'NONE', #3967 ) ;
#3336 = EDGE_CURVE ( 'NONE', #3593, #693, #829, .T. ) ;
#3337 = SURFACE_STYLE_USAGE ( .BOTH. , #6951 ) ;
#3338 = CARTESIAN_POINT ( 'NONE',  ( 0.2149999999999999967, 0.3500000000000000333, 0.1729999999999999871 ) ) ;
#3339 = LINE ( 'NONE', #2585, #7209 ) ;
#3340 = DIRECTION ( 'NONE',  ( 0.7071067811865461294, -0.7071067811865489050, 0.000000000000000000 ) ) ;
#3341 = ADVANCED_FACE ( 'NONE', ( #7811 ), #8366, .F. ) ;
#3342 = SURFACE_STYLE_FILL_AREA ( #300 ) ;
#3343 = VERTEX_POINT ( 'NONE', #4814 ) ;
#3344 = DIRECTION ( 'NONE',  ( -1.000000000000000000, 0.000000000000000000, 0.000000000000000000 ) ) ;
#3345 = ORIENTED_EDGE ( 'NONE', *, *, #5218, .T. ) ;
#3346 = CARTESIAN_POINT ( 'NONE',  ( -0.2149999999999999967, -0.3500000000000000333, 0.1879999999999999727 ) ) ;
#3347 = CARTESIAN_POINT ( 'NONE',  ( -0.1046518036156089126, 0.03323401871576775468, 0.5000000000000001110 ) ) ;
#3348 = CARTESIAN_POINT ( 'NONE',  ( 0.03323401871576792815, -0.1046518036156089959, 0.3150000000000000022 ) ) ;
#3349 = DIRECTION ( 'NONE',  ( 1.000000000000000000, -1.788374717501863040E-16, 0.000000000000000000 ) ) ;
#3350 = EDGE_CURVE ( 'NONE', #1385, #8843, #137, .T. ) ;
#3351 = CARTESIAN_POINT ( 'NONE',  ( -0.08000000000000001554, 0.3725000000000004419, 0.06999999999999979849 ) ) ;
#3352 = SURFACE_SIDE_STYLE ('',( #310 ) ) ;
#3353 = LINE ( 'NONE', #5775, #1954 ) ;
#3354 = AXIS2_PLACEMENT_3D ( 'NONE', #2571, #9393, #8556 ) ;
#3355 = VERTEX_POINT ( 'NONE', #7765 ) ;
#3356 = CARTESIAN_POINT ( 'NONE',  ( 0.2350000000000000144, 0.2449999999999999956, 0.004000000000000000083 ) ) ;
#3357 = AXIS2_PLACEMENT_3D ( 'NONE', #7393, #5129, #8278 ) ;
#3359 = SURFACE_STYLE_FILL_AREA ( #4145 ) ;
#3358 = AXIS2_PLACEMENT_3D ( 'NONE', #2311, #4703, #3908 ) ;
#3360 =( NAMED_UNIT ( * ) PLANE_ANGLE_UNIT ( ) SI_UNIT ( $, .RADIAN. ) );
#3361 =( NAMED_UNIT ( * ) PLANE_ANGLE_UNIT ( ) SI_UNIT ( $, .RADIAN. ) );
#3362 = PRESENTATION_LAYER_ASSIGNMENT (  '', '', ( #809 ) ) ;
#3363 = VECTOR ( 'NONE', #6680, 100.0000000000000000 ) ;
#3364 = EDGE_LOOP ( 'NONE', ( #1086, #5888, #4303, #2544 ) ) ;
#3365 = PRESENTATION_STYLE_ASSIGNMENT (( #5605 ) ) ;
#3366 = EDGE_CURVE ( 'NONE', #1064, #539, #969, .T. ) ;
#3367 = DIRECTION ( 'NONE',  ( 0.000000000000000000, 1.000000000000000000, 0.000000000000000000 ) ) ;
#3368 = STYLED_ITEM ( 'NONE', ( #1091 ), #4456 ) ;
#3369 = DIRECTION ( 'NONE',  ( -0.000000000000000000, -1.000000000000000000, 0.000000000000000000 ) ) ;
#3370 = ORIENTED_EDGE ( 'NONE', *, *, #9666, .F. ) ;
#3371 = EDGE_LOOP ( 'NONE', ( #170, #3520, #5753, #7035 ) ) ;
#3372 = CARTESIAN_POINT ( 'NONE',  ( 0.3441421356237308604, -0.2498275605729692872, 0.1630000000000000060 ) ) ;
#3373 = CARTESIAN_POINT ( 'NONE',  ( -0.3724999999999999978, 0.2425000000000000488, 0.1680000000000000659 ) ) ;
#3374 = CARTESIAN_POINT ( 'NONE',  ( 0.3393574793689602687, 0.2393170669648326809, 0.1729999395605557599 ) ) ;
#3375 = AXIS2_PLACEMENT_3D ( 'NONE', #6362, #6407, #3388 ) ;
#3376 = AXIS2_PLACEMENT_3D ( 'NONE', #8338, #7544, #8285 ) ;
#3377 = DIRECTION ( 'NONE',  ( 0.000000000000000000, 1.000000000000000000, 0.000000000000000000 ) ) ;
#3378 = EDGE_CURVE ( 'NONE', #4662, #6240, #7031, .T. ) ;
#3379 = ORIENTED_EDGE ( 'NONE', *, *, #7853, .T. ) ;
#3380 = CARTESIAN_POINT ( 'NONE',  ( -0.2780547203178223570, -0.3229860436907429633, 0.1879999999999999727 ) ) ;
#3381 = EDGE_LOOP ( 'NONE', ( #1936, #765, #9346, #6098 ) ) ;
#3382 = FILL_AREA_STYLE_COLOUR ( '', #3312 ) ;
#3383 = UNCERTAINTY_MEASURE_WITH_UNIT (LENGTH_MEASURE( 1.000000000000000082E-05 ), #1930, 'distance_accuracy_value', 'NONE');
#3384 = EDGE_LOOP ( 'NONE', ( #4737, #9480, #3881, #7330, #7424 ) ) ;
#3385 = VECTOR ( 'NONE', #1876, 100.0000000000000000 ) ;
#3386 = ADVANCED_FACE ( 'NONE', ( #7079 ), #8457, .T. ) ;
#3387 = SURFACE_STYLE_FILL_AREA ( #8665 ) ;
#3388 = DIRECTION ( 'NONE',  ( -1.000000000000000000, 0.000000000000000000, 0.000000000000000000 ) ) ;
#3389 = AXIS2_PLACEMENT_3D ( 'NONE', #7754, #222, #6288 ) ;
#3390 = DIRECTION ( 'NONE',  ( 1.000000000000000000, 7.311082709387417497E-18, -2.552652363152067741E-32 ) ) ;
#3391 = DIRECTION ( 'NONE',  ( -1.000000000000000000, 0.000000000000000000, 0.000000000000000000 ) ) ;
#3392 = DIRECTION ( 'NONE',  ( -1.000000000000000000, 0.000000000000000000, 0.000000000000000000 ) ) ;
#3393 = CARTESIAN_POINT ( 'NONE',  ( 0.2793071785686857544, -0.3524999999999999800, 0.1879999999999999727 ) ) ;
#3394 = EDGE_CURVE ( 'NONE', #3410, #2222, #235, .T. ) ;
#3395 = ORIENTED_EDGE ( 'NONE', *, *, #5822, .F. ) ;
#3396 = DIRECTION ( 'NONE',  ( 0.000000000000000000, 0.000000000000000000, 1.000000000000000000 ) ) ;
#3397 = DIRECTION ( 'NONE',  ( 0.000000000000000000, 0.000000000000000000, -1.000000000000000000 ) ) ;
#3398 = VECTOR ( 'NONE', #7973, 100.0000000000000142 ) ;
#3399 = ADVANCED_FACE ( 'NONE', ( #3278 ), #9198, .T. ) ;
#3400 = CARTESIAN_POINT ( 'NONE',  ( -0.3724999999999999978, 0.2425000000000000488, 0.1730000000000000149 ) ) ;
#3401 = CARTESIAN_POINT ( 'NONE',  ( -0.3499999999999999778, -0.2356854249492383591, 0.1630000000000000060 ) ) ;
#3402 = CYLINDRICAL_SURFACE ( 'NONE', #7497, 0.009999999999999998473 ) ;
#3403 = EDGE_CURVE ( 'NONE', #9140, #6899, #8603, .T. ) ;
#3404 = ORIENTED_EDGE ( 'NONE', *, *, #7369, .T. ) ;
#3405 = CARTESIAN_POINT ( 'NONE',  ( -1.192622389734054138E-16, 0.1084177848998413157, 0.5000000000000002220 ) ) ;
#3406 = DIRECTION ( 'NONE',  ( 2.552652363152067194E-32, -3.491483361109382461E-15, 1.000000000000000000 ) ) ;
#3407 = CARTESIAN_POINT ( 'NONE',  ( -0.2356854249492374986, -0.3299999999999989608, 0.1630000000000003946 ) ) ;
#3408 = CARTESIAN_POINT ( 'NONE',  ( 0.3298350308547478016, 0.1774999999999999911, -0.1051199933897666722 ) ) ;
#3409 = CARTESIAN_POINT ( 'NONE',  ( -0.3288046532517440723, 0.2651650429449560198, 0.1879999999999999727 ) ) ;
#3410 = VERTEX_POINT ( 'NONE', #4307 ) ;
#3411 = DIRECTION ( 'NONE',  ( 0.000000000000000000, -1.000000000000000000, -0.000000000000000000 ) ) ;
#3412 = CARTESIAN_POINT ( 'NONE',  ( -0.1849999999999999145, -0.3575000000000005396, 0.03999999999999977185 ) ) ;
#3413 = ADVANCED_FACE ( 'NONE', ( #7957 ), #1863, .F. ) ;
#3414 = DIRECTION ( 'NONE',  ( -0.000000000000000000, -3.491483361109383250E-15, 1.000000000000000000 ) ) ;
#3415 = VECTOR ( 'NONE', #4753, 100.0000000000000142 ) ;
#3416 = AXIS2_PLACEMENT_3D ( 'NONE', #5733, #465, #3549 ) ;
#3417 = VERTEX_POINT ( 'NONE', #4907 ) ;
#3418 = ORIENTED_EDGE ( 'NONE', *, *, #4877, .F. ) ;
#3419 = LINE ( 'NONE', #7904, #7056 ) ;
#3420 = DIRECTION ( 'NONE',  ( -0.9848077530122085754, 0.000000000000000000, -0.1736481776669273336 ) ) ;
#3421 = PRESENTATION_STYLE_ASSIGNMENT (( #7170 ) ) ;
#3422 = VECTOR ( 'NONE', #2738, 100.0000000000000000 ) ;
#3423 = FILL_AREA_STYLE ('',( #7171 ) ) ;
#3424 = AXIS2_PLACEMENT_3D ( 'NONE', #9357, #6994, #9261 ) ;
#3425 = LINE ( 'NONE', #4116, #7573 ) ;
#3426 = EDGE_LOOP ( 'NONE', ( #6972, #587, #4604, #6998 ) ) ;
#3427 = CARTESIAN_POINT ( 'NONE',  ( 0.1254999999999999727, 0.3750000000000000000, 0.1129999999999999893 ) ) ;
#3428 = EDGE_LOOP ( 'NONE', ( #6229, #2349, #3072, #7473 ) ) ;
#3429 = ORIENTED_EDGE ( 'NONE', *, *, #8614, .F. ) ;
#3430 = PRESENTATION_LAYER_ASSIGNMENT (  '', '', ( #7690 ) ) ;
#3431 =( GEOMETRIC_REPRESENTATION_CONTEXT ( 3 ) GLOBAL_UNCERTAINTY_ASSIGNED_CONTEXT ( ( #9094 ) ) GLOBAL_UNIT_ASSIGNED_CONTEXT ( ( #7010, #807, #3114 ) ) REPRESENTATION_CONTEXT ( 'NONE', 'WORKASPACE' ) );
#3432 = EDGE_CURVE ( 'NONE', #4017, #9602, #7226, .T. ) ;
#3433 = CARTESIAN_POINT ( 'NONE',  ( -0.3741382288134426082, -0.03499999999999998945, 0.08854822291287130220 ) ) ;
#3434 =( NAMED_UNIT ( * ) PLANE_ANGLE_UNIT ( ) SI_UNIT ( $, .RADIAN. ) );
#3435 = PLANE ( 'NONE',  #4179 ) ;
#3436 = COLOUR_RGB ( '',0.6470588235294117974, 0.6196078431372549211, 0.5882352941176470784 ) ;
#3437 = DIRECTION ( 'NONE',  ( 1.000000000000000000, 0.000000000000000000, -0.000000000000000000 ) ) ;
#3438 = ORIENTED_EDGE ( 'NONE', *, *, #1564, .T. ) ;
#3439 = CARTESIAN_POINT ( 'NONE',  ( 0.3500000000000000333, 0.000000000000000000, 0.003999999877501211193 ) ) ;
#3440 = PRESENTATION_LAYER_ASSIGNMENT (  '', '', ( #6452 ) ) ;
#3441 = STYLED_ITEM ( 'NONE', ( #3049 ), #2979 ) ;
#3442 = DIRECTION ( 'NONE',  ( 1.000000000000000000, 0.000000000000000000, 0.000000000000000000 ) ) ;
#3443 = DIRECTION ( 'NONE',  ( 0.000000000000000000, -0.000000000000000000, 1.000000000000000000 ) ) ;
#3444 = PRESENTATION_STYLE_ASSIGNMENT (( #4978 ) ) ;
#3445 = EDGE_CURVE ( 'NONE', #2284, #7865, #374, .T. ) ;
#3446 = FILL_AREA_STYLE ('',( #7194 ) ) ;
#3447 = ORIENTED_EDGE ( 'NONE', *, *, #6437, .T. ) ;
#3448 = UNCERTAINTY_MEASURE_WITH_UNIT (LENGTH_MEASURE( 1.000000000000000082E-05 ), #1731, 'distance_accuracy_value', 'NONE');
#3449 = DIRECTION ( 'NONE',  ( 0.000000000000000000, 0.000000000000000000, -1.000000000000000000 ) ) ;
#3450 = VECTOR ( 'NONE', #3367, 100.0000000000000000 ) ;
#3451 = MECHANICAL_DESIGN_GEOMETRIC_PRESENTATION_REPRESENTATION (  '', ( #106 ), #5349 ) ;
#3452 = LINE ( 'NONE', #960, #4717 ) ;
#3453 = ADVANCED_FACE ( 'NONE', ( #9340 ), #8061, .T. ) ;
#3454 = FACE_OUTER_BOUND ( 'NONE', #8350, .T. ) ;
#3455 = ORIENTED_EDGE ( 'NONE', *, *, #5404, .T. ) ;
#3456 = CARTESIAN_POINT ( 'NONE',  ( 0.1849999999999999423, -0.3575000000000005396, 0.03999999999999977879 ) ) ;
#3457 = SURFACE_STYLE_FILL_AREA ( #412 ) ;
#3458 = STYLED_ITEM ( 'NONE', ( #2563 ), #8332 ) ;
#3459 = EDGE_CURVE ( 'NONE', #7338, #3410, #1502, .T. ) ;
#3460 = FACE_OUTER_BOUND ( 'NONE', #7969, .T. ) ;
#3461 = CARTESIAN_POINT ( 'NONE',  ( -0.3288046532517440723, -0.2651650429449559643, 0.1879999999999999727 ) ) ;
#3462 = FILL_AREA_STYLE_COLOUR ( '', #1028 ) ;
#3463 = CARTESIAN_POINT ( 'NONE',  ( 0.2149999999999999967, -0.3500000000000000333, 0.1879999999999999727 ) ) ;
#3464 = VERTEX_POINT ( 'NONE', #3373 ) ;
#3465 = SURFACE_STYLE_USAGE ( .BOTH. , #2009 ) ;
#3466 = CARTESIAN_POINT ( 'NONE',  ( -0.2149999999999999134, 0.3575000001233738511, 0.07000000000000004829 ) ) ;
#3467 = DIRECTION ( 'NONE',  ( 0.6018150229063274903, 7.370108414810251050E-17, -0.7986355102324566024 ) ) ;
#3468 = ORIENTED_EDGE ( 'NONE', *, *, #544, .F. ) ;
#3469 = CIRCLE ( 'NONE', #7876, 0.1500000000000000222 ) ;
#3470 = ORIENTED_EDGE ( 'NONE', *, *, #7448, .F. ) ;
#3471 = CARTESIAN_POINT ( 'NONE',  ( -0.2356854249492379150, 0.3399999999999999689, 0.1729999999999999871 ) ) ;
#3472 = CARTESIAN_POINT ( 'NONE',  ( -0.3396831083848697586, 0.2250000000000000611, -0.1068564751664359408 ) ) ;
#3473 = CARTESIAN_POINT ( 'NONE',  ( -0.2500000000000000000, -0.2449999999999999956, 0.000000000000000000 ) ) ;
#3474 = CARTESIAN_POINT ( 'NONE',  ( 0.1849999999999999423, -0.3725000000000003308, 0.1019349540849361496 ) ) ;
#3475 = CARTESIAN_POINT ( 'NONE',  ( 0.2149999999999999689, 0.3429467888754760829, 0.1729999999999999871 ) ) ;
#3476 = EDGE_LOOP ( 'NONE', ( #2012, #6977, #9694, #392, #4829, #5483 ) ) ;
#3477 = ORIENTED_EDGE ( 'NONE', *, *, #7979, .F. ) ;
#3478 = DIRECTION ( 'NONE',  ( -0.7071067811865489050, 0.7071067811865461294, 0.000000000000000000 ) ) ;
#3479 = ORIENTED_EDGE ( 'NONE', *, *, #2772, .F. ) ;
#3480 = VERTEX_POINT ( 'NONE', #7905 ) ;
#3481 = CARTESIAN_POINT ( 'NONE',  ( 0.1849999999999999423, 0.3575000000000004285, 0.06999999999999979849 ) ) ;
#3482 = CARTESIAN_POINT ( 'NONE',  ( -0.03323401871576785183, -0.1046518036156089126, 0.5000000000000001110 ) ) ;
#3483 =( NAMED_UNIT ( * ) PLANE_ANGLE_UNIT ( ) SI_UNIT ( $, .RADIAN. ) );
#3484 = DIRECTION ( 'NONE',  ( 0.000000000000000000, 0.000000000000000000, 1.000000000000000000 ) ) ;
#3485 = ORIENTED_EDGE ( 'NONE', *, *, #7249, .F. ) ;
#3486 = VECTOR ( 'NONE', #2471, 100.0000000000000000 ) ;
#3487 = ORIENTED_EDGE ( 'NONE', *, *, #3116, .F. ) ;
#3488 = FACE_OUTER_BOUND ( 'NONE', #836, .T. ) ;
#3489 = DIRECTION ( 'NONE',  ( 0.7071067811865487940, 0.7071067811865462405, 0.000000000000000000 ) ) ;
#3490 = EDGE_CURVE ( 'NONE', #2222, #6196, #7169, .T. ) ;
#3491 = DIRECTION ( 'NONE',  ( 1.000000000000000000, -7.311082709387417497E-18, 0.000000000000000000 ) ) ;
#3492 = DIRECTION ( 'NONE',  ( 0.000000000000000000, -0.8574929257125440962, -0.5144957554275266798 ) ) ;
#3493 =( LENGTH_UNIT ( ) NAMED_UNIT ( * ) SI_UNIT ( .CENTI., .METRE. ) );
#3494 = ORIENTED_EDGE ( 'NONE', *, *, #2303, .F. ) ;
#3495 = DIRECTION ( 'NONE',  ( -1.000000000000000000, 2.135040237031389343E-16, 0.000000000000000000 ) ) ;
#3496 = COLOUR_RGB ( '',0.6470588235294117974, 0.6196078431372549211, 0.5882352941176470784 ) ;
#3497 =( LENGTH_UNIT ( ) NAMED_UNIT ( * ) SI_UNIT ( .CENTI., .METRE. ) );
#3498 = PRESENTATION_STYLE_ASSIGNMENT (( #4840 ) ) ;
#3499 = ORIENTED_EDGE ( 'NONE', *, *, #6437, .F. ) ;
#3500 = LINE ( 'NONE', #6530, #3280 ) ;
#3501 = ADVANCED_FACE ( 'NONE', ( #1218 ), #429, .T. ) ;
#3502 =( NAMED_UNIT ( * ) PLANE_ANGLE_UNIT ( ) SI_UNIT ( $, .RADIAN. ) );
#3503 = LINE ( 'NONE', #2101, #3893 ) ;
#3504 = EDGE_CURVE ( 'NONE', #3614, #8865, #477, .T. ) ;
#3505 = CYLINDRICAL_SURFACE ( 'NONE', #9749, 0.03249999999999995254 ) ;
#3506 =( NAMED_UNIT ( * ) SI_UNIT ( $, .STERADIAN. ) SOLID_ANGLE_UNIT ( ) );
#3507 = VECTOR ( 'NONE', #5168, 100.0000000000000000 ) ;
#3508 = ORIENTED_EDGE ( 'NONE', *, *, #3459, .F. ) ;
#3509 = ADVANCED_FACE ( 'NONE', ( #6649 ), #2817, .T. ) ;
#3510 = CARTESIAN_POINT ( 'NONE',  ( -0.3399999999999999134, 0.2363399651538037882, 0.1729999999999999871 ) ) ;
#3511 = UNCERTAINTY_MEASURE_WITH_UNIT (LENGTH_MEASURE( 1.000000000000000082E-05 ), #5383, 'distance_accuracy_value', 'NONE');
#3512 = VECTOR ( 'NONE', #2118, 100.0000000000000000 ) ;
#3513 = VERTEX_POINT ( 'NONE', #4494 ) ;
#3514 = ORIENTED_EDGE ( 'NONE', *, *, #98, .T. ) ;
#3515 = AXIS2_PLACEMENT_3D ( 'NONE', #7009, #212, #9273 ) ;
#3516 = CYLINDRICAL_SURFACE ( 'NONE', #4702, 0.01999999999999996572 ) ;
#3517 = DIRECTION ( 'NONE',  ( -0.1736481776669273336, 0.000000000000000000, 0.9848077530122085754 ) ) ;
#3518 = CARTESIAN_POINT ( 'NONE',  ( 0.1254999999999999727, -0.3500000000000000333, 0.1729999999999999871 ) ) ;
#3519 = DIRECTION ( 'NONE',  ( -0.5547001962252292584, -0.8320502943378437211, 0.000000000000000000 ) ) ;
#3520 = ORIENTED_EDGE ( 'NONE', *, *, #5676, .T. ) ;
#3521 = FACE_OUTER_BOUND ( 'NONE', #2122, .T. ) ;
#3522 = EDGE_CURVE ( 'NONE', #8965, #4866, #8110, .T. ) ;
#3523 = ORIENTED_EDGE ( 'NONE', *, *, #5122, .T. ) ;
#3524 = AXIS2_PLACEMENT_3D ( 'NONE', #7759, #6484, #178 ) ;
#3525 =( NAMED_UNIT ( * ) SI_UNIT ( $, .STERADIAN. ) SOLID_ANGLE_UNIT ( ) );
#3526 = ORIENTED_EDGE ( 'NONE', *, *, #4666, .F. ) ;
#3527 = ORIENTED_EDGE ( 'NONE', *, *, #2880, .T. ) ;
#3528 = ORIENTED_EDGE ( 'NONE', *, *, #4694, .T. ) ;
#3529 =( GEOMETRIC_REPRESENTATION_CONTEXT ( 3 ) GLOBAL_UNCERTAINTY_ASSIGNED_CONTEXT ( ( #9461 ) ) GLOBAL_UNIT_ASSIGNED_CONTEXT ( ( #553, #3642, #5920 ) ) REPRESENTATION_CONTEXT ( 'NONE', 'WORKASPACE' ) );
#3530 = CARTESIAN_POINT ( 'NONE',  ( -0.3509848079945653843, 0.1775000000000000189, 0.01482635178136413982 ) ) ;
#3531 = DIRECTION ( 'NONE',  ( -0.7071067811865461294, -0.7071067811865489050, 0.000000000000000000 ) ) ;
#3532 = VECTOR ( 'NONE', #2040, 100.0000000000000000 ) ;
#3533 = LINE ( 'NONE', #299, #5132 ) ;
#3534 =( NAMED_UNIT ( * ) SI_UNIT ( $, .STERADIAN. ) SOLID_ANGLE_UNIT ( ) );
#3535 = DIRECTION ( 'NONE',  ( 1.000000000000000000, 0.000000000000000000, -0.000000000000000000 ) ) ;
#3536 = EDGE_CURVE ( 'NONE', #4426, #770, #865, .T. ) ;
#3537 = EDGE_LOOP ( 'NONE', ( #4763, #853, #8601, #7666 ) ) ;
#3538 = LINE ( 'NONE', #3346, #6611 ) ;
#3539 = CARTESIAN_POINT ( 'NONE',  ( -0.1254999999999999449, 0.3750000000000000000, 0.1129999999999999893 ) ) ;
#3540 = EDGE_CURVE ( 'NONE', #9408, #977, #8250, .T. ) ;
#3541 = CIRCLE ( 'NONE', #3231, 0.01999999999999996572 ) ;
#3542 = PRESENTATION_STYLE_ASSIGNMENT (( #606 ) ) ;
#3543 = VERTEX_POINT ( 'NONE', #8986 ) ;
#3544 = CARTESIAN_POINT ( 'NONE',  ( -0.1060660171779828770, 0.1060660171779814753, 0.2233559577416269759 ) ) ;
#3545 = LINE ( 'NONE', #6577, #9112 ) ;
#3546 = VECTOR ( 'NONE', #1829, 100.0000000000000000 ) ;
#3547 = DIRECTION ( 'NONE',  ( -0.1736481776669273336, 0.000000000000000000, -0.9848077530122085754 ) ) ;
#3548 =( NAMED_UNIT ( * ) SI_UNIT ( $, .STERADIAN. ) SOLID_ANGLE_UNIT ( ) );
#3549 = DIRECTION ( 'NONE',  ( 0.000000000000000000, -1.000000000000000000, -2.840170070280789269E-16 ) ) ;
#3550 = VECTOR ( 'NONE', #5484, 99.99999999999998579 ) ;
#3551 = CARTESIAN_POINT ( 'NONE',  ( 0.1310000000000000608, 0.3725000001233738089, 0.1679999999999999549 ) ) ;
#3552 = CARTESIAN_POINT ( 'NONE',  ( 0.3608328855244097855, 0.07129477650116627929, 0.01308987000312044485 ) ) ;
#3553 = EDGE_CURVE ( 'NONE', #1265, #8253, #2920, .T. ) ;
#3554 = ORIENTED_EDGE ( 'NONE', *, *, #1919, .T. ) ;
#3555 = SURFACE_STYLE_USAGE ( .BOTH. , #1212 ) ;
#3556 =( GEOMETRIC_REPRESENTATION_CONTEXT ( 3 ) GLOBAL_UNCERTAINTY_ASSIGNED_CONTEXT ( ( #1513 ) ) GLOBAL_UNIT_ASSIGNED_CONTEXT ( ( #1880, #1181, #9500 ) ) REPRESENTATION_CONTEXT ( 'NONE', 'WORKASPACE' ) );
#3557 = SURFACE_STYLE_FILL_AREA ( #8153 ) ;
#3558 = VERTEX_POINT ( 'NONE', #9631 ) ;
#3559 = ORIENTED_EDGE ( 'NONE', *, *, #9649, .T. ) ;
#3560 = DIRECTION ( 'NONE',  ( -1.000000000000000000, 0.000000000000000000, 0.000000000000000000 ) ) ;
#3561 = CARTESIAN_POINT ( 'NONE',  ( 2.168404344971008868E-17, 0.000000000000000000, 0.2130000000079235178 ) ) ;
#3562 = CARTESIAN_POINT ( 'NONE',  ( 3.980102097228892192E-18, 0.1575000000000000566, 0.007000000000000001880 ) ) ;
#3563 = EDGE_CURVE ( 'NONE', #9395, #1679, #9582, .T. ) ;
#3564 =( LENGTH_UNIT ( ) NAMED_UNIT ( * ) SI_UNIT ( .CENTI., .METRE. ) );
#3565 = ORIENTED_EDGE ( 'NONE', *, *, #8463, .T. ) ;
#3566 = EDGE_CURVE ( 'NONE', #5915, #3291, #6743, .T. ) ;
#3567 = PLANE ( 'NONE',  #459 ) ;
#3568 = ORIENTED_EDGE ( 'NONE', *, *, #604, .F. ) ;
#3569 = CIRCLE ( 'NONE', #6586, 0.01999999999999996572 ) ;
#3570 = CARTESIAN_POINT ( 'NONE',  ( -0.3525000000000000355, -0.2425000000000000488, 0.1680000000000000382 ) ) ;
#3571 = ORIENTED_EDGE ( 'NONE', *, *, #2717, .T. ) ;
#3572 = PRESENTATION_STYLE_ASSIGNMENT (( #487 ) ) ;
#3573 = ORIENTED_EDGE ( 'NONE', *, *, #6360, .F. ) ;
#3574 = ORIENTED_EDGE ( 'NONE', *, *, #1140, .T. ) ;
#3575 = MECHANICAL_DESIGN_GEOMETRIC_PRESENTATION_REPRESENTATION (  '', ( #7831 ), #6216 ) ;
#3576 = CARTESIAN_POINT ( 'NONE',  ( -0.1310000000000000331, -0.3574999999999999289, 0.1019349540849361496 ) ) ;
#3577 = ADVANCED_FACE ( 'NONE', ( #9735 ), #2261, .F. ) ;
#3578 = DIRECTION ( 'NONE',  ( 0.000000000000000000, -0.000000000000000000, 1.000000000000000000 ) ) ;
#3579 = EDGE_CURVE ( 'NONE', #9687, #3976, #7989, .T. ) ;
#3580 = FACE_OUTER_BOUND ( 'NONE', #5473, .T. ) ;
#3581 = FACE_OUTER_BOUND ( 'NONE', #6477, .T. ) ;
#3582 = SURFACE_STYLE_USAGE ( .BOTH. , #545 ) ;
#3583 = EDGE_LOOP ( 'NONE', ( #2861, #2077, #4208, #4261 ) ) ;
#3584 = VECTOR ( 'NONE', #1388, 100.0000000000000000 ) ;
#3585 = PLANE ( 'NONE',  #99 ) ;
#3586 = LINE ( 'NONE', #5675, #6290 ) ;
#3587 = STYLED_ITEM ( 'NONE', ( #9381 ), #3884 ) ;
#3588 = CARTESIAN_POINT ( 'NONE',  ( 0.000000000000000000, -0.1900000000000000300, 0.04898381751025222830 ) ) ;
#3589 = VERTEX_POINT ( 'NONE', #6039 ) ;
#3590 = VECTOR ( 'NONE', #5307, 100.0000000000000000 ) ;
#3591 = PLANE ( 'NONE',  #7192 ) ;
#3592 = STYLED_ITEM ( 'NONE', ( #2260 ), #9673 ) ;
#3593 = VERTEX_POINT ( 'NONE', #3666 ) ;
#3594 = CARTESIAN_POINT ( 'NONE',  ( -0.06999999999999999278, 0.3049999999999999933, 0.06800000000000000488 ) ) ;
#3595 = CARTESIAN_POINT ( 'NONE',  ( -0.2150000000000000522, -0.3500000000000000333, 0.1730000000411245631 ) ) ;
#3596 = VECTOR ( 'NONE', #4371, 100.0000000000000000 ) ;
#3597 = DIRECTION ( 'NONE',  ( 0.000000000000000000, 0.000000000000000000, -1.000000000000000000 ) ) ;
#3598 = STYLED_ITEM ( 'NONE', ( #7292 ), #431 ) ;
#3599 = PLANE ( 'NONE',  #6475 ) ;
#3600 = DIRECTION ( 'NONE',  ( -0.000000000000000000, 1.000000000000000000, 0.000000000000000000 ) ) ;
#3601 = TOROIDAL_SURFACE ( 'NONE', #5189, 0.009999999999999592548, 0.009999999999999993269 ) ;
#3602 = AXIS2_PLACEMENT_3D ( 'NONE', #3264, #5774, #223 ) ;
#3603 = CARTESIAN_POINT ( 'NONE',  ( 0.3741382288134426082, -0.03499999999999992006, 0.08854822291287134384 ) ) ;
#3604 = DIRECTION ( 'NONE',  ( -7.311082709387417497E-18, 1.000000000000000000, 0.000000000000000000 ) ) ;
#3605 = ORIENTED_EDGE ( 'NONE', *, *, #1260, .F. ) ;
#3606 = PRESENTATION_LAYER_ASSIGNMENT (  '', '', ( #430 ) ) ;
#3607 = CARTESIAN_POINT ( 'NONE',  ( 0.3724999999999999978, 0.2425000000000000488, 0.1730000000000000149 ) ) ;
#3608 = EDGE_CURVE ( 'NONE', #2940, #5526, #2302, .T. ) ;
#3609 = ORIENTED_EDGE ( 'NONE', *, *, #376, .T. ) ;
#3610 = ORIENTED_EDGE ( 'NONE', *, *, #772, .T. ) ;
#3611 = DIRECTION ( 'NONE',  ( 0.000000000000000000, 1.000000000000000000, 0.000000000000000000 ) ) ;
#3612 = FACE_OUTER_BOUND ( 'NONE', #6070, .T. ) ;
#3613 = VECTOR ( 'NONE', #9072, 100.0000000000000000 ) ;
#3614 = VERTEX_POINT ( 'NONE', #719 ) ;
#3615 = CARTESIAN_POINT ( 'NONE',  ( -0.2149999999999999967, -0.3724999999999999978, 0.1879999999999999727 ) ) ;
#3616 = ORIENTED_EDGE ( 'NONE', *, *, #2504, .F. ) ;
#3617 = LINE ( 'NONE', #4312, #4227 ) ;
#3618 = CIRCLE ( 'NONE', #5536, 0.001000000244997557852 ) ;
#3619 = VERTEX_POINT ( 'NONE', #3765 ) ;
#3620 = DIRECTION ( 'NONE',  ( 1.000000000000000000, 0.000000000000000000, -0.000000000000000000 ) ) ;
#3621 = EDGE_CURVE ( 'NONE', #6033, #8121, #386, .T. ) ;
#3622 = ORIENTED_EDGE ( 'NONE', *, *, #3761, .T. ) ;
#3623 =( GEOMETRIC_REPRESENTATION_CONTEXT ( 3 ) GLOBAL_UNCERTAINTY_ASSIGNED_CONTEXT ( ( #2087 ) ) GLOBAL_UNIT_ASSIGNED_CONTEXT ( ( #4961, #4120, #1270 ) ) REPRESENTATION_CONTEXT ( 'NONE', 'WORKASPACE' ) );
#3624 = VERTEX_POINT ( 'NONE', #6792 ) ;
#3625 = EDGE_CURVE ( 'NONE', #2945, #3464, #8928, .T. ) ;
#3626 =( LENGTH_UNIT ( ) NAMED_UNIT ( * ) SI_UNIT ( .CENTI., .METRE. ) );
#3627 = FILL_AREA_STYLE_COLOUR ( '', #5444 ) ;
#3628 = AXIS2_PLACEMENT_3D ( 'NONE', #141, #3829, #7677 ) ;
#3629 = DIRECTION ( 'NONE',  ( 1.000000000000000000, 0.000000000000000000, 0.000000000000000000 ) ) ;
#3630 = CARTESIAN_POINT ( 'NONE',  ( 0.3725000000000001088, 0.2425000000000000488, 0.1430000000000000715 ) ) ;
#3631 = ORIENTED_EDGE ( 'NONE', *, *, #4740, .F. ) ;
#3632 = DIRECTION ( 'NONE',  ( 0.9848077530122085754, -3.146149500180365761E-20, -0.1736481776669273336 ) ) ;
#3633 = VERTEX_POINT ( 'NONE', #7365 ) ;
#3634 = CARTESIAN_POINT ( 'NONE',  ( 0.3300000000000000155, 0.3400000000000000244, 0.1729999999999999871 ) ) ;
#3635 = EDGE_CURVE ( 'NONE', #770, #8997, #7835, .T. ) ;
#3636 = EDGE_CURVE ( 'NONE', #5266, #7434, #2116, .T. ) ;
#3637 = VECTOR ( 'NONE', #6000, 100.0000000000000000 ) ;
#3638 = LINE ( 'NONE', #8769, #9514 ) ;
#3639 = EDGE_LOOP ( 'NONE', ( #956, #4634, #6202, #6058, #676, #8441, #7902, #1721 ) ) ;
#3640 = ADVANCED_FACE ( 'NONE', ( #3612 ), #1359, .F. ) ;
#3641 = LINE ( 'NONE', #9710, #6124 ) ;
#3642 =( NAMED_UNIT ( * ) PLANE_ANGLE_UNIT ( ) SI_UNIT ( $, .RADIAN. ) );
#3643 = VERTEX_POINT ( 'NONE', #526 ) ;
#3644 = FACE_OUTER_BOUND ( 'NONE', #2924, .T. ) ;
#3645 = VECTOR ( 'NONE', #1758, 100.0000000000000000 ) ;
#3646 = DIRECTION ( 'NONE',  ( 0.000000000000000000, -0.000000000000000000, -1.000000000000000000 ) ) ;
#3647 = DIRECTION ( 'NONE',  ( 0.000000000000000000, -1.000000000000000000, 3.491483361109383250E-15 ) ) ;
#3648 =( NAMED_UNIT ( * ) SI_UNIT ( $, .STERADIAN. ) SOLID_ANGLE_UNIT ( ) );
#3649 = EDGE_CURVE ( 'NONE', #8965, #5429, #6426, .T. ) ;
#3650 = FILL_AREA_STYLE_COLOUR ( '', #6310 ) ;
#3651 = LINE ( 'NONE', #4291, #2464 ) ;
#3652 = CIRCLE ( 'NONE', #9164, 0.02000000024674755336 ) ;
#3653 =( NAMED_UNIT ( * ) SI_UNIT ( $, .STERADIAN. ) SOLID_ANGLE_UNIT ( ) );
#3654 = CARTESIAN_POINT ( 'NONE',  ( -0.1284782594069141526, 0.1284782594069124873, 0.1900201181342708878 ) ) ;
#3655 =( LENGTH_UNIT ( ) NAMED_UNIT ( * ) SI_UNIT ( .CENTI., .METRE. ) );
#3656 = ORIENTED_EDGE ( 'NONE', *, *, #2617, .T. ) ;
#3657 = DIRECTION ( 'NONE',  ( -0.000000000000000000, -3.491483361109383250E-15, -1.000000000000000000 ) ) ;
#3658 = EDGE_CURVE ( 'NONE', #5524, #729, #3858, .T. ) ;
#3659 = CARTESIAN_POINT ( 'NONE',  ( -0.3399381940299393001, 0.2369944744889110888, 0.1730000010243323838 ) ) ;
#3660 = AXIS2_PLACEMENT_3D ( 'NONE', #6900, #1678, #3882 ) ;
#3661 = ORIENTED_EDGE ( 'NONE', *, *, #5692, .T. ) ;
#3662 = ADVANCED_FACE ( 'NONE', ( #5453 ), #2513, .T. ) ;
#3663 = VECTOR ( 'NONE', #7909, 100.0000000000000000 ) ;
#3664 = ORIENTED_EDGE ( 'NONE', *, *, #4786, .F. ) ;
#3665 = CARTESIAN_POINT ( 'NONE',  ( -0.3441421356237308604, -0.2498275605729692317, 0.004000000000000005287 ) ) ;
#3666 = CARTESIAN_POINT ( 'NONE',  ( -0.03535533905932729953, -0.1060660171779821831, 0.3000000000000000999 ) ) ;
#3667 = PRESENTATION_STYLE_ASSIGNMENT (( #4350 ) ) ;
#3668 = ORIENTED_EDGE ( 'NONE', *, *, #9654, .T. ) ;
#3669 = LINE ( 'NONE', #2925, #3952 ) ;
#3670 = CONICAL_SURFACE ( 'NONE', #9180, 0.03249999999690319358, 0.4363323130466276178 ) ;
#3671 = ORIENTED_EDGE ( 'NONE', *, *, #7777, .T. ) ;
#3672 = CARTESIAN_POINT ( 'NONE',  ( -0.2498275605729688986, -0.3441421356237309714, 0.004000000000000010492 ) ) ;
#3673 = ORIENTED_EDGE ( 'NONE', *, *, #3522, .T. ) ;
#3674 = CARTESIAN_POINT ( 'NONE',  ( -0.1310000000000000053, 0.3429467888754760829, 0.1729999999999999871 ) ) ;
#3675 = VECTOR ( 'NONE', #4137, 100.0000000000000000 ) ;
#3676 = VERTEX_POINT ( 'NONE', #766 ) ;
#3677 = EDGE_LOOP ( 'NONE', ( #4198, #193, #3047, #2998 ) ) ;
#3678 = CARTESIAN_POINT ( 'NONE',  ( 0.3370710678118654102, 0.2427564927611038093, 0.1630000000000000060 ) ) ;
#3679 = CARTESIAN_POINT ( 'NONE',  ( 0.3300000000000000155, 0.2356854249492383591, 0.004000000000000010492 ) ) ;
#3680 = DIRECTION ( 'NONE',  ( 0.000000000000000000, 0.4314843090707786710, -0.9021204415296842916 ) ) ;
#3681 = VECTOR ( 'NONE', #8354, 100.0000000000000000 ) ;
#3682 = DIRECTION ( 'NONE',  ( 1.000000000000000000, -0.000000000000000000, 0.000000000000000000 ) ) ;
#3683 = EDGE_CURVE ( 'NONE', #9156, #9384, #123, .T. ) ;
#3684 = CIRCLE ( 'NONE', #6995, 0.02317384683232378423 ) ;
#3685 = VECTOR ( 'NONE', #8119, 100.0000000000000000 ) ;
#3686 = CARTESIAN_POINT ( 'NONE',  ( -0.3741382288134425527, 0.1074999999999999289, 0.08854822291287121894 ) ) ;
#3687 = VECTOR ( 'NONE', #9467, 100.0000000000000000 ) ;
#3688 = ORIENTED_EDGE ( 'NONE', *, *, #418, .T. ) ;
#3689 = PLANE ( 'NONE',  #7696 ) ;
#3690 = ORIENTED_EDGE ( 'NONE', *, *, #6961, .T. ) ;
#3691 = FILL_AREA_STYLE ('',( #4624 ) ) ;
#3692 = UNCERTAINTY_MEASURE_WITH_UNIT (LENGTH_MEASURE( 1.000000000000000082E-05 ), #1546, 'distance_accuracy_value', 'NONE');
#3693 = CARTESIAN_POINT ( 'NONE',  ( -0.2356854249492379150, -0.3400000000000001354, 0.1729999999999999871 ) ) ;
#3694 = ORIENTED_EDGE ( 'NONE', *, *, #1008, .T. ) ;
#3695 = AXIS2_PLACEMENT_3D ( 'NONE', #4329, #9758, #2847 ) ;
#3696 = DIRECTION ( 'NONE',  ( -7.311082709387417497E-18, 1.000000000000000000, 0.000000000000000000 ) ) ;
#3697 = ORIENTED_EDGE ( 'NONE', *, *, #7324, .F. ) ;
#3698 = LINE ( 'NONE', #3594, #4791 ) ;
#3699 = EDGE_CURVE ( 'NONE', #6059, #135, #9183, .T. ) ;
#3700 = FACE_OUTER_BOUND ( 'NONE', #7432, .T. ) ;
#3701 = AXIS2_PLACEMENT_3D ( 'NONE', #8536, #1090, #7148 ) ;
#3702 = EDGE_CURVE ( 'NONE', #8137, #2771, #3113, .T. ) ;
#3703 = UNCERTAINTY_MEASURE_WITH_UNIT (LENGTH_MEASURE( 1.000000000000000082E-05 ), #2256, 'distance_accuracy_value', 'NONE');
#3704 = CARTESIAN_POINT ( 'NONE',  ( 0.1254999999999999727, -0.3575000000000003175, 0.1019349540849361774 ) ) ;
#3705 = DIRECTION ( 'NONE',  ( -1.000000000000000000, 7.311082709387417497E-18, 0.000000000000000000 ) ) ;
#3706 = DIRECTION ( 'NONE',  ( 0.000000000000000000, 2.891205793294680200E-15, -1.000000000000000000 ) ) ;
#3707 = DIRECTION ( 'NONE',  ( -0.000000000000000000, -1.000000000000000000, -0.000000000000000000 ) ) ;
#3708 = FACE_OUTER_BOUND ( 'NONE', #4416, .T. ) ;
#3709 = ADVANCED_FACE ( 'NONE', ( #3955 ), #6969, .F. ) ;
#3710 = ORIENTED_EDGE ( 'NONE', *, *, #1860, .T. ) ;
#3711 = CARTESIAN_POINT ( 'NONE',  ( -0.1849999999999999145, -0.3725000000000004974, 0.03999999999999979960 ) ) ;
#3712 = VECTOR ( 'NONE', #936, 100.0000000000000000 ) ;
#3713 = ORIENTED_EDGE ( 'NONE', *, *, #1325, .F. ) ;
#3714 = CARTESIAN_POINT ( 'NONE',  ( -0.3499999999999999778, 0.2356854249492383591, 0.1630000000000000060 ) ) ;
#3715 = DIRECTION ( 'NONE',  ( 1.000000000000000000, -0.000000000000000000, 1.084202172485504434E-19 ) ) ;
#3716 = FILL_AREA_STYLE_COLOUR ( '', #1760 ) ;
#3717 = CARTESIAN_POINT ( 'NONE',  ( -0.07499999999999999722, 0.3399999999999999689, 0.1729999999999999871 ) ) ;
#3718 = ORIENTED_EDGE ( 'NONE', *, *, #5928, .F. ) ;
#3719 =( NAMED_UNIT ( * ) PLANE_ANGLE_UNIT ( ) SI_UNIT ( $, .RADIAN. ) );
#3720 = CARTESIAN_POINT ( 'NONE',  ( -0.2396278560011231851, 0.3392229105308911530, 0.1729999564678304513 ) ) ;
#3721 = ORIENTED_EDGE ( 'NONE', *, *, #3998, .F. ) ;
#3722 = SURFACE_STYLE_FILL_AREA ( #8213 ) ;
#3723 = LINE ( 'NONE', #3674, #9292 ) ;
#3724 = ORIENTED_EDGE ( 'NONE', *, *, #2856, .F. ) ;
#3725 = VERTEX_POINT ( 'NONE', #6831 ) ;
#3726 = DIRECTION ( 'NONE',  ( 0.9848077530122085754, 0.000000000000000000, -0.1736481776669270838 ) ) ;
#3727 = DIRECTION ( 'NONE',  ( 0.000000000000000000, 1.000000000000000000, 0.000000000000000000 ) ) ;
#3728 = MECHANICAL_DESIGN_GEOMETRIC_PRESENTATION_REPRESENTATION (  '', ( #9396 ), #6260 ) ;
#3729 = ORIENTED_EDGE ( 'NONE', *, *, #6397, .F. ) ;
#3730 = CARTESIAN_POINT ( 'NONE',  ( 0.2793071785686857544, -0.2425000000000000488, 0.1879999999999999727 ) ) ;
#3731 = ORIENTED_EDGE ( 'NONE', *, *, #8493, .F. ) ;
#3732 = VECTOR ( 'NONE', #9025, 100.0000000000000142 ) ;
#3733 = CARTESIAN_POINT ( 'NONE',  ( -0.1060660171779821415, 0.03535533905932723708, 0.3000000000000000444 ) ) ;
#3734 = ORIENTED_EDGE ( 'NONE', *, *, #1332, .F. ) ;
#3735 = DIRECTION ( 'NONE',  ( -0.000000000000000000, -0.000000000000000000, 1.000000000000000000 ) ) ;
#3736 = ORIENTED_EDGE ( 'NONE', *, *, #2374, .T. ) ;
#3737 = EDGE_CURVE ( 'NONE', #689, #408, #7555, .T. ) ;
#3738 = AXIS2_PLACEMENT_3D ( 'NONE', #2213, #5245, #7505 ) ;
#3739 = PLANE ( 'NONE',  #7380 ) ;
#3740 = PLANE ( 'NONE',  #1289 ) ;
#3741 = ORIENTED_EDGE ( 'NONE', *, *, #9397, .F. ) ;
#3742 = DIRECTION ( 'NONE',  ( -1.000000000000000000, -2.775557561562890118E-17, 0.000000000000000000 ) ) ;
#3743 = DIRECTION ( 'NONE',  ( -1.000000000000000000, 0.000000000000000000, 0.000000000000000000 ) ) ;
#3744 = CIRCLE ( 'NONE', #9256, 0.02000000000000001082 ) ;
#3745 = CYLINDRICAL_SURFACE ( 'NONE', #368, 0.06999999999999999278 ) ;
#3746 = VECTOR ( 'NONE', #9760, 100.0000000000000000 ) ;
#3747 = CIRCLE ( 'NONE', #3119, 0.04700000000000000705 ) ;
#3748 = FILL_AREA_STYLE_COLOUR ( '', #4535 ) ;
#3749 = FACE_OUTER_BOUND ( 'NONE', #1222, .T. ) ;
#3750 = VECTOR ( 'NONE', #1101, 100.0000000000000000 ) ;
#3751 = EDGE_CURVE ( 'NONE', #5705, #583, #2621, .T. ) ;
#3752 = AXIS2_PLACEMENT_3D ( 'NONE', #4586, #851, #3844 ) ;
#3753 = EDGE_CURVE ( 'NONE', #3335, #5350, #8443, .T. ) ;
#3754 = LINE ( 'NONE', #6076, #3732 ) ;
#3755 = VECTOR ( 'NONE', #598, 100.0000000000000000 ) ;
#3756 = VECTOR ( 'NONE', #624, 100.0000000000000000 ) ;
#3757 = VERTEX_POINT ( 'NONE', #6189 ) ;
#3758 = CARTESIAN_POINT ( 'NONE',  ( 0.000000000000000000, -0.1900000000000000022, -0.03000000000383805029 ) ) ;
#3759 = LINE ( 'NONE', #9079, #6784 ) ;
#3760 = COLOUR_RGB ( '',0.6470588235294117974, 0.6196078431372549211, 0.5882352941176470784 ) ;
#3761 = EDGE_CURVE ( 'NONE', #9012, #6802, #3808, .T. ) ;
#3762 = AXIS2_PLACEMENT_3D ( 'NONE', #4383, #2290, #9067 ) ;
#3763 = ORIENTED_EDGE ( 'NONE', *, *, #9664, .T. ) ;
#3764 = SURFACE_SIDE_STYLE ('',( #6928 ) ) ;
#3765 = CARTESIAN_POINT ( 'NONE',  ( -0.2356854249492379150, -0.3400000000000001354, 0.1729999999999999871 ) ) ;
#3766 = EDGE_CURVE ( 'NONE', #6593, #5835, #6929, .T. ) ;
#3767 = DIRECTION ( 'NONE',  ( 0.000000000000000000, 0.000000000000000000, -1.000000000000000000 ) ) ;
#3768 = VECTOR ( 'NONE', #1650, 100.0000000000000000 ) ;
#3769 = ORIENTED_EDGE ( 'NONE', *, *, #8222, .F. ) ;
#3770 = ORIENTED_EDGE ( 'NONE', *, *, #1458, .F. ) ;
#3771 = SURFACE_SIDE_STYLE ('',( #8505 ) ) ;
#3772 = DIRECTION ( 'NONE',  ( 0.000000000000000000, 0.000000000000000000, -1.000000000000000000 ) ) ;
#3773 = ORIENTED_EDGE ( 'NONE', *, *, #6088, .F. ) ;
#3774 = VECTOR ( 'NONE', #6336, 100.0000000000000000 ) ;
#3775 = VERTEX_POINT ( 'NONE', #3907 ) ;
#3776 = DIRECTION ( 'NONE',  ( 0.9848077530122085754, 0.000000000000000000, -0.1736481776669273336 ) ) ;
#3777 = SURFACE_STYLE_USAGE ( .BOTH. , #1626 ) ;
#3778 = CARTESIAN_POINT ( 'NONE',  ( 5.580561773288231622E-17, -0.07071067811865482111, 0.3150000000000001132 ) ) ;
#3779 = VERTEX_POINT ( 'NONE', #9284 ) ;
#3780 = COLOUR_RGB ( '',0.6470588235294117974, 0.6196078431372549211, 0.5882352941176470784 ) ;
#3781 = CARTESIAN_POINT ( 'NONE',  ( -0.3288046532517440723, 0.2651650429449560198, 0.1879999999999999727 ) ) ;
#3782 = ORIENTED_EDGE ( 'NONE', *, *, #6292, .F. ) ;
#3783 = FILL_AREA_STYLE ('',( #741 ) ) ;
#3784 = VERTEX_POINT ( 'NONE', #5554 ) ;
#3785 = PLANE ( 'NONE',  #6194 ) ;
#3786 = EDGE_LOOP ( 'NONE', ( #8961, #6460, #4858, #7069 ) ) ;
#3787 = STYLED_ITEM ( 'NONE', ( #7665 ), #9170 ) ;
#3788 = CARTESIAN_POINT ( 'NONE',  ( -0.2149999999999999689, 0.3524999999999999800, 0.1730000001233737705 ) ) ;
#3789 = CIRCLE ( 'NONE', #2516, 0.02000000000000001082 ) ;
#3790 = SURFACE_STYLE_USAGE ( .BOTH. , #9569 ) ;
#3791 = CARTESIAN_POINT ( 'NONE',  ( -0.3288046532517440723, -0.2651650429449559643, 0.1729999999999999871 ) ) ;
#3792 = CARTESIAN_POINT ( 'NONE',  ( -0.02616295090390227326, -0.09758073580374353184, 0.5000000000000001110 ) ) ;
#3793 = EDGE_CURVE ( 'NONE', #8323, #1570, #6271, .T. ) ;
#3794 = ORIENTED_EDGE ( 'NONE', *, *, #8507, .F. ) ;
#3795 =( NAMED_UNIT ( * ) PLANE_ANGLE_UNIT ( ) SI_UNIT ( $, .RADIAN. ) );
#3796 = CARTESIAN_POINT ( 'NONE',  ( 0.07000000000000000666, 0.2356854249492383591, 0.000000000000000000 ) ) ;
#3797 = CARTESIAN_POINT ( 'NONE',  ( 0.2004997304766220623, 2.455413531581022443E-17, 0.1899909249061693117 ) ) ;
#3798 = UNCERTAINTY_MEASURE_WITH_UNIT (LENGTH_MEASURE( 1.000000000000000082E-05 ), #9557, 'distance_accuracy_value', 'NONE');
#3799 = MECHANICAL_DESIGN_GEOMETRIC_PRESENTATION_REPRESENTATION (  '', ( #8835 ), #5225 ) ;
#3800 = DIRECTION ( 'NONE',  ( -1.000000000000000000, -0.000000000000000000, 0.000000000000000000 ) ) ;
#3801 = EDGE_CURVE ( 'NONE', #230, #7454, #2309, .T. ) ;
#3802 = ORIENTED_EDGE ( 'NONE', *, *, #6449, .T. ) ;
#3803 = CARTESIAN_POINT ( 'NONE',  ( 0.1254999999999999727, 0.3490212044152968263, 0.1673148430907077933 ) ) ;
#3804 = AXIS2_PLACEMENT_3D ( 'NONE', #6322, #2548, #5587 ) ;
#3805 = CARTESIAN_POINT ( 'NONE',  ( -0.1849999999999999423, 0.3575000000000005396, 0.03999999999999976491 ) ) ;
#3806 = ADVANCED_FACE ( 'NONE', ( #7753 ), #2415, .F. ) ;
#3807 = ORIENTED_EDGE ( 'NONE', *, *, #8877, .T. ) ;
#3808 = LINE ( 'NONE', #68, #4366 ) ;
#3809 = CARTESIAN_POINT ( 'NONE',  ( 0.3429467888754750282, 0.2793071785686869757, 0.1729999999999999871 ) ) ;
#3810 = UNCERTAINTY_MEASURE_WITH_UNIT (LENGTH_MEASURE( 1.000000000000000082E-05 ), #2754, 'distance_accuracy_value', 'NONE');
#3811 = LINE ( 'NONE', #5298, #1841 ) ;
#3812 = EDGE_CURVE ( 'NONE', #2693, #2931, #8396, .T. ) ;
#3813 = VERTEX_POINT ( 'NONE', #4600 ) ;
#3814 = VERTEX_POINT ( 'NONE', #4002 ) ;
#3815 = LINE ( 'NONE', #5358, #8800 ) ;
#3816 = EDGE_CURVE ( 'NONE', #5515, #8849, #6132, .T. ) ;
#3817 =( LENGTH_UNIT ( ) NAMED_UNIT ( * ) SI_UNIT ( .CENTI., .METRE. ) );
#3818 = EDGE_LOOP ( 'NONE', ( #4649, #4515, #5510, #381, #2526, #4380 ) ) ;
#3819 = ORIENTED_EDGE ( 'NONE', *, *, #6333, .T. ) ;
#3820 = VECTOR ( 'NONE', #8747, 100.0000000000000142 ) ;
#3821 = LINE ( 'NONE', #9148, #3904 ) ;
#3822 = CARTESIAN_POINT ( 'NONE',  ( 0.2367200545393547961, -0.3400001732213186467, 0.1730000051928050897 ) ) ;
#3823 = SURFACE_STYLE_FILL_AREA ( #1527 ) ;
#3824 = FACE_OUTER_BOUND ( 'NONE', #6808, .T. ) ;
#3825 = LINE ( 'NONE', #7627, #2872 ) ;
#3826 = EDGE_CURVE ( 'NONE', #5663, #3410, #221, .T. ) ;
#3827 = VECTOR ( 'NONE', #4422, 100.0000000000000000 ) ;
#3828 = ORIENTED_EDGE ( 'NONE', *, *, #9720, .F. ) ;
#3829 = DIRECTION ( 'NONE',  ( 0.7071067811865439090, 0.7071067811865512365, 5.234991178337793629E-15 ) ) ;
#3830 = ORIENTED_EDGE ( 'NONE', *, *, #5206, .T. ) ;
#3831 = DIRECTION ( 'NONE',  ( -0.000000000000000000, -1.000000000000000000, 0.000000000000000000 ) ) ;
#3832 = ORIENTED_EDGE ( 'NONE', *, *, #7042, .T. ) ;
#3833 = FACE_OUTER_BOUND ( 'NONE', #721, .T. ) ;
#3834 = ORIENTED_EDGE ( 'NONE', *, *, #5809, .T. ) ;
#3835 = SURFACE_SIDE_STYLE ('',( #7582 ) ) ;
#3836 = DIRECTION ( 'NONE',  ( -3.194683927456174497E-20, -1.000000000000000000, -1.132300105604712060E-31 ) ) ;
#3837 = MECHANICAL_DESIGN_GEOMETRIC_PRESENTATION_REPRESENTATION (  '', ( #7301 ), #8562 ) ;
#3838 = SURFACE_SIDE_STYLE ('',( #8478 ) ) ;
#3839 = ADVANCED_FACE ( 'NONE', ( #5735 ), #5689, .T. ) ;
#3840 = FACE_OUTER_BOUND ( 'NONE', #5764, .T. ) ;
#3841 = DIRECTION ( 'NONE',  ( -1.000000000000000000, -0.000000000000000000, 0.000000000000000000 ) ) ;
#3842 = ORIENTED_EDGE ( 'NONE', *, *, #4598, .F. ) ;
#3843 = AXIS2_PLACEMENT_3D ( 'NONE', #4908, #1163, #5656 ) ;
#3844 = DIRECTION ( 'NONE',  ( 0.000000000000000000, -0.000000000000000000, -1.000000000000000000 ) ) ;
#3845 = EDGE_CURVE ( 'NONE', #8454, #8566, #7848, .T. ) ;
#3846 = DIRECTION ( 'NONE',  ( 0.000000000000000000, 1.000000000000000000, 0.000000000000000000 ) ) ;
#3847 = PLANE ( 'NONE',  #2612 ) ;
#3848 = EDGE_LOOP ( 'NONE', ( #2773, #1621, #5573, #8336, #6609 ) ) ;
#3849 = LINE ( 'NONE', #6872, #5615 ) ;
#3850 = FACE_OUTER_BOUND ( 'NONE', #7162, .T. ) ;
#3851 =( LENGTH_UNIT ( ) NAMED_UNIT ( * ) SI_UNIT ( .CENTI., .METRE. ) );
#3852 = ORIENTED_EDGE ( 'NONE', *, *, #9131, .T. ) ;
#3853 = CYLINDRICAL_SURFACE ( 'NONE', #8192, 0.02000000024674755336 ) ;
#3854 = VECTOR ( 'NONE', #6051, 100.0000000000000000 ) ;
#3855 = EDGE_CURVE ( 'NONE', #8058, #1822, #2307, .T. ) ;
#3856 = EDGE_LOOP ( 'NONE', ( #2120, #6811, #2174, #6306 ) ) ;
#3857 = CARTESIAN_POINT ( 'NONE',  ( 0.1849999999999999423, -0.3725000000000004419, 0.06999999999999979849 ) ) ;
#3858 = LINE ( 'NONE', #3216, #4846 ) ;
#3859 = SURFACE_SIDE_STYLE ('',( #817 ) ) ;
#3860 = ORIENTED_EDGE ( 'NONE', *, *, #4090, .F. ) ;
#3861 = FILL_AREA_STYLE ('',( #771 ) ) ;
#3862 = SURFACE_SIDE_STYLE ('',( #3129 ) ) ;
#3863 = COLOUR_RGB ( '',0.6470588235294117974, 0.6196078431372549211, 0.5882352941176470784 ) ;
#3864 = CYLINDRICAL_SURFACE ( 'NONE', #7204, 0.02000000000000001082 ) ;
#3865 = CARTESIAN_POINT ( 'NONE',  ( -0.2356854249492379982, -0.3500000000000000333, 0.004000000000000000083 ) ) ;
#3866 = UNCERTAINTY_MEASURE_WITH_UNIT (LENGTH_MEASURE( 1.000000000000000082E-05 ), #5360, 'distance_accuracy_value', 'NONE');
#3867 = VERTEX_POINT ( 'NONE', #4941 ) ;
#3868 = EDGE_CURVE ( 'NONE', #9513, #9238, #3315, .T. ) ;
#3869 = ORIENTED_EDGE ( 'NONE', *, *, #5268, .T. ) ;
#3870 = CARTESIAN_POINT ( 'NONE',  ( -0.08500000000000000611, -0.2600000000000000644, 0.000000000000000000 ) ) ;
#3871 = PRESENTATION_STYLE_ASSIGNMENT (( #6148 ) ) ;
#3872 = CARTESIAN_POINT ( 'NONE',  ( 0.3288046532517440723, -0.2651650429449560198, 0.1879999999999999727 ) ) ;
#3873 = COLOUR_RGB ( '',0.6470588235294117974, 0.6196078431372549211, 0.5882352941176470784 ) ;
#3874 = PRESENTATION_STYLE_ASSIGNMENT (( #2378 ) ) ;
#3875 = EDGE_CURVE ( 'NONE', #1570, #2457, #7112, .T. ) ;
#3876 = CARTESIAN_POINT ( 'NONE',  ( 0.2149999999999999134, -0.3500000000000000333, 0.1729999999999999871 ) ) ;
#3877 = VERTEX_POINT ( 'NONE', #1805 ) ;
#3878 = DIRECTION ( 'NONE',  ( 0.000000000000000000, -0.8574929257125440962, -0.5144957554275266798 ) ) ;
#3879 = ORIENTED_EDGE ( 'NONE', *, *, #8385, .T. ) ;
#3880 = FACE_OUTER_BOUND ( 'NONE', #4727, .T. ) ;
#3881 = ORIENTED_EDGE ( 'NONE', *, *, #508, .F. ) ;
#3882 = DIRECTION ( 'NONE',  ( 0.000000000000000000, 1.000000000000000000, 0.000000000000000000 ) ) ;
#3883 = VERTEX_POINT ( 'NONE', #3461 ) ;
#3884 = ADVANCED_FACE ( 'NONE', ( #1850 ), #1206, .F. ) ;
#3885 = CARTESIAN_POINT ( 'NONE',  ( 0.1060660171779826688, -0.1060660171779816835, 0.2233559577416269759 ) ) ;
#3886 = MECHANICAL_DESIGN_GEOMETRIC_PRESENTATION_REPRESENTATION (  '', ( #8771 ), #4677 ) ;
#3887 = FACE_OUTER_BOUND ( 'NONE', #966, .T. ) ;
#3888 = VECTOR ( 'NONE', #3800, 100.0000000000000000 ) ;
#3889 = CARTESIAN_POINT ( 'NONE',  ( -0.2500000000000000000, 0.000000000000000000, 0.000000000000000000 ) ) ;
#3890 = ORIENTED_EDGE ( 'NONE', *, *, #9281, .T. ) ;
#3891 = LINE ( 'NONE', #9717, #8791 ) ;
#3892 = AXIS2_PLACEMENT_3D ( 'NONE', #2867, #1460, #4348 ) ;
#3893 = VECTOR ( 'NONE', #7993, 100.0000000000000000 ) ;
#3894 = DIRECTION ( 'NONE',  ( -0.000000000000000000, -1.000000000000000000, -0.000000000000000000 ) ) ;
#3895 = EDGE_LOOP ( 'NONE', ( #8257, #5652, #6715, #7924 ) ) ;
#3896 = CARTESIAN_POINT ( 'NONE',  ( -0.1046518036156088294, -0.03323401871576817795, 0.5000000000000001110 ) ) ;
#3897 = VECTOR ( 'NONE', #5969, 100.0000000000000142 ) ;
#3898 = CARTESIAN_POINT ( 'NONE',  ( -0.3509848078736499399, 0.03499999999999995476, 0.01482635180106140448 ) ) ;
#3899 = VECTOR ( 'NONE', #2670, 100.0000000000000000 ) ;
#3900 = SURFACE_SIDE_STYLE ('',( #8540 ) ) ;
#3901 = ORIENTED_EDGE ( 'NONE', *, *, #6780, .T. ) ;
#3902 = CARTESIAN_POINT ( 'NONE',  ( -0.3499999999999999778, -0.03499999999999997558, 0.01500000000000001679 ) ) ;
#3903 =( GEOMETRIC_REPRESENTATION_CONTEXT ( 3 ) GLOBAL_UNCERTAINTY_ASSIGNED_CONTEXT ( ( #5285 ) ) GLOBAL_UNIT_ASSIGNED_CONTEXT ( ( #9212, #935, #342 ) ) REPRESENTATION_CONTEXT ( 'NONE', 'WORKASPACE' ) );
#3904 = VECTOR ( 'NONE', #3229, 100.0000000000000142 ) ;
#3905 = ORIENTED_EDGE ( 'NONE', *, *, #5281, .F. ) ;
#3906 = SURFACE_STYLE_USAGE ( .BOTH. , #2361 ) ;
#3907 = CARTESIAN_POINT ( 'NONE',  ( 0.2149999999999999689, -0.3524999999999999800, 0.1730000001233737705 ) ) ;
#3908 = DIRECTION ( 'NONE',  ( 2.208151064125263996E-16, 1.000000000000000000, 0.000000000000000000 ) ) ;
#3909 = SURFACE_STYLE_USAGE ( .BOTH. , #3125 ) ;
#3910 = ORIENTED_EDGE ( 'NONE', *, *, #1297, .F. ) ;
#3911 = MECHANICAL_DESIGN_GEOMETRIC_PRESENTATION_REPRESENTATION (  '', ( #1354 ), #2315 ) ;
#3912 = PRESENTATION_STYLE_ASSIGNMENT (( #8992 ) ) ;
#3913 = EDGE_CURVE ( 'NONE', #7808, #2314, #5496, .T. ) ;
#3914 = CIRCLE ( 'NONE', #2797, 0.01499999999999999598 ) ;
#3915 = DIRECTION ( 'NONE',  ( -0.7071067811865556774, 0.7071067811865393571, 0.000000000000000000 ) ) ;
#3916 = CARTESIAN_POINT ( 'NONE',  ( 0.3300000000000002931, 0.2356854249492384146, 0.1629999999999998117 ) ) ;
#3917 = ORIENTED_EDGE ( 'NONE', *, *, #2057, .T. ) ;
#3918 = VERTEX_POINT ( 'NONE', #6907 ) ;
#3919 = CARTESIAN_POINT ( 'NONE',  ( 0.3741382288134425527, 0.03499999999999999639, 0.08854822291287120506 ) ) ;
#3920 =( LENGTH_UNIT ( ) NAMED_UNIT ( * ) SI_UNIT ( .CENTI., .METRE. ) );
#3921 = CIRCLE ( 'NONE', #5820, 0.02000000000000001082 ) ;
#3922 = CARTESIAN_POINT ( 'NONE',  ( 0.03535533905932728566, 0.1060660171779820721, 0.3150000000000001132 ) ) ;
#3923 = PRESENTATION_LAYER_ASSIGNMENT (  '', '', ( #1047 ) ) ;
#3924 = VERTEX_POINT ( 'NONE', #1592 ) ;
#3925 = DIRECTION ( 'NONE',  ( -0.000000000000000000, -3.491483361109383250E-15, 1.000000000000000000 ) ) ;
#3926 = EDGE_CURVE ( 'NONE', #437, #6897, #2243, .T. ) ;
#3927 = ORIENTED_EDGE ( 'NONE', *, *, #8079, .T. ) ;
#3928 = CARTESIAN_POINT ( 'NONE',  ( -0.08000000000000000167, -0.3575000000000007061, -2.312964634635742464E-16 ) ) ;
#3929 = TOROIDAL_SURFACE ( 'NONE', #1052, 0.01000000000000081032, 0.009999999999999972453 ) ;
#3930 = ORIENTED_EDGE ( 'NONE', *, *, #9388, .T. ) ;
#3931 = DIRECTION ( 'NONE',  ( -1.000000000000000000, -0.000000000000000000, -0.000000000000000000 ) ) ;
#3932 = VERTEX_POINT ( 'NONE', #7639 ) ;
#3933 = EDGE_CURVE ( 'NONE', #3813, #8796, #1487, .T. ) ;
#3934 = FACE_OUTER_BOUND ( 'NONE', #6826, .T. ) ;
#3935 = CARTESIAN_POINT ( 'NONE',  ( 0.08500000000000000611, 0.2356854249492383591, 0.000000000000000000 ) ) ;
#3936 = CARTESIAN_POINT ( 'NONE',  ( -0.1849999999999998868, -0.3725000000000004974, 0.03999999999999979960 ) ) ;
#3937 = MECHANICAL_DESIGN_GEOMETRIC_PRESENTATION_REPRESENTATION (  '', ( #5042 ), #750 ) ;
#3938 = DIRECTION ( 'NONE',  ( -0.7071067811865457964, 0.7071067811865492381, 0.000000000000000000 ) ) ;
#3939 = ADVANCED_FACE ( 'NONE', ( #4295 ), #2148, .T. ) ;
#3940 = VERTEX_POINT ( 'NONE', #1541 ) ;
#3941 = CARTESIAN_POINT ( 'NONE',  ( 0.3300000000000000155, -0.3400000000000000244, 0.1630000000000000060 ) ) ;
#3942 = CARTESIAN_POINT ( 'NONE',  ( -0.2349999999999999589, 0.2600000000000000089, 0.004000000000000005287 ) ) ;
#3943 = CARTESIAN_POINT ( 'NONE',  ( -0.06999999999999999278, 0.3049999999999999378, 0.06800000000000000488 ) ) ;
#3944 = ADVANCED_FACE ( 'NONE', ( #3003 ), #514, .F. ) ;
#3945 =( GEOMETRIC_REPRESENTATION_CONTEXT ( 3 ) GLOBAL_UNCERTAINTY_ASSIGNED_CONTEXT ( ( #79 ) ) GLOBAL_UNIT_ASSIGNED_CONTEXT ( ( #6752, #9456, #8259 ) ) REPRESENTATION_CONTEXT ( 'NONE', 'WORKASPACE' ) );
#3946 = CARTESIAN_POINT ( 'NONE',  ( 0.000000000000000000, 0.1900000000000000300, -0.02999999999815373616 ) ) ;
#3947 = COLOUR_RGB ( '',0.6470588235294117974, 0.6196078431372549211, 0.5882352941176470784 ) ;
#3948 = ADVANCED_FACE ( 'NONE', ( #52 ), #8832, .T. ) ;
#3949 = ORIENTED_EDGE ( 'NONE', *, *, #1131, .F. ) ;
#3950 = LINE ( 'NONE', #2602, #7680 ) ;
#3951 = FILL_AREA_STYLE ('',( #908 ) ) ;
#3952 = VECTOR ( 'NONE', #5207, 100.0000000000000142 ) ;
#3953 = VERTEX_POINT ( 'NONE', #3551 ) ;
#3954 = SURFACE_SIDE_STYLE ('',( #910 ) ) ;
#3955 = FACE_OUTER_BOUND ( 'NONE', #2666, .T. ) ;
#3956 = CARTESIAN_POINT ( 'NONE',  ( -0.2439696961966995037, 0.3500000000000000333, 0.1729999999999999871 ) ) ;
#3957 = ADVANCED_FACE ( 'NONE', ( #3887 ), #4523, .T. ) ;
#3958 = CIRCLE ( 'NONE', #2857, 0.001000000244997557852 ) ;
#3959 = VERTEX_POINT ( 'NONE', #4580 ) ;
#3960 = FACE_OUTER_BOUND ( 'NONE', #8541, .T. ) ;
#3961 = CARTESIAN_POINT ( 'NONE',  ( -0.2349999999999999589, 0.2600000000000000089, 0.004000000000000000083 ) ) ;
#3962 = FACE_OUTER_BOUND ( 'NONE', #4347, .T. ) ;
#3963 = EDGE_CURVE ( 'NONE', #3543, #3924, #7584, .T. ) ;
#3964 = PLANE ( 'NONE',  #9137 ) ;
#3965 = VERTEX_POINT ( 'NONE', #2288 ) ;
#3966 = ORIENTED_EDGE ( 'NONE', *, *, #1711, .T. ) ;
#3967 = CARTESIAN_POINT ( 'NONE',  ( 0.07999999999999998779, 0.3575000000000005396, 0.03999999999999977879 ) ) ;
#3968 = DIRECTION ( 'NONE',  ( -1.000000000000000000, 0.000000000000000000, 0.000000000000000000 ) ) ;
#3969 = AXIS2_PLACEMENT_3D ( 'NONE', #7426, #3776, #6050 ) ;
#3970 = CARTESIAN_POINT ( 'NONE',  ( 0.07071067811865475172, 1.360630357348626929E-16, 0.3150000000000001132 ) ) ;
#3971 = VERTEX_POINT ( 'NONE', #5326 ) ;
#3972 = ORIENTED_EDGE ( 'NONE', *, *, #5937, .T. ) ;
#3973 = SURFACE_STYLE_FILL_AREA ( #6102 ) ;
#3974 = VERTEX_POINT ( 'NONE', #2054 ) ;
#3975 =( GEOMETRIC_REPRESENTATION_CONTEXT ( 3 ) GLOBAL_UNCERTAINTY_ASSIGNED_CONTEXT ( ( #6075 ) ) GLOBAL_UNIT_ASSIGNED_CONTEXT ( ( #6980, #6248, #5746 ) ) REPRESENTATION_CONTEXT ( 'NONE', 'WORKASPACE' ) );
#3976 = VERTEX_POINT ( 'NONE', #6166 ) ;
#3977 = EDGE_CURVE ( 'NONE', #9559, #9662, #4529, .T. ) ;
#3978 = CARTESIAN_POINT ( 'NONE',  ( -0.2149999999999999134, 0.3524999999999999800, 0.1680000000000000382 ) ) ;
#3979 = VECTOR ( 'NONE', #8027, 100.0000000000000142 ) ;
#3980 = LINE ( 'NONE', #2205, #1782 ) ;
#3981 =( NAMED_UNIT ( * ) SI_UNIT ( $, .STERADIAN. ) SOLID_ANGLE_UNIT ( ) );
#3982 = ORIENTED_EDGE ( 'NONE', *, *, #710, .F. ) ;
#3983 = DIRECTION ( 'NONE',  ( -0.7071067811865461294, 0.7071067811865489050, 0.000000000000000000 ) ) ;
#3984 = EDGE_LOOP ( 'NONE', ( #7917, #4899, #7036, #2321 ) ) ;
#3985 = CARTESIAN_POINT ( 'NONE',  ( -0.3370710678118654102, 0.2427564927611038093, 0.1630000000000000060 ) ) ;
#3986 = UNCERTAINTY_MEASURE_WITH_UNIT (LENGTH_MEASURE( 1.000000000000000082E-05 ), #2220, 'distance_accuracy_value', 'NONE');
#3987 =( GEOMETRIC_REPRESENTATION_CONTEXT ( 3 ) GLOBAL_UNCERTAINTY_ASSIGNED_CONTEXT ( ( #4167 ) ) GLOBAL_UNIT_ASSIGNED_CONTEXT ( ( #6549, #9634, #628 ) ) REPRESENTATION_CONTEXT ( 'NONE', 'WORKASPACE' ) );
#3988 = STYLED_ITEM ( 'NONE', ( #2289 ), #2102 ) ;
#3989 = ADVANCED_FACE ( 'NONE', ( #7536 ), #6583, .F. ) ;
#3990 = DIRECTION ( 'NONE',  ( -0.7071067811865489050, 0.7071067811865461294, -0.000000000000000000 ) ) ;
#3991 = FACE_OUTER_BOUND ( 'NONE', #5012, .T. ) ;
#3992 = VECTOR ( 'NONE', #5896, 100.0000000000000000 ) ;
#3993 = EDGE_CURVE ( 'NONE', #8447, #5141, #8426, .T. ) ;
#3994 = ORIENTED_EDGE ( 'NONE', *, *, #4032, .F. ) ;
#3995 = COLOUR_RGB ( '',0.6470588235294117974, 0.6196078431372549211, 0.5882352941176470784 ) ;
#3996 = CYLINDRICAL_SURFACE ( 'NONE', #6432, 0.01499999999999999598 ) ;
#3997 = FILL_AREA_STYLE ('',( #7061 ) ) ;
#3998 = EDGE_CURVE ( 'NONE', #1316, #1831, #8476, .T. ) ;
#3999 = ORIENTED_EDGE ( 'NONE', *, *, #3504, .T. ) ;
#4000 = CARTESIAN_POINT ( 'NONE',  ( 0.1849999999999999423, -0.3725000000000004974, 0.03999999999999980654 ) ) ;
#4001 = AXIS2_PLACEMENT_3D ( 'NONE', #6670, #1282, #549 ) ;
#4002 = CARTESIAN_POINT ( 'NONE',  ( 0.3608328854037720079, 0.03499999999999999639, 0.01308987002439213412 ) ) ;
#4003 = CARTESIAN_POINT ( 'NONE',  ( 0.3525000000000000355, 0.000000000000000000, 0.1680000000000000382 ) ) ;
#4004 = CARTESIAN_POINT ( 'NONE',  ( 2.168404344971008868E-17, 0.000000000000000000, 0.1900201181342708878 ) ) ;
#4005 = ORIENTED_EDGE ( 'NONE', *, *, #3445, .F. ) ;
#4006 = VECTOR ( 'NONE', #3726, 100.0000000000000142 ) ;
#4007 =( LENGTH_UNIT ( ) NAMED_UNIT ( * ) SI_UNIT ( .CENTI., .METRE. ) );
#4008 = CARTESIAN_POINT ( 'NONE',  ( 2.168404344971008868E-17, 3.252606517456513302E-17, 0.04900000000000009903 ) ) ;
#4009 = DIRECTION ( 'NONE',  ( -0.1736481776669273336, 0.000000000000000000, -0.9848077530122085754 ) ) ;
#4010 = VECTOR ( 'NONE', #1951, 100.0000000000000000 ) ;
#4011 = ORIENTED_EDGE ( 'NONE', *, *, #8230, .F. ) ;
#4012 = ORIENTED_EDGE ( 'NONE', *, *, #5203, .F. ) ;
#4013 = DIRECTION ( 'NONE',  ( 1.000000000000000000, 0.000000000000000000, -0.000000000000000000 ) ) ;
#4014 = DIRECTION ( 'NONE',  ( -1.498835719919922711E-29, 8.910623282276885903E-15, -1.000000000000000000 ) ) ;
#4015 = SURFACE_SIDE_STYLE ('',( #8606 ) ) ;
#4016 = VECTOR ( 'NONE', #1153, 100.0000000000000142 ) ;
#4017 = VERTEX_POINT ( 'NONE', #7873 ) ;
#4018 = EDGE_LOOP ( 'NONE', ( #6022, #8007, #5577, #1320 ) ) ;
#4019 = ORIENTED_EDGE ( 'NONE', *, *, #7682, .F. ) ;
#4020 = ORIENTED_EDGE ( 'NONE', *, *, #981, .F. ) ;
#4021 = COLOUR_RGB ( '',1.000000000000000000, 1.000000000000000000, 1.000000000000000000 ) ;
#4022 = PLANE ( 'NONE',  #5568 ) ;
#4023 =( NAMED_UNIT ( * ) PLANE_ANGLE_UNIT ( ) SI_UNIT ( $, .RADIAN. ) );
#4024 = FACE_OUTER_BOUND ( 'NONE', #7541, .T. ) ;
#4025 = LINE ( 'NONE', #344, #9667 ) ;
#4026 = ORIENTED_EDGE ( 'NONE', *, *, #7798, .F. ) ;
#4027 = CARTESIAN_POINT ( 'NONE',  ( 0.2356854249492379982, 0.3500000000000000333, 0.06800000000000000488 ) ) ;
#4028 = VECTOR ( 'NONE', #3155, 100.0000000000000000 ) ;
#4029 = VERTEX_POINT ( 'NONE', #6261 ) ;
#4030 = FACE_OUTER_BOUND ( 'NONE', #4408, .T. ) ;
#4031 = CARTESIAN_POINT ( 'NONE',  ( 0.2356854249492379982, -0.3300000000000000155, 0.1630000000000000060 ) ) ;
#4032 = EDGE_CURVE ( 'NONE', #291, #9390, #2541, .T. ) ;
#4033 = CARTESIAN_POINT ( 'NONE',  ( 2.524723739207799969E-17, -1.358214205932524807E-17, 0.2233559577416269759 ) ) ;
#4034 =( NAMED_UNIT ( * ) PLANE_ANGLE_UNIT ( ) SI_UNIT ( $, .RADIAN. ) );
#4035 =( NAMED_UNIT ( * ) SI_UNIT ( $, .STERADIAN. ) SOLID_ANGLE_UNIT ( ) );
#4036 = LINE ( 'NONE', #116, #1327 ) ;
#4037 = DIRECTION ( 'NONE',  ( 0.000000000000000000, -1.000000000000000000, -3.491483361109383250E-15 ) ) ;
#4038 = PRESENTATION_LAYER_ASSIGNMENT (  '', '', ( #5478 ) ) ;
#4039 = VERTEX_POINT ( 'NONE', #1684 ) ;
#4040 = STYLED_ITEM ( 'NONE', ( #7399 ), #995 ) ;
#4041 = DIRECTION ( 'NONE',  ( -2.135040237031389343E-16, 1.000000000000000000, 0.000000000000000000 ) ) ;
#4042 = EDGE_CURVE ( 'NONE', #537, #1199, #5581, .T. ) ;
#4043 = CIRCLE ( 'NONE', #8455, 0.02000000000000001082 ) ;
#4044 = EDGE_CURVE ( 'NONE', #4498, #148, #1986, .T. ) ;
#4045 = AXIS2_PLACEMENT_3D ( 'NONE', #3070, #6081, #2362 ) ;
#4046 = DIRECTION ( 'NONE',  ( 0.000000000000000000, 2.891205793294680200E-15, -1.000000000000000000 ) ) ;
#4047 = CYLINDRICAL_SURFACE ( 'NONE', #2432, 0.01100000024499758408 ) ;
#4048 = ORIENTED_EDGE ( 'NONE', *, *, #4956, .T. ) ;
#4049 = DIRECTION ( 'NONE',  ( 0.000000000000000000, 0.000000000000000000, -1.000000000000000000 ) ) ;
#4050 = ADVANCED_FACE ( 'NONE', ( #4878 ), #5436, .T. ) ;
#4051 = AXIS2_PLACEMENT_3D ( 'NONE', #846, #5832, #8052 ) ;
#4052 = DIRECTION ( 'NONE',  ( 5.175581013049090399E-17, 0.4226182615797899333, 0.9063077871116833606 ) ) ;
#4053 = CARTESIAN_POINT ( 'NONE',  ( -0.1254999999999999727, 0.3575000000000003730, 0.09050000000000017752 ) ) ;
#4054 = CARTESIAN_POINT ( 'NONE',  ( 0.3500000000000000333, 0.000000000000000000, 0.01399999975500245894 ) ) ;
#4055 = ORIENTED_EDGE ( 'NONE', *, *, #2606, .T. ) ;
#4056 = ORIENTED_EDGE ( 'NONE', *, *, #1475, .T. ) ;
#4057 = CARTESIAN_POINT ( 'NONE',  ( -0.1711816160934631070, 0.000000000000000000, 0.2039727746534936159 ) ) ;
#4058 = DIRECTION ( 'NONE',  ( -0.000000000000000000, 0.000000000000000000, 1.000000000000000000 ) ) ;
#4059 = CARTESIAN_POINT ( 'NONE',  ( -0.1084177848998413851, -1.355252715606880543E-16, 0.4900000000000001577 ) ) ;
#4060 = DIRECTION ( 'NONE',  ( 0.9848077530122089085, 0.000000000000000000, -0.1736481776669254184 ) ) ;
#4061 = PRESENTATION_LAYER_ASSIGNMENT (  '', '', ( #5016 ) ) ;
#4062 = VECTOR ( 'NONE', #1543, 100.0000000000000000 ) ;
#4063 = EDGE_LOOP ( 'NONE', ( #928, #7955, #1613, #4068 ) ) ;
#4064 = AXIS2_PLACEMENT_3D ( 'NONE', #2858, #8874, #2104 ) ;
#4065 = CARTESIAN_POINT ( 'NONE',  ( 0.1060660171779820304, -0.03535533905932729259, 0.3000000000000000999 ) ) ;
#4066 = ADVANCED_FACE ( 'NONE', ( #985 ), #152, .F. ) ;
#4067 = VECTOR ( 'NONE', #396, 100.0000000000000000 ) ;
#4068 = ORIENTED_EDGE ( 'NONE', *, *, #2238, .F. ) ;
#4069 = DIRECTION ( 'NONE',  ( -0.000000000000000000, -0.000000000000000000, 1.000000000000000000 ) ) ;
#4070 = ORIENTED_EDGE ( 'NONE', *, *, #4935, .T. ) ;
#4071 =( LENGTH_UNIT ( ) NAMED_UNIT ( * ) SI_UNIT ( .CENTI., .METRE. ) );
#4072 = EDGE_LOOP ( 'NONE', ( #5866, #1462, #2413, #3610 ) ) ;
#4073 = VECTOR ( 'NONE', #4052, 100.0000000000000142 ) ;
#4074 = CARTESIAN_POINT ( 'NONE',  ( -0.3499999999999999778, 0.07129477650116627929, 0.01500000000000001679 ) ) ;
#4075 =( NAMED_UNIT ( * ) PLANE_ANGLE_UNIT ( ) SI_UNIT ( $, .RADIAN. ) );
#4076 = SURFACE_STYLE_FILL_AREA ( #6364 ) ;
#4077 = CARTESIAN_POINT ( 'NONE',  ( -0.3400000000000000244, 0.2356854249492383591, 0.1630000000000000060 ) ) ;
#4078 = DIRECTION ( 'NONE',  ( -0.000000000000000000, 0.000000000000000000, -1.000000000000000000 ) ) ;
#4079 = ORIENTED_EDGE ( 'NONE', *, *, #2159, .F. ) ;
#4080 = AXIS2_PLACEMENT_3D ( 'NONE', #8003, #2914, #4301 ) ;
#4081 = SURFACE_STYLE_USAGE ( .BOTH. , #1830 ) ;
#4082 = ORIENTED_EDGE ( 'NONE', *, *, #3157, .F. ) ;
#4083 = CARTESIAN_POINT ( 'NONE',  ( 0.3300000000000000155, 0.3400000000000000244, 0.1630000000000000060 ) ) ;
#4084 = CYLINDRICAL_SURFACE ( 'NONE', #7884, 0.009999999999999982861 ) ;
#4085 = DIRECTION ( 'NONE',  ( -1.000000000000000000, 0.000000000000000000, 0.000000000000000000 ) ) ;
#4086 = DIRECTION ( 'NONE',  ( -3.194683927456174497E-20, -1.000000000000000000, -1.132300105604712060E-31 ) ) ;
#4087 = STYLED_ITEM ( 'NONE', ( #2904 ), #8667 ) ;
#4088 = LINE ( 'NONE', #1890, #2090 ) ;
#4089 = FILL_AREA_STYLE ('',( #7886 ) ) ;
#4090 = EDGE_CURVE ( 'NONE', #6130, #651, #3339, .T. ) ;
#4091 = FILL_AREA_STYLE ('',( #1995 ) ) ;
#4092 = ORIENTED_EDGE ( 'NONE', *, *, #7548, .F. ) ;
#4093 = AXIS2_PLACEMENT_3D ( 'NONE', #9022, #3846, #6914 ) ;
#4094 = LINE ( 'NONE', #9278, #6597 ) ;
#4095 =( NAMED_UNIT ( * ) PLANE_ANGLE_UNIT ( ) SI_UNIT ( $, .RADIAN. ) );
#4096 = COLOUR_RGB ( '',1.000000000000000000, 1.000000000000000000, 1.000000000000000000 ) ;
#4097 = SURFACE_STYLE_FILL_AREA ( #362 ) ;
#4098 = DIRECTION ( 'NONE',  ( 0.000000000000000000, 0.000000000000000000, 1.000000000000000000 ) ) ;
#4099 =( LENGTH_UNIT ( ) NAMED_UNIT ( * ) SI_UNIT ( .CENTI., .METRE. ) );
#4100 =( NAMED_UNIT ( * ) SI_UNIT ( $, .STERADIAN. ) SOLID_ANGLE_UNIT ( ) );
#4101 = EDGE_CURVE ( 'NONE', #6042, #2518, #7043, .T. ) ;
#4102 = AXIS2_PLACEMENT_3D ( 'NONE', #3347, #8579, #3302 ) ;
#4103 = EDGE_LOOP ( 'NONE', ( #9642, #5054, #3713, #4639 ) ) ;
#4104 = EDGE_CURVE ( 'NONE', #5048, #2848, #6433, .T. ) ;
#4105 = CARTESIAN_POINT ( 'NONE',  ( -0.2356854249492379982, 0.3500000000000000333, 0.1630000000000000060 ) ) ;
#4106 = PRESENTATION_LAYER_ASSIGNMENT (  '', '', ( #8835 ) ) ;
#4107 = DIRECTION ( 'NONE',  ( 0.000000000000000000, 0.000000000000000000, 1.000000000000000000 ) ) ;
#4108 = ORIENTED_EDGE ( 'NONE', *, *, #5394, .F. ) ;
#4109 = ORIENTED_EDGE ( 'NONE', *, *, #4369, .T. ) ;
#4110 = CARTESIAN_POINT ( 'NONE',  ( -0.2439696961966996425, -0.3500000000000000333, 0.1879999999999999727 ) ) ;
#4111 = CARTESIAN_POINT ( 'NONE',  ( 0.3392229105312982163, 0.2396278560001834923, 0.1729999564678303958 ) ) ;
#4112 = EDGE_CURVE ( 'NONE', #7553, #2224, #7686, .T. ) ;
#4113 = VECTOR ( 'NONE', #4993, 100.0000000000000000 ) ;
#4114 = SURFACE_STYLE_USAGE ( .BOTH. , #4015 ) ;
#4115 = EDGE_CURVE ( 'NONE', #7317, #1468, #6215, .T. ) ;
#4116 = CARTESIAN_POINT ( 'NONE',  ( 0.2365808694827723491, 0.2600000000000000089, 0.004000000000000010492 ) ) ;
#4117 = ORIENTED_EDGE ( 'NONE', *, *, #5242, .F. ) ;
#4118 = FACE_OUTER_BOUND ( 'NONE', #232, .T. ) ;
#4119 = ORIENTED_EDGE ( 'NONE', *, *, #9488, .T. ) ;
#4120 =( NAMED_UNIT ( * ) PLANE_ANGLE_UNIT ( ) SI_UNIT ( $, .RADIAN. ) );
#4121 = AXIS2_PLACEMENT_3D ( 'NONE', #8482, #7501, #204 ) ;
#4122 = EDGE_LOOP ( 'NONE', ( #2271, #6895, #5066, #3834 ) ) ;
#4123 = DIRECTION ( 'NONE',  ( 1.000000000000000000, 0.000000000000000000, 0.000000000000000000 ) ) ;
#4124 = PRESENTATION_STYLE_ASSIGNMENT (( #7822 ) ) ;
#4125 = EDGE_CURVE ( 'NONE', #3974, #4477, #6759, .T. ) ;
#4126 = CARTESIAN_POINT ( 'NONE',  ( 0.1310000000000000331, 0.3725000000411247680, 0.1019349540849361496 ) ) ;
#4127 = LINE ( 'NONE', #7922, #7617 ) ;
#4128 = DIRECTION ( 'NONE',  ( -7.311082709387417497E-18, 1.000000000000000000, -3.491483361109383250E-15 ) ) ;
#4129 = ORIENTED_EDGE ( 'NONE', *, *, #8523, .T. ) ;
#4130 = CIRCLE ( 'NONE', #5406, 0.001000000244997557852 ) ;
#4131 = CARTESIAN_POINT ( 'NONE',  ( 0.1254999999999999727, 0.3725000000000004419, 0.06999999999999979849 ) ) ;
#4132 = CIRCLE ( 'NONE', #9645, 0.02000000000000001082 ) ;
#4133 = DIRECTION ( 'NONE',  ( -1.000000000000000000, 0.000000000000000000, 0.000000000000000000 ) ) ;
#4134 = PLANE ( 'NONE',  #7637 ) ;
#4135 =( GEOMETRIC_REPRESENTATION_CONTEXT ( 3 ) GLOBAL_UNCERTAINTY_ASSIGNED_CONTEXT ( ( #8742 ) ) GLOBAL_UNIT_ASSIGNED_CONTEXT ( ( #1474, #4565, #881 ) ) REPRESENTATION_CONTEXT ( 'NONE', 'WORKASPACE' ) );
#4136 = ADVANCED_FACE ( 'NONE', ( #3580 ), #5812, .T. ) ;
#4137 = DIRECTION ( 'NONE',  ( 0.000000000000000000, -0.000000000000000000, 1.000000000000000000 ) ) ;
#4138 =( NAMED_UNIT ( * ) PLANE_ANGLE_UNIT ( ) SI_UNIT ( $, .RADIAN. ) );
#4139 = ADVANCED_FACE ( 'NONE', ( #6563 ), #6614, .F. ) ;
#4140 = AXIS2_PLACEMENT_3D ( 'NONE', #1378, #3682, #4368 ) ;
#4141 = ORIENTED_EDGE ( 'NONE', *, *, #2845, .T. ) ;
#4142 = DIRECTION ( 'NONE',  ( -0.000000000000000000, -1.000000000000000000, 0.000000000000000000 ) ) ;
#4143 = AXIS2_PLACEMENT_3D ( 'NONE', #7934, #2596, #4235 ) ;
#4144 = LINE ( 'NONE', #5597, #3774 ) ;
#4145 = FILL_AREA_STYLE ('',( #5781 ) ) ;
#4146 = FILL_AREA_STYLE ('',( #3462 ) ) ;
#4147 = LINE ( 'NONE', #7160, #9522 ) ;
#4148 = COLOUR_RGB ( '',1.000000000000000000, 1.000000000000000000, 1.000000000000000000 ) ;
#4149 = STYLED_ITEM ( 'NONE', ( #5827 ), #33 ) ;
#4150 = ORIENTED_EDGE ( 'NONE', *, *, #3816, .T. ) ;
#4151 = LINE ( 'NONE', #8596, #4427 ) ;
#4152 = DIRECTION ( 'NONE',  ( 0.000000000000000000, 0.000000000000000000, 1.000000000000000000 ) ) ;
#4153 = CIRCLE ( 'NONE', #7785, 0.005000000246747557386 ) ;
#4154 = ADVANCED_FACE ( 'NONE', ( #2028 ), #9598, .T. ) ;
#4155 = CARTESIAN_POINT ( 'NONE',  ( -0.1254999999999999727, 0.3575000000000003175, 0.1019349540849361913 ) ) ;
#4156 = ORIENTED_EDGE ( 'NONE', *, *, #8863, .F. ) ;
#4157 = VERTEX_POINT ( 'NONE', #8668 ) ;
#4158 = CARTESIAN_POINT ( 'NONE',  ( -0.3509848078736499399, 0.1074999999999999567, 0.01482635180106143223 ) ) ;
#4159 = DIRECTION ( 'NONE',  ( 0.000000000000000000, 2.891205793294679411E-15, 1.000000000000000000 ) ) ;
#4160 = VECTOR ( 'NONE', #8220, 100.0000000000000000 ) ;
#4161 = PLANE ( 'NONE',  #8558 ) ;
#4162 = COLOUR_RGB ( '',0.6470588235294117974, 0.6196078431372549211, 0.5882352941176470784 ) ;
#4163 = EDGE_LOOP ( 'NONE', ( #4055, #5824, #5263, #4504, #8242, #9803 ) ) ;
#4164 = VERTEX_POINT ( 'NONE', #4218 ) ;
#4165 = SURFACE_STYLE_USAGE ( .BOTH. , #8020 ) ;
#4166 = EDGE_CURVE ( 'NONE', #8528, #3619, #1932, .T. ) ;
#4167 = UNCERTAINTY_MEASURE_WITH_UNIT (LENGTH_MEASURE( 1.000000000000000082E-05 ), #6549, 'distance_accuracy_value', 'NONE');
#4168 = ORIENTED_EDGE ( 'NONE', *, *, #6592, .F. ) ;
#4169 = STYLED_ITEM ( 'NONE', ( #3421 ), #4986 ) ;
#4170 = ADVANCED_FACE ( 'NONE', ( #593 ), #7381, .T. ) ;
#4171 = CARTESIAN_POINT ( 'NONE',  ( 0.3642901512833205957, 0.1074999999999999983, 0.09028470468954044592 ) ) ;
#4172 = DIRECTION ( 'NONE',  ( 0.000000000000000000, 1.000000000000000000, 0.000000000000000000 ) ) ;
#4173 = DIRECTION ( 'NONE',  ( 6.735369260825570315E-17, -1.760146872403420140E-16, -1.000000000000000000 ) ) ;
#4174 = CARTESIAN_POINT ( 'NONE',  ( 0.3396776797666640757, -0.2382785993070368757, 0.1729999913571935166 ) ) ;
#4175 = DIRECTION ( 'NONE',  ( 0.000000000000000000, 0.4314843090707786710, 0.9021204415296842916 ) ) ;
#4176 = ORIENTED_EDGE ( 'NONE', *, *, #9425, .F. ) ;
#4177 = FILL_AREA_STYLE_COLOUR ( '', #2160 ) ;
#4178 = EDGE_CURVE ( 'NONE', #2886, #9155, #1424, .T. ) ;
#4179 = AXIS2_PLACEMENT_3D ( 'NONE', #4918, #444, #7141 ) ;
#4180 =( NAMED_UNIT ( * ) PLANE_ANGLE_UNIT ( ) SI_UNIT ( $, .RADIAN. ) );
#4181 = EDGE_LOOP ( 'NONE', ( #303, #7500, #619, #3300 ) ) ;
#4182 = FACE_OUTER_BOUND ( 'NONE', #1367, .T. ) ;
#4183 = DIRECTION ( 'NONE',  ( 0.000000000000000000, 3.491483361109383250E-15, 1.000000000000000000 ) ) ;
#4184 = CARTESIAN_POINT ( 'NONE',  ( 0.3229860436907419086, 0.2780547203178235227, 0.1879999999999999727 ) ) ;
#4185 = VERTEX_POINT ( 'NONE', #5959 ) ;
#4186 = DIRECTION ( 'NONE',  ( -0.000000000000000000, 1.000000000000000000, -0.000000000000000000 ) ) ;
#4187 =( LENGTH_UNIT ( ) NAMED_UNIT ( * ) SI_UNIT ( .CENTI., .METRE. ) );
#4188 = ADVANCED_FACE ( 'NONE', ( #9647 ), #736, .F. ) ;
#4189 = CARTESIAN_POINT ( 'NONE',  ( 0.000000000000000000, -0.1900000000000000022, 0.007000000000000001013 ) ) ;
#4190 = DIRECTION ( 'NONE',  ( -2.339283981590612001E-32, 5.407499400821294397E-17, -1.000000000000000000 ) ) ;
#4191 = EDGE_LOOP ( 'NONE', ( #4512, #6291, #1673, #9134, #5376, #1244, #790, #4019, #6545, #346, #988, #4423 ) ) ;
#4192 = AXIS2_PLACEMENT_3D ( 'NONE', #7054, #6330, #2454 ) ;
#4193 = CARTESIAN_POINT ( 'NONE',  ( 0.1849999999999999423, 0.3725000000000007194, -2.168404344971008868E-16 ) ) ;
#4194 = UNCERTAINTY_MEASURE_WITH_UNIT (LENGTH_MEASURE( 1.000000000000000082E-05 ), #5762, 'distance_accuracy_value', 'NONE');
#4195 = CARTESIAN_POINT ( 'NONE',  ( 0.1816956969207695338, 2.225130536528679715E-17, 0.1900201181342708878 ) ) ;
#4196 = VECTOR ( 'NONE', #8352, 100.0000000000000142 ) ;
#4197 = AXIS2_PLACEMENT_3D ( 'NONE', #7664, #873, #3706 ) ;
#4198 = ORIENTED_EDGE ( 'NONE', *, *, #9765, .T. ) ;
#4199 = VERTEX_POINT ( 'NONE', #2936 ) ;
#4200 = DIRECTION ( 'NONE',  ( 0.7071067811865457964, 0.7071067811865492381, 0.000000000000000000 ) ) ;
#4201 = CARTESIAN_POINT ( 'NONE',  ( 0.3499999999999999778, -0.1775000000000000189, 0.01500000024499757896 ) ) ;
#4202 = PRESENTATION_LAYER_ASSIGNMENT (  '', '', ( #8469 ) ) ;
#4203 = DIRECTION ( 'NONE',  ( -1.000000000000000000, 0.000000000000000000, 0.000000000000000000 ) ) ;
#4204 = ADVANCED_FACE ( 'NONE', ( #3824 ), #6052, .T. ) ;
#4205 =( GEOMETRIC_REPRESENTATION_CONTEXT ( 3 ) GLOBAL_UNCERTAINTY_ASSIGNED_CONTEXT ( ( #6783 ) ) GLOBAL_UNIT_ASSIGNED_CONTEXT ( ( #1949, #9473, #1102 ) ) REPRESENTATION_CONTEXT ( 'NONE', 'WORKASPACE' ) );
#4206 = MECHANICAL_DESIGN_GEOMETRIC_PRESENTATION_REPRESENTATION (  '', ( #4692 ), #2474 ) ;
#4207 = DIRECTION ( 'NONE',  ( 1.000000000000000000, 0.000000000000000000, 0.000000000000000000 ) ) ;
#4208 = ORIENTED_EDGE ( 'NONE', *, *, #8370, .F. ) ;
#4209 = CARTESIAN_POINT ( 'NONE',  ( 0.3499999999999999778, 0.07129477650116627929, 0.01500000000000001679 ) ) ;
#4210 = ORIENTED_EDGE ( 'NONE', *, *, #4115, .F. ) ;
#4211 = CARTESIAN_POINT ( 'NONE',  ( 0.3500000000000000333, 0.000000000000000000, 0.01399999975500245894 ) ) ;
#4212 = ORIENTED_EDGE ( 'NONE', *, *, #5737, .T. ) ;
#4213 = ORIENTED_EDGE ( 'NONE', *, *, #8216, .F. ) ;
#4214 = VECTOR ( 'NONE', #4530, 100.0000000000000000 ) ;
#4215 = PLANE ( 'NONE',  #2547 ) ;
#4216 = PRESENTATION_LAYER_ASSIGNMENT (  '', '', ( #571 ) ) ;
#4217 = CARTESIAN_POINT ( 'NONE',  ( -0.3229860436907419641, -0.2780547203178235227, 0.1729999999999999871 ) ) ;
#4218 = CARTESIAN_POINT ( 'NONE',  ( 0.02616295090390217959, 0.09758073580374349021, 0.5000000000000002220 ) ) ;
#4219 = CARTESIAN_POINT ( 'NONE',  ( 0.3499999999999999778, 0.07129477650116627929, 0.01500000000000001679 ) ) ;
#4220 = MECHANICAL_DESIGN_GEOMETRIC_PRESENTATION_REPRESENTATION (  '', ( #1991 ), #5802 ) ;
#4221 = CARTESIAN_POINT ( 'NONE',  ( 0.2498275605729689264, 0.3441421356237309714, 0.004000000000000010492 ) ) ;
#4222 = ADVANCED_FACE ( 'NONE', ( #6847, #4564 ), #9101, .T. ) ;
#4223 = DIRECTION ( 'NONE',  ( 0.7071067811865490160, -0.7071067811865460184, 0.000000000000000000 ) ) ;
#4224 = ORIENTED_EDGE ( 'NONE', *, *, #2069, .F. ) ;
#4225 = CARTESIAN_POINT ( 'NONE',  ( 5.817072295949926409E-18, -0.2375000000000000444, 0.04898381751025221442 ) ) ;
#4226 = EDGE_CURVE ( 'NONE', #9678, #4599, #1010, .T. ) ;
#4227 = VECTOR ( 'NONE', #5903, 100.0000000000000000 ) ;
#4228 = DIRECTION ( 'NONE',  ( 1.000000000000000000, 0.000000000000000000, -0.000000000000000000 ) ) ;
#4229 = AXIS2_PLACEMENT_3D ( 'NONE', #6629, #9614, #3743 ) ;
#4230 = LINE ( 'NONE', #1987, #5271 ) ;
#4231 = FACE_OUTER_BOUND ( 'NONE', #1393, .T. ) ;
#4232 = SURFACE_STYLE_USAGE ( .BOTH. , #5679 ) ;
#4233 = ORIENTED_EDGE ( 'NONE', *, *, #6277, .F. ) ;
#4234 = UNCERTAINTY_MEASURE_WITH_UNIT (LENGTH_MEASURE( 1.000000000000000082E-05 ), #7138, 'distance_accuracy_value', 'NONE');
#4235 = DIRECTION ( 'NONE',  ( 0.000000000000000000, 0.000000000000000000, -1.000000000000000000 ) ) ;
#4236 = VECTOR ( 'NONE', #7854, 100.0000000000000000 ) ;
#4237 = EDGE_CURVE ( 'NONE', #6529, #1873, #2227, .T. ) ;
#4238 = CARTESIAN_POINT ( 'NONE',  ( 0.2349999999999999589, -0.2600000000000000089, 0.000000000000000000 ) ) ;
#4239 = CARTESIAN_POINT ( 'NONE',  ( 0.3499999999999999778, -0.1074999999999999845, 0.01500000024499757896 ) ) ;
#4240 = ORIENTED_EDGE ( 'NONE', *, *, #1756, .T. ) ;
#4241 = ADVANCED_FACE ( 'NONE', ( #2328 ), #4466, .F. ) ;
#4242 = PLANE ( 'NONE',  #5894 ) ;
#4243 = CARTESIAN_POINT ( 'NONE',  ( -0.3514696961967002653, -0.2425000000000000488, 0.1879999999999999727 ) ) ;
#4244 = CARTESIAN_POINT ( 'NONE',  ( -0.2349999999999999589, -0.2600000000000000644, 0.000000000000000000 ) ) ;
#4245 = CARTESIAN_POINT ( 'NONE',  ( 0.03323401871576775468, 0.1046518036156088988, 0.5000000000000001110 ) ) ;
#4246 = DIRECTION ( 'NONE',  ( -1.000000000000000000, 0.000000000000000000, 0.000000000000000000 ) ) ;
#4247 = DIRECTION ( 'NONE',  ( -1.000000000000000000, 0.000000000000000000, 0.000000000000000000 ) ) ;
#4248 = EDGE_CURVE ( 'NONE', #2383, #6318, #2181, .T. ) ;
#4249 = PRESENTATION_LAYER_ASSIGNMENT (  '', '', ( #2341 ) ) ;
#4250 = ORIENTED_EDGE ( 'NONE', *, *, #1182, .F. ) ;
#4251 = FACE_OUTER_BOUND ( 'NONE', #740, .T. ) ;
#4252 = EDGE_LOOP ( 'NONE', ( #2614, #279, #5806, #6790 ) ) ;
#4253 = AXIS2_PLACEMENT_3D ( 'NONE', #8304, #3274, #9093 ) ;
#4254 = EDGE_LOOP ( 'NONE', ( #9492, #3167, #8699, #2483 ) ) ;
#4255 = CYLINDRICAL_SURFACE ( 'NONE', #2964, 0.01999999999999996572 ) ;
#4256 = DIRECTION ( 'NONE',  ( 7.311082709387417497E-18, -1.000000000000000000, 0.000000000000000000 ) ) ;
#4257 = EDGE_CURVE ( 'NONE', #8777, #6700, #5259, .T. ) ;
#4258 = LINE ( 'NONE', #478, #3992 ) ;
#4259 = FILL_AREA_STYLE_COLOUR ( '', #1750 ) ;
#4260 = VECTOR ( 'NONE', #6568, 100.0000000000000000 ) ;
#4261 = ORIENTED_EDGE ( 'NONE', *, *, #1489, .T. ) ;
#4262 = SURFACE_SIDE_STYLE ('',( #2170 ) ) ;
#4263 = ADVANCED_FACE ( 'NONE', ( #1473 ), #5310, .F. ) ;
#4264 = ORIENTED_EDGE ( 'NONE', *, *, #7834, .F. ) ;
#4265 = DIRECTION ( 'NONE',  ( -0.000000000000000000, -0.000000000000000000, -1.000000000000000000 ) ) ;
#4266 = ORIENTED_EDGE ( 'NONE', *, *, #6762, .T. ) ;
#4267 = CARTESIAN_POINT ( 'NONE',  ( -0.1060660171779820721, -0.03535533905932769505, 0.3000000000000000444 ) ) ;
#4268 = ORIENTED_EDGE ( 'NONE', *, *, #8149, .F. ) ;
#4269 = EDGE_LOOP ( 'NONE', ( #4528, #5211, #6247, #1859 ) ) ;
#4270 = CARTESIAN_POINT ( 'NONE',  ( 0.3370710678118654657, -0.2427564927611038925, 0.1729999999999999871 ) ) ;
#4271 = DIRECTION ( 'NONE',  ( -0.7071067811865489050, 0.7071067811865461294, -1.720874317173267428E-16 ) ) ;
#4272 =( LENGTH_UNIT ( ) NAMED_UNIT ( * ) SI_UNIT ( .CENTI., .METRE. ) );
#4273 = CARTESIAN_POINT ( 'NONE',  ( 0.2365808694827723491, -0.2600000000000000644, 0.004000000000000010492 ) ) ;
#4274 = DIRECTION ( 'NONE',  ( -3.491483361109381672E-15, -6.244080569586447174E-31, 1.000000000000000000 ) ) ;
#4275 = EDGE_CURVE ( 'NONE', #3867, #6008, #39, .T. ) ;
#4276 = CARTESIAN_POINT ( 'NONE',  ( 0.1254999999999999727, -0.3490212044152968263, 0.1673148430907077933 ) ) ;
#4277 = VECTOR ( 'NONE', #9028, 100.0000000000000000 ) ;
#4278 = EDGE_LOOP ( 'NONE', ( #3220, #5061, #6013, #646 ) ) ;
#4279 = DIRECTION ( 'NONE',  ( -0.000000000000000000, 0.000000000000000000, -1.000000000000000000 ) ) ;
#4280 = SURFACE_STYLE_USAGE ( .BOTH. , #8129 ) ;
#4281 = DIRECTION ( 'NONE',  ( 0.000000000000000000, 3.491483361109383250E-15, 1.000000000000000000 ) ) ;
#4282 = EDGE_CURVE ( 'NONE', #6705, #4157, #5421, .T. ) ;
#4283 = DIRECTION ( 'NONE',  ( 6.735369260825570315E-17, -1.760146872403420140E-16, -1.000000000000000000 ) ) ;
#4284 = ORIENTED_EDGE ( 'NONE', *, *, #7008, .T. ) ;
#4285 = CARTESIAN_POINT ( 'NONE',  ( -0.3509848079942877730, -0.07129477650116629317, 0.01482635177978970133 ) ) ;
#4286 = MANIFOLD_SOLID_BREP ( 'NONE', #1768 ) ;
#4287 = VECTOR ( 'NONE', #340, 100.0000000000000000 ) ;
#4288 = DIRECTION ( 'NONE',  ( -1.000000000000000000, 0.000000000000000000, 0.000000000000000000 ) ) ;
#4289 = FILL_AREA_STYLE_COLOUR ( '', #7805 ) ;
#4290 = CARTESIAN_POINT ( 'NONE',  ( -0.3229860436907419086, -0.2780547203178236337, 0.1729999999999999871 ) ) ;
#4291 = CARTESIAN_POINT ( 'NONE',  ( -0.3500000000000000333, 0.2356854249492383591, 0.1630000000000000060 ) ) ;
#4292 = ADVANCED_FACE ( 'NONE', ( #4231 ), #3591, .F. ) ;
#4293 = STYLED_ITEM ( 'NONE', ( #5465 ), #3399 ) ;
#4294 =( LENGTH_UNIT ( ) NAMED_UNIT ( * ) SI_UNIT ( .CENTI., .METRE. ) );
#4295 = FACE_OUTER_BOUND ( 'NONE', #8896, .T. ) ;
#4296 = EDGE_CURVE ( 'NONE', #4724, #6015, #6625, .T. ) ;
#4297 = DIRECTION ( 'NONE',  ( 0.1736481776669273336, -0.000000000000000000, 0.9848077530122085754 ) ) ;
#4298 = DIRECTION ( 'NONE',  ( 0.7071067811865461294, 0.7071067811865489050, -0.000000000000000000 ) ) ;
#4299 = AXIS2_PLACEMENT_3D ( 'NONE', #1070, #4957, #4203 ) ;
#4300 = ORIENTED_EDGE ( 'NONE', *, *, #6186, .F. ) ;
#4301 = DIRECTION ( 'NONE',  ( 0.1736481776669273336, 0.000000000000000000, -0.9848077530122085754 ) ) ;
#4302 = EDGE_CURVE ( 'NONE', #3343, #813, #2691, .T. ) ;
#4303 = ORIENTED_EDGE ( 'NONE', *, *, #1493, .T. ) ;
#4304 = VERTEX_POINT ( 'NONE', #454 ) ;
#4305 = PRESENTATION_LAYER_ASSIGNMENT (  '', '', ( #9338 ) ) ;
#4306 = CARTESIAN_POINT ( 'NONE',  ( 5.580561773288231622E-17, -0.07071067811865482111, 0.3150000000000001132 ) ) ;
#4307 = CARTESIAN_POINT ( 'NONE',  ( 0.2651650429449547985, 0.3288046532517450715, 0.1879999999999999727 ) ) ;
#4308 = LINE ( 'NONE', #8011, #3512 ) ;
#4309 = ORIENTED_EDGE ( 'NONE', *, *, #8749, .F. ) ;
#4310 = AXIS2_PLACEMENT_3D ( 'NONE', #7659, #5996, #125 ) ;
#4311 = ORIENTED_EDGE ( 'NONE', *, *, #2032, .T. ) ;
#4312 = CARTESIAN_POINT ( 'NONE',  ( 0.3509848079942876620, 0.07129477650116627929, 0.01482635177978972041 ) ) ;
#4313 = EDGE_LOOP ( 'NONE', ( #8346, #2734, #5570, #2089 ) ) ;
#4314 = CARTESIAN_POINT ( 'NONE',  ( 0.000000000000000000, -0.1425000000000000155, 0.007000000000000018360 ) ) ;
#4315 = ORIENTED_EDGE ( 'NONE', *, *, #874, .F. ) ;
#4316 = ORIENTED_EDGE ( 'NONE', *, *, #8162, .T. ) ;
#4317 = CIRCLE ( 'NONE', #5598, 0.001000000244997557852 ) ;
#4318 = AXIS2_PLACEMENT_3D ( 'NONE', #4481, #1285, #7534 ) ;
#4319 = CARTESIAN_POINT ( 'NONE',  ( 0.03535533905932773668, -0.1060660171779818778, 0.3150000000000001132 ) ) ;
#4320 = CARTESIAN_POINT ( 'NONE',  ( 0.2427564927611034207, 0.3370710678118654657, 0.1630000000000000060 ) ) ;
#4321 = FACE_OUTER_BOUND ( 'NONE', #5159, .T. ) ;
#4322 = FILL_AREA_STYLE ('',( #1277 ) ) ;
#4323 = ORIENTED_EDGE ( 'NONE', *, *, #5727, .T. ) ;
#4324 = LINE ( 'NONE', #9702, #723 ) ;
#4325 = VECTOR ( 'NONE', #3084, 100.0000000000000000 ) ;
#4326 = DIRECTION ( 'NONE',  ( 0.000000000000000000, 3.290811972840868436E-16, -1.000000000000000000 ) ) ;
#4327 = CARTESIAN_POINT ( 'NONE',  ( -0.3229860436907419086, 0.2780547203178235227, 0.1879999999999999727 ) ) ;
#4328 =( LENGTH_UNIT ( ) NAMED_UNIT ( * ) SI_UNIT ( .CENTI., .METRE. ) );
#4329 = CARTESIAN_POINT ( 'NONE',  ( 0.3642901512833205957, 0.1775000000000000189, 0.09028470468954044592 ) ) ;
#4330 = VERTEX_POINT ( 'NONE', #9609 ) ;
#4331 = CARTESIAN_POINT ( 'NONE',  ( 0.2793071785686857544, 0.3500000000000000333, 0.1729999999999999871 ) ) ;
#4332 = CARTESIAN_POINT ( 'NONE',  ( -0.03535533905932770199, 0.1060660171779819194, 0.3150000000000001132 ) ) ;
#4333 = DIRECTION ( 'NONE',  ( -0.000000000000000000, -3.491483361109383250E-15, 1.000000000000000000 ) ) ;
#4334 = ADVANCED_FACE ( 'NONE', ( #8678 ), #9458, .F. ) ;
#4335 = AXIS2_PLACEMENT_3D ( 'NONE', #161, #211, #5544 ) ;
#4336 = DIRECTION ( 'NONE',  ( -0.9848077530122085754, 0.000000000000000000, 0.1736481776669273336 ) ) ;
#4337 = SURFACE_SIDE_STYLE ('',( #5041 ) ) ;
#4338 = STYLED_ITEM ( 'NONE', ( #752 ), #6107 ) ;
#4339 =( LENGTH_UNIT ( ) NAMED_UNIT ( * ) SI_UNIT ( .CENTI., .METRE. ) );
#4340 = CARTESIAN_POINT ( 'NONE',  ( -0.3525000000000000355, 0.000000000000000000, 0.1729999999999999871 ) ) ;
#4341 = CYLINDRICAL_SURFACE ( 'NONE', #2258, 0.001000000244997557852 ) ;
#4342 = EDGE_CURVE ( 'NONE', #5065, #977, #2939, .T. ) ;
#4343 = VERTEX_POINT ( 'NONE', #5033 ) ;
#4344 = AXIS2_PLACEMENT_3D ( 'NONE', #4276, #7829, #4175 ) ;
#4345 = ADVANCED_FACE ( 'NONE', ( #5867 ), #8036, .T. ) ;
#4346 = VERTEX_POINT ( 'NONE', #2645 ) ;
#4347 = EDGE_LOOP ( 'NONE', ( #4762, #1224, #4264, #1751 ) ) ;
#4348 = DIRECTION ( 'NONE',  ( 1.000000000000000000, 0.000000000000000000, 0.000000000000000000 ) ) ;
#4349 = FACE_OUTER_BOUND ( 'NONE', #7276, .T. ) ;
#4350 = SURFACE_STYLE_USAGE ( .BOTH. , #1264 ) ;
#4351 = EDGE_CURVE ( 'NONE', #1265, #6687, #8142, .T. ) ;
#4352 = VERTEX_POINT ( 'NONE', #1335 ) ;
#4353 = PLANE ( 'NONE',  #9780 ) ;
#4354 = EDGE_LOOP ( 'NONE', ( #7727, #4240, #3769, #4751 ) ) ;
#4355 = PRESENTATION_LAYER_ASSIGNMENT (  '', '', ( #9396 ) ) ;
#4356 = CIRCLE ( 'NONE', #3416, 0.03817384683510577359 ) ;
#4357 = DIRECTION ( 'NONE',  ( 1.000000000000000000, 7.311082709387417497E-18, -0.000000000000000000 ) ) ;
#4358 = EDGE_CURVE ( 'NONE', #6658, #3464, #353, .T. ) ;
#4359 = ORIENTED_EDGE ( 'NONE', *, *, #3636, .T. ) ;
#4360 = CARTESIAN_POINT ( 'NONE',  ( 0.3725000000000000533, -0.2425000000000000488, 0.1680000000000000382 ) ) ;
#4361 = VERTEX_POINT ( 'NONE', #401 ) ;
#4362 = ORIENTED_EDGE ( 'NONE', *, *, #9388, .F. ) ;
#4363 = STYLED_ITEM ( 'NONE', ( #3572 ), #708 ) ;
#4364 = SURFACE_STYLE_FILL_AREA ( #37 ) ;
#4365 = FACE_OUTER_BOUND ( 'NONE', #3208, .T. ) ;
#4366 = VECTOR ( 'NONE', #7017, 100.0000000000000000 ) ;
#4367 = SURFACE_STYLE_FILL_AREA ( #1324 ) ;
#4368 = DIRECTION ( 'NONE',  ( 0.000000000000000000, 0.000000000000000000, -1.000000000000000000 ) ) ;
#4369 = EDGE_CURVE ( 'NONE', #9096, #496, #5722, .T. ) ;
#4370 = ORIENTED_EDGE ( 'NONE', *, *, #6835, .T. ) ;
#4371 = DIRECTION ( 'NONE',  ( 0.000000000000000000, 0.000000000000000000, -1.000000000000000000 ) ) ;
#4372 = DIRECTION ( 'NONE',  ( 1.301042606982604690E-14, 4.336808689942015369E-15, 1.000000000000000000 ) ) ;
#4373 = UNCERTAINTY_MEASURE_WITH_UNIT (LENGTH_MEASURE( 1.000000000000000082E-05 ), #7178, 'distance_accuracy_value', 'NONE');
#4374 = CARTESIAN_POINT ( 'NONE',  ( 0.3509848079341075788, 0.03499999999999999639, 0.01482635179121277735 ) ) ;
#4375 = ORIENTED_EDGE ( 'NONE', *, *, #3432, .T. ) ;
#4376 = AXIS2_PLACEMENT_3D ( 'NONE', #2429, #7718, #7764 ) ;
#4377 = DIRECTION ( 'NONE',  ( 0.000000000000000000, -0.5144957554275266798, 0.8574929257125440962 ) ) ;
#4378 = AXIS2_PLACEMENT_3D ( 'NONE', #2013, #8797, #8109 ) ;
#4379 = FACE_OUTER_BOUND ( 'NONE', #2264, .T. ) ;
#4380 = ORIENTED_EDGE ( 'NONE', *, *, #8098, .F. ) ;
#4381 = SURFACE_STYLE_USAGE ( .BOTH. , #9561 ) ;
#4382 = EDGE_CURVE ( 'NONE', #9800, #1822, #705, .T. ) ;
#4383 = CARTESIAN_POINT ( 'NONE',  ( 0.07999999999999998779, -0.3725000000000006084, 0.03999999999999979960 ) ) ;
#4384 = AXIS2_PLACEMENT_3D ( 'NONE', #7433, #7526, #9603 ) ;
#4385 = DIRECTION ( 'NONE',  ( -0.000000000000000000, -0.000000000000000000, 1.000000000000000000 ) ) ;
#4386 = UNCERTAINTY_MEASURE_WITH_UNIT (LENGTH_MEASURE( 1.000000000000000082E-05 ), #58, 'distance_accuracy_value', 'NONE');
#4387 = SURFACE_STYLE_USAGE ( .BOTH. , #5777 ) ;
#4388 = SURFACE_STYLE_USAGE ( .BOTH. , #5135 ) ;
#4389 = SURFACE_STYLE_USAGE ( .BOTH. , #8735 ) ;
#4390 = VECTOR ( 'NONE', #7373, 100.0000000000000000 ) ;
#4391 = ADVANCED_FACE ( 'NONE', ( #7932 ), #6378, .T. ) ;
#4392 = AXIS2_PLACEMENT_3D ( 'NONE', #5455, #2417, #2215 ) ;
#4393 = FACE_OUTER_BOUND ( 'NONE', #4768, .T. ) ;
#4394 = DIRECTION ( 'NONE',  ( -1.000000000000000000, -0.000000000000000000, 0.000000000000000000 ) ) ;
#4395 = LINE ( 'NONE', #2153, #1943 ) ;
#4396 = ORIENTED_EDGE ( 'NONE', *, *, #7379, .F. ) ;
#4397 = VECTOR ( 'NONE', #8348, 100.0000000000000000 ) ;
#4398 = CARTESIAN_POINT ( 'NONE',  ( 2.168404344971008868E-17, 0.000000000000000000, 0.2130000000079235178 ) ) ;
#4399 = LINE ( 'NONE', #2813, #7547 ) ;
#4400 = VERTEX_POINT ( 'NONE', #6420 ) ;
#4401 = EDGE_CURVE ( 'NONE', #2638, #2886, #1044, .T. ) ;
#4402 = ORIENTED_EDGE ( 'NONE', *, *, #8827, .F. ) ;
#4403 = DIRECTION ( 'NONE',  ( 0.000000000000000000, 0.000000000000000000, -1.000000000000000000 ) ) ;
#4404 =( GEOMETRIC_REPRESENTATION_CONTEXT ( 3 ) GLOBAL_UNCERTAINTY_ASSIGNED_CONTEXT ( ( #4386 ) ) GLOBAL_UNIT_ASSIGNED_CONTEXT ( ( #58, #9767, #5442 ) ) REPRESENTATION_CONTEXT ( 'NONE', 'WORKASPACE' ) );
#4405 = CARTESIAN_POINT ( 'NONE',  ( 0.2349999999999999589, -0.2600000000000000089, 0.004000000000000005287 ) ) ;
#4406 = EDGE_CURVE ( 'NONE', #6765, #2407, #4088, .T. ) ;
#4407 = DIRECTION ( 'NONE',  ( -0.9848077530122085754, 0.000000000000000000, 0.1736481776669273336 ) ) ;
#4408 = EDGE_LOOP ( 'NONE', ( #8421, #4819, #5537, #8071 ) ) ;
#4409 = ORIENTED_EDGE ( 'NONE', *, *, #9362, .T. ) ;
#4410 = CARTESIAN_POINT ( 'NONE',  ( -0.3499999999999999778, 0.03499999999999996864, 0.01500000000000001679 ) ) ;
#4411 = VECTOR ( 'NONE', #6976, 100.0000000000000000 ) ;
#4412 = ORIENTED_EDGE ( 'NONE', *, *, #6241, .F. ) ;
#4413 = CARTESIAN_POINT ( 'NONE',  ( 0.1310000000000000608, 0.3524999999999999800, 0.1680000000000000382 ) ) ;
#4414 = ORIENTED_EDGE ( 'NONE', *, *, #6789, .F. ) ;
#4415 = EDGE_CURVE ( 'NONE', #8595, #1788, #6476, .T. ) ;
#4416 = EDGE_LOOP ( 'NONE', ( #3080, #3468, #3724, #1786 ) ) ;
#4417 =( NAMED_UNIT ( * ) PLANE_ANGLE_UNIT ( ) SI_UNIT ( $, .RADIAN. ) );
#4418 = SURFACE_STYLE_FILL_AREA ( #1376 ) ;
#4419 = VECTOR ( 'NONE', #1427, 100.0000000000000000 ) ;
#4420 = SURFACE_SIDE_STYLE ('',( #9003 ) ) ;
#4421 = EDGE_CURVE ( 'NONE', #3417, #1652, #7250, .T. ) ;
#4422 = DIRECTION ( 'NONE',  ( -1.000000000000000000, 0.000000000000000000, -1.084202172485504434E-19 ) ) ;
#4423 = ORIENTED_EDGE ( 'NONE', *, *, #2757, .F. ) ;
#4424 = LINE ( 'NONE', #9700, #5378 ) ;
#4425 = ORIENTED_EDGE ( 'NONE', *, *, #5134, .F. ) ;
#4426 = VERTEX_POINT ( 'NONE', #7885 ) ;
#4427 = VECTOR ( 'NONE', #2519, 100.0000000000000142 ) ;
#4428 = CARTESIAN_POINT ( 'NONE',  ( 0.1254999999999999727, -0.3750000000000000000, 0.1010000000000000064 ) ) ;
#4429 = ORIENTED_EDGE ( 'NONE', *, *, #8066, .T. ) ;
#4430 = EDGE_CURVE ( 'NONE', #3924, #2231, #1929, .T. ) ;
#4431 =( NAMED_UNIT ( * ) PLANE_ANGLE_UNIT ( ) SI_UNIT ( $, .RADIAN. ) );
#4432 = CARTESIAN_POINT ( 'NONE',  ( 0.1149999999999998662, -0.3500000000000000333, 0.004000000000000010492 ) ) ;
#4433 = ORIENTED_EDGE ( 'NONE', *, *, #3636, .F. ) ;
#4434 = CARTESIAN_POINT ( 'NONE',  ( -0.3500000000000000333, -0.07129477650116629317, 0.01499999999999999598 ) ) ;
#4435 = VECTOR ( 'NONE', #5486, 100.0000000000000000 ) ;
#4436 = CARTESIAN_POINT ( 'NONE',  ( -0.3525000000000000355, 0.2425000000000000488, 0.1879999999999999727 ) ) ;
#4437 = CYLINDRICAL_SURFACE ( 'NONE', #2755, 0.01000000000000001409 ) ;
#4438 = CARTESIAN_POINT ( 'NONE',  ( 0.000000000000000000, 0.1900000000000000022, 0.007000000000000007952 ) ) ;
#4439 = CARTESIAN_POINT ( 'NONE',  ( 0.2427564927611034484, -0.3370710678118654657, 0.1729999999999999871 ) ) ;
#4440 = LINE ( 'NONE', #6633, #4842 ) ;
#4441 = CARTESIAN_POINT ( 'NONE',  ( -0.08000000000000000167, 0.3725000000000006639, -2.168404344971008868E-16 ) ) ;
#4442 = LINE ( 'NONE', #3197, #1150 ) ;
#4443 = ORIENTED_EDGE ( 'NONE', *, *, #1745, .T. ) ;
#4444 = UNCERTAINTY_MEASURE_WITH_UNIT (LENGTH_MEASURE( 1.000000000000000082E-05 ), #4294, 'distance_accuracy_value', 'NONE');
#4445 = FACE_OUTER_BOUND ( 'NONE', #2237, .T. ) ;
#4446 = PRODUCT_DEFINITION ( 'UNKNOWN', '', #5660, #108 ) ;
#4447 = VECTOR ( 'NONE', #9098, 100.0000000000000000 ) ;
#4448 = LINE ( 'NONE', #7456, #4550 ) ;
#4449 = COLOUR_RGB ( '',0.6470588235294117974, 0.6196078431372549211, 0.5882352941176470784 ) ;
#4450 = CIRCLE ( 'NONE', #5721, 0.1711816160934631348 ) ;
#4451 = EDGE_LOOP ( 'NONE', ( #2844, #2177, #3256, #8064, #6370, #6137, #2211, #8710, #8552 ) ) ;
#4452 = SURFACE_STYLE_USAGE ( .BOTH. , #1410 ) ;
#4453 = CARTESIAN_POINT ( 'NONE',  ( -0.2356854249492379982, -0.3300000000000000155, 0.1630000000000000060 ) ) ;
#4454 = FACE_OUTER_BOUND ( 'NONE', #2928, .T. ) ;
#4455 = ORIENTED_EDGE ( 'NONE', *, *, #7420, .F. ) ;
#4456 = ADVANCED_FACE ( 'NONE', ( #4979 ), #1192, .F. ) ;
#4457 = ORIENTED_EDGE ( 'NONE', *, *, #9241, .F. ) ;
#4458 = DIRECTION ( 'NONE',  ( 1.000000000000000000, 0.000000000000000000, -0.000000000000000000 ) ) ;
#4459 = ORIENTED_EDGE ( 'NONE', *, *, #8393, .T. ) ;
#4460 = DIRECTION ( 'NONE',  ( -1.000000000000000000, 0.000000000000000000, 0.000000000000000000 ) ) ;
#4461 = FACE_OUTER_BOUND ( 'NONE', #864, .T. ) ;
#4462 = AXIS2_PLACEMENT_3D ( 'NONE', #5634, #3449, #8584 ) ;
#4463 = ORIENTED_EDGE ( 'NONE', *, *, #1002, .T. ) ;
#4464 = ORIENTED_EDGE ( 'NONE', *, *, #7254, .F. ) ;
#4465 = SURFACE_STYLE_USAGE ( .BOTH. , #2988 ) ;
#4466 = PLANE ( 'NONE',  #9555 ) ;
#4467 = VECTOR ( 'NONE', #1816, 100.0000000000000142 ) ;
#4468 = CARTESIAN_POINT ( 'NONE',  ( 0.07999999999999998779, -0.3725000000000006084, 0.03999999999999979960 ) ) ;
#4469 = CIRCLE ( 'NONE', #5738, 0.03000000000000000236 ) ;
#4470 = AXIS2_PLACEMENT_3D ( 'NONE', #2269, #6005, #1319 ) ;
#4471 = CARTESIAN_POINT ( 'NONE',  ( 0.2439696961966996425, 0.3500000000000000333, 0.1729999999999999871 ) ) ;
#4472 = ADVANCED_FACE ( 'NONE', ( #4379 ), #5974, .F. ) ;
#4473 = ORIENTED_EDGE ( 'NONE', *, *, #8094, .T. ) ;
#4474 = DIRECTION ( 'NONE',  ( 0.000000000000000000, 1.000000000000000000, 0.000000000000000000 ) ) ;
#4475 = VERTEX_POINT ( 'NONE', #7391 ) ;
#4476 = DIRECTION ( 'NONE',  ( 1.000000000000000000, -7.311082709387417497E-18, 0.000000000000000000 ) ) ;
#4477 = VERTEX_POINT ( 'NONE', #9711 ) ;
#4478 = CIRCLE ( 'NONE', #5270, 0.009999999999999982861 ) ;
#4479 = EDGE_CURVE ( 'NONE', #6988, #1172, #4478, .T. ) ;
#4480 = CYLINDRICAL_SURFACE ( 'NONE', #5871, 0.01100000024499758408 ) ;
#4481 = CARTESIAN_POINT ( 'NONE',  ( 0.1849999999999999423, 0.3575000000000004285, 0.06999999999999974298 ) ) ;
#4482 = ORIENTED_EDGE ( 'NONE', *, *, #5978, .F. ) ;
#4483 = DIRECTION ( 'NONE',  ( -6.735369260825570315E-17, 1.760146872403420140E-16, 1.000000000000000000 ) ) ;
#4484 = DIRECTION ( 'NONE',  ( -1.000000000000000000, 0.000000000000000000, 0.000000000000000000 ) ) ;
#4485 = ADVANCED_FACE ( 'NONE', ( #8966 ), #3740, .F. ) ;
#4486 = CARTESIAN_POINT ( 'NONE',  ( 0.3724999999999999978, 0.000000000000000000, 0.1680000000000000659 ) ) ;
#4487 = CARTESIAN_POINT ( 'NONE',  ( 0.3500000000000000333, -0.1074999999999999845, 0.01399999981625184818 ) ) ;
#4488 = DIRECTION ( 'NONE',  ( 7.311082709388187869E-18, 1.000000000000000000, 1.614397506464334637E-33 ) ) ;
#4489 = CARTESIAN_POINT ( 'NONE',  ( 0.3229860436907419086, -0.2780547203178235782, 0.1729999999999999871 ) ) ;
#4490 = CIRCLE ( 'NONE', #208, 0.04749999999999999362 ) ;
#4491 = ORIENTED_EDGE ( 'NONE', *, *, #8764, .T. ) ;
#4492 = CARTESIAN_POINT ( 'NONE',  ( 0.1254999999999999727, -0.3725000000000002753, 0.09950000000000017164 ) ) ;
#4493 = ORIENTED_EDGE ( 'NONE', *, *, #2492, .F. ) ;
#4494 = CARTESIAN_POINT ( 'NONE',  ( -0.2651650429449547985, -0.3288046532517450715, 0.1729999999999999871 ) ) ;
#4495 = CARTESIAN_POINT ( 'NONE',  ( -0.1149999999999998662, 0.3500000000000000333, 0.06800000000000000488 ) ) ;
#4496 = FILL_AREA_STYLE ('',( #3023 ) ) ;
#4497 = PRESENTATION_LAYER_ASSIGNMENT (  '', '', ( #4338 ) ) ;
#4498 = VERTEX_POINT ( 'NONE', #2896 ) ;
#4499 =( NAMED_UNIT ( * ) PLANE_ANGLE_UNIT ( ) SI_UNIT ( $, .RADIAN. ) );
#4500 = LINE ( 'NONE', #2172, #6775 ) ;
#4501 = DIRECTION ( 'NONE',  ( -1.000000000000000000, -7.311082709387417497E-18, 0.000000000000000000 ) ) ;
#4502 = CARTESIAN_POINT ( 'NONE',  ( 0.3400000000000000244, 0.2356854249492383591, 0.1729999999999999871 ) ) ;
#4503 = VERTEX_POINT ( 'NONE', #9611 ) ;
#4504 = ORIENTED_EDGE ( 'NONE', *, *, #3801, .F. ) ;
#4505 = LINE ( 'NONE', #9745, #8073 ) ;
#4506 = EDGE_CURVE ( 'NONE', #5818, #7454, #8823, .T. ) ;
#4507 = DIRECTION ( 'NONE',  ( 0.7071067811865510144, 0.7071067811865441310, 0.000000000000000000 ) ) ;
#4508 = CYLINDRICAL_SURFACE ( 'NONE', #5883, 0.04700000000000000705 ) ;
#4509 = AXIS2_PLACEMENT_3D ( 'NONE', #9414, #4377, #3492 ) ;
#4510 = ORIENTED_EDGE ( 'NONE', *, *, #3490, .F. ) ;
#4511 = CARTESIAN_POINT ( 'NONE',  ( 0.2350000000000000144, 0.2449999999999999956, 0.000000000000000000 ) ) ;
#4512 = ORIENTED_EDGE ( 'NONE', *, *, #5154, .F. ) ;
#4513 = CONICAL_SURFACE ( 'NONE', #2770, 0.03249999999690319358, 0.4363323130466276178 ) ;
#4514 = DIRECTION ( 'NONE',  ( -0.1736481776669273336, 0.000000000000000000, -0.9848077530122085754 ) ) ;
#4515 = ORIENTED_EDGE ( 'NONE', *, *, #6415, .F. ) ;
#4516 = CARTESIAN_POINT ( 'NONE',  ( 0.1060660171779820166, 0.03535533905932763954, 0.3000000000000000999 ) ) ;
#4517 = VERTEX_POINT ( 'NONE', #8232 ) ;
#4518 = AXIS2_PLACEMENT_3D ( 'NONE', #866, #172, #8499 ) ;
#4519 = FILL_AREA_STYLE ('',( #4576 ) ) ;
#4520 = EDGE_CURVE ( 'NONE', #885, #3335, #8917, .T. ) ;
#4521 = FILL_AREA_STYLE ('',( #9013 ) ) ;
#4522 = ORIENTED_EDGE ( 'NONE', *, *, #3753, .F. ) ;
#4523 = PLANE ( 'NONE',  #4852 ) ;
#4524 = DIRECTION ( 'NONE',  ( 0.000000000000000000, 1.000000000000000000, 0.000000000000000000 ) ) ;
#4525 = CARTESIAN_POINT ( 'NONE',  ( 0.08499999999999999223, -0.1900000000000000022, 0.007000000000000001013 ) ) ;
#4526 = EDGE_CURVE ( 'NONE', #5350, #2814, #7467, .T. ) ;
#4527 = CARTESIAN_POINT ( 'NONE',  ( 0.2149999999999999134, -0.3524999999999999800, 0.1680000000000000382 ) ) ;
#4528 = ORIENTED_EDGE ( 'NONE', *, *, #9059, .T. ) ;
#4529 = CIRCLE ( 'NONE', #1660, 0.01999999999999996572 ) ;
#4530 = DIRECTION ( 'NONE',  ( -0.000000000000000000, 1.000000000000000000, -0.000000000000000000 ) ) ;
#4531 = CARTESIAN_POINT ( 'NONE',  ( 0.3608328854037720079, 0.1074999999999999567, 0.01308987002439215494 ) ) ;
#4532 = LINE ( 'NONE', #3797, #5118 ) ;
#4533 = PRESENTATION_LAYER_ASSIGNMENT (  '', '', ( #3592 ) ) ;
#4534 = EDGE_CURVE ( 'NONE', #9314, #8022, #1392, .T. ) ;
#4535 = COLOUR_RGB ( '',1.000000000000000000, 1.000000000000000000, 1.000000000000000000 ) ;
#4536 = LINE ( 'NONE', #9621, #6264 ) ;
#4537 = VECTOR ( 'NONE', #8270, 100.0000000000000000 ) ;
#4538 = EDGE_CURVE ( 'NONE', #4757, #5933, #8864, .T. ) ;
#4539 = AXIS2_PLACEMENT_3D ( 'NONE', #9656, #1431, #6669 ) ;
#4540 = VERTEX_POINT ( 'NONE', #698 ) ;
#4541 = CARTESIAN_POINT ( 'NONE',  ( 0.07999999999999998779, 0.3725000000000004419, 0.06999999999999979849 ) ) ;
#4542 = DIRECTION ( 'NONE',  ( -3.895646459343556450E-14, 1.613629597670880196E-14, 1.000000000000000000 ) ) ;
#4543 = AXIS2_PLACEMENT_3D ( 'NONE', #6243, #4709, #3130 ) ;
#4544 = PRESENTATION_LAYER_ASSIGNMENT (  '', '', ( #3293 ) ) ;
#4545 = EDGE_CURVE ( 'NONE', #7130, #4782, #2142, .T. ) ;
#4546 = ORIENTED_EDGE ( 'NONE', *, *, #9471, .F. ) ;
#4547 = CARTESIAN_POINT ( 'NONE',  ( 0.000000000000000000, 0.1900000000000000300, -0.02999999999953841326 ) ) ;
#4548 = CARTESIAN_POINT ( 'NONE',  ( -0.1184177848998413940, -1.355252715606880543E-16, 0.4900000000000001577 ) ) ;
#4549 = SURFACE_STYLE_FILL_AREA ( #913 ) ;
#4550 = VECTOR ( 'NONE', #669, 100.0000000000000000 ) ;
#4551 = ORIENTED_EDGE ( 'NONE', *, *, #754, .F. ) ;
#4552 =( NAMED_UNIT ( * ) PLANE_ANGLE_UNIT ( ) SI_UNIT ( $, .RADIAN. ) );
#4553 = DIRECTION ( 'NONE',  ( -1.000000000000000000, 1.715263890407989127E-16, 0.000000000000000000 ) ) ;
#4554 = CARTESIAN_POINT ( 'NONE',  ( -0.1310000000000000331, 0.3524999999999999800, 0.1680000000000000382 ) ) ;
#4555 =( NAMED_UNIT ( * ) SI_UNIT ( $, .STERADIAN. ) SOLID_ANGLE_UNIT ( ) );
#4556 = DIRECTION ( 'NONE',  ( -0.000000000000000000, 0.000000000000000000, -1.000000000000000000 ) ) ;
#4557 = ORIENTED_EDGE ( 'NONE', *, *, #630, .F. ) ;
#4558 = COLOUR_RGB ( '',0.6470588235294117974, 0.6196078431372549211, 0.5882352941176470784 ) ;
#4559 = EDGE_CURVE ( 'NONE', #3480, #5575, #655, .T. ) ;
#4560 = ORIENTED_EDGE ( 'NONE', *, *, #217, .T. ) ;
#4561 =( NAMED_UNIT ( * ) SI_UNIT ( $, .STERADIAN. ) SOLID_ANGLE_UNIT ( ) );
#4562 = CARTESIAN_POINT ( 'NONE',  ( -1.377323619068362719E-16, 0.07141778489984129674, 0.3150000000000000577 ) ) ;
#4563 = DIRECTION ( 'NONE',  ( 0.000000000000000000, 0.000000000000000000, -1.000000000000000000 ) ) ;
#4564 = FACE_BOUND ( 'NONE', #8150, .T. ) ;
#4565 =( NAMED_UNIT ( * ) PLANE_ANGLE_UNIT ( ) SI_UNIT ( $, .RADIAN. ) );
#4566 = EDGE_CURVE ( 'NONE', #1159, #6469, #6573, .T. ) ;
#4567 = ORIENTED_EDGE ( 'NONE', *, *, #4652, .T. ) ;
#4568 = CIRCLE ( 'NONE', #5834, 0.01999999999999996572 ) ;
#4569 = CARTESIAN_POINT ( 'NONE',  ( 0.2793071785686857544, -0.3524999999999999800, 0.1729999999999999871 ) ) ;
#4570 = ADVANCED_BREP_SHAPE_REPRESENTATION ( 'SKRHAD', ( #4286, #4064 ), #258 ) ;
#4571 = EDGE_LOOP ( 'NONE', ( #5628, #568, #8190, #3930 ) ) ;
#4572 =( GEOMETRIC_REPRESENTATION_CONTEXT ( 3 ) GLOBAL_UNCERTAINTY_ASSIGNED_CONTEXT ( ( #7436 ) ) GLOBAL_UNIT_ASSIGNED_CONTEXT ( ( #4773, #3290, #8565 ) ) REPRESENTATION_CONTEXT ( 'NONE', 'WORKASPACE' ) );
#4573 = ORIENTED_EDGE ( 'NONE', *, *, #8033, .T. ) ;
#4574 = CARTESIAN_POINT ( 'NONE',  ( -0.08500000000000000611, 0.2356854249492383591, 0.000000000000000000 ) ) ;
#4575 = ORIENTED_EDGE ( 'NONE', *, *, #6423, .T. ) ;
#4576 = FILL_AREA_STYLE_COLOUR ( '', #4707 ) ;
#4577 = VECTOR ( 'NONE', #6346, 100.0000000000000000 ) ;
#4578 = PLANE ( 'NONE',  #6709 ) ;
#4579 = VECTOR ( 'NONE', #2688, 100.0000000000000000 ) ;
#4580 = CARTESIAN_POINT ( 'NONE',  ( 0.2044929080402672350, 3.731982072282582438E-17, 0.1880000000000000282 ) ) ;
#4581 = CARTESIAN_POINT ( 'NONE',  ( -0.2780547203178223570, 0.3229860436907429633, 0.1729999999999999871 ) ) ;
#4582 = FILL_AREA_STYLE ('',( #9117 ) ) ;
#4583 = CARTESIAN_POINT ( 'NONE',  ( 0.3396831083848697586, -0.1074999999999999151, -0.1068564751664359408 ) ) ;
#4584 = AXIS2_PLACEMENT_3D ( 'NONE', #4511, #2034, #2133 ) ;
#4585 = ORIENTED_EDGE ( 'NONE', *, *, #3913, .T. ) ;
#4586 = CARTESIAN_POINT ( 'NONE',  ( -0.3499999999999999778, 0.1775000000000000189, 0.01500000024499757896 ) ) ;
#4587 = EDGE_CURVE ( 'NONE', #3813, #1550, #2728, .T. ) ;
#4588 = DIRECTION ( 'NONE',  ( 5.433049731604327253E-17, 5.433049731604348207E-17, 1.000000000000000000 ) ) ;
#4589 =( LENGTH_UNIT ( ) NAMED_UNIT ( * ) SI_UNIT ( .CENTI., .METRE. ) );
#4590 = ORIENTED_EDGE ( 'NONE', *, *, #6942, .T. ) ;
#4591 = UNCERTAINTY_MEASURE_WITH_UNIT (LENGTH_MEASURE( 1.000000000000000082E-05 ), #1901, 'distance_accuracy_value', 'NONE');
#4592 = CARTESIAN_POINT ( 'NONE',  ( -0.2149999999999999967, -0.3524999999999999800, 0.1880000001233737561 ) ) ;
#4593 = CARTESIAN_POINT ( 'NONE',  ( -1.393507733145085189E-16, 0.07071067811865476560, 0.3150000000000001132 ) ) ;
#4594 = ORIENTED_EDGE ( 'NONE', *, *, #5751, .T. ) ;
#4595 = EDGE_CURVE ( 'NONE', #8915, #9156, #792, .T. ) ;
#4596 = CIRCLE ( 'NONE', #3804, 0.04700000000000000705 ) ;
#4597 = DIRECTION ( 'NONE',  ( -1.000000000000000000, -7.311082709387417497E-18, 2.552652363152067741E-32 ) ) ;
#4598 = EDGE_CURVE ( 'NONE', #5141, #4724, #4153, .T. ) ;
#4599 = VERTEX_POINT ( 'NONE', #6861 ) ;
#4600 = CARTESIAN_POINT ( 'NONE',  ( 0.3499999999999999778, -0.1074999999999999845, 0.003999999877501221601 ) ) ;
#4601 =( NAMED_UNIT ( * ) PLANE_ANGLE_UNIT ( ) SI_UNIT ( $, .RADIAN. ) );
#4602 = UNCERTAINTY_MEASURE_WITH_UNIT (LENGTH_MEASURE( 1.000000000000000082E-05 ), #1119, 'distance_accuracy_value', 'NONE');
#4603 = LINE ( 'NONE', #5997, #6462 ) ;
#4604 = ORIENTED_EDGE ( 'NONE', *, *, #3751, .F. ) ;
#4605 = STYLED_ITEM ( 'NONE', ( #5620 ), #589 ) ;
#4606 = ADVANCED_FACE ( 'NONE', ( #4627 ), #6259, .F. ) ;
#4607 = ORIENTED_EDGE ( 'NONE', *, *, #2057, .F. ) ;
#4608 = DIRECTION ( 'NONE',  ( -0.000000000000000000, -1.000000000000000000, -0.000000000000000000 ) ) ;
#4609 =( NAMED_UNIT ( * ) SI_UNIT ( $, .STERADIAN. ) SOLID_ANGLE_UNIT ( ) );
#4610 = LINE ( 'NONE', #3177, #9769 ) ;
#4611 = VERTEX_POINT ( 'NONE', #5381 ) ;
#4612 = VERTEX_POINT ( 'NONE', #8474 ) ;
#4613 = LINE ( 'NONE', #7670, #5005 ) ;
#4614 = DIRECTION ( 'NONE',  ( -0.7071067811865489050, 0.7071067811865461294, 0.000000000000000000 ) ) ;
#4615 = FILL_AREA_STYLE ('',( #38 ) ) ;
#4616 = DIRECTION ( 'NONE',  ( 0.000000000000000000, 0.000000000000000000, -1.000000000000000000 ) ) ;
#4617 = LINE ( 'NONE', #5422, #2070 ) ;
#4618 = STYLED_ITEM ( 'NONE', ( #8126 ), #2350 ) ;
#4619 = EDGE_LOOP ( 'NONE', ( #6843, #5172, #6212, #3972 ) ) ;
#4620 = DIRECTION ( 'NONE',  ( 0.000000000000000000, -1.000000000000000000, 3.491483361109382461E-15 ) ) ;
#4621 = ORIENTED_EDGE ( 'NONE', *, *, #8013, .T. ) ;
#4622 = VECTOR ( 'NONE', #4780, 100.0000000000000142 ) ;
#4623 = ORIENTED_EDGE ( 'NONE', *, *, #9, .T. ) ;
#4624 = FILL_AREA_STYLE_COLOUR ( '', #162 ) ;
#4625 = VERTEX_POINT ( 'NONE', #892 ) ;
#4626 = DIRECTION ( 'NONE',  ( -0.000000000000000000, -1.000000000000000000, -0.000000000000000000 ) ) ;
#4627 = FACE_OUTER_BOUND ( 'NONE', #8891, .T. ) ;
#4628 = PRESENTATION_STYLE_ASSIGNMENT (( #3790 ) ) ;
#4629 = CIRCLE ( 'NONE', #9194, 0.01100000024499758408 ) ;
#4630 = DIRECTION ( 'NONE',  ( 7.311082709387417497E-18, 1.000000000000000000, 0.000000000000000000 ) ) ;
#4631 = DIRECTION ( 'NONE',  ( -0.1736481776669273336, 0.000000000000000000, -0.9848077530122085754 ) ) ;
#4632 = AXIS2_PLACEMENT_3D ( 'NONE', #724, #1659, #5458 ) ;
#4633 = CARTESIAN_POINT ( 'NONE',  ( 0.03535533905932741056, 0.1060660171779819472, 0.3150000000000001132 ) ) ;
#4634 = ORIENTED_EDGE ( 'NONE', *, *, #7110, .T. ) ;
#4635 =( GEOMETRIC_REPRESENTATION_CONTEXT ( 3 ) GLOBAL_UNCERTAINTY_ASSIGNED_CONTEXT ( ( #7986 ) ) GLOBAL_UNIT_ASSIGNED_CONTEXT ( ( #3493, #4180, #5770 ) ) REPRESENTATION_CONTEXT ( 'NONE', 'WORKASPACE' ) );
#4636 = DIRECTION ( 'NONE',  ( 0.000000000000000000, 1.000000000000000000, 1.668003342285393769E-16 ) ) ;
#4637 = DIRECTION ( 'NONE',  ( 0.000000000000000000, 1.000000000000000000, 0.000000000000000000 ) ) ;
#4638 = SURFACE_STYLE_FILL_AREA ( #1598 ) ;
#4639 = ORIENTED_EDGE ( 'NONE', *, *, #9488, .F. ) ;
#4640 = DIRECTION ( 'NONE',  ( 0.7071067811865461294, 0.7071067811865489050, -7.683492615482358283E-17 ) ) ;
#4641 = DIRECTION ( 'NONE',  ( -3.194683927456174497E-20, -1.000000000000000000, -1.132300105604712060E-31 ) ) ;
#4642 = EDGE_CURVE ( 'NONE', #2814, #1261, #746, .T. ) ;
#4643 = MECHANICAL_DESIGN_GEOMETRIC_PRESENTATION_REPRESENTATION (  '', ( #9368 ), #28 ) ;
#4644 =( NAMED_UNIT ( * ) SI_UNIT ( $, .STERADIAN. ) SOLID_ANGLE_UNIT ( ) );
#4645 = VERTEX_POINT ( 'NONE', #4730 ) ;
#4646 = DIRECTION ( 'NONE',  ( -0.000000000000000000, 0.000000000000000000, -1.000000000000000000 ) ) ;
#4647 = COLOUR_RGB ( '',1.000000000000000000, 1.000000000000000000, 1.000000000000000000 ) ;
#4648 = PRESENTATION_LAYER_ASSIGNMENT (  '', '', ( #9052 ) ) ;
#4649 = ORIENTED_EDGE ( 'NONE', *, *, #7672, .T. ) ;
#4650 =( LENGTH_UNIT ( ) NAMED_UNIT ( * ) SI_UNIT ( .CENTI., .METRE. ) );
#4651 = DIRECTION ( 'NONE',  ( -1.000000000000000000, 0.000000000000000000, 0.000000000000000000 ) ) ;
#4652 = EDGE_CURVE ( 'NONE', #4400, #4645, #5477, .T. ) ;
#4653 = ORIENTED_EDGE ( 'NONE', *, *, #6231, .T. ) ;
#4654 = EDGE_CURVE ( 'NONE', #6446, #6922, #3240, .T. ) ;
#4655 = DIRECTION ( 'NONE',  ( 0.000000000000000000, 0.000000000000000000, 1.000000000000000000 ) ) ;
#4656 = ORIENTED_EDGE ( 'NONE', *, *, #6223, .T. ) ;
#4657 = VECTOR ( 'NONE', #3990, 100.0000000000000142 ) ;
#4658 = CARTESIAN_POINT ( 'NONE',  ( -0.2498275605729688986, -0.3441421356237309714, 0.1630000000000000060 ) ) ;
#4659 =( NAMED_UNIT ( * ) PLANE_ANGLE_UNIT ( ) SI_UNIT ( $, .RADIAN. ) );
#4660 = UNCERTAINTY_MEASURE_WITH_UNIT (LENGTH_MEASURE( 1.000000000000000082E-05 ), #3851, 'distance_accuracy_value', 'NONE');
#4661 = ORIENTED_EDGE ( 'NONE', *, *, #2838, .T. ) ;
#4662 = VERTEX_POINT ( 'NONE', #151 ) ;
#4663 = DIRECTION ( 'NONE',  ( 0.000000000000000000, -1.000000000000000000, -3.491483361109382066E-15 ) ) ;
#4664 = FILL_AREA_STYLE ('',( #1625 ) ) ;
#4665 =( NAMED_UNIT ( * ) SI_UNIT ( $, .STERADIAN. ) SOLID_ANGLE_UNIT ( ) );
#4666 = EDGE_CURVE ( 'NONE', #2675, #9643, #198, .T. ) ;
#4667 = VECTOR ( 'NONE', #4681, 100.0000000000000000 ) ;
#4668 = ADVANCED_FACE ( 'NONE', ( #3934 ), #51, .T. ) ;
#4669 = ORIENTED_EDGE ( 'NONE', *, *, #4666, .T. ) ;
#4670 = CARTESIAN_POINT ( 'NONE',  ( -0.2149999999999999967, -0.3524999999999999800, 0.1680000000000000382 ) ) ;
#4671 = ORIENTED_EDGE ( 'NONE', *, *, #3490, .T. ) ;
#4672 = DIRECTION ( 'NONE',  ( -0.000000000000000000, -0.000000000000000000, 1.000000000000000000 ) ) ;
#4673 = ORIENTED_EDGE ( 'NONE', *, *, #6333, .F. ) ;
#4674 = FILL_AREA_STYLE_COLOUR ( '', #4449 ) ;
#4675 = ORIENTED_EDGE ( 'NONE', *, *, #8978, .T. ) ;
#4676 = ADVANCED_FACE ( 'NONE', ( #1591 ), #6952, .T. ) ;
#4677 =( GEOMETRIC_REPRESENTATION_CONTEXT ( 3 ) GLOBAL_UNCERTAINTY_ASSIGNED_CONTEXT ( ( #3798 ) ) GLOBAL_UNIT_ASSIGNED_CONTEXT ( ( #9557, #1191, #7296 ) ) REPRESENTATION_CONTEXT ( 'NONE', 'WORKASPACE' ) );
#4678 = CARTESIAN_POINT ( 'NONE',  ( 0.1254999999999999727, -0.3490212044152968263, 0.1673148430907077933 ) ) ;
#4679 = DIRECTION ( 'NONE',  ( 0.000000000000000000, 0.000000000000000000, -1.000000000000000000 ) ) ;
#4680 = VECTOR ( 'NONE', #905, 100.0000000000000000 ) ;
#4681 = DIRECTION ( 'NONE',  ( -0.000000000000000000, 0.000000000000000000, 1.000000000000000000 ) ) ;
#4682 = ORIENTED_EDGE ( 'NONE', *, *, #2111, .T. ) ;
#4683 = CARTESIAN_POINT ( 'NONE',  ( -0.3370710678118654102, 0.2427564927611038093, 0.1630000000000000060 ) ) ;
#4684 = AXIS2_PLACEMENT_3D ( 'NONE', #1262, #7860, #7222 ) ;
#4685 = VECTOR ( 'NONE', #2149, 100.0000000000000000 ) ;
#4686 = DIRECTION ( 'NONE',  ( 0.000000000000000000, -0.000000000000000000, -1.000000000000000000 ) ) ;
#4687 = EDGE_CURVE ( 'NONE', #7868, #4304, #7583, .T. ) ;
#4688 = LINE ( 'NONE', #6226, #6562 ) ;
#4689 = AXIS2_PLACEMENT_3D ( 'NONE', #1208, #4987, #6386 ) ;
#4690 = CARTESIAN_POINT ( 'NONE',  ( -0.3499999999999999778, 0.07120522349883362523, 0.01500000000000001679 ) ) ;
#4691 = AXIS2_PLACEMENT_3D ( 'NONE', #8329, #102, #3742 ) ;
#4692 = STYLED_ITEM ( 'NONE', ( #5518 ), #9403 ) ;
#4693 = CARTESIAN_POINT ( 'NONE',  ( -0.07499999999999999722, 0.3399999999999999689, 0.1729999999999999871 ) ) ;
#4694 = EDGE_CURVE ( 'NONE', #9109, #3103, #2570, .T. ) ;
#4695 = VERTEX_POINT ( 'NONE', #3885 ) ;
#4696 = CARTESIAN_POINT ( 'NONE',  ( -0.1255000000000000004, -0.3500000000000000333, 0.1729999999999999871 ) ) ;
#4697 =( GEOMETRIC_REPRESENTATION_CONTEXT ( 3 ) GLOBAL_UNCERTAINTY_ASSIGNED_CONTEXT ( ( #2297 ) ) GLOBAL_UNIT_ASSIGNED_CONTEXT ( ( #4272, #3434, #1177 ) ) REPRESENTATION_CONTEXT ( 'NONE', 'WORKASPACE' ) );
#4698 = AXIS2_PLACEMENT_3D ( 'NONE', #952, #6279, #2507 ) ;
#4699 = ORIENTED_EDGE ( 'NONE', *, *, #7995, .F. ) ;
#4700 = PRESENTATION_STYLE_ASSIGNMENT (( #3906 ) ) ;
#4701 = CARTESIAN_POINT ( 'NONE',  ( 0.000000000000000000, 0.2899999999999999800, 0.1879999999999999727 ) ) ;
#4702 = AXIS2_PLACEMENT_3D ( 'NONE', #2866, #8886, #3560 ) ;
#4703 = DIRECTION ( 'NONE',  ( 1.000000000000000000, -2.208151064125263996E-16, 0.000000000000000000 ) ) ;
#4704 = EDGE_LOOP ( 'NONE', ( #34, #6770, #1478, #8660, #6496, #3275 ) ) ;
#4705 = AXIS2_PLACEMENT_3D ( 'NONE', #4722, #2384, #6253 ) ;
#4706 = LINE ( 'NONE', #6087, #1401 ) ;
#4707 = COLOUR_RGB ( '',0.6470588235294117974, 0.6196078431372549211, 0.5882352941176470784 ) ;
#4708 = FACE_OUTER_BOUND ( 'NONE', #5904, .T. ) ;
#4709 = DIRECTION ( 'NONE',  ( 0.000000000000000000, -1.000000000000000000, 0.000000000000000000 ) ) ;
#4710 = ADVANCED_FACE ( 'NONE', ( #2 ), #338, .T. ) ;
#4711 = CARTESIAN_POINT ( 'NONE',  ( 0.3396831083848697586, 0.1074999999999999151, -0.1068564751664359408 ) ) ;
#4712 = ORIENTED_EDGE ( 'NONE', *, *, #9080, .T. ) ;
#4713 = EDGE_LOOP ( 'NONE', ( #4156, #7482, #7414, #3694, #7015, #2073, #2114, #2870 ) ) ;
#4714 = CARTESIAN_POINT ( 'NONE',  ( -0.07000000000000000666, 0.3049999999999999378, 0.003999999999999988808 ) ) ;
#4715 = LINE ( 'NONE', #5365, #794 ) ;
#4716 = VECTOR ( 'NONE', #1076, 100.0000000000000000 ) ;
#4717 = VECTOR ( 'NONE', #5509, 100.0000000000000000 ) ;
#4718 = DIRECTION ( 'NONE',  ( -0.000000000000000000, -0.000000000000000000, -1.000000000000000000 ) ) ;
#4719 = ORIENTED_EDGE ( 'NONE', *, *, #322, .F. ) ;
#4720 = LINE ( 'NONE', #6099, #6162 ) ;
#4721 = ORIENTED_EDGE ( 'NONE', *, *, #9205, .F. ) ;
#4722 = CARTESIAN_POINT ( 'NONE',  ( -0.1849999999999997202, 0.3725000000000006084, 0.03999999999999979960 ) ) ;
#4723 = AXIS2_PLACEMENT_3D ( 'NONE', #963, #227, #3270 ) ;
#4724 = VERTEX_POINT ( 'NONE', #3788 ) ;
#4725 = CARTESIAN_POINT ( 'NONE',  ( -0.3370710678118654102, -0.2427564927611038370, 0.1729999999999999871 ) ) ;
#4726 = ADVANCED_FACE ( 'NONE', ( #6906 ), #4578, .F. ) ;
#4727 = EDGE_LOOP ( 'NONE', ( #5609, #8752, #531, #8613 ) ) ;
#4728 = ADVANCED_FACE ( 'NONE', ( #297 ), #7872, .T. ) ;
#4729 = SURFACE_STYLE_FILL_AREA ( #7821 ) ;
#4730 = CARTESIAN_POINT ( 'NONE',  ( 0.2356854249492379982, 0.3500000000000000333, 0.004000000000000000083 ) ) ;
#4731 = CARTESIAN_POINT ( 'NONE',  ( -6.123031769111629622E-20, 0.3724999999999997757, 0.1019349540849361496 ) ) ;
#4732 = SURFACE_SIDE_STYLE ('',( #3151 ) ) ;
#4733 =( NAMED_UNIT ( * ) PLANE_ANGLE_UNIT ( ) SI_UNIT ( $, .RADIAN. ) );
#4734 = AXIS2_PLACEMENT_3D ( 'NONE', #4243, #8734, #3705 ) ;
#4735 = ORIENTED_EDGE ( 'NONE', *, *, #3566, .T. ) ;
#4736 = CARTESIAN_POINT ( 'NONE',  ( -0.1255000000000000004, 0.3500000000000000333, 0.1729999999999999871 ) ) ;
#4737 = ORIENTED_EDGE ( 'NONE', *, *, #2481, .T. ) ;
#4738 = CARTESIAN_POINT ( 'NONE',  ( 0.1849999999999999423, -0.3575000000000003730, 0.06999999999999974298 ) ) ;
#4739 = CARTESIAN_POINT ( 'NONE',  ( -0.2356854249492379150, 0.3400000000000000244, 0.1630000000000000060 ) ) ;
#4740 = EDGE_CURVE ( 'NONE', #2815, #1747, #2899, .T. ) ;
#4741 =( NAMED_UNIT ( * ) PLANE_ANGLE_UNIT ( ) SI_UNIT ( $, .RADIAN. ) );
#4742 = FACE_OUTER_BOUND ( 'NONE', #9070, .T. ) ;
#4743 = AXIS2_PLACEMENT_3D ( 'NONE', #3916, #133, #7616 ) ;
#4744 = CARTESIAN_POINT ( 'NONE',  ( -0.08000000000000000167, 0.3575000000000007061, -2.487538802691211212E-16 ) ) ;
#4745 = CARTESIAN_POINT ( 'NONE',  ( 0.1310000000000000608, -0.3524999999999999800, 0.1880000001233737561 ) ) ;
#4746 = VECTOR ( 'NONE', #7430, 100.0000000000000000 ) ;
#4747 = EDGE_LOOP ( 'NONE', ( #8899, #7700, #7144, #4960, #1726, #877, #6644, #5617, #486 ) ) ;
#4748 = FACE_OUTER_BOUND ( 'NONE', #9523, .T. ) ;
#4749 = DIRECTION ( 'NONE',  ( -1.000000000000000000, 0.000000000000000000, 0.000000000000000000 ) ) ;
#4750 = COLOUR_RGB ( '',0.6470588235294117974, 0.6196078431372549211, 0.5882352941176470784 ) ;
#4751 = ORIENTED_EDGE ( 'NONE', *, *, #1856, .T. ) ;
#4752 =( LENGTH_UNIT ( ) NAMED_UNIT ( * ) SI_UNIT ( .CENTI., .METRE. ) );
#4753 = DIRECTION ( 'NONE',  ( 0.9848077530122075762, 0.000000000000000000, 0.1736481776669324406 ) ) ;
#4754 = CARTESIAN_POINT ( 'NONE',  ( -1.192622389734053398E-16, 0.07141778489984128286, 0.4999999999999999445 ) ) ;
#4755 = FACE_OUTER_BOUND ( 'NONE', #6546, .T. ) ;
#4756 = CIRCLE ( 'NONE', #4121, 0.2044929080402673183 ) ;
#4757 = VERTEX_POINT ( 'NONE', #983 ) ;
#4758 = DIRECTION ( 'NONE',  ( -4.864909963427316455E-17, 1.000000000000000000, 2.737953000754034909E-18 ) ) ;
#4759 = CARTESIAN_POINT ( 'NONE',  ( -0.3741382288134426082, -0.03499999999999994782, 0.08854822291287124669 ) ) ;
#4760 = SPHERICAL_SURFACE ( 'NONE', #8462, 0.2299999999999999822 ) ;
#4761 = CARTESIAN_POINT ( 'NONE',  ( -0.2149999999999999967, -0.3524999999999999800, 0.1730000001233737705 ) ) ;
#4762 = ORIENTED_EDGE ( 'NONE', *, *, #1350, .T. ) ;
#4763 = ORIENTED_EDGE ( 'NONE', *, *, #3702, .T. ) ;
#4764 = CARTESIAN_POINT ( 'NONE',  ( 0.2349999999999999589, 0.2600000000000000644, 0.004000000000000000083 ) ) ;
#4765 = CARTESIAN_POINT ( 'NONE',  ( 0.3385053729295698366, 0.2409745702179835469, 0.1729999948783370045 ) ) ;
#4766 = CARTESIAN_POINT ( 'NONE',  ( 0.2500000000000000000, 0.000000000000000000, 0.004000000000000000083 ) ) ;
#4767 = EDGE_CURVE ( 'NONE', #2381, #7187, #2632, .T. ) ;
#4768 = EDGE_LOOP ( 'NONE', ( #332, #5557, #5539, #6673 ) ) ;
#4769 = DIRECTION ( 'NONE',  ( -1.000000000000000000, -0.000000000000000000, -0.000000000000000000 ) ) ;
#4770 = ORIENTED_EDGE ( 'NONE', *, *, #1955, .T. ) ;
#4771 = LINE ( 'NONE', #3288, #2482 ) ;
#4772 = VERTEX_POINT ( 'NONE', #3338 ) ;
#4773 =( LENGTH_UNIT ( ) NAMED_UNIT ( * ) SI_UNIT ( .CENTI., .METRE. ) );
#4774 =( GEOMETRIC_REPRESENTATION_CONTEXT ( 3 ) GLOBAL_UNCERTAINTY_ASSIGNED_CONTEXT ( ( #3011 ) ) GLOBAL_UNIT_ASSIGNED_CONTEXT ( ( #3920, #9296, #2324 ) ) REPRESENTATION_CONTEXT ( 'NONE', 'WORKASPACE' ) );
#4775 = ORIENTED_EDGE ( 'NONE', *, *, #5875, .T. ) ;
#4776 =( NAMED_UNIT ( * ) SI_UNIT ( $, .STERADIAN. ) SOLID_ANGLE_UNIT ( ) );
#4777 = DIRECTION ( 'NONE',  ( 0.000000000000000000, 0.000000000000000000, -1.000000000000000000 ) ) ;
#4778 = CARTESIAN_POINT ( 'NONE',  ( -0.2605587312717443371, 0.3575000002467475513, 0.1679999999999998994 ) ) ;
#4779 = CARTESIAN_POINT ( 'NONE',  ( 0.2793071785686857544, -0.3429467888754760829, 0.1879999999999999727 ) ) ;
#4780 = DIRECTION ( 'NONE',  ( -0.7071067811865489050, -0.7071067811865461294, 0.000000000000000000 ) ) ;
#4781 = EDGE_CURVE ( 'NONE', #8843, #2693, #1974, .T. ) ;
#4782 = VERTEX_POINT ( 'NONE', #4965 ) ;
#4783 = CARTESIAN_POINT ( 'NONE',  ( 0.1149999999999998662, -0.3500000000000000333, 0.06800000000000000488 ) ) ;
#4784 = VERTEX_POINT ( 'NONE', #4217 ) ;
#4785 = DIRECTION ( 'NONE',  ( 0.000000000000000000, 2.891205793294678228E-15, 1.000000000000000000 ) ) ;
#4786 = EDGE_CURVE ( 'NONE', #1648, #3291, #7041, .T. ) ;
#4787 = CARTESIAN_POINT ( 'NONE',  ( -0.3392229105311592718, -0.2396278560005047908, 0.1729999564678304513 ) ) ;
#4788 = AXIS2_PLACEMENT_3D ( 'NONE', #5204, #8207, #8799 ) ;
#4789 = FILL_AREA_STYLE_COLOUR ( '', #3780 ) ;
#4790 = FACE_OUTER_BOUND ( 'NONE', #4354, .T. ) ;
#4791 = VECTOR ( 'NONE', #6628, 100.0000000000000000 ) ;
#4792 = CARTESIAN_POINT ( 'NONE',  ( 0.08500000000000000611, -0.2600000000000000644, 0.007000000000000001013 ) ) ;
#4793 = CARTESIAN_POINT ( 'NONE',  ( 0.3514696961967002653, -0.2425000000000000488, 0.1729999999999999871 ) ) ;
#4794 = EDGE_CURVE ( 'NONE', #8398, #2435, #4955, .T. ) ;
#4795 = ORIENTED_EDGE ( 'NONE', *, *, #1100, .F. ) ;
#4796 = CARTESIAN_POINT ( 'NONE',  ( -0.2420250216471786231, -0.3378027838974898556, 0.1730000051928049787 ) ) ;
#4797 = DIRECTION ( 'NONE',  ( 0.000000000000000000, 1.000000000000000000, 0.000000000000000000 ) ) ;
#4798 = VECTOR ( 'NONE', #2042, 100.0000000000000000 ) ;
#4799 = VERTEX_POINT ( 'NONE', #3433 ) ;
#4800 = SURFACE_STYLE_USAGE ( .BOTH. , #5553 ) ;
#4801 = VECTOR ( 'NONE', #9606, 100.0000000000000000 ) ;
#4802 =( LENGTH_UNIT ( ) NAMED_UNIT ( * ) SI_UNIT ( .CENTI., .METRE. ) );
#4803 = EDGE_CURVE ( 'NONE', #6079, #7338, #4876, .T. ) ;
#4804 = ORIENTED_EDGE ( 'NONE', *, *, #409, .T. ) ;
#4805 = AXIS2_PLACEMENT_3D ( 'NONE', #84, #4563, #6941 ) ;
#4806 = CARTESIAN_POINT ( 'NONE',  ( -0.3509848078736500510, -0.1074999999999999845, 0.01482635180106139407 ) ) ;
#4807 = CARTESIAN_POINT ( 'NONE',  ( 0.1254999999999999727, -0.3500000000000000333, 0.1630000000000000060 ) ) ;
#4808 = CARTESIAN_POINT ( 'NONE',  ( -0.2044929080402672350, 1.227666219484109741E-17, 0.1880000000000000282 ) ) ;
#4809 = CYLINDRICAL_SURFACE ( 'NONE', #4698, 0.04700000000000000705 ) ;
#4810 = PRESENTATION_LAYER_ASSIGNMENT (  '', '', ( #2744 ) ) ;
#4811 = ORIENTED_EDGE ( 'NONE', *, *, #8520, .T. ) ;
#4812 = VERTEX_POINT ( 'NONE', #1129 ) ;
#4813 = DIRECTION ( 'NONE',  ( -1.000000000000000000, 0.000000000000000000, 0.000000000000000000 ) ) ;
#4814 = CARTESIAN_POINT ( 'NONE',  ( 0.07000000000000000666, 0.1899999999999999745, 0.000000000000000000 ) ) ;
#4815 = SURFACE_SIDE_STYLE ('',( #1767 ) ) ;
#4816 = VECTOR ( 'NONE', #8077, 100.0000000000000000 ) ;
#4817 = ORIENTED_EDGE ( 'NONE', *, *, #1418, .T. ) ;
#4818 = DIRECTION ( 'NONE',  ( -0.000000000000000000, 1.000000000000000000, 0.000000000000000000 ) ) ;
#4819 = ORIENTED_EDGE ( 'NONE', *, *, #8256, .T. ) ;
#4820 = CARTESIAN_POINT ( 'NONE',  ( -0.2149999999999999134, 0.3725000000000004419, 0.06999999999999979849 ) ) ;
#4821 = ORIENTED_EDGE ( 'NONE', *, *, #2374, .F. ) ;
#4822 = CARTESIAN_POINT ( 'NONE',  ( -0.2605587312717443371, 0.3524999999999999800, 0.1680000000000000382 ) ) ;
#4823 = ORIENTED_EDGE ( 'NONE', *, *, #3702, .F. ) ;
#4824 = EDGE_CURVE ( 'NONE', #5526, #7868, #442, .T. ) ;
#4825 = SURFACE_STYLE_FILL_AREA ( #6464 ) ;
#4826 = DIRECTION ( 'NONE',  ( 0.000000000000000000, -1.000000000000000000, -0.000000000000000000 ) ) ;
#4827 = FACE_OUTER_BOUND ( 'NONE', #6056, .T. ) ;
#4828 = CARTESIAN_POINT ( 'NONE',  ( 0.3389021673436877213, -0.2404073812290694334, 0.1729999636503325444 ) ) ;
#4829 = ORIENTED_EDGE ( 'NONE', *, *, #8906, .T. ) ;
#4830 = AXIS2_PLACEMENT_3D ( 'NONE', #8718, #4128, #2545 ) ;
#4831 = ORIENTED_EDGE ( 'NONE', *, *, #2705, .F. ) ;
#4832 = DIRECTION ( 'NONE',  ( 0.000000000000000000, 0.000000000000000000, -1.000000000000000000 ) ) ;
#4833 = CARTESIAN_POINT ( 'NONE',  ( -0.1060660171779822109, 0.03535533905932716769, 0.3150000000000001132 ) ) ;
#4834 = CARTESIAN_POINT ( 'NONE',  ( 3.614007241618347600E-18, 0.2899999999999999800, 0.1729999999999999871 ) ) ;
#4835 = FILL_AREA_STYLE_COLOUR ( '', #4162 ) ;
#4836 = ADVANCED_FACE ( 'NONE', ( #8761 ), #9546, .T. ) ;
#4837 = DIRECTION ( 'NONE',  ( 1.000000000000000000, 0.000000000000000000, -0.000000000000000000 ) ) ;
#4838 = EDGE_CURVE ( 'NONE', #7037, #1736, #7427, .T. ) ;
#4839 = CARTESIAN_POINT ( 'NONE',  ( 0.1310000000000000331, -0.4381999999999999784, 0.1879999999999999727 ) ) ;
#4840 = SURFACE_STYLE_USAGE ( .BOTH. , #7200 ) ;
#4841 = EDGE_LOOP ( 'NONE', ( #334, #2427, #1927, #1409 ) ) ;
#4842 = VECTOR ( 'NONE', #5878, 100.0000000000000000 ) ;
#4843 = CARTESIAN_POINT ( 'NONE',  ( -0.1310000000000000608, -0.3524999999999999800, 0.1680000000000000382 ) ) ;
#4844 = EDGE_CURVE ( 'NONE', #437, #1112, #6865, .T. ) ;
#4845 = PRESENTATION_LAYER_ASSIGNMENT (  '', '', ( #7831 ) ) ;
#4846 = VECTOR ( 'NONE', #7606, 100.0000000000000000 ) ;
#4847 =( NAMED_UNIT ( * ) PLANE_ANGLE_UNIT ( ) SI_UNIT ( $, .RADIAN. ) );
#4848 = FILL_AREA_STYLE_COLOUR ( '', #2776 ) ;
#4849 = SURFACE_STYLE_FILL_AREA ( #9428 ) ;
#4850 = ORIENTED_EDGE ( 'NONE', *, *, #5759, .T. ) ;
#4851 = CARTESIAN_POINT ( 'NONE',  ( -0.3300000000000000155, 0.2356854249492383591, 0.1630000000000000060 ) ) ;
#4852 = AXIS2_PLACEMENT_3D ( 'NONE', #3150, #2339, #6023 ) ;
#4853 = STYLED_ITEM ( 'NONE', ( #265 ), #9332 ) ;
#4854 = EDGE_CURVE ( 'NONE', #9508, #8965, #1323, .T. ) ;
#4855 = PLANE ( 'NONE',  #6645 ) ;
#4856 = ORIENTED_EDGE ( 'NONE', *, *, #888, .T. ) ;
#4857 = PRESENTATION_LAYER_ASSIGNMENT (  '', '', ( #5339 ) ) ;
#4858 = ORIENTED_EDGE ( 'NONE', *, *, #4401, .T. ) ;
#4859 = CARTESIAN_POINT ( 'NONE',  ( 0.3509848079945653287, -0.1775000000000000189, 0.01482635178136416411 ) ) ;
#4860 = CARTESIAN_POINT ( 'NONE',  ( -0.08000000000000001554, -0.3725000000000004419, 0.06999999999999979849 ) ) ;
#4861 = CARTESIAN_POINT ( 'NONE',  ( 2.168404344971008868E-17, 0.000000000000000000, 0.2039727746534936159 ) ) ;
#4862 = AXIS2_PLACEMENT_3D ( 'NONE', #2840, #5965, #8909 ) ;
#4863 = VECTOR ( 'NONE', #1, 100.0000000000000000 ) ;
#4864 = FILL_AREA_STYLE ('',( #5571 ) ) ;
#4865 = CIRCLE ( 'NONE', #6616, 0.01000000000000001409 ) ;
#4866 = VERTEX_POINT ( 'NONE', #2881 ) ;
#4867 = DIRECTION ( 'NONE',  ( -0.000000000000000000, -0.000000000000000000, 1.000000000000000000 ) ) ;
#4868 = EDGE_LOOP ( 'NONE', ( #9587, #6946, #1193, #887 ) ) ;
#4869 = CARTESIAN_POINT ( 'NONE',  ( 0.1849999999999999423, 0.3725000000000003308, 0.1019349540849361496 ) ) ;
#4870 = ADVANCED_FACE ( 'NONE', ( #9747 ), #8853, .F. ) ;
#4871 = UNCERTAINTY_MEASURE_WITH_UNIT (LENGTH_MEASURE( 1.000000000000000082E-05 ), #2390, 'distance_accuracy_value', 'NONE');
#4872 = ORIENTED_EDGE ( 'NONE', *, *, #4226, .T. ) ;
#4873 = VECTOR ( 'NONE', #2072, 100.0000000000000000 ) ;
#4874 = MECHANICAL_DESIGN_GEOMETRIC_PRESENTATION_REPRESENTATION (  '', ( #1047 ), #2168 ) ;
#4875 =( NAMED_UNIT ( * ) SI_UNIT ( $, .STERADIAN. ) SOLID_ANGLE_UNIT ( ) );
#4876 = LINE ( 'NONE', #8666, #3385 ) ;
#4877 = EDGE_CURVE ( 'NONE', #7439, #5531, #5116, .T. ) ;
#4878 = FACE_OUTER_BOUND ( 'NONE', #5279, .T. ) ;
#4879 = CYLINDRICAL_SURFACE ( 'NONE', #7960, 0.01499999999999999598 ) ;
#4880 = CARTESIAN_POINT ( 'NONE',  ( 0.3373260641401117921, -0.2425014964328576217, 0.1730000000000000426 ) ) ;
#4881 =( GEOMETRIC_REPRESENTATION_CONTEXT ( 3 ) GLOBAL_UNCERTAINTY_ASSIGNED_CONTEXT ( ( #3703 ) ) GLOBAL_UNIT_ASSIGNED_CONTEXT ( ( #2256, #714, #762 ) ) REPRESENTATION_CONTEXT ( 'NONE', 'WORKASPACE' ) );
#4882 = VERTEX_POINT ( 'NONE', #8903 ) ;
#4883 = CYLINDRICAL_SURFACE ( 'NONE', #7377, 0.009999999999999982861 ) ;
#4884 = DIRECTION ( 'NONE',  ( 0.000000000000000000, 0.000000000000000000, -1.000000000000000000 ) ) ;
#4885 = DIRECTION ( 'NONE',  ( -1.000000000000000000, -0.000000000000000000, -0.000000000000000000 ) ) ;
#4886 = DIRECTION ( 'NONE',  ( 1.216841899242989572E-16, -1.216841899242984888E-16, -1.000000000000000000 ) ) ;
#4887 = SURFACE_STYLE_FILL_AREA ( #4091 ) ;
#4888 = EDGE_CURVE ( 'NONE', #773, #4866, #980, .T. ) ;
#4889 = ORIENTED_EDGE ( 'NONE', *, *, #8195, .T. ) ;
#4890 = AXIS2_PLACEMENT_3D ( 'NONE', #9319, #3201, #6272 ) ;
#4891 = CARTESIAN_POINT ( 'NONE',  ( -0.2425014964345403590, -0.3373260641384283609, 0.1729999999999999039 ) ) ;
#4892 = CARTESIAN_POINT ( 'NONE',  ( 0.2605587312717443371, 0.3524999999999999800, 0.1680000000000000382 ) ) ;
#4893 = STYLED_ITEM ( 'NONE', ( #7915 ), #652 ) ;
#4894 = VECTOR ( 'NONE', #6307, 100.0000000000000000 ) ;
#4895 = DIRECTION ( 'NONE',  ( -1.000000000000000000, -7.311082709387417497E-18, 2.552652363152067741E-32 ) ) ;
#4896 = DIRECTION ( 'NONE',  ( 0.000000000000000000, 0.000000000000000000, -1.000000000000000000 ) ) ;
#4897 = CARTESIAN_POINT ( 'NONE',  ( -0.2793071785686857544, 0.3429467888754760829, 0.1729999999999999871 ) ) ;
#4898 = ADVANCED_FACE ( 'NONE', ( #2180 ), #5811, .F. ) ;
#4899 = ORIENTED_EDGE ( 'NONE', *, *, #5281, .T. ) ;
#4900 = CIRCLE ( 'NONE', #8208, 0.04700000000000001399 ) ;
#4901 = LINE ( 'NONE', #7117, #4236 ) ;
#4902 = EDGE_CURVE ( 'NONE', #5938, #5162, #5166, .T. ) ;
#4903 = CARTESIAN_POINT ( 'NONE',  ( 0.3499999999999999778, -0.2250000000000000611, 0.004000000000000010492 ) ) ;
#4904 = ORIENTED_EDGE ( 'NONE', *, *, #3076, .T. ) ;
#4905 = ORIENTED_EDGE ( 'NONE', *, *, #5178, .F. ) ;
#4906 = CARTESIAN_POINT ( 'NONE',  ( 0.3288046532517441278, -0.2651650429449559643, 0.1879999999999999727 ) ) ;
#4907 = CARTESIAN_POINT ( 'NONE',  ( -0.08000000000000000167, 0.3725000000000005529, 0.03999999999999979960 ) ) ;
#4908 = CARTESIAN_POINT ( 'NONE',  ( 0.3499999999999999778, -0.03499999999999996864, 0.01500000000000001679 ) ) ;
#4909 = LINE ( 'NONE', #6304, #5580 ) ;
#4910 = EDGE_CURVE ( 'NONE', #6250, #2336, #9676, .T. ) ;
#4911 = ORIENTED_EDGE ( 'NONE', *, *, #1794, .F. ) ;
#4912 = DIRECTION ( 'NONE',  ( -2.065146995210489625E-16, 3.491483361109382461E-15, 1.000000000000000000 ) ) ;
#4913 = VERTEX_POINT ( 'NONE', #8123 ) ;
#4914 = SURFACE_STYLE_FILL_AREA ( #7329 ) ;
#4915 = VECTOR ( 'NONE', #6827, 100.0000000000000142 ) ;
#4916 = ORIENTED_EDGE ( 'NONE', *, *, #2802, .F. ) ;
#4917 = PRESENTATION_STYLE_ASSIGNMENT (( #1875 ) ) ;
#4918 = CARTESIAN_POINT ( 'NONE',  ( -0.3500000000000000333, 0.000000000000000000, 0.1729999999999999871 ) ) ;
#4919 = DIRECTION ( 'NONE',  ( 7.311082709387417497E-18, 1.000000000000000000, -3.491483361109382066E-15 ) ) ;
#4920 = ORIENTED_EDGE ( 'NONE', *, *, #7490, .F. ) ;
#4921 = TOROIDAL_SURFACE ( 'NONE', #1257, 0.03700000000000000511, 0.01000000000000003143 ) ;
#4922 = CARTESIAN_POINT ( 'NONE',  ( 4.336808689942017736E-17, -0.07141778489984133838, 0.5000000000000002220 ) ) ;
#4923 = ADVANCED_FACE ( 'NONE', ( #4365 ), #7378, .F. ) ;
#4924 = STYLED_ITEM ( 'NONE', ( #7634 ), #562 ) ;
#4925 = CARTESIAN_POINT ( 'NONE',  ( -0.06999999999999999278, 0.1900000000000000022, 0.007000000000000001013 ) ) ;
#4926 = CIRCLE ( 'NONE', #9650, 0.02000000000000001082 ) ;
#4927 = FILL_AREA_STYLE ('',( #1627 ) ) ;
#4928 = SURFACE_STYLE_USAGE ( .BOTH. , #1141 ) ;
#4929 = DIRECTION ( 'NONE',  ( -1.000000000000000000, -0.000000000000000000, 0.000000000000000000 ) ) ;
#4930 = CARTESIAN_POINT ( 'NONE',  ( 0.1254999999999999727, -0.3725000000000004419, 0.06999999999999979849 ) ) ;
#4931 = CARTESIAN_POINT ( 'NONE',  ( 0.03535533905932723014, 0.1060660171779821415, 0.3150000000000001132 ) ) ;
#4932 = VECTOR ( 'NONE', #6134, 100.0000000000000000 ) ;
#4933 = ORIENTED_EDGE ( 'NONE', *, *, #6494, .F. ) ;
#4934 = CARTESIAN_POINT ( 'NONE',  ( -0.1310000000000000331, -0.4381999999999999784, 0.1879999999999999727 ) ) ;
#4935 = EDGE_CURVE ( 'NONE', #6040, #4882, #5420, .T. ) ;
#4936 =( GEOMETRIC_REPRESENTATION_CONTEXT ( 3 ) GLOBAL_UNCERTAINTY_ASSIGNED_CONTEXT ( ( #424 ) ) GLOBAL_UNIT_ASSIGNED_CONTEXT ( ( #9663, #7489, #2095 ) ) REPRESENTATION_CONTEXT ( 'NONE', 'WORKASPACE' ) );
#4937 = PRODUCT ( 'SKRHAD', 'SKRHAD', '', ( #7596 ) ) ;
#4938 = EDGE_CURVE ( 'NONE', #3953, #5715, #5309, .T. ) ;
#4939 =( NAMED_UNIT ( * ) PLANE_ANGLE_UNIT ( ) SI_UNIT ( $, .RADIAN. ) );
#4941 = CARTESIAN_POINT ( 'NONE',  ( -0.1255000000000000560, 0.3725000000000003308, 0.09950000000000019940 ) ) ;
#4940 =( GEOMETRIC_REPRESENTATION_CONTEXT ( 3 ) GLOBAL_UNCERTAINTY_ASSIGNED_CONTEXT ( ( #6524 ) ) GLOBAL_UNIT_ASSIGNED_CONTEXT ( ( #5844, #6650, #6698 ) ) REPRESENTATION_CONTEXT ( 'NONE', 'WORKASPACE' ) );
#4942 = SURFACE_SIDE_STYLE ('',( #9285 ) ) ;
#4943 = AXIS2_PLACEMENT_3D ( 'NONE', #2543, #7875, #1879 ) ;
#4944 = ORIENTED_EDGE ( 'NONE', *, *, #4415, .T. ) ;
#4945 = DIRECTION ( 'NONE',  ( 3.895646459343556450E-14, -1.613629597670880196E-14, 1.000000000000000000 ) ) ;
#4946 =( NAMED_UNIT ( * ) PLANE_ANGLE_UNIT ( ) SI_UNIT ( $, .RADIAN. ) );
#4947 = COLOUR_RGB ( '',0.6470588235294117974, 0.6196078431372549211, 0.5882352941176470784 ) ;
#4948 = LINE ( 'NONE', #4054, #9301 ) ;
#4949 = VERTEX_POINT ( 'NONE', #8264 ) ;
#4950 = EDGE_CURVE ( 'NONE', #1389, #1316, #7791, .T. ) ;
#4951 = ORIENTED_EDGE ( 'NONE', *, *, #5642, .T. ) ;
#4952 = CARTESIAN_POINT ( 'NONE',  ( 0.3298350308547478016, -0.1074999999999999151, -0.1051199933897666722 ) ) ;
#4953 = SURFACE_STYLE_USAGE ( .BOTH. , #1066 ) ;
#4954 = LINE ( 'NONE', #4860, #177 ) ;
#4955 = CIRCLE ( 'NONE', #1457, 0.1816956969207695061 ) ;
#4956 = EDGE_CURVE ( 'NONE', #3877, #6161, #512, .T. ) ;
#4957 = DIRECTION ( 'NONE',  ( 0.000000000000000000, 0.000000000000000000, -1.000000000000000000 ) ) ;
#4958 = VERTEX_POINT ( 'NONE', #3036 ) ;
#4959 = LINE ( 'NONE', #3380, #5027 ) ;
#4960 = ORIENTED_EDGE ( 'NONE', *, *, #845, .T. ) ;
#4961 =( LENGTH_UNIT ( ) NAMED_UNIT ( * ) SI_UNIT ( .CENTI., .METRE. ) );
#4962 = VERTEX_POINT ( 'NONE', #138 ) ;
#4963 = EDGE_CURVE ( 'NONE', #6703, #1272, #1579, .T. ) ;
#4964 = ORIENTED_EDGE ( 'NONE', *, *, #8869, .T. ) ;
#4965 = CARTESIAN_POINT ( 'NONE',  ( 0.07000000000000000666, -0.3049999999999999378, 0.003999999999999988808 ) ) ;
#4966 = PRESENTATION_LAYER_ASSIGNMENT (  '', '', ( #8432 ) ) ;
#4967 = SURFACE_SIDE_STYLE ('',( #2777 ) ) ;
#4968 = DIRECTION ( 'NONE',  ( -2.891205793294679017E-15, 0.000000000000000000, 1.000000000000000000 ) ) ;
#4969 = EDGE_CURVE ( 'NONE', #2126, #850, #1471, .T. ) ;
#4970 = DIRECTION ( 'NONE',  ( 1.540743955509784759E-29, 0.000000000000000000, 1.000000000000000000 ) ) ;
#4971 = FILL_AREA_STYLE ('',( #5713 ) ) ;
#4972 = EDGE_LOOP ( 'NONE', ( #5288, #5707, #2951, #5319 ) ) ;
#4973 = CARTESIAN_POINT ( 'NONE',  ( 0.3741382288134425527, -0.1074999999999999289, 0.08854822291287121894 ) ) ;
#4974 = CARTESIAN_POINT ( 'NONE',  ( -0.2500000000000000555, -0.2250000000000000611, 0.004000000000000010492 ) ) ;
#4975 = LINE ( 'NONE', #1371, #2825 ) ;
#4976 = CARTESIAN_POINT ( 'NONE',  ( 0.3509848078736499399, -0.1074999999999999567, 0.01482635180106143223 ) ) ;
#4977 = ADVANCED_FACE ( 'NONE', ( #186 ), #5466, .F. ) ;
#4978 = SURFACE_STYLE_USAGE ( .BOTH. , #6522 ) ;
#4979 = FACE_OUTER_BOUND ( 'NONE', #4269, .T. ) ;
#4980 = ORIENTED_EDGE ( 'NONE', *, *, #8222, .T. ) ;
#4981 = VECTOR ( 'NONE', #8971, 100.0000000000000000 ) ;
#4982 = SURFACE_STYLE_FILL_AREA ( #6970 ) ;
#4983 = EDGE_LOOP ( 'NONE', ( #4082, #3032, #2242, #2996, #7289, #8015, #7604, #6559 ) ) ;
#4984 = DIRECTION ( 'NONE',  ( 2.208151064125263996E-16, 0.000000000000000000, 1.000000000000000000 ) ) ;
#4985 = DIRECTION ( 'NONE',  ( -1.000000000000000000, -7.311082709387417497E-18, 2.552652363152067741E-32 ) ) ;
#4986 = ADVANCED_FACE ( 'NONE', ( #9792 ), #7928, .T. ) ;
#4987 = DIRECTION ( 'NONE',  ( 0.000000000000000000, -0.000000000000000000, -1.000000000000000000 ) ) ;
#4988 = CARTESIAN_POINT ( 'NONE',  ( 0.1254999999999999727, -0.3750000000000000000, 0.1010000000000000064 ) ) ;
#4989 = EDGE_CURVE ( 'NONE', #8288, #1261, #8724, .T. ) ;
#4990 = AXIS2_PLACEMENT_3D ( 'NONE', #8727, #5126, #8135 ) ;
#4991 = ORIENTED_EDGE ( 'NONE', *, *, #9174, .T. ) ;
#4992 = AXIS2_PLACEMENT_3D ( 'NONE', #6228, #4641, #804 ) ;
#4993 = DIRECTION ( 'NONE',  ( -0.7071067811865486830, 0.7071067811865464625, 0.000000000000000000 ) ) ;
#4994 = UNCERTAINTY_MEASURE_WITH_UNIT (LENGTH_MEASURE( 1.000000000000000082E-05 ), #2793, 'distance_accuracy_value', 'NONE');
#4995 = AXIS2_PLACEMENT_3D ( 'NONE', #20, #3169, #911 ) ;
#4996 = EDGE_LOOP ( 'NONE', ( #8467, #8134, #3710, #9655 ) ) ;
#4997 = ORIENTED_EDGE ( 'NONE', *, *, #4803, .T. ) ;
#4998 = LINE ( 'NONE', #8701, #5798 ) ;
#4999 = DIRECTION ( 'NONE',  ( -0.7071067811865547892, -0.7071067811865403563, 0.000000000000000000 ) ) ;
#5000 = DIRECTION ( 'NONE',  ( -1.000000000000000000, 1.548860246407863829E-16, 0.000000000000000000 ) ) ;
#5001 = CIRCLE ( 'NONE', #1982, 0.001000000244997557852 ) ;
#5002 = FILL_AREA_STYLE ('',( #4259 ) ) ;
#5003 = STYLED_ITEM ( 'NONE', ( #3242 ), #4066 ) ;
#5004 = ORIENTED_EDGE ( 'NONE', *, *, #7026, .T. ) ;
#5005 = VECTOR ( 'NONE', #3034, 100.0000000000000142 ) ;
#5006 = EDGE_CURVE ( 'NONE', #9391, #7077, #236, .T. ) ;
#5007 = ORIENTED_EDGE ( 'NONE', *, *, #6788, .T. ) ;
#5008 = LINE ( 'NONE', #3332, #5982 ) ;
#5009 = COLOUR_RGB ( '',0.6470588235294117974, 0.6196078431372549211, 0.5882352941176470784 ) ;
#5010 = ORIENTED_EDGE ( 'NONE', *, *, #8274, .T. ) ;
#5011 = CARTESIAN_POINT ( 'NONE',  ( 5.817072295949926409E-18, -0.2374999999999999889, 0.006999999999999985401 ) ) ;
#5012 = EDGE_LOOP ( 'NONE', ( #7502, #4590, #7167, #8305, #3631 ) ) ;
#5013 = ORIENTED_EDGE ( 'NONE', *, *, #1131, .T. ) ;
#5014 = AXIS2_PLACEMENT_3D ( 'NONE', #2200, #1399, #8384 ) ;
#5015 = LINE ( 'NONE', #7332, #942 ) ;
#5016 = STYLED_ITEM ( 'NONE', ( #7131 ), #7789 ) ;
#5017 = FILL_AREA_STYLE_COLOUR ( '', #9517 ) ;
#5018 = DIRECTION ( 'NONE',  ( 1.720409151025122665E-16, -6.925359060216257350E-17, -1.000000000000000000 ) ) ;
#5019 = DIRECTION ( 'NONE',  ( 0.000000000000000000, 1.000000000000000000, 0.000000000000000000 ) ) ;
#5020 = AXIS2_PLACEMENT_3D ( 'NONE', #3407, #2656, #7063 ) ;
#5021 = CARTESIAN_POINT ( 'NONE',  ( -0.3608328854037720079, -0.03499999999999997558, 0.01308987002439213412 ) ) ;
#5022 =( GEOMETRIC_REPRESENTATION_CONTEXT ( 3 ) GLOBAL_UNCERTAINTY_ASSIGNED_CONTEXT ( ( #8131 ) ) GLOBAL_UNIT_ASSIGNED_CONTEXT ( ( #1280, #8858, #2086 ) ) REPRESENTATION_CONTEXT ( 'NONE', 'WORKASPACE' ) );
#5023 = FACE_OUTER_BOUND ( 'NONE', #9232, .T. ) ;
#5024 = EDGE_CURVE ( 'NONE', #2638, #9435, #9439, .T. ) ;
#5025 = ORIENTED_EDGE ( 'NONE', *, *, #6012, .F. ) ;
#5026 = PLANE ( 'NONE',  #5398 ) ;
#5027 = VECTOR ( 'NONE', #380, 100.0000000000000000 ) ;
#5028 = CARTESIAN_POINT ( 'NONE',  ( 0.3500000000000000333, 0.2356854249492383591, 0.004000000000000010492 ) ) ;
#5029 = CIRCLE ( 'NONE', #735, 0.03817384683510577359 ) ;
#5030 = CARTESIAN_POINT ( 'NONE',  ( 0.2149999999999999134, 0.3575000001233739622, 0.1679999999999999549 ) ) ;
#5031 = EDGE_CURVE ( 'NONE', #6017, #7439, #4954, .T. ) ;
#5032 = PRESENTATION_LAYER_ASSIGNMENT (  '', '', ( #3131 ) ) ;
#5033 = CARTESIAN_POINT ( 'NONE',  ( 0.09758073580374350409, -0.02616295090390211020, 0.5000000000000002220 ) ) ;
#5034 = VERTEX_POINT ( 'NONE', #375 ) ;
#5035 = UNCERTAINTY_MEASURE_WITH_UNIT (LENGTH_MEASURE( 1.000000000000000082E-05 ), #7906, 'distance_accuracy_value', 'NONE');
#5036 = CARTESIAN_POINT ( 'NONE',  ( -0.2793071785686857544, 0.3429467888754760829, 0.1879999999999999727 ) ) ;
#5037 = VECTOR ( 'NONE', #3018, 100.0000000000000000 ) ;
#5038 = DIRECTION ( 'NONE',  ( 7.311082709387417497E-18, 1.000000000000000000, -3.491483361109382066E-15 ) ) ;
#5039 = DIRECTION ( 'NONE',  ( 2.891205793294679017E-15, -0.000000000000000000, 1.000000000000000000 ) ) ;
#5040 = EDGE_CURVE ( 'NONE', #9800, #5243, #2883, .T. ) ;
#5041 = SURFACE_STYLE_FILL_AREA ( #6682 ) ;
#5042 = STYLED_ITEM ( 'NONE', ( #1945 ), #8651 ) ;
#5043 = CARTESIAN_POINT ( 'NONE',  ( -0.1084177848998414129, -1.355252715606880543E-16, 0.5000000000000002220 ) ) ;
#5044 = DIRECTION ( 'NONE',  ( -0.000000000000000000, -0.000000000000000000, 1.000000000000000000 ) ) ;
#5045 = DIRECTION ( 'NONE',  ( -1.000000000000000000, 0.000000000000000000, -0.000000000000000000 ) ) ;
#5046 = CARTESIAN_POINT ( 'NONE',  ( -0.3608328854037720079, 0.1775000000000000189, 0.01308987002439216188 ) ) ;
#5047 = MECHANICAL_DESIGN_GEOMETRIC_PRESENTATION_REPRESENTATION (  '', ( #446 ), #1706 ) ;
#5048 = VERTEX_POINT ( 'NONE', #1068 ) ;
#5049 = FILL_AREA_STYLE_COLOUR ( '', #2053 ) ;
#5050 = CARTESIAN_POINT ( 'NONE',  ( -0.3373260641420958716, 0.2425014964308732646, 0.1730000000000000149 ) ) ;
#5051 = ORIENTED_EDGE ( 'NONE', *, *, #3621, .T. ) ;
#5052 = VECTOR ( 'NONE', #3414, 100.0000000000000000 ) ;
#5053 = AXIS2_PLACEMENT_3D ( 'NONE', #8483, #3250, #255 ) ;
#5054 = ORIENTED_EDGE ( 'NONE', *, *, #6550, .F. ) ;
#5055 = FACE_OUTER_BOUND ( 'NONE', #9014, .T. ) ;
#5056 = DIRECTION ( 'NONE',  ( -1.000000000000000000, 3.194683927456174497E-20, 0.000000000000000000 ) ) ;
#5057 = DIRECTION ( 'NONE',  ( 1.788374717501863286E-16, 1.000000000000000000, -5.170559343823121797E-31 ) ) ;
#5058 = MECHANICAL_DESIGN_GEOMETRIC_PRESENTATION_REPRESENTATION (  '', ( #9309 ), #9141 ) ;
#5059 = ORIENTED_EDGE ( 'NONE', *, *, #1742, .T. ) ;
#5060 = SURFACE_STYLE_USAGE ( .BOTH. , #4262 ) ;
#5061 = ORIENTED_EDGE ( 'NONE', *, *, #8168, .T. ) ;
#5062 = CARTESIAN_POINT ( 'NONE',  ( -0.3429467888754750282, 0.2793071785686869757, 0.1729999999999999871 ) ) ;
#5063 = ORIENTED_EDGE ( 'NONE', *, *, #7490, .T. ) ;
#5064 = DIRECTION ( 'NONE',  ( -0.9848077530122085754, 0.000000000000000000, -0.1736481776669273613 ) ) ;
#5065 = VERTEX_POINT ( 'NONE', #3473 ) ;
#5066 = ORIENTED_EDGE ( 'NONE', *, *, #3766, .T. ) ;
#5067 = EDGE_CURVE ( 'NONE', #4645, #8980, #7032, .T. ) ;
#5068 = CARTESIAN_POINT ( 'NONE',  ( 0.1849999999999999423, -0.3575000000000004285, 0.06999999999999979849 ) ) ;
#5069 = DIRECTION ( 'NONE',  ( -1.000000000000000000, 0.000000000000000000, -2.891205793294677833E-16 ) ) ;
#5070 = DIRECTION ( 'NONE',  ( 0.7071067811865487940, -0.7071067811865462405, 0.000000000000000000 ) ) ;
#5071 = DIRECTION ( 'NONE',  ( 0.000000000000000000, -0.000000000000000000, 1.000000000000000000 ) ) ;
#5072 = CARTESIAN_POINT ( 'NONE',  ( 0.2793071785686857544, -0.2425000000000000488, 0.1729999999999999871 ) ) ;
#5073 = PRESENTATION_LAYER_ASSIGNMENT (  '', '', ( #7423 ) ) ;
#5074 = EDGE_LOOP ( 'NONE', ( #2186, #358, #7234, #2345 ) ) ;
#5075 = SURFACE_STYLE_FILL_AREA ( #394 ) ;
#5076 = DIRECTION ( 'NONE',  ( -0.7071067811865462405, -0.7071067811865487940, 7.683492615482359515E-17 ) ) ;
#5077 = CARTESIAN_POINT ( 'NONE',  ( 0.2793071785686857544, 0.3399999999999999689, 0.1729999999999999871 ) ) ;
#5078 = DIRECTION ( 'NONE',  ( 0.000000000000000000, -1.000000000000000000, -0.000000000000000000 ) ) ;
#5079 = EDGE_CURVE ( 'NONE', #3676, #6503, #2080, .T. ) ;
#5080 = DIRECTION ( 'NONE',  ( 0.000000000000000000, 0.000000000000000000, -1.000000000000000000 ) ) ;
#5081 = ORIENTED_EDGE ( 'NONE', *, *, #1642, .F. ) ;
#5082 = PRESENTATION_STYLE_ASSIGNMENT (( #1892 ) ) ;
#5083 = MECHANICAL_DESIGN_GEOMETRIC_PRESENTATION_REPRESENTATION (  '', ( #6031 ), #5236 ) ;
#5084 =( NAMED_UNIT ( * ) SI_UNIT ( $, .STERADIAN. ) SOLID_ANGLE_UNIT ( ) );
#5085 = EDGE_CURVE ( 'NONE', #1123, #9012, #7457, .T. ) ;
#5086 = CARTESIAN_POINT ( 'NONE',  ( 2.723378309246817343E-18, -0.3725000000000006084, -2.168404344971008868E-16 ) ) ;
#5087 = CARTESIAN_POINT ( 'NONE',  ( 0.3514696961967002653, 0.2425000000000000488, 0.1879999999999999727 ) ) ;
#5088 = DIRECTION ( 'NONE',  ( -1.000000000000000000, -0.000000000000000000, 0.000000000000000000 ) ) ;
#5089 = LINE ( 'NONE', #5188, #7991 ) ;
#5090 = PRESENTATION_LAYER_ASSIGNMENT (  '', '', ( #9329 ) ) ;
#5091 = ADVANCED_FACE ( 'NONE', ( #970 ), #3279, .F. ) ;
#5092 = CARTESIAN_POINT ( 'NONE',  ( 0.06999999999999995115, 0.3049999999999998823, 0.004000000000000002685 ) ) ;
#5093 = COLOUR_RGB ( '',0.6470588235294117974, 0.6196078431372549211, 0.5882352941176470784 ) ;
#5094 = ADVANCED_FACE ( 'NONE', ( #2819 ), #8798, .T. ) ;
#5095 = VERTEX_POINT ( 'NONE', #9632 ) ;
#5096 = SURFACE_STYLE_FILL_AREA ( #8102 ) ;
#5097 = CARTESIAN_POINT ( 'NONE',  ( -0.3642901512833205402, 0.03499999999999995476, 0.09028470468954052919 ) ) ;
#5098 = VERTEX_POINT ( 'NONE', #2164 ) ;
#5099 = AXIS2_PLACEMENT_3D ( 'NONE', #1360, #8748, #2067 ) ;
#5100 = ADVANCED_FACE ( 'NONE', ( #2014 ), #7319, .F. ) ;
#5101 = ORIENTED_EDGE ( 'NONE', *, *, #8475, .F. ) ;
#5102 = CARTESIAN_POINT ( 'NONE',  ( 0.1849999999999999145, -0.3725000000000004974, 0.03999999999999979960 ) ) ;
#5103 = CARTESIAN_POINT ( 'NONE',  ( 0.000000000000000000, -0.2600000000000000644, 0.000000000000000000 ) ) ;
#5104 = DIRECTION ( 'NONE',  ( -0.000000000000000000, 0.000000000000000000, -1.000000000000000000 ) ) ;
#5105 = CYLINDRICAL_SURFACE ( 'NONE', #4788, 0.01999999999999996572 ) ;
#5106 = ORIENTED_EDGE ( 'NONE', *, *, #7008, .F. ) ;
#5107 = AXIS2_PLACEMENT_3D ( 'NONE', #8010, #527, #1220 ) ;
#5108 = VERTEX_POINT ( 'NONE', #3562 ) ;
#5109 = CARTESIAN_POINT ( 'NONE',  ( 0.2793071785686857544, 0.2425000000000000488, 0.1729999999999999871 ) ) ;
#5110 = ORIENTED_EDGE ( 'NONE', *, *, #7126, .F. ) ;
#5111 = DIRECTION ( 'NONE',  ( -0.000000000000000000, -1.000000000000000000, 0.000000000000000000 ) ) ;
#5112 = ORIENTED_EDGE ( 'NONE', *, *, #4044, .F. ) ;
#5113 = ORIENTED_EDGE ( 'NONE', *, *, #150, .F. ) ;
#5114 = AXIS2_PLACEMENT_3D ( 'NONE', #9160, #4777, #8327 ) ;
#5115 = DIRECTION ( 'NONE',  ( 0.7071067811865487940, -0.7071067811865462405, 0.000000000000000000 ) ) ;
#5116 = LINE ( 'NONE', #9001, #7320 ) ;
#5117 = CARTESIAN_POINT ( 'NONE',  ( -1.501927950393635632E-16, 0.07141778489984133838, 0.5000000000000001110 ) ) ;
#5118 = VECTOR ( 'NONE', #2401, 100.0000000000000000 ) ;
#5119 = SURFACE_STYLE_USAGE ( .BOTH. , #8854 ) ;
#5120 = ORIENTED_EDGE ( 'NONE', *, *, #9785, .T. ) ;
#5121 = CARTESIAN_POINT ( 'NONE',  ( -0.1309999999999999776, -0.3399999999999999134, 0.1879999999999999727 ) ) ;
#5122 = EDGE_CURVE ( 'NONE', #7527, #9391, #8841, .T. ) ;
#5123 = DIRECTION ( 'NONE',  ( -0.000000000000000000, -0.000000000000000000, -1.000000000000000000 ) ) ;
#5124 = ORIENTED_EDGE ( 'NONE', *, *, #8364, .T. ) ;
#5125 = AXIS2_PLACEMENT_3D ( 'NONE', #4988, #8000, #9520 ) ;
#5126 = DIRECTION ( 'NONE',  ( 0.000000000000000000, 1.000000000000000000, 0.000000000000000000 ) ) ;
#5127 = DIRECTION ( 'NONE',  ( 0.000000000000000000, -1.000000000000000000, -0.000000000000000000 ) ) ;
#5128 = ORIENTED_EDGE ( 'NONE', *, *, #1408, .F. ) ;
#5129 = DIRECTION ( 'NONE',  ( 0.7071067811865461294, 0.7071067811865489050, -0.000000000000000000 ) ) ;
#5130 = DIRECTION ( 'NONE',  ( -0.000000000000000000, 1.000000000000000000, -0.000000000000000000 ) ) ;
#5131 = CARTESIAN_POINT ( 'NONE',  ( -0.08000000000000000167, 0.3725000000000006084, -2.168404344971008868E-16 ) ) ;
#5132 = VECTOR ( 'NONE', #2586, 100.0000000000000000 ) ;
#5133 = SURFACE_STYLE_FILL_AREA ( #510 ) ;
#5134 = EDGE_CURVE ( 'NONE', #2518, #2830, #9485, .T. ) ;
#5135 = SURFACE_SIDE_STYLE ('',( #2100 ) ) ;
#5136 = CARTESIAN_POINT ( 'NONE',  ( -1.495192581132810249E-16, 0.07141778489984133838, 0.4900000000000001577 ) ) ;
#5137 = EDGE_CURVE ( 'NONE', #8865, #6658, #6499, .T. ) ;
#5138 = VECTOR ( 'NONE', #6776, 100.0000000000000000 ) ;
#5139 = FACE_OUTER_BOUND ( 'NONE', #9452, .T. ) ;
#5140 = CARTESIAN_POINT ( 'NONE',  ( -0.03323401871576785183, -0.1046518036156089126, 0.4900000000000001577 ) ) ;
#5141 = VERTEX_POINT ( 'NONE', #1960 ) ;
#5142 = CARTESIAN_POINT ( 'NONE',  ( 0.3500000000000000333, -0.1775000000000000189, 0.1729999999999999871 ) ) ;
#5143 = ADVANCED_FACE ( 'NONE', ( #2117 ), #8160, .T. ) ;
#5144 = CARTESIAN_POINT ( 'NONE',  ( -0.3397541973612298039, 0.2379596413380471731, 0.1729999948783369768 ) ) ;
#5145 = ORIENTED_EDGE ( 'NONE', *, *, #8193, .T. ) ;
#5146 = EDGE_CURVE ( 'NONE', #6724, #7037, #4258, .T. ) ;
#5147 = EDGE_LOOP ( 'NONE', ( #5793, #8199, #2765, #8229 ) ) ;
#5148 =( NAMED_UNIT ( * ) PLANE_ANGLE_UNIT ( ) SI_UNIT ( $, .RADIAN. ) );
#5149 = CARTESIAN_POINT ( 'NONE',  ( 0.1046518036156088710, 0.03323401871576805305, 0.3150000000000001132 ) ) ;
#5150 = CARTESIAN_POINT ( 'NONE',  ( -0.3499999999999999778, 0.07129477650116627929, 0.01500000000000001679 ) ) ;
#5151 = CIRCLE ( 'NONE', #4192, 0.1500000000000000222 ) ;
#5152 = ORIENTED_EDGE ( 'NONE', *, *, #5870, .F. ) ;
#5153 = SURFACE_STYLE_USAGE ( .BOTH. , #8114 ) ;
#5154 = EDGE_CURVE ( 'NONE', #3558, #8315, #1311, .T. ) ;
#5155 = ORIENTED_EDGE ( 'NONE', *, *, #8736, .F. ) ;
#5156 = VECTOR ( 'NONE', #8159, 100.0000000000000000 ) ;
#5157 = VECTOR ( 'NONE', #6118, 100.0000000000000142 ) ;
#5158 = LINE ( 'NONE', #5109, #8647 ) ;
#5159 = EDGE_LOOP ( 'NONE', ( #2356, #4770, #5457, #1928 ) ) ;
#5160 = FILL_AREA_STYLE_COLOUR ( '', #5262 ) ;
#5161 = LINE ( 'NONE', #398, #7094 ) ;
#5162 = VERTEX_POINT ( 'NONE', #4405 ) ;
#5163 = ORIENTED_EDGE ( 'NONE', *, *, #996, .T. ) ;
#5164 = MECHANICAL_DESIGN_GEOMETRIC_PRESENTATION_REPRESENTATION (  '', ( #2619 ), #7208 ) ;
#5165 = FACE_OUTER_BOUND ( 'NONE', #7280, .T. ) ;
#5166 = LINE ( 'NONE', #2079, #4160 ) ;
#5167 = AXIS2_PLACEMENT_3D ( 'NONE', #1828, #6314, #3296 ) ;
#5168 = DIRECTION ( 'NONE',  ( -7.311082709387417497E-18, 1.000000000000000000, -0.000000000000000000 ) ) ;
#5169 = FACE_OUTER_BOUND ( 'NONE', #6963, .T. ) ;
#5170 = VERTEX_POINT ( 'NONE', #2761 ) ;
#5171 = LINE ( 'NONE', #2889, #3755 ) ;
#5172 = ORIENTED_EDGE ( 'NONE', *, *, #6063, .T. ) ;
#5173 = SURFACE_SIDE_STYLE ('',( #8228 ) ) ;
#5174 = UNCERTAINTY_MEASURE_WITH_UNIT (LENGTH_MEASURE( 1.000000000000000082E-05 ), #5488, 'distance_accuracy_value', 'NONE');
#5175 = LINE ( 'NONE', #3539, #3422 ) ;
#5176 = VERTEX_POINT ( 'NONE', #5796 ) ;
#5177 = PRESENTATION_LAYER_ASSIGNMENT (  '', '', ( #4853 ) ) ;
#5178 = EDGE_CURVE ( 'NONE', #5715, #8273, #9583, .T. ) ;
#5179 = PRESENTATION_LAYER_ASSIGNMENT (  '', '', ( #5507 ) ) ;
#5180 = SURFACE_SIDE_STYLE ('',( #8086 ) ) ;
#5181 = ORIENTED_EDGE ( 'NONE', *, *, #1549, .F. ) ;
#5182 = DIRECTION ( 'NONE',  ( 0.000000000000000000, 1.000000000000000000, 0.000000000000000000 ) ) ;
#5183 = CARTESIAN_POINT ( 'NONE',  ( -0.3574999999999999845, 0.2425000000000000488, 0.1680000000000000382 ) ) ;
#5184 = VECTOR ( 'NONE', #5329, 100.0000000000000000 ) ;
#5185 = TOROIDAL_SURFACE ( 'NONE', #5020, 0.01000000000000102716, 0.01000000000000000888 ) ;
#5186 = UNCERTAINTY_MEASURE_WITH_UNIT (LENGTH_MEASURE( 1.000000000000000082E-05 ), #8754, 'distance_accuracy_value', 'NONE');
#5187 = DIRECTION ( 'NONE',  ( -1.000000000000000000, -0.000000000000000000, 0.000000000000000000 ) ) ;
#5188 = CARTESIAN_POINT ( 'NONE',  ( 0.1849999999999999423, -0.3725000000000007194, -2.168404344971008868E-16 ) ) ;
#5189 = AXIS2_PLACEMENT_3D ( 'NONE', #1465, #8805, #7511 ) ;
#5190 = AXIS2_PLACEMENT_3D ( 'NONE', #9036, #2263, #8298 ) ;
#5191 = PRESENTATION_STYLE_ASSIGNMENT (( #2908 ) ) ;
#5192 = DIRECTION ( 'NONE',  ( -0.9848077530122089085, 0.000000000000000000, -0.1736481776669254184 ) ) ;
#5193 = DIRECTION ( 'NONE',  ( 0.000000000000000000, 0.000000000000000000, -1.000000000000000000 ) ) ;
#5194 = ADVANCED_FACE ( 'NONE', ( #4349 ), #579, .F. ) ;
#5195 = VERTEX_POINT ( 'NONE', #9682 ) ;
#5196 = VECTOR ( 'NONE', #7312, 100.0000000000000000 ) ;
#5197 = DIRECTION ( 'NONE',  ( 1.000000000000000000, 0.000000000000000000, 0.000000000000000000 ) ) ;
#5198 = CARTESIAN_POINT ( 'NONE',  ( 0.3642901512833205402, -0.1074999999999999289, 0.09028470468954050143 ) ) ;
#5199 = ORIENTED_EDGE ( 'NONE', *, *, #2455, .F. ) ;
#5200 = CARTESIAN_POINT ( 'NONE',  ( -0.3525000000000000355, 0.2425000000000000488, 0.1680000000000000382 ) ) ;
#5201 = STYLED_ITEM ( 'NONE', ( #1496 ), #8744 ) ;
#5202 = CARTESIAN_POINT ( 'NONE',  ( 1.206132622479185328E-17, -8.274266934669021853E-18, 0.3000000000000001554 ) ) ;
#5203 = EDGE_CURVE ( 'NONE', #1913, #9266, #7306, .T. ) ;
#5204 = CARTESIAN_POINT ( 'NONE',  ( -0.3300000000000000155, 0.2356854249492383591, 0.1729999999999999871 ) ) ;
#5205 = ORIENTED_EDGE ( 'NONE', *, *, #9205, .T. ) ;
#5206 = EDGE_CURVE ( 'NONE', #4477, #3974, #812, .T. ) ;
#5207 = DIRECTION ( 'NONE',  ( -0.7071067811865461294, -0.7071067811865489050, -0.000000000000000000 ) ) ;
#5208 = VERTEX_POINT ( 'NONE', #6881 ) ;
#5209 = CARTESIAN_POINT ( 'NONE',  ( 0.2793071785686857544, 0.3429467888754760829, 0.1729999999999999871 ) ) ;
#5210 = AXIS2_PLACEMENT_3D ( 'NONE', #946, #209, #1740 ) ;
#5211 = ORIENTED_EDGE ( 'NONE', *, *, #4767, .T. ) ;
#5212 = DIRECTION ( 'NONE',  ( 0.000000000000000000, 0.000000000000000000, 1.000000000000000000 ) ) ;
#5213 = DIRECTION ( 'NONE',  ( 0.000000000000000000, 0.000000000000000000, -1.000000000000000000 ) ) ;
#5214 = ORIENTED_EDGE ( 'NONE', *, *, #7599, .F. ) ;
#5215 = ORIENTED_EDGE ( 'NONE', *, *, #1002, .F. ) ;
#5216 = SURFACE_STYLE_USAGE ( .BOTH. , #2987 ) ;
#5217 = SURFACE_STYLE_FILL_AREA ( #9696 ) ;
#5218 = EDGE_CURVE ( 'NONE', #8878, #2126, #69, .T. ) ;
#5219 = AXIS2_PLACEMENT_3D ( 'NONE', #4670, #3042, #2331 ) ;
#5220 = CARTESIAN_POINT ( 'NONE',  ( 0.2149999999999999134, 0.3725000000000004419, 0.06999999999999979849 ) ) ;
#5221 = DIRECTION ( 'NONE',  ( 1.000000000000000000, 0.000000000000000000, 0.000000000000000000 ) ) ;
#5222 = EDGE_LOOP ( 'NONE', ( #3830, #6311, #9282, #9572, #9607 ) ) ;
#5223 = DIRECTION ( 'NONE',  ( 0.000000000000000000, 1.000000000000000000, 0.000000000000000000 ) ) ;
#5224 = EDGE_LOOP ( 'NONE', ( #1286, #7488, #9708, #7218 ) ) ;
#5225 =( GEOMETRIC_REPRESENTATION_CONTEXT ( 3 ) GLOBAL_UNCERTAINTY_ASSIGNED_CONTEXT ( ( #9035 ) ) GLOBAL_UNIT_ASSIGNED_CONTEXT ( ( #5691, #5648, #7213 ) ) REPRESENTATION_CONTEXT ( 'NONE', 'WORKASPACE' ) );
#5226 = CARTESIAN_POINT ( 'NONE',  ( -0.2363399651538031498, -0.3400000000000001354, 0.1729999999999999871 ) ) ;
#5227 = ORIENTED_EDGE ( 'NONE', *, *, #8684, .T. ) ;
#5228 = SURFACE_STYLE_USAGE ( .BOTH. , #5379 ) ;
#5229 = VERTEX_POINT ( 'NONE', #21 ) ;
#5230 = SURFACE_STYLE_FILL_AREA ( #8968 ) ;
#5231 = VECTOR ( 'NONE', #9268, 100.0000000000000000 ) ;
#5232 = CARTESIAN_POINT ( 'NONE',  ( -0.2793071785686857544, -0.3429467888754760829, 0.1879999999999999727 ) ) ;
#5233 = FILL_AREA_STYLE ('',( #2249 ) ) ;
#5234 = PRESENTATION_STYLE_ASSIGNMENT (( #8386 ) ) ;
#5235 = DIRECTION ( 'NONE',  ( -6.735369260825570315E-17, 1.760146872403420140E-16, 1.000000000000000000 ) ) ;
#5236 =( GEOMETRIC_REPRESENTATION_CONTEXT ( 3 ) GLOBAL_UNCERTAINTY_ASSIGNED_CONTEXT ( ( #4871 ) ) GLOBAL_UNIT_ASSIGNED_CONTEXT ( ( #2390, #1779, #149 ) ) REPRESENTATION_CONTEXT ( 'NONE', 'WORKASPACE' ) );
#5237 = DIRECTION ( 'NONE',  ( -0.1736481776669273336, 0.000000000000000000, 0.9848077530122085754 ) ) ;
#5238 = ORIENTED_EDGE ( 'NONE', *, *, #5031, .T. ) ;
#5239 = DIRECTION ( 'NONE',  ( 0.000000000000000000, 0.000000000000000000, -1.000000000000000000 ) ) ;
#5240 = VECTOR ( 'NONE', #5519, 100.0000000000000000 ) ;
#5241 = DIRECTION ( 'NONE',  ( 1.000000000000000000, 1.788374717501863040E-16, 0.000000000000000000 ) ) ;
#5242 = EDGE_CURVE ( 'NONE', #5835, #291, #6534, .T. ) ;
#5243 = VERTEX_POINT ( 'NONE', #4548 ) ;
#5244 = DIRECTION ( 'NONE',  ( -1.000000000000000000, -0.000000000000000000, 0.000000000000000000 ) ) ;
#5245 = DIRECTION ( 'NONE',  ( 0.7071067811865410224, -0.7071067811865540120, 5.234991178337805462E-15 ) ) ;
#5246 = DIRECTION ( 'NONE',  ( -0.9848077530122091305, 0.000000000000000000, -0.1736481776669242250 ) ) ;
#5247 = CARTESIAN_POINT ( 'NONE',  ( -0.2439696961966996702, -0.3500000000000000333, 0.1729999999999999871 ) ) ;
#5248 = ORIENTED_EDGE ( 'NONE', *, *, #1100, .T. ) ;
#5249 = DIRECTION ( 'NONE',  ( 1.000000000000000000, 0.000000000000000000, -0.000000000000000000 ) ) ;
#5250 = MECHANICAL_DESIGN_GEOMETRIC_PRESENTATION_REPRESENTATION (  '', ( #9495 ), #1910 ) ;
#5251 = FACE_OUTER_BOUND ( 'NONE', #7047, .T. ) ;
#5252 = EDGE_CURVE ( 'NONE', #7878, #4540, #3071, .T. ) ;
#5253 = PRESENTATION_STYLE_ASSIGNMENT (( #2930 ) ) ;
#5254 = AXIS2_PLACEMENT_3D ( 'NONE', #7252, #1093, #2554 ) ;
#5255 = VERTEX_POINT ( 'NONE', #1565 ) ;
#5256 = EDGE_LOOP ( 'NONE', ( #3616, #6280, #5025, #3982 ) ) ;
#5257 = EDGE_CURVE ( 'NONE', #2156, #4612, #6133, .T. ) ;
#5258 = LINE ( 'NONE', #779, #638 ) ;
#5259 = LINE ( 'NONE', #687, #8924 ) ;
#5260 = COLOUR_RGB ( '',0.6470588235294117974, 0.6196078431372549211, 0.5882352941176470784 ) ;
#5261 = PRESENTATION_STYLE_ASSIGNMENT (( #87 ) ) ;
#5262 = COLOUR_RGB ( '',0.6470588235294117974, 0.6196078431372549211, 0.5882352941176470784 ) ;
#5263 = ORIENTED_EDGE ( 'NONE', *, *, #4506, .T. ) ;
#5264 = CARTESIAN_POINT ( 'NONE',  ( 0.1310000000000000331, 0.4381999999999999784, 0.1879999999999999727 ) ) ;
#5265 = VERTEX_POINT ( 'NONE', #4495 ) ;
#5266 = VERTEX_POINT ( 'NONE', #2416 ) ;
#5267 = FACE_OUTER_BOUND ( 'NONE', #440, .T. ) ;
#5268 = EDGE_CURVE ( 'NONE', #6567, #2222, #9777, .T. ) ;
#5269 = ORIENTED_EDGE ( 'NONE', *, *, #9730, .F. ) ;
#5270 = AXIS2_PLACEMENT_3D ( 'NONE', #8136, #5274, #5080 ) ;
#5271 = VECTOR ( 'NONE', #6622, 100.0000000000000000 ) ;
#5272 = EDGE_CURVE ( 'NONE', #6015, #5195, #3123, .T. ) ;
#5273 = SURFACE_STYLE_FILL_AREA ( #5972 ) ;
#5274 = DIRECTION ( 'NONE',  ( -1.000000000000000000, -0.000000000000000000, -0.000000000000000000 ) ) ;
#5275 = ORIENTED_EDGE ( 'NONE', *, *, #3751, .T. ) ;
#5276 = DIRECTION ( 'NONE',  ( -1.000000000000000000, 0.000000000000000000, 0.000000000000000000 ) ) ;
#5277 = FACE_OUTER_BOUND ( 'NONE', #738, .T. ) ;
#5278 = DIRECTION ( 'NONE',  ( -1.000000000000000000, 0.000000000000000000, 0.000000000000000000 ) ) ;
#5279 = EDGE_LOOP ( 'NONE', ( #3115, #9701, #3245, #5397 ) ) ;
#5280 = CARTESIAN_POINT ( 'NONE',  ( 0.2498275605729688986, -0.3441421356237309714, 0.1630000000000000060 ) ) ;
#5281 = EDGE_CURVE ( 'NONE', #4343, #5255, #6082, .T. ) ;
#5282 = VECTOR ( 'NONE', #200, 100.0000000000000000 ) ;
#5283 = LINE ( 'NONE', #7496, #8975 ) ;
#5284 = CARTESIAN_POINT ( 'NONE',  ( 0.3288046532517440723, 0.2651650429449560198, 0.1879999999999999727 ) ) ;
#5285 = UNCERTAINTY_MEASURE_WITH_UNIT (LENGTH_MEASURE( 1.000000000000000082E-05 ), #9212, 'distance_accuracy_value', 'NONE');
#5286 = CARTESIAN_POINT ( 'NONE',  ( 0.3741382288134426082, 0.000000000000000000, 0.08854822291287132996 ) ) ;
#5287 = CIRCLE ( 'NONE', #9379, 0.04999999999999998196 ) ;
#5288 = ORIENTED_EDGE ( 'NONE', *, *, #3699, .T. ) ;
#5289 = CARTESIAN_POINT ( 'NONE',  ( -0.3642901512833207067, -0.1774999999999999911, 0.09028470468954050143 ) ) ;
#5290 = ADVANCED_FACE ( 'NONE', ( #2975 ), #7607, .T. ) ;
#5291 = LINE ( 'NONE', #4696, #2008 ) ;
#5292 =( GEOMETRIC_REPRESENTATION_CONTEXT ( 3 ) GLOBAL_UNCERTAINTY_ASSIGNED_CONTEXT ( ( #6882 ) ) GLOBAL_UNIT_ASSIGNED_CONTEXT ( ( #9075, #6274, #4035 ) ) REPRESENTATION_CONTEXT ( 'NONE', 'WORKASPACE' ) );
#5293 = ORIENTED_EDGE ( 'NONE', *, *, #2196, .F. ) ;
#5294 = CARTESIAN_POINT ( 'NONE',  ( -1.393507733145085189E-16, 0.07071067811865476560, 0.3150000000000001132 ) ) ;
#5295 = DIRECTION ( 'NONE',  ( -0.000000000000000000, -1.606956701768064271E-16, 1.000000000000000000 ) ) ;
#5296 = DIRECTION ( 'NONE',  ( -1.000000000000000000, 0.000000000000000000, -2.891205793294677833E-16 ) ) ;
#5297 = UNCERTAINTY_MEASURE_WITH_UNIT (LENGTH_MEASURE( 1.000000000000000082E-05 ), #6490, 'distance_accuracy_value', 'NONE');
#5298 = CARTESIAN_POINT ( 'NONE',  ( -0.1060660171779818778, -0.03535533905932788240, 0.3150000000000001132 ) ) ;
#5299 = VECTOR ( 'NONE', #4333, 100.0000000000000000 ) ;
#5300 = ORIENTED_EDGE ( 'NONE', *, *, #8066, .F. ) ;
#5301 = DIRECTION ( 'NONE',  ( -0.7071067811865461294, -0.7071067811865490160, 0.000000000000000000 ) ) ;
#5302 = ORIENTED_EDGE ( 'NONE', *, *, #5006, .F. ) ;
#5303 = CARTESIAN_POINT ( 'NONE',  ( 0.3429467888754750282, -0.2793071785686869757, 0.1879999999999999727 ) ) ;
#5304 = LINE ( 'NONE', #7471, #2667 ) ;
#5305 = ORIENTED_EDGE ( 'NONE', *, *, #7548, .T. ) ;
#5306 = ORIENTED_EDGE ( 'NONE', *, *, #1315, .F. ) ;
#5307 = DIRECTION ( 'NONE',  ( 0.7986355100226858461, 0.000000000000000000, 0.6018150231847030351 ) ) ;
#5308 = CARTESIAN_POINT ( 'NONE',  ( 0.1849999999999999423, -0.3575000000000003730, 0.09050000000000017752 ) ) ;
#5309 = LINE ( 'NONE', #830, #3854 ) ;
#5310 = PLANE ( 'NONE',  #7355 ) ;
#5311 = SURFACE_SIDE_STYLE ('',( #3184 ) ) ;
#5312 = ADVANCED_FACE ( 'NONE', ( #6793 ), #7506, .T. ) ;
#5313 = VECTOR ( 'NONE', #4488, 100.0000000000000000 ) ;
#5314 = ORIENTED_EDGE ( 'NONE', *, *, #4115, .T. ) ;
#5315 = CARTESIAN_POINT ( 'NONE',  ( -0.3575000000000001510, 0.2425000000000000488, 0.1430000000000000160 ) ) ;
#5316 = ORIENTED_EDGE ( 'NONE', *, *, #1888, .T. ) ;
#5317 = PRESENTATION_LAYER_ASSIGNMENT (  '', '', ( #8297 ) ) ;
#5318 = LINE ( 'NONE', #94, #7531 ) ;
#5319 = ORIENTED_EDGE ( 'NONE', *, *, #2762, .F. ) ;
#5320 = CARTESIAN_POINT ( 'NONE',  ( 0.06999999999999997891, 0.3049999999999999378, 0.06800000000000000488 ) ) ;
#5321 = VECTOR ( 'NONE', #7512, 100.0000000000000000 ) ;
#5322 = VERTEX_POINT ( 'NONE', #8987 ) ;
#5323 = VECTOR ( 'NONE', #3715, 100.0000000000000000 ) ;
#5324 = DIRECTION ( 'NONE',  ( -0.7071067811865490160, 0.7071067811865461294, 0.000000000000000000 ) ) ;
#5325 = CARTESIAN_POINT ( 'NONE',  ( -0.1046518036156088294, -0.03323401871576819183, 0.3149999999999999467 ) ) ;
#5326 = CARTESIAN_POINT ( 'NONE',  ( -0.1149999999999998662, 0.3499999999999999778, 0.004000000000000010492 ) ) ;
#5327 =( NAMED_UNIT ( * ) PLANE_ANGLE_UNIT ( ) SI_UNIT ( $, .RADIAN. ) );
#5328 = EDGE_CURVE ( 'NONE', #5608, #4517, #6692, .T. ) ;
#5329 = DIRECTION ( 'NONE',  ( -0.000000000000000000, -3.491483361109383250E-15, -1.000000000000000000 ) ) ;
#5330 = AXIS2_PLACEMENT_3D ( 'NONE', #4934, #5683, #4041 ) ;
#5331 = CARTESIAN_POINT ( 'NONE',  ( -0.3514696961967002653, -0.2425000000000000488, 0.1729999999999999871 ) ) ;
#5332 = ORIENTED_EDGE ( 'NONE', *, *, #118, .F. ) ;
#5333 = AXIS2_PLACEMENT_3D ( 'NONE', #8381, #9065, #6066 ) ;
#5334 = EDGE_CURVE ( 'NONE', #47, #1675, #720, .T. ) ;
#5335 = VECTOR ( 'NONE', #7699, 100.0000000000000142 ) ;
#5336 = FACE_OUTER_BOUND ( 'NONE', #7228, .T. ) ;
#5337 = FACE_OUTER_BOUND ( 'NONE', #80, .T. ) ;
#5338 =( NAMED_UNIT ( * ) PLANE_ANGLE_UNIT ( ) SI_UNIT ( $, .RADIAN. ) );
#5339 = STYLED_ITEM ( 'NONE', ( #8498 ), #9722 ) ;
#5340 = ORIENTED_EDGE ( 'NONE', *, *, #5079, .F. ) ;
#5341 = CARTESIAN_POINT ( 'NONE',  ( -0.07000000000000000666, 0.1900000000000000022, 0.007000000000000001013 ) ) ;
#5342 = SHAPE_DEFINITION_REPRESENTATION ( #8638, #4570 ) ;
#5343 =( NAMED_UNIT ( * ) PLANE_ANGLE_UNIT ( ) SI_UNIT ( $, .RADIAN. ) );
#5344 =( GEOMETRIC_REPRESENTATION_CONTEXT ( 3 ) GLOBAL_UNCERTAINTY_ASSIGNED_CONTEXT ( ( #7447 ) ) GLOBAL_UNIT_ASSIGNED_CONTEXT ( ( #3235, #886, #143 ) ) REPRESENTATION_CONTEXT ( 'NONE', 'WORKASPACE' ) );
#5345 = EDGE_CURVE ( 'NONE', #9643, #8454, #2564, .T. ) ;
#5346 = VECTOR ( 'NONE', #8376, 100.0000000000000000 ) ;
#5347 = ORIENTED_EDGE ( 'NONE', *, *, #9192, .F. ) ;
#5348 = VECTOR ( 'NONE', #6704, 100.0000000000000000 ) ;
#5349 =( GEOMETRIC_REPRESENTATION_CONTEXT ( 3 ) GLOBAL_UNCERTAINTY_ASSIGNED_CONTEXT ( ( #2579 ) ) GLOBAL_UNIT_ASSIGNED_CONTEXT ( ( #6883, #9186, #126 ) ) REPRESENTATION_CONTEXT ( 'NONE', 'WORKASPACE' ) );
#5350 = VERTEX_POINT ( 'NONE', #958 ) ;
#5351 = CARTESIAN_POINT ( 'NONE',  ( 0.07000000000000000666, 0.2600000000000000644, 0.007000000000000001013 ) ) ;
#5352 = PRESENTATION_STYLE_ASSIGNMENT (( #8397 ) ) ;
#5353 = CARTESIAN_POINT ( 'NONE',  ( -0.3288046532517440723, 0.2651650429449560198, 0.1879999999999999727 ) ) ;
#5354 = CIRCLE ( 'NONE', #269, 0.1500000000000000222 ) ;
#5355 = ORIENTED_EDGE ( 'NONE', *, *, #1798, .F. ) ;
#5356 = DIRECTION ( 'NONE',  ( 0.000000000000000000, 1.000000000000000000, 0.000000000000000000 ) ) ;
#5357 = DIRECTION ( 'NONE',  ( -0.000000000000000000, -1.000000000000000000, -0.000000000000000000 ) ) ;
#5358 = CARTESIAN_POINT ( 'NONE',  ( 0.3608328855244097855, -0.07120522349883356972, 0.01308987000312043618 ) ) ;
#5359 = CARTESIAN_POINT ( 'NONE',  ( -0.1255000000000001115, 0.3750000000000000000, 0.1010000000000000064 ) ) ;
#5360 =( LENGTH_UNIT ( ) NAMED_UNIT ( * ) SI_UNIT ( .CENTI., .METRE. ) );
#5361 = UNCERTAINTY_MEASURE_WITH_UNIT (LENGTH_MEASURE( 1.000000000000000082E-05 ), #6236, 'distance_accuracy_value', 'NONE');
#5362 = VERTEX_POINT ( 'NONE', #912 ) ;
#5363 = VECTOR ( 'NONE', #5388, 100.0000000000000000 ) ;
#5364 = ORIENTED_EDGE ( 'NONE', *, *, #8326, .T. ) ;
#5365 = CARTESIAN_POINT ( 'NONE',  ( 0.1310000000000000608, 0.3429467888754760829, 0.1879999999999999727 ) ) ;
#5366 = DIRECTION ( 'NONE',  ( -0.7071067811865461294, 0.7071067811865489050, 0.000000000000000000 ) ) ;
#5367 = DIRECTION ( 'NONE',  ( 0.000000000000000000, -1.000000000000000000, 0.000000000000000000 ) ) ;
#5368 = CARTESIAN_POINT ( 'NONE',  ( -0.3724999999999999978, -0.2425000000000000488, 0.1430000000000000160 ) ) ;
#5369 = ORIENTED_EDGE ( 'NONE', *, *, #5272, .T. ) ;
#5370 = COLOUR_RGB ( '',0.6470588235294117974, 0.6196078431372549211, 0.5882352941176470784 ) ;
#5371 = CARTESIAN_POINT ( 'NONE',  ( 0.3400000000000001354, -0.2356854249492383035, 0.1729999999999999871 ) ) ;
#5372 = ORIENTED_EDGE ( 'NONE', *, *, #9362, .F. ) ;
#5373 = VECTOR ( 'NONE', #6989, 100.0000000000000000 ) ;
#5374 = ORIENTED_EDGE ( 'NONE', *, *, #5137, .F. ) ;
#5375 = DIRECTION ( 'NONE',  ( -1.000000000000000000, 0.000000000000000000, 0.000000000000000000 ) ) ;
#5376 = ORIENTED_EDGE ( 'NONE', *, *, #6888, .F. ) ;
#5377 = ADVANCED_FACE ( 'NONE', ( #8500 ), #4047, .T. ) ;
#5378 = VECTOR ( 'NONE', #9651, 100.0000000000000000 ) ;
#5379 = SURFACE_SIDE_STYLE ('',( #5273 ) ) ;
#5380 = PRESENTATION_LAYER_ASSIGNMENT (  '', '', ( #3787 ) ) ;
#5381 = CARTESIAN_POINT ( 'NONE',  ( -0.2149999999999999134, -0.3575000000000004285, 0.06999999999999979849 ) ) ;
#5382 = CARTESIAN_POINT ( 'NONE',  ( -0.2439696961966996425, -0.3500000000000000333, 0.1879999999999999727 ) ) ;
#5383 =( LENGTH_UNIT ( ) NAMED_UNIT ( * ) SI_UNIT ( .CENTI., .METRE. ) );
#5384 = LINE ( 'NONE', #897, #4028 ) ;
#5385 =( GEOMETRIC_REPRESENTATION_CONTEXT ( 3 ) GLOBAL_UNCERTAINTY_ASSIGNED_CONTEXT ( ( #816 ) ) GLOBAL_UNIT_ASSIGNED_CONTEXT ( ( #5799, #3719, #9685 ) ) REPRESENTATION_CONTEXT ( 'NONE', 'WORKASPACE' ) );
#5386 = VERTEX_POINT ( 'NONE', #5602 ) ;
#5387 = PLANE ( 'NONE',  #5014 ) ;
#5388 = DIRECTION ( 'NONE',  ( -0.7071067811865487940, -0.7071067811865462405, 0.000000000000000000 ) ) ;
#5389 = FACE_OUTER_BOUND ( 'NONE', #4122, .T. ) ;
#5390 = EDGE_CURVE ( 'NONE', #475, #1913, #9688, .T. ) ;
#5391 = ORIENTED_EDGE ( 'NONE', *, *, #2183, .T. ) ;
#5392 = EDGE_CURVE ( 'NONE', #3932, #2216, #1301, .T. ) ;
#5393 = VECTOR ( 'NONE', #6787, 100.0000000000000000 ) ;
#5394 = EDGE_CURVE ( 'NONE', #1428, #4164, #5760, .T. ) ;
#5395 = FILL_AREA_STYLE ('',( #7746 ) ) ;
#5396 =( LENGTH_UNIT ( ) NAMED_UNIT ( * ) SI_UNIT ( .CENTI., .METRE. ) );
#5397 = ORIENTED_EDGE ( 'NONE', *, *, #9654, .F. ) ;
#5398 = AXIS2_PLACEMENT_3D ( 'NONE', #5674, #7977, #1184 ) ;
#5399 = CARTESIAN_POINT ( 'NONE',  ( 0.1849999999999999423, -0.3575000000000005396, 0.03999999999999978573 ) ) ;
#5400 = ADVANCED_FACE ( 'NONE', ( #7066 ), #3316, .F. ) ;
#5401 = VERTEX_POINT ( 'NONE', #6436 ) ;
#5402 = FILL_AREA_STYLE_COLOUR ( '', #5009 ) ;
#5403 = CARTESIAN_POINT ( 'NONE',  ( -0.2350000000000000144, 0.2449999999999999956, 0.000000000000000000 ) ) ;
#5404 = EDGE_CURVE ( 'NONE', #3633, #5048, #8593, .T. ) ;
#5405 = SURFACE_SIDE_STYLE ('',( #6744 ) ) ;
#5406 = AXIS2_PLACEMENT_3D ( 'NONE', #9000, #2274, #9050 ) ;
#5407 = ORIENTED_EDGE ( 'NONE', *, *, #938, .F. ) ;
#5408 = VECTOR ( 'NONE', #6104, 100.0000000000000000 ) ;
#5409 = CARTESIAN_POINT ( 'NONE',  ( -0.3499999999999999778, 0.1074999999999999845, 0.01500000000000001679 ) ) ;
#5410 = CARTESIAN_POINT ( 'NONE',  ( 0.3499999999999999778, 0.1775000000000000189, 0.01500000000000001679 ) ) ;
#5411 = FILL_AREA_STYLE_COLOUR ( '', #3760 ) ;
#5412 = CARTESIAN_POINT ( 'NONE',  ( -0.1046518036156089126, 0.03323401871576775468, 0.5000000000000001110 ) ) ;
#5413 = EDGE_CURVE ( 'NONE', #9121, #6523, #7326, .T. ) ;
#5414 = CIRCLE ( 'NONE', #1746, 0.009999999999999982861 ) ;
#5415 = SURFACE_SIDE_STYLE ('',( #7027 ) ) ;
#5416 = ORIENTED_EDGE ( 'NONE', *, *, #3336, .T. ) ;
#5417 = ORIENTED_EDGE ( 'NONE', *, *, #1670, .T. ) ;
#5418 = DIRECTION ( 'NONE',  ( -1.000000000000000000, -7.311082709387417497E-18, 2.552652363152067741E-32 ) ) ;
#5419 = CARTESIAN_POINT ( 'NONE',  ( 0.000000000000000000, 0.3049999999999999378, 0.06800000000000000488 ) ) ;
#5420 = LINE ( 'NONE', #3922, #2257 ) ;
#5421 = LINE ( 'NONE', #9151, #1965 ) ;
#5422 = CARTESIAN_POINT ( 'NONE',  ( -0.03323401871576794203, 0.1046518036156089959, 0.4900000000000001577 ) ) ;
#5423 = PRESENTATION_LAYER_ASSIGNMENT (  '', '', ( #9495 ) ) ;
#5424 = ORIENTED_EDGE ( 'NONE', *, *, #3875, .T. ) ;
#5425 = LINE ( 'NONE', #739, #5687 ) ;
#5426 = VERTEX_POINT ( 'NONE', #3409 ) ;
#5427 = CIRCLE ( 'NONE', #5254, 0.1500000000000000222 ) ;
#5428 = FACE_OUTER_BOUND ( 'NONE', #4072, .T. ) ;
#5429 = VERTEX_POINT ( 'NONE', #2515 ) ;
#5430 = LINE ( 'NONE', #978, #5373 ) ;
#5431 = EDGE_CURVE ( 'NONE', #5162, #2768, #4147, .T. ) ;
#5432 = ORIENTED_EDGE ( 'NONE', *, *, #2441, .F. ) ;
#5433 = AXIS2_PLACEMENT_3D ( 'NONE', #2921, #5942, #8938 ) ;
#5434 = DIRECTION ( 'NONE',  ( 0.000000000000000000, 0.000000000000000000, -1.000000000000000000 ) ) ;
#5435 = ADVANCED_FACE ( 'NONE', ( #1852 ), #5555, .F. ) ;
#5436 = PLANE ( 'NONE',  #9258 ) ;
#5437 =( GEOMETRIC_REPRESENTATION_CONTEXT ( 3 ) GLOBAL_UNCERTAINTY_ASSIGNED_CONTEXT ( ( #8913 ) ) GLOBAL_UNIT_ASSIGNED_CONTEXT ( ( #7940, #2799, #9515 ) ) REPRESENTATION_CONTEXT ( 'NONE', 'WORKASPACE' ) );
#5438 = CARTESIAN_POINT ( 'NONE',  ( -0.1254999999999999727, -0.3750000000000000000, 0.1630000000000000060 ) ) ;
#5439 = ORIENTED_EDGE ( 'NONE', *, *, #5390, .F. ) ;
#5440 = VECTOR ( 'NONE', #6165, 100.0000000000000000 ) ;
#5441 = DIRECTION ( 'NONE',  ( 1.000000000000000000, 0.000000000000000000, 0.000000000000000000 ) ) ;
#5442 =( NAMED_UNIT ( * ) SI_UNIT ( $, .STERADIAN. ) SOLID_ANGLE_UNIT ( ) );
#5443 = CARTESIAN_POINT ( 'NONE',  ( -0.3499999999999999778, -0.1074999999999999567, 0.003999999877501210326 ) ) ;
#5444 = COLOUR_RGB ( '',0.6470588235294117974, 0.6196078431372549211, 0.5882352941176470784 ) ;
#5445 = CYLINDRICAL_SURFACE ( 'NONE', #382, 0.01100000024499758582 ) ;
#5446 = CIRCLE ( 'NONE', #3062, 0.04700000000000000705 ) ;
#5447 = ADVANCED_FACE ( 'NONE', ( #1209 ), #4341, .F. ) ;
#5448 = ORIENTED_EDGE ( 'NONE', *, *, #4559, .T. ) ;
#5449 = DIRECTION ( 'NONE',  ( 0.000000000000000000, -1.000000000000000000, -0.000000000000000000 ) ) ;
#5450 = CONICAL_SURFACE ( 'NONE', #7794, 0.1831611487205009048, 0.9250245035161065443 ) ;
#5451 = ORIENTED_EDGE ( 'NONE', *, *, #1252, .T. ) ;
#5452 = DIRECTION ( 'NONE',  ( 0.000000000000000000, 2.891205793294679411E-15, 1.000000000000000000 ) ) ;
#5453 = FACE_OUTER_BOUND ( 'NONE', #4972, .T. ) ;
#5454 = DIRECTION ( 'NONE',  ( -1.000000000000000000, 0.000000000000000000, 0.000000000000000000 ) ) ;
#5455 = CARTESIAN_POINT ( 'NONE',  ( 0.02616295090390205122, 0.09758073580374362899, 0.4900000000000001577 ) ) ;
#5456 = EDGE_CURVE ( 'NONE', #215, #4503, #516, .T. ) ;
#5457 = ORIENTED_EDGE ( 'NONE', *, *, #710, .T. ) ;
#5458 = DIRECTION ( 'NONE',  ( -2.891205793294679017E-15, 0.000000000000000000, 1.000000000000000000 ) ) ;
#5459 = AXIS2_PLACEMENT_3D ( 'NONE', #6564, #3340, #6365 ) ;
#5460 = DIRECTION ( 'NONE',  ( -6.735369260825570315E-17, 1.760146872403420140E-16, 1.000000000000000000 ) ) ;
#5461 = EDGE_CURVE ( 'NONE', #773, #3959, #6072, .T. ) ;
#5462 = LINE ( 'NONE', #5359, #8148 ) ;
#5463 = ORIENTED_EDGE ( 'NONE', *, *, #5676, .F. ) ;
#5464 = ORIENTED_EDGE ( 'NONE', *, *, #6241, .T. ) ;
#5465 = PRESENTATION_STYLE_ASSIGNMENT (( #3181 ) ) ;
#5466 = PLANE ( 'NONE',  #1624 ) ;
#5467 = DIRECTION ( 'NONE',  ( -0.7071067811865462405, -0.7071067811865487940, 7.683492615482359515E-17 ) ) ;
#5468 = EDGE_CURVE ( 'NONE', #2706, #2381, #2910, .T. ) ;
#5469 = ORIENTED_EDGE ( 'NONE', *, *, #409, .F. ) ;
#5470 = FACE_OUTER_BOUND ( 'NONE', #2018, .T. ) ;
#5471 = EDGE_LOOP ( 'NONE', ( #7897, #4735, #3664, #9466 ) ) ;
#5472 = SURFACE_STYLE_FILL_AREA ( #2436 ) ;
#5473 = EDGE_LOOP ( 'NONE', ( #8654, #582, #1463, #3323, #384, #8789 ) ) ;
#5474 =( NAMED_UNIT ( * ) PLANE_ANGLE_UNIT ( ) SI_UNIT ( $, .RADIAN. ) );
#5475 = EDGE_LOOP ( 'NONE', ( #7011, #2488, #4775, #4129 ) ) ;
#5476 = SURFACE_STYLE_FILL_AREA ( #1728 ) ;
#5477 = LINE ( 'NONE', #6993, #5440 ) ;
#5478 = STYLED_ITEM ( 'NONE', ( #308 ), #4391 ) ;
#5479 = DIRECTION ( 'NONE',  ( 0.000000000000000000, -0.4314843090707786155, -0.9021204415296845136 ) ) ;
#5480 = LINE ( 'NONE', #6315, #6728 ) ;
#5481 = DIRECTION ( 'NONE',  ( 0.9848077530122085754, 0.000000000000000000, -0.1736481776669273336 ) ) ;
#5482 = B_SPLINE_CURVE_WITH_KNOTS ( 'NONE', 3,
 ( #2636, #389, #1785, #987, #4174, #7826, #9313, #6466, #4828, #7184, #4880, #8571 ),
 .UNSPECIFIED., .F., .F.,
 ( 4, 2, 2, 2, 2, 4 ),
 ( 0.000000000000000000, 0.2500000000000098255, 0.3750000000000081601, 0.5000000000000065503, 0.7500000000000032196, 1.000000000000000000 ),
 .UNSPECIFIED. ) ;
#5483 = ORIENTED_EDGE ( 'NONE', *, *, #8557, .T. ) ;
#5484 = DIRECTION ( 'NONE',  ( 0.7071067811865516806, -0.7071067811865435759, 0.000000000000000000 ) ) ;
#5485 = ORIENTED_EDGE ( 'NONE', *, *, #207, .F. ) ;
#5486 = DIRECTION ( 'NONE',  ( -7.709722699209334283E-31, -1.000000000000000000, 1.702423238236979595E-46 ) ) ;
#5487 = UNCERTAINTY_MEASURE_WITH_UNIT (LENGTH_MEASURE( 1.000000000000000082E-05 ), #4589, 'distance_accuracy_value', 'NONE');
#5488 =( LENGTH_UNIT ( ) NAMED_UNIT ( * ) SI_UNIT ( .CENTI., .METRE. ) );
#5489 = AXIS2_PLACEMENT_3D ( 'NONE', #4453, #7464, #9681 ) ;
#5490 = PLANE ( 'NONE',  #6317 ) ;
#5491 = VECTOR ( 'NONE', #6683, 100.0000000000000000 ) ;
#5492 = CARTESIAN_POINT ( 'NONE',  ( -0.1254999999999999727, -0.3490212044152968263, 0.1673148430907077933 ) ) ;
#5493 = LINE ( 'NONE', #3205, #4657 ) ;
#5494 = VECTOR ( 'NONE', #7012, 100.0000000000000000 ) ;
#5495 = DIRECTION ( 'NONE',  ( 0.000000000000000000, -1.000000000000000000, 0.000000000000000000 ) ) ;
#5496 = CIRCLE ( 'NONE', #1506, 0.02999999999999998154 ) ;
#5497 = PRESENTATION_LAYER_ASSIGNMENT (  '', '', ( #2631 ) ) ;
#5498 = SURFACE_STYLE_FILL_AREA ( #3207 ) ;
#5499 = EDGE_LOOP ( 'NONE', ( #667, #7514, #7774, #7422 ) ) ;
#5500 = DIRECTION ( 'NONE',  ( 0.7071067811865410224, 0.7071067811865540120, 6.543738972922292918E-15 ) ) ;
#5501 = DIRECTION ( 'NONE',  ( 0.000000000000000000, 0.000000000000000000, 1.000000000000000000 ) ) ;
#5502 =( GEOMETRIC_REPRESENTATION_CONTEXT ( 3 ) GLOBAL_UNCERTAINTY_ASSIGNED_CONTEXT ( ( #3692 ) ) GLOBAL_UNIT_ASSIGNED_CONTEXT ( ( #1546, #3795, #6821 ) ) REPRESENTATION_CONTEXT ( 'NONE', 'WORKASPACE' ) );
#5503 = VECTOR ( 'NONE', #6016, 100.0000000000000000 ) ;
#5504 = EDGE_CURVE ( 'NONE', #7522, #8745, #5881, .T. ) ;
#5505 = ORIENTED_EDGE ( 'NONE', *, *, #901, .T. ) ;
#5506 = DIRECTION ( 'NONE',  ( 1.000000000000000000, 0.000000000000000000, 0.000000000000000000 ) ) ;
#5507 = STYLED_ITEM ( 'NONE', ( #1309 ), #9635 ) ;
#5508 = DIRECTION ( 'NONE',  ( 0.000000000000000000, 0.000000000000000000, -1.000000000000000000 ) ) ;
#5509 = DIRECTION ( 'NONE',  ( -0.7071067811865487940, 0.7071067811865462405, -0.000000000000000000 ) ) ;
#5510 = ORIENTED_EDGE ( 'NONE', *, *, #4559, .F. ) ;
#5511 = CARTESIAN_POINT ( 'NONE',  ( 0.3299999999999992384, -0.2356854249492379705, 0.1630000000000004223 ) ) ;
#5512 = CIRCLE ( 'NONE', #1205, 0.1816956969207695061 ) ;
#5513 = LINE ( 'NONE', #3961, #1680 ) ;
#5514 = DIRECTION ( 'NONE',  ( 2.180110341413747201E-45, -1.000000000000000000, -6.244080569586447174E-31 ) ) ;
#5515 = VERTEX_POINT ( 'NONE', #566 ) ;
#5516 = EDGE_CURVE ( 'NONE', #4199, #4400, #8786, .T. ) ;
#5517 = ORIENTED_EDGE ( 'NONE', *, *, #7979, .T. ) ;
#5518 = PRESENTATION_STYLE_ASSIGNMENT (( #1524 ) ) ;
#5519 = DIRECTION ( 'NONE',  ( 0.000000000000000000, 0.000000000000000000, 1.000000000000000000 ) ) ;
#5520 = VECTOR ( 'NONE', #2521, 100.0000000000000000 ) ;
#5521 = DIRECTION ( 'NONE',  ( -0.000000000000000000, -1.000000000000000000, -0.000000000000000000 ) ) ;
#5522 = EDGE_CURVE ( 'NONE', #5350, #7808, #2860, .T. ) ;
#5523 = PLANE ( 'NONE',  #9334 ) ;
#5524 = VERTEX_POINT ( 'NONE', #9475 ) ;
#5525 = CARTESIAN_POINT ( 'NONE',  ( 0.2500000000000000000, 0.2449999999999999956, 0.000000000000000000 ) ) ;
#5526 = VERTEX_POINT ( 'NONE', #5140 ) ;
#5527 =( NAMED_UNIT ( * ) SI_UNIT ( $, .STERADIAN. ) SOLID_ANGLE_UNIT ( ) );
#5528 = PRESENTATION_LAYER_ASSIGNMENT (  '', '', ( #4087 ) ) ;
#5529 = ORIENTED_EDGE ( 'NONE', *, *, #8787, .F. ) ;
#5530 = CARTESIAN_POINT ( 'NONE',  ( 0.2793071785686857544, -0.3399999999999999134, 0.1879999999999999727 ) ) ;
#5531 = VERTEX_POINT ( 'NONE', #8147 ) ;
#5532 = ADVANCED_FACE ( 'NONE', ( #6488 ), #7946, .F. ) ;
#5533 =( NAMED_UNIT ( * ) PLANE_ANGLE_UNIT ( ) SI_UNIT ( $, .RADIAN. ) );
#5534 = DIRECTION ( 'NONE',  ( 0.7071067811865489050, -0.7071067811865461294, 0.000000000000000000 ) ) ;
#5535 = CYLINDRICAL_SURFACE ( 'NONE', #2749, 0.02000000000000001082 ) ;
#5536 = AXIS2_PLACEMENT_3D ( 'NONE', #7190, #8722, #3442 ) ;
#5537 = ORIENTED_EDGE ( 'NONE', *, *, #4104, .F. ) ;
#5538 = DIRECTION ( 'NONE',  ( 0.000000000000000000, 1.000000000000000000, 0.000000000000000000 ) ) ;
#5539 = ORIENTED_EDGE ( 'NONE', *, *, #1501, .T. ) ;
#5540 = DIRECTION ( 'NONE',  ( 0.000000000000000000, 0.000000000000000000, -1.000000000000000000 ) ) ;
#5541 = DIRECTION ( 'NONE',  ( 1.720409151025122665E-16, -6.925359060216257350E-17, -1.000000000000000000 ) ) ;
#5542 = DIRECTION ( 'NONE',  ( 0.000000000000000000, 2.891205793294679411E-15, 1.000000000000000000 ) ) ;
#5543 = VECTOR ( 'NONE', #4009, 100.0000000000000142 ) ;
#5544 = DIRECTION ( 'NONE',  ( 0.000000000000000000, 0.000000000000000000, 1.000000000000000000 ) ) ;
#5545 = CARTESIAN_POINT ( 'NONE',  ( -0.09758073580374354572, 0.02616295090390219694, 0.5000000000000002220 ) ) ;
#5546 = AXIS2_PLACEMENT_3D ( 'NONE', #3781, #1722, #6057 ) ;
#5547 = PLANE ( 'NONE',  #1348 ) ;
#5548 = EDGE_LOOP ( 'NONE', ( #4905, #909, #6352, #8300, #941, #3718, #7870, #7562, #6480, #1318, #8466, #8845, #1641, #489, #2678, #1691, #2334, #2023 ) ) ;
#5549 = CARTESIAN_POINT ( 'NONE',  ( 0.3429467888754750282, -0.2793071785686869757, 0.1729999999999999871 ) ) ;
#5550 = DIRECTION ( 'NONE',  ( 0.000000000000000000, 0.000000000000000000, 1.000000000000000000 ) ) ;
#5551 =( GEOMETRIC_REPRESENTATION_CONTEXT ( 3 ) GLOBAL_UNCERTAINTY_ASSIGNED_CONTEXT ( ( #7559 ) ) GLOBAL_UNIT_ASSIGNED_CONTEXT ( ( #9039, #4552, #6836 ) ) REPRESENTATION_CONTEXT ( 'NONE', 'WORKASPACE' ) );
#5552 = ORIENTED_EDGE ( 'NONE', *, *, #8084, .T. ) ;
#5553 = SURFACE_SIDE_STYLE ('',( #9283 ) ) ;
#5554 = CARTESIAN_POINT ( 'NONE',  ( 0.1310000000000000608, 0.3524999999999999800, 0.1730000001233737705 ) ) ;
#5555 = PLANE ( 'NONE',  #1630 ) ;
#5556 = AXIS2_PLACEMENT_3D ( 'NONE', #4851, #4049, #8548 ) ;
#5557 = ORIENTED_EDGE ( 'NONE', *, *, #7695, .T. ) ;
#5558 = LINE ( 'NONE', #1710, #7892 ) ;
#5559 = EDGE_CURVE ( 'NONE', #1822, #6903, #4395, .T. ) ;
#5560 = LINE ( 'NONE', #7806, #4073 ) ;
#5561 = CARTESIAN_POINT ( 'NONE',  ( -0.3509848079942876620, 0.07120522349883362523, 0.01482635177978973255 ) ) ;
#5562 = FACE_OUTER_BOUND ( 'NONE', #1492, .T. ) ;
#5563 = ORIENTED_EDGE ( 'NONE', *, *, #1189, .T. ) ;
#5564 = EDGE_LOOP ( 'NONE', ( #3487, #6767, #6254, #5987, #9181, #4951, #7795, #45, #6647 ) ) ;
#5565 = CARTESIAN_POINT ( 'NONE',  ( 0.1310000000000000608, 0.3524999999999999800, 0.1680000000000000382 ) ) ;
#5566 = SURFACE_STYLE_FILL_AREA ( #4664 ) ;
#5567 = FILL_AREA_STYLE ('',( #6302 ) ) ;
#5568 = AXIS2_PLACEMENT_3D ( 'NONE', #9355, #2582, #7684 ) ;
#5569 = PRESENTATION_STYLE_ASSIGNMENT (( #4114 ) ) ;
#5570 = ORIENTED_EDGE ( 'NONE', *, *, #1325, .T. ) ;
#5571 = FILL_AREA_STYLE_COLOUR ( '', #3163 ) ;
#5572 = EDGE_CURVE ( 'NONE', #6127, #2945, #8739, .T. ) ;
#5573 = ORIENTED_EDGE ( 'NONE', *, *, #6012, .T. ) ;
#5574 = DIRECTION ( 'NONE',  ( -0.000000000000000000, 1.000000000000000000, 0.000000000000000000 ) ) ;
#5575 = VERTEX_POINT ( 'NONE', #5046 ) ;
#5576 = VECTOR ( 'NONE', #6757, 100.0000000000000000 ) ;
#5577 = ORIENTED_EDGE ( 'NONE', *, *, #6036, .F. ) ;
#5578 = ADVANCED_FACE ( 'NONE', ( #6685 ), #7264, .F. ) ;
#5579 = FILL_AREA_STYLE_COLOUR ( '', #6350 ) ;
#5580 = VECTOR ( 'NONE', #1917, 100.0000000000000000 ) ;
#5581 = LINE ( 'NONE', #8618, #2629 ) ;
#5582 = FACE_OUTER_BOUND ( 'NONE', #7177, .T. ) ;
#5583 = DIRECTION ( 'NONE',  ( -6.735369260825570315E-17, 1.760146872403420140E-16, 1.000000000000000000 ) ) ;
#5584 = ORIENTED_EDGE ( 'NONE', *, *, #8923, .T. ) ;
#5585 = ADVANCED_FACE ( 'NONE', ( #469 ), #6537, .F. ) ;
#5586 = ORIENTED_EDGE ( 'NONE', *, *, #4520, .F. ) ;
#5587 = DIRECTION ( 'NONE',  ( 0.000000000000000000, 1.000000000000000000, 0.000000000000000000 ) ) ;
#5588 = DIRECTION ( 'NONE',  ( 4.864909963427316455E-17, -1.000000000000000000, -2.737953000754034909E-18 ) ) ;
#5589 = ADVANCED_FACE ( 'NONE', ( #5833 ), #5450, .F. ) ;
#5590 =( GEOMETRIC_REPRESENTATION_CONTEXT ( 3 ) GLOBAL_UNCERTAINTY_ASSIGNED_CONTEXT ( ( #3511 ) ) GLOBAL_UNIT_ASSIGNED_CONTEXT ( ( #5383, #5327, #2395 ) ) REPRESENTATION_CONTEXT ( 'NONE', 'WORKASPACE' ) );
#5591 = DIRECTION ( 'NONE',  ( -1.000000000000000000, 0.000000000000000000, 0.000000000000000000 ) ) ;
#5592 = AXIS2_PLACEMENT_3D ( 'NONE', #3170, #2214, #6190 ) ;
#5593 = FACE_OUTER_BOUND ( 'NONE', #5548, .T. ) ;
#5594 = EDGE_CURVE ( 'NONE', #2231, #699, #3980, .T. ) ;
#5595 = ORIENTED_EDGE ( 'NONE', *, *, #4526, .T. ) ;
#5596 = CARTESIAN_POINT ( 'NONE',  ( 0.07999999999999998779, 0.3575000000000007061, -2.312964634635742464E-16 ) ) ;
#5597 = CARTESIAN_POINT ( 'NONE',  ( 0.1849999999999999423, -0.3725000000000001088, 0.1679999999999998994 ) ) ;
#5598 = AXIS2_PLACEMENT_3D ( 'NONE', #5410, #5357, #6797 ) ;
#5599 = FILL_AREA_STYLE_COLOUR ( '', #3436 ) ;
#5600 = TOROIDAL_SURFACE ( 'NONE', #9041, 0.009999999999999738265, 0.01000000000000000888 ) ;
#5601 = CARTESIAN_POINT ( 'NONE',  ( -0.3608328855244098410, -0.07129477650116629317, 0.01308987000312043444 ) ) ;
#5602 = CARTESIAN_POINT ( 'NONE',  ( 0.2651650429449547985, -0.3288046532517451270, 0.1879999999999999727 ) ) ;
#5603 = EDGE_CURVE ( 'NONE', #3614, #9095, #3541, .T. ) ;
#5604 = ORIENTED_EDGE ( 'NONE', *, *, #8697, .T. ) ;
#5605 = SURFACE_STYLE_USAGE ( .BOTH. , #3268 ) ;
#5606 = EDGE_CURVE ( 'NONE', #8261, #7389, #153, .T. ) ;
#5607 = CARTESIAN_POINT ( 'NONE',  ( 0.1310000000000000608, -0.3725000001233738089, 0.1680000000000000104 ) ) ;
#5608 = VERTEX_POINT ( 'NONE', #986 ) ;
#5609 = ORIENTED_EDGE ( 'NONE', *, *, #3283, .F. ) ;
#5610 = CARTESIAN_POINT ( 'NONE',  ( -0.3500000000000000333, -0.2356854249492383591, 0.004000000000000010492 ) ) ;
#5611 =( NAMED_UNIT ( * ) PLANE_ANGLE_UNIT ( ) SI_UNIT ( $, .RADIAN. ) );
#5612 = SURFACE_SIDE_STYLE ('',( #7624 ) ) ;
#5614 = CARTESIAN_POINT ( 'NONE',  ( -0.08499999999999999223, -0.1900000000000000022, 0.007000000000000001013 ) ) ;
#5613 = B_SPLINE_CURVE_WITH_KNOTS ( 'NONE', 3,
 ( #8309, #6710, #8263, #5956, #9695, #2179, #2934, #7571, #591, #3822, #6845, #2128 ),
 .UNSPECIFIED., .F., .F.,
 ( 4, 2, 2, 2, 2, 4 ),
 ( 0.000000000000000000, 0.2499999999999930056, 0.3749999999999941713, 0.4999999999999953371, 0.7499999999999976685, 1.000000000000000000 ),
 .UNSPECIFIED. ) ;
#5615 = VECTOR ( 'NONE', #8434, 100.0000000000000000 ) ;
#5616 = CARTESIAN_POINT ( 'NONE',  ( 0.2149999999999999134, 0.3725000000000004419, 0.06999999999999984013 ) ) ;
#5617 = ORIENTED_EDGE ( 'NONE', *, *, #6047, .T. ) ;
#5618 = CARTESIAN_POINT ( 'NONE',  ( -0.2651650429449547985, 0.3288046532517450715, 0.1879999999999999727 ) ) ;
#5619 = VERTEX_POINT ( 'NONE', #6262 ) ;
#5620 = PRESENTATION_STYLE_ASSIGNMENT (( #9255 ) ) ;
#5621 = ORIENTED_EDGE ( 'NONE', *, *, #2380, .T. ) ;
#5622 = VECTOR ( 'NONE', #2497, 100.0000000000000142 ) ;
#5623 = EDGE_CURVE ( 'NONE', #2094, #4784, #834, .T. ) ;
#5624 = DIRECTION ( 'NONE',  ( -0.000000000000000000, 3.491483361109382461E-15, 1.000000000000000000 ) ) ;
#5625 = CARTESIAN_POINT ( 'NONE',  ( 0.3575000000000000955, -0.2425000000000000488, 0.1729999999999999871 ) ) ;
#5626 =( NAMED_UNIT ( * ) PLANE_ANGLE_UNIT ( ) SI_UNIT ( $, .RADIAN. ) );
#5627 = DIRECTION ( 'NONE',  ( 0.000000000000000000, 0.000000000000000000, 1.000000000000000000 ) ) ;
#5628 = ORIENTED_EDGE ( 'NONE', *, *, #5146, .T. ) ;
#5629 = LINE ( 'NONE', #3439, #5971 ) ;
#5630 = FACE_OUTER_BOUND ( 'NONE', #175, .T. ) ;
#5631 = CARTESIAN_POINT ( 'NONE',  ( -0.08500000000000000611, -0.2600000000000000644, 0.004000000000000008757 ) ) ;
#5632 = SURFACE_STYLE_USAGE ( .BOTH. , #7837 ) ;
#5633 = EDGE_CURVE ( 'NONE', #679, #681, #4490, .T. ) ;
#5634 = CARTESIAN_POINT ( 'NONE',  ( -0.3429467888754750282, 0.2793071785686869757, 0.1879999999999999727 ) ) ;
#5635 = ADVANCED_FACE ( 'NONE', ( #4024 ), #5535, .F. ) ;
#5636 = DIRECTION ( 'NONE',  ( 0.000000000000000000, -0.000000000000000000, 1.000000000000000000 ) ) ;
#5637 = COLOUR_RGB ( '',0.6470588235294117974, 0.6196078431372549211, 0.5882352941176470784 ) ;
#5638 = ORIENTED_EDGE ( 'NONE', *, *, #8493, .T. ) ;
#5639 = VECTOR ( 'NONE', #3224, 100.0000000000000000 ) ;
#5640 = DIRECTION ( 'NONE',  ( -0.000000000000000000, -0.000000000000000000, -1.000000000000000000 ) ) ;
#5641 = FACE_OUTER_BOUND ( 'NONE', #6388, .T. ) ;
#5642 = EDGE_CURVE ( 'NONE', #6130, #215, #7780, .T. ) ;
#5643 = VECTOR ( 'NONE', #2065, 100.0000000000000000 ) ;
#5644 = DIRECTION ( 'NONE',  ( 0.000000000000000000, -0.000000000000000000, -1.000000000000000000 ) ) ;
#5645 =( NAMED_UNIT ( * ) PLANE_ANGLE_UNIT ( ) SI_UNIT ( $, .RADIAN. ) );
#5646 = DIRECTION ( 'NONE',  ( 1.000000000000000000, 0.000000000000000000, 0.000000000000000000 ) ) ;
#5647 = ORIENTED_EDGE ( 'NONE', *, *, #4838, .F. ) ;
#5648 =( NAMED_UNIT ( * ) PLANE_ANGLE_UNIT ( ) SI_UNIT ( $, .RADIAN. ) );
#5649 = CARTESIAN_POINT ( 'NONE',  ( 0.1255000000000000004, 0.3500000000000000333, 0.1630000000000000060 ) ) ;
#5650 = AXIS2_PLACEMENT_3D ( 'NONE', #5565, #8008, #5745 ) ;
#5651 = LINE ( 'NONE', #4903, #8045 ) ;
#5652 = ORIENTED_EDGE ( 'NONE', *, *, #8736, .T. ) ;
#5653 = AXIS2_PLACEMENT_3D ( 'NONE', #7270, #8839, #8060 ) ;
#5654 = VERTEX_POINT ( 'NONE', #894 ) ;
#5655 = CARTESIAN_POINT ( 'NONE',  ( -0.1310000000000000608, -0.3575000001233736846, 0.1679999999999999549 ) ) ;
#5656 = DIRECTION ( 'NONE',  ( 0.000000000000000000, 0.000000000000000000, 1.000000000000000000 ) ) ;
#5657 = DIRECTION ( 'NONE',  ( 0.000000000000000000, 0.000000000000000000, 1.000000000000000000 ) ) ;
#5658 = CIRCLE ( 'NONE', #8639, 0.2004997304892600363 ) ;
#5659 = MECHANICAL_DESIGN_GEOMETRIC_PRESENTATION_REPRESENTATION (  '', ( #3441 ), #2316 ) ;
#5660 = PRODUCT_DEFINITION_FORMATION_WITH_SPECIFIED_SOURCE ( 'ANY', '', #4937, .NOT_KNOWN. ) ;
#5661 = LINE ( 'NONE', #7084, #2039 ) ;
#5662 = ORIENTED_EDGE ( 'NONE', *, *, #2343, .F. ) ;
#5663 = VERTEX_POINT ( 'NONE', #7734 ) ;
#5664 = FACE_OUTER_BOUND ( 'NONE', #2187, .T. ) ;
#5665 = UNCERTAINTY_MEASURE_WITH_UNIT (LENGTH_MEASURE( 1.000000000000000082E-05 ), #3497, 'distance_accuracy_value', 'NONE');
#5666 = ORIENTED_EDGE ( 'NONE', *, *, #5006, .T. ) ;
#5667 = DIRECTION ( 'NONE',  ( 0.7071067811865515695, -0.7071067811865434649, 0.000000000000000000 ) ) ;
#5668 = CARTESIAN_POINT ( 'NONE',  ( 0.03323401871576774774, 0.1046518036156088988, 0.5000000000000001110 ) ) ;
#5669 = DIRECTION ( 'NONE',  ( 0.7071067811865434649, 0.7071067811865514585, 1.008697416034608505E-15 ) ) ;
#5670 = FACE_OUTER_BOUND ( 'NONE', #590, .T. ) ;
#5671 = CARTESIAN_POINT ( 'NONE',  ( 0.1254999999999999727, 0.3575000000000003730, 0.09050000000000017752 ) ) ;
#5672 = AXIS2_PLACEMENT_3D ( 'NONE', #3902, #6828, #9178 ) ;
#5673 = ORIENTED_EDGE ( 'NONE', *, *, #3737, .F. ) ;
#5674 = CARTESIAN_POINT ( 'NONE',  ( 0.2793071785686857544, 0.3429467888754760829, 0.1729999999999999871 ) ) ;
#5675 = CARTESIAN_POINT ( 'NONE',  ( 0.2793071785686857544, -0.2425000000000000488, 0.1729999999999999871 ) ) ;
#5676 = EDGE_CURVE ( 'NONE', #2272, #5526, #5480, .T. ) ;
#5677 = LINE ( 'NONE', #3304, #8258 ) ;
#5678 =( NAMED_UNIT ( * ) PLANE_ANGLE_UNIT ( ) SI_UNIT ( $, .RADIAN. ) );
#5679 = SURFACE_SIDE_STYLE ('',( #8679 ) ) ;
#5680 = CARTESIAN_POINT ( 'NONE',  ( 0.3741382288134425527, 0.1775000000000000189, 0.08854822291287117730 ) ) ;
#5681 = ORIENTED_EDGE ( 'NONE', *, *, #4935, .F. ) ;
#5682 = VECTOR ( 'NONE', #4556, 100.0000000000000000 ) ;
#5683 = DIRECTION ( 'NONE',  ( 1.000000000000000000, 2.135040237031389343E-16, -0.000000000000000000 ) ) ;
#5684 = EDGE_CURVE ( 'NONE', #9238, #5401, #4442, .T. ) ;
#5685 = PLANE ( 'NONE',  #4734 ) ;
#5686 = EDGE_CURVE ( 'NONE', #6017, #7783, #1403, .T. ) ;
#5687 = VECTOR ( 'NONE', #884, 100.0000000000000000 ) ;
#5688 = CARTESIAN_POINT ( 'NONE',  ( 0.3300000000000000155, 0.3490212044152968263, 0.1673148430907077933 ) ) ;
#5689 = CYLINDRICAL_SURFACE ( 'NONE', #8781, 0.02999999999999998154 ) ;
#5690 = ORIENTED_EDGE ( 'NONE', *, *, #9029, .F. ) ;
#5691 =( LENGTH_UNIT ( ) NAMED_UNIT ( * ) SI_UNIT ( .CENTI., .METRE. ) );
#5692 = EDGE_CURVE ( 'NONE', #6008, #5743, #7453, .T. ) ;
#5693 = LINE ( 'NONE', #8598, #6301 ) ;
#5694 = UNCERTAINTY_MEASURE_WITH_UNIT (LENGTH_MEASURE( 1.000000000000000082E-05 ), #4099, 'distance_accuracy_value', 'NONE');
#5695 = LINE ( 'NONE', #324, #289 ) ;
#5696 = ORIENTED_EDGE ( 'NONE', *, *, #659, .F. ) ;
#5697 = ORIENTED_EDGE ( 'NONE', *, *, #1111, .T. ) ;
#5698 = DIRECTION ( 'NONE',  ( 1.000000000000000000, 0.000000000000000000, -0.000000000000000000 ) ) ;
#5699 = PRESENTATION_STYLE_ASSIGNMENT (( #4953 ) ) ;
#5700 = DIRECTION ( 'NONE',  ( -1.000000000000000000, 0.000000000000000000, 0.000000000000000000 ) ) ;
#5701 = CIRCLE ( 'NONE', #1575, 0.02000000000000001082 ) ;
#5702 = FACE_BOUND ( 'NONE', #7121, .T. ) ;
#5703 =( NAMED_UNIT ( * ) PLANE_ANGLE_UNIT ( ) SI_UNIT ( $, .RADIAN. ) );
#5704 = ADVANCED_FACE ( 'NONE', ( #3708 ), #9724, .F. ) ;
#5705 = VERTEX_POINT ( 'NONE', #1033 ) ;
#5706 =( NAMED_UNIT ( * ) PLANE_ANGLE_UNIT ( ) SI_UNIT ( $, .RADIAN. ) );
#5707 = ORIENTED_EDGE ( 'NONE', *, *, #231, .T. ) ;
#5708 = ORIENTED_EDGE ( 'NONE', *, *, #3635, .F. ) ;
#5709 = STYLED_ITEM ( 'NONE', ( #843 ), #3082 ) ;
#5710 = CARTESIAN_POINT ( 'NONE',  ( -0.3500000000000000333, -0.2356854249492383591, 0.1729999999999999871 ) ) ;
#5711 = CARTESIAN_POINT ( 'NONE',  ( 0.03323401871576806693, -0.1046518036156088016, 0.4900000000000001577 ) ) ;
#5712 = DIRECTION ( 'NONE',  ( 0.000000000000000000, 1.000000000000000000, 0.000000000000000000 ) ) ;
#5713 = FILL_AREA_STYLE_COLOUR ( '', #3873 ) ;
#5714 = EDGE_CURVE ( 'NONE', #519, #2156, #8716, .T. ) ;
#5715 = VERTEX_POINT ( 'NONE', #4126 ) ;
#5716 = LINE ( 'NONE', #7098, #1891 ) ;
#5717 = LINE ( 'NONE', #8768, #3317 ) ;
#5718 = DIRECTION ( 'NONE',  ( -1.000000000000000000, 0.000000000000000000, 0.000000000000000000 ) ) ;
#5719 = DIRECTION ( 'NONE',  ( 1.000000000000000000, 0.000000000000000000, -0.000000000000000000 ) ) ;
#5720 = ADVANCED_FACE ( 'NONE', ( #1130 ), #8026, .T. ) ;
#5721 = AXIS2_PLACEMENT_3D ( 'NONE', #4861, #7959, #1164 ) ;
#5722 = LINE ( 'NONE', #6864, #8452 ) ;
#5723 = CARTESIAN_POINT ( 'NONE',  ( 0.2793071785686857544, -0.3500000000000000333, 0.1729999999999999871 ) ) ;
#5724 = EDGE_LOOP ( 'NONE', ( #56, #9126, #6252, #2304 ) ) ;
#5725 = UNCERTAINTY_MEASURE_WITH_UNIT (LENGTH_MEASURE( 1.000000000000000082E-05 ), #8568, 'distance_accuracy_value', 'NONE');
#5726 = SURFACE_STYLE_USAGE ( .BOTH. , #2647 ) ;
#5727 = EDGE_CURVE ( 'NONE', #8849, #5938, #388, .T. ) ;
#5728 = CYLINDRICAL_SURFACE ( 'NONE', #3602, 0.02000000000000001082 ) ;
#5729 = FILL_AREA_STYLE ('',( #4289 ) ) ;
#5730 = AXIS2_PLACEMENT_3D ( 'NONE', #5897, #2922, #4407 ) ;
#5731 = EDGE_LOOP ( 'NONE', ( #9053, #6618, #8543, #7748 ) ) ;
#5732 = PLANE ( 'NONE',  #6377 ) ;
#5733 = CARTESIAN_POINT ( 'NONE',  ( 0.000000000000000000, -0.1900000000000000022, -0.04999999999881765689 ) ) ;
#5735 = FACE_OUTER_BOUND ( 'NONE', #1142, .T. ) ;
#5734 = AXIS2_PLACEMENT_3D ( 'NONE', #4059, #5521, #432 ) ;
#5736 = DIRECTION ( 'NONE',  ( 0.000000000000000000, 0.000000000000000000, 1.000000000000000000 ) ) ;
#5737 = EDGE_CURVE ( 'NONE', #1075, #6394, #5287, .T. ) ;
#5738 = AXIS2_PLACEMENT_3D ( 'NONE', #1034, #4919, #1132 ) ;
#5739 = PRESENTATION_LAYER_ASSIGNMENT (  '', '', ( #181 ) ) ;
#5740 = ORIENTED_EDGE ( 'NONE', *, *, #7907, .F. ) ;
#5741 =( NAMED_UNIT ( * ) SI_UNIT ( $, .STERADIAN. ) SOLID_ANGLE_UNIT ( ) );
#5742 = PRESENTATION_LAYER_ASSIGNMENT (  '', '', ( #971 ) ) ;
#5743 = VERTEX_POINT ( 'NONE', #7286 ) ;
#5744 = ORIENTED_EDGE ( 'NONE', *, *, #3067, .F. ) ;
#5745 = DIRECTION ( 'NONE',  ( 0.000000000000000000, 0.000000000000000000, 1.000000000000000000 ) ) ;
#5746 =( NAMED_UNIT ( * ) SI_UNIT ( $, .STERADIAN. ) SOLID_ANGLE_UNIT ( ) );
#5747 = ADVANCED_FACE ( 'NONE', ( #5582 ), #3435, .F. ) ;
#5748 = AXIS2_PLACEMENT_3D ( 'NONE', #2027, #2831, #3578 ) ;
#5749 =( NAMED_UNIT ( * ) PLANE_ANGLE_UNIT ( ) SI_UNIT ( $, .RADIAN. ) );
#5750 = ORIENTED_EDGE ( 'NONE', *, *, #815, .F. ) ;
#5751 = EDGE_CURVE ( 'NONE', #1308, #6772, #2542, .T. ) ;
#5752 = LINE ( 'NONE', #6454, #6486 ) ;
#5753 = ORIENTED_EDGE ( 'NONE', *, *, #3608, .F. ) ;
#5754 = ORIENTED_EDGE ( 'NONE', *, *, #4902, .T. ) ;
#5755 = ORIENTED_EDGE ( 'NONE', *, *, #6598, .T. ) ;
#5756 = ORIENTED_EDGE ( 'NONE', *, *, #754, .T. ) ;
#5757 = CARTESIAN_POINT ( 'NONE',  ( -1.393507733145085189E-16, 0.1207106781186547406, 0.3150000000000001132 ) ) ;
#5758 = DIRECTION ( 'NONE',  ( 6.735369260825570315E-17, -1.760146872403420140E-16, -1.000000000000000000 ) ) ;
#5759 = EDGE_CURVE ( 'NONE', #1725, #8419, #9496, .T. ) ;
#5760 = CIRCLE ( 'NONE', #8586, 0.03700000000000003286 ) ;
#5761 = LINE ( 'NONE', #8763, #6077 ) ;
#5762 =( LENGTH_UNIT ( ) NAMED_UNIT ( * ) SI_UNIT ( .CENTI., .METRE. ) );
#5763 = DIRECTION ( 'NONE',  ( -1.301042606982604690E-14, -4.336808689942015369E-15, 1.000000000000000000 ) ) ;
#5764 = EDGE_LOOP ( 'NONE', ( #2021, #5314, #2577, #9499 ) ) ;
#5765 = FACE_OUTER_BOUND ( 'NONE', #4747, .T. ) ;
#5766 = CYLINDRICAL_SURFACE ( 'NONE', #5840, 0.04749999999999999362 ) ;
#5767 = VECTOR ( 'NONE', #7888, 100.0000000000000000 ) ;
#5768 = DIRECTION ( 'NONE',  ( 0.000000000000000000, 1.000000000000000000, 0.000000000000000000 ) ) ;
#5769 = CARTESIAN_POINT ( 'NONE',  ( -0.2350000000000000144, -0.2449999999999999956, 0.000000000000000000 ) ) ;
#5770 =( NAMED_UNIT ( * ) SI_UNIT ( $, .STERADIAN. ) SOLID_ANGLE_UNIT ( ) );
#5771 = VERTEX_POINT ( 'NONE', #494 ) ;
#5772 = FACE_OUTER_BOUND ( 'NONE', #4313, .T. ) ;
#5773 = AXIS2_PLACEMENT_3D ( 'NONE', #1340, #4385, #4484 ) ;
#5774 = DIRECTION ( 'NONE',  ( 0.000000000000000000, 0.000000000000000000, -1.000000000000000000 ) ) ;
#5775 = CARTESIAN_POINT ( 'NONE',  ( -0.3574999999999999845, 0.2425000000000000488, 0.1729999999999999871 ) ) ;
#5776 = ORIENTED_EDGE ( 'NONE', *, *, #287, .T. ) ;
#5777 = SURFACE_SIDE_STYLE ('',( #2746 ) ) ;
#5778 =( LENGTH_UNIT ( ) NAMED_UNIT ( * ) SI_UNIT ( .CENTI., .METRE. ) );
#5779 = FACE_OUTER_BOUND ( 'NONE', #1667, .T. ) ;
#5780 = CARTESIAN_POINT ( 'NONE',  ( -0.2350000000000000144, 0.2449999999999999956, 0.004000000000000000083 ) ) ;
#5781 = FILL_AREA_STYLE_COLOUR ( '', #3118 ) ;
#5782 = DIRECTION ( 'NONE',  ( 0.000000000000000000, 0.000000000000000000, -1.000000000000000000 ) ) ;
#5783 = CARTESIAN_POINT ( 'NONE',  ( 0.1849999999999999423, 0.3725000000000004974, 0.03999999999999981348 ) ) ;
#5784 = AXIS2_PLACEMENT_3D ( 'NONE', #3778, #6010, #7428 ) ;
#5785 = EDGE_LOOP ( 'NONE', ( #2668, #9753, #1372, #8838 ) ) ;
#5786 = VECTOR ( 'NONE', #1347, 100.0000000000000000 ) ;
#5787 = CARTESIAN_POINT ( 'NONE',  ( 0.2149999999999999134, -0.3725000000000004419, 0.06999999999999979849 ) ) ;
#5788 = AXIS2_PLACEMENT_3D ( 'NONE', #7965, #9445, #2827 ) ;
#5789 = DIRECTION ( 'NONE',  ( -0.000000000000000000, 2.502005013666494650E-16, 1.000000000000000000 ) ) ;
#5790 = EDGE_CURVE ( 'NONE', #7990, #5176, #8570, .T. ) ;
#5791 =( GEOMETRIC_REPRESENTATION_CONTEXT ( 3 ) GLOBAL_UNCERTAINTY_ASSIGNED_CONTEXT ( ( #4591 ) ) GLOBAL_UNIT_ASSIGNED_CONTEXT ( ( #1901, #7263, #2605 ) ) REPRESENTATION_CONTEXT ( 'NONE', 'WORKASPACE' ) );
#5792 = ORIENTED_EDGE ( 'NONE', *, *, #5633, .T. ) ;
#5793 = ORIENTED_EDGE ( 'NONE', *, *, #395, .T. ) ;
#5794 = LINE ( 'NONE', #672, #410 ) ;
#5795 = DIRECTION ( 'NONE',  ( 3.194683927456174497E-20, 1.000000000000000000, 1.132300105604712060E-31 ) ) ;
#5796 = CARTESIAN_POINT ( 'NONE',  ( -0.3499999999999999778, 0.1074999999999999567, 0.003999999877501220734 ) ) ;
#5797 = ORIENTED_EDGE ( 'NONE', *, *, #6100, .F. ) ;
#5798 = VECTOR ( 'NONE', #3326, 100.0000000000000000 ) ;
#5799 =( LENGTH_UNIT ( ) NAMED_UNIT ( * ) SI_UNIT ( .CENTI., .METRE. ) );
#5800 = ORIENTED_EDGE ( 'NONE', *, *, #1116, .T. ) ;
#5801 = DIRECTION ( 'NONE',  ( 1.000000000000000000, 0.000000000000000000, 0.000000000000000000 ) ) ;
#5802 =( GEOMETRIC_REPRESENTATION_CONTEXT ( 3 ) GLOBAL_UNCERTAINTY_ASSIGNED_CONTEXT ( ( #8407 ) ) GLOBAL_UNIT_ASSIGNED_CONTEXT ( ( #7554, #4939, #1900 ) ) REPRESENTATION_CONTEXT ( 'NONE', 'WORKASPACE' ) );
#5803 = ORIENTED_EDGE ( 'NONE', *, *, #4401, .F. ) ;
#5804 = LINE ( 'NONE', #9541, #71 ) ;
#5805 = EDGE_CURVE ( 'NONE', #5743, #4612, #1784, .T. ) ;
#5806 = ORIENTED_EDGE ( 'NONE', *, *, #3855, .F. ) ;
#5807 = ORIENTED_EDGE ( 'NONE', *, *, #3394, .F. ) ;
#5808 = VECTOR ( 'NONE', #8284, 100.0000000000000000 ) ;
#5809 = EDGE_CURVE ( 'NONE', #5835, #7830, #3533, .T. ) ;
#5810 = CARTESIAN_POINT ( 'NONE',  ( -0.07141778489984138001, -1.355252715606880543E-16, 0.4900000000000001577 ) ) ;
#5811 = PLANE ( 'NONE',  #5748 ) ;
#5812 = SPHERICAL_SURFACE ( 'NONE', #6278, 0.2299999999999999822 ) ;
#5813 = FILL_AREA_STYLE ('',( #1274 ) ) ;
#5814 = AXIS2_PLACEMENT_3D ( 'NONE', #5780, #1298, #8737 ) ;
#5815 = DIRECTION ( 'NONE',  ( -1.000000000000000000, 0.000000000000000000, 0.000000000000000000 ) ) ;
#5816 = VECTOR ( 'NONE', #8675, 100.0000000000000000 ) ;
#5817 = LINE ( 'NONE', #8957, #4746 ) ;
#5818 = VERTEX_POINT ( 'NONE', #1878 ) ;
#5819 = DIRECTION ( 'NONE',  ( -0.000000000000000000, -1.000000000000000000, 0.000000000000000000 ) ) ;
#5820 = AXIS2_PLACEMENT_3D ( 'NONE', #2424, #8303, #1713 ) ;
#5821 = DIRECTION ( 'NONE',  ( 0.7071067811865401342, -0.7071067811865549002, -0.000000000000000000 ) ) ;
#5822 = EDGE_CURVE ( 'NONE', #496, #6753, #5761, .T. ) ;
#5823 = DIRECTION ( 'NONE',  ( 0.000000000000000000, 1.000000000000000000, 0.000000000000000000 ) ) ;
#5824 = ORIENTED_EDGE ( 'NONE', *, *, #7174, .T. ) ;
#5825 =( NAMED_UNIT ( * ) PLANE_ANGLE_UNIT ( ) SI_UNIT ( $, .RADIAN. ) );
#5826 = CARTESIAN_POINT ( 'NONE',  ( -0.09758073580374349021, -0.02616295090390255429, 0.5000000000000001110 ) ) ;
#5827 = PRESENTATION_STYLE_ASSIGNMENT (( #4387 ) ) ;
#5828 = EDGE_CURVE ( 'NONE', #6851, #4662, #1179, .T. ) ;
#5829 = CARTESIAN_POINT ( 'NONE',  ( 0.1310000000000000608, -0.3524999999999999800, 0.1680000000000000382 ) ) ;
#5830 = SURFACE_STYLE_FILL_AREA ( #1344 ) ;
#5831 = MECHANICAL_DESIGN_GEOMETRIC_PRESENTATION_REPRESENTATION (  '', ( #5201 ), #4404 ) ;
#5832 = DIRECTION ( 'NONE',  ( -2.420444396506037093E-14, 5.843469689014806769E-14, 1.000000000000000000 ) ) ;
#5833 = FACE_OUTER_BOUND ( 'NONE', #8958, .T. ) ;
#5834 = AXIS2_PLACEMENT_3D ( 'NONE', #7513, #5906, #3772 ) ;
#5835 = VERTEX_POINT ( 'NONE', #1977 ) ;
#5836 =( GEOMETRIC_REPRESENTATION_CONTEXT ( 3 ) GLOBAL_UNCERTAINTY_ASSIGNED_CONTEXT ( ( #5864 ) ) GLOBAL_UNIT_ASSIGNED_CONTEXT ( ( #4071, #5474, #6357 ) ) REPRESENTATION_CONTEXT ( 'NONE', 'WORKASPACE' ) );
#5837 = FILL_AREA_STYLE_COLOUR ( '', #588 ) ;
#5838 = EDGE_LOOP ( 'NONE', ( #5316, #4092, #8283, #9245 ) ) ;
#5839 = CIRCLE ( 'NONE', #6799, 0.01499999999999999598 ) ;
#5840 = AXIS2_PLACEMENT_3D ( 'NONE', #2641, #4326, #1938 ) ;
#5841 = VERTEX_POINT ( 'NONE', #1933 ) ;
#5842 = LINE ( 'NONE', #9734, #3756 ) ;
#5843 = DIRECTION ( 'NONE',  ( -1.000000000000000000, 0.000000000000000000, -1.445602896647338917E-16 ) ) ;
#5844 =( LENGTH_UNIT ( ) NAMED_UNIT ( * ) SI_UNIT ( .CENTI., .METRE. ) );
#5845 = SURFACE_STYLE_USAGE ( .BOTH. , #1221 ) ;
#5846 = ADVANCED_FACE ( 'NONE', ( #4827 ), #9449, .F. ) ;
#5847 = VECTOR ( 'NONE', #2185, 100.0000000000000000 ) ;
#5848 = ORIENTED_EDGE ( 'NONE', *, *, #3116, .T. ) ;
#5849 = DIRECTION ( 'NONE',  ( -0.7071067811865487940, 0.7071067811865462405, 0.000000000000000000 ) ) ;
#5850 = ORIENTED_EDGE ( 'NONE', *, *, #2399, .F. ) ;
#5851 = CARTESIAN_POINT ( 'NONE',  ( 0.1254999999999999727, 0.3500000000000000333, 0.08600000000000000699 ) ) ;
#5852 = ORIENTED_EDGE ( 'NONE', *, *, #3254, .F. ) ;
#5853 = FILL_AREA_STYLE ('',( #3382 ) ) ;
#5854 = ORIENTED_EDGE ( 'NONE', *, *, #9455, .F. ) ;
#5855 = MECHANICAL_DESIGN_GEOMETRIC_PRESENTATION_REPRESENTATION (  '', ( #6491 ), #769 ) ;
#5856 = EDGE_LOOP ( 'NONE', ( #5199, #1964, #1589, #841 ) ) ;
#5857 = DIRECTION ( 'NONE',  ( 6.735369260825570315E-17, -1.760146872403420140E-16, -1.000000000000000000 ) ) ;
#5858 = SURFACE_STYLE_FILL_AREA ( #2834 ) ;
#5859 = ADVANCED_FACE ( 'NONE', ( #5670 ), #7825, .F. ) ;
#5860 = EDGE_LOOP ( 'NONE', ( #9623, #1944, #6623, #2418 ) ) ;
#5861 = CARTESIAN_POINT ( 'NONE',  ( 0.1849999999999999423, 0.3725000000000004974, 0.03999999999999980654 ) ) ;
#5862 = ADVANCED_FACE ( 'NONE', ( #2634 ), #4879, .T. ) ;
#5863 = FACE_OUTER_BOUND ( 'NONE', #999, .T. ) ;
#5864 = UNCERTAINTY_MEASURE_WITH_UNIT (LENGTH_MEASURE( 1.000000000000000082E-05 ), #4071, 'distance_accuracy_value', 'NONE');
#5865 = CYLINDRICAL_SURFACE ( 'NONE', #8152, 0.04749999999999999362 ) ;
#5866 = ORIENTED_EDGE ( 'NONE', *, *, #1005, .F. ) ;
#5867 = FACE_OUTER_BOUND ( 'NONE', #5222, .T. ) ;
#5868 = CARTESIAN_POINT ( 'NONE',  ( 0.1849999999999999423, -0.3575000000000000955, 0.1679999999999999272 ) ) ;
#5869 = ORIENTED_EDGE ( 'NONE', *, *, #6036, .T. ) ;
#5870 = EDGE_CURVE ( 'NONE', #3179, #8185, #9406, .T. ) ;
#5871 = AXIS2_PLACEMENT_3D ( 'NONE', #4074, #8524, #6361 ) ;
#5872 = DIRECTION ( 'NONE',  ( -1.000000000000000000, -1.548860246407863829E-16, 0.000000000000000000 ) ) ;
#5873 = MECHANICAL_DESIGN_GEOMETRIC_PRESENTATION_REPRESENTATION (  '', ( #4605 ), #5836 ) ;
#5874 = CARTESIAN_POINT ( 'NONE',  ( 0.000000000000000000, 0.1900000000000000022, 0.007000000000000001013 ) ) ;
#5875 = EDGE_CURVE ( 'NONE', #1820, #9789, #1791, .T. ) ;
#5876 =( NAMED_UNIT ( * ) PLANE_ANGLE_UNIT ( ) SI_UNIT ( $, .RADIAN. ) );
#5877 = FILL_AREA_STYLE_COLOUR ( '', #4558 ) ;
#5878 = DIRECTION ( 'NONE',  ( -0.000000000000000000, 0.000000000000000000, 1.000000000000000000 ) ) ;
#5879 = DIRECTION ( 'NONE',  ( -2.891205793294679017E-15, 0.000000000000000000, -1.000000000000000000 ) ) ;
#5880 = CARTESIAN_POINT ( 'NONE',  ( 0.2793071785686857544, -0.3399999999999999134, 0.1729999999999999871 ) ) ;
#5881 = LINE ( 'NONE', #3552, #9375 ) ;
#5882 = EDGE_CURVE ( 'NONE', #9155, #9796, #7334, .T. ) ;
#5883 = AXIS2_PLACEMENT_3D ( 'NONE', #833, #782, #6152 ) ;
#5884 = ORIENTED_EDGE ( 'NONE', *, *, #6566, .F. ) ;
#5885 = STYLED_ITEM ( 'NONE', ( #5082 ), #2016 ) ;
#5886 = CARTESIAN_POINT ( 'NONE',  ( -0.3499999999999999778, -0.03499999999999997558, 0.01500000000000001679 ) ) ;
#5887 = CARTESIAN_POINT ( 'NONE',  ( -0.3378027839003584498, 0.2420250216428469769, 0.1730000051928049787 ) ) ;
#5888 = ORIENTED_EDGE ( 'NONE', *, *, #7174, .F. ) ;
#5889 =( GEOMETRIC_REPRESENTATION_CONTEXT ( 3 ) GLOBAL_UNCERTAINTY_ASSIGNED_CONTEXT ( ( #5035 ) ) GLOBAL_UNIT_ASSIGNED_CONTEXT ( ( #7906, #7124, #9341 ) ) REPRESENTATION_CONTEXT ( 'NONE', 'WORKASPACE' ) );
#5890 = ORIENTED_EDGE ( 'NONE', *, *, #163, .F. ) ;
#5891 = AXIS2_PLACEMENT_3D ( 'NONE', #1732, #9066, #3244 ) ;
#5892 = DIRECTION ( 'NONE',  ( 6.735369260825570315E-17, -1.760146872403420140E-16, -1.000000000000000000 ) ) ;
#5893 = CARTESIAN_POINT ( 'NONE',  ( 0.2365808694827723491, 0.3049999999999999378, 0.004000000000000010492 ) ) ;
#5894 = AXIS2_PLACEMENT_3D ( 'NONE', #5087, #8922, #1292 ) ;
#5895 = ADVANCED_FACE ( 'NONE', ( #3581 ), #2778, .F. ) ;
#5896 = DIRECTION ( 'NONE',  ( -0.000000000000000000, -1.000000000000000000, -0.000000000000000000 ) ) ;
#5897 = CARTESIAN_POINT ( 'NONE',  ( 0.3642901512833205957, -0.1775000000000000189, 0.09028470468954044592 ) ) ;
#5898 = ORIENTED_EDGE ( 'NONE', *, *, #3522, .F. ) ;
#5899 = AXIS2_PLACEMENT_3D ( 'NONE', #6214, #5534, #2338 ) ;
#5900 = SURFACE_STYLE_FILL_AREA ( #1223 ) ;
#5901 = EDGE_CURVE ( 'NONE', #2317, #5938, #1697, .T. ) ;
#5902 = VERTEX_POINT ( 'NONE', #4744 ) ;
#5903 = DIRECTION ( 'NONE',  ( -0.000000000000000000, -1.000000000000000000, -0.000000000000000000 ) ) ;
#5904 = EDGE_LOOP ( 'NONE', ( #2308, #7681, #921, #7470, #3731, #3297, #9540, #5517 ) ) ;
#5905 = LINE ( 'NONE', #9092, #3685 ) ;
#5906 = DIRECTION ( 'NONE',  ( -0.000000000000000000, 1.000000000000000000, -0.000000000000000000 ) ) ;
#5907 = ORIENTED_EDGE ( 'NONE', *, *, #9501, .F. ) ;
#5908 = EDGE_LOOP ( 'NONE', ( #7385, #3479, #8847, #2397 ) ) ;
#5909 = CARTESIAN_POINT ( 'NONE',  ( 0.1254999999999999727, 0.3490212044152968263, 0.1673148430907077933 ) ) ;
#5910 = CIRCLE ( 'NONE', #3701, 0.04749999999999999362 ) ;
#5911 = VERTEX_POINT ( 'NONE', #948 ) ;
#5912 = PLANE ( 'NONE',  #3320 ) ;
#5913 = ORIENTED_EDGE ( 'NONE', *, *, #5603, .F. ) ;
#5914 = CARTESIAN_POINT ( 'NONE',  ( -0.3608328855244097855, 0.07129477650116627929, 0.01308987000312045526 ) ) ;
#5915 = VERTEX_POINT ( 'NONE', #8488 ) ;
#5916 = CARTESIAN_POINT ( 'NONE',  ( 0.3441421356237308604, -0.2498275605729693427, 0.1729999999999999871 ) ) ;
#5917 = EDGE_LOOP ( 'NONE', ( #3807, #7315, #4315, #9132 ) ) ;
#5918 = EDGE_CURVE ( 'NONE', #7368, #1648, #5493, .T. ) ;
#5919 =( LENGTH_UNIT ( ) NAMED_UNIT ( * ) SI_UNIT ( .CENTI., .METRE. ) );
#5920 =( NAMED_UNIT ( * ) SI_UNIT ( $, .STERADIAN. ) SOLID_ANGLE_UNIT ( ) );
#5921 = ORIENTED_EDGE ( 'NONE', *, *, #7191, .F. ) ;
#5922 = DIRECTION ( 'NONE',  ( 1.000000000000000000, 0.000000000000000000, 0.000000000000000000 ) ) ;
#5923 = PLANE ( 'NONE',  #2161 ) ;
#5924 =( NAMED_UNIT ( * ) SI_UNIT ( $, .STERADIAN. ) SOLID_ANGLE_UNIT ( ) );
#5925 = AXIS2_PLACEMENT_3D ( 'NONE', #507, #5636, #7843 ) ;
#5926 = SURFACE_SIDE_STYLE ('',( #5133 ) ) ;
#5927 = CARTESIAN_POINT ( 'NONE',  ( -0.3396831083848697586, 0.1074999999999999151, -0.1068564751664359408 ) ) ;
#5928 = EDGE_CURVE ( 'NONE', #885, #7808, #1600, .T. ) ;
#5929 = CYLINDRICAL_SURFACE ( 'NONE', #5814, 0.01499999999999999598 ) ;
#5930 = EDGE_CURVE ( 'NONE', #8745, #1725, #8751, .T. ) ;
#5931 = CARTESIAN_POINT ( 'NONE',  ( 0.2356854249492379982, 0.3400000000000000244, 0.1729999999999999871 ) ) ;
#5932 = CARTESIAN_POINT ( 'NONE',  ( 0.1149999999999998662, 0.3500000000000000333, 0.1729999999999999871 ) ) ;
#5933 = VERTEX_POINT ( 'NONE', #4592 ) ;
#5934 = UNCERTAINTY_MEASURE_WITH_UNIT (LENGTH_MEASURE( 1.000000000000000082E-05 ), #564, 'distance_accuracy_value', 'NONE');
#5935 = FILL_AREA_STYLE ('',( #8002 ) ) ;
#5936 = CARTESIAN_POINT ( 'NONE',  ( 0.2780547203178223570, -0.3229860436907430188, 0.1879999999999999727 ) ) ;
#5937 = EDGE_CURVE ( 'NONE', #8081, #6001, #4688, .T. ) ;
#5938 = VERTEX_POINT ( 'NONE', #9272 ) ;
#5939 = ORIENTED_EDGE ( 'NONE', *, *, #4587, .T. ) ;
#5940 = COLOUR_RGB ( '',0.6470588235294117974, 0.6196078431372549211, 0.5882352941176470784 ) ;
#5941 = DIRECTION ( 'NONE',  ( 0.000000000000000000, -1.000000000000000000, 0.000000000000000000 ) ) ;
#5942 = DIRECTION ( 'NONE',  ( -0.000000000000000000, 1.000000000000000000, -0.000000000000000000 ) ) ;
#5943 = CIRCLE ( 'NONE', #861, 0.02000000024674755336 ) ;
#5944 = DIRECTION ( 'NONE',  ( 0.000000000000000000, -1.000000000000000000, 3.336006684888658547E-16 ) ) ;
#5945 = EDGE_LOOP ( 'NONE', ( #6146, #6456, #5391, #6153 ) ) ;
#5946 = CARTESIAN_POINT ( 'NONE',  ( 0.1849999999999997202, 0.3725000000000006084, 0.03999999999999979960 ) ) ;
#5947 = ORIENTED_EDGE ( 'NONE', *, *, #3105, .T. ) ;
#5948 = AXIS2_PLACEMENT_3D ( 'NONE', #8205, #9033, #8295 ) ;
#5949 = AXIS2_PLACEMENT_3D ( 'NONE', #8433, #3894, #7692 ) ;
#5950 = CARTESIAN_POINT ( 'NONE',  ( 0.09758073580374339306, 0.02616295090390256470, 0.5000000000000002220 ) ) ;
#5951 = ORIENTED_EDGE ( 'NONE', *, *, #9029, .T. ) ;
#5952 = CARTESIAN_POINT ( 'NONE',  ( 0.3229860436907419086, 0.2780547203178235227, 0.1879999999999999727 ) ) ;
#5953 = DIRECTION ( 'NONE',  ( 0.000000000000000000, 0.000000000000000000, 1.000000000000000000 ) ) ;
#5954 = ORIENTED_EDGE ( 'NONE', *, *, #1904, .T. ) ;
#5955 = ORIENTED_EDGE ( 'NONE', *, *, #6487, .T. ) ;
#5956 = CARTESIAN_POINT ( 'NONE',  ( 0.2409745702179831306, -0.3385053729295698366, 0.1729999948783370600 ) ) ;
#5957 =( NAMED_UNIT ( * ) PLANE_ANGLE_UNIT ( ) SI_UNIT ( $, .RADIAN. ) );
#5958 = VECTOR ( 'NONE', #7778, 100.0000000000000000 ) ;
#5959 = CARTESIAN_POINT ( 'NONE',  ( -0.07000000000000000666, 0.2600000000000000644, 0.007000000000000001013 ) ) ;
#5960 = CARTESIAN_POINT ( 'NONE',  ( 0.07999999999999998779, -0.3725000000000006084, -2.168404344971008868E-16 ) ) ;
#5961 = COLOUR_RGB ( '',0.6470588235294117974, 0.6196078431372549211, 0.5882352941176470784 ) ;
#5962 = ORIENTED_EDGE ( 'NONE', *, *, #9159, .F. ) ;
#5963 = CARTESIAN_POINT ( 'NONE',  ( 0.3514696961967002098, 0.2424999999999999933, 0.1729999999999999871 ) ) ;
#5964 = VERTEX_POINT ( 'NONE', #8537 ) ;
#5965 = DIRECTION ( 'NONE',  ( 0.000000000000000000, 0.000000000000000000, -1.000000000000000000 ) ) ;
#5966 = ORIENTED_EDGE ( 'NONE', *, *, #9478, .F. ) ;
#5967 = DIRECTION ( 'NONE',  ( 0.000000000000000000, 1.000000000000000000, 0.000000000000000000 ) ) ;
#5968 = MECHANICAL_DESIGN_GEOMETRIC_PRESENTATION_REPRESENTATION (  '', ( #3269 ), #4697 ) ;
#5969 = DIRECTION ( 'NONE',  ( -0.1736481776669273336, 0.000000000000000000, 0.9848077530122085754 ) ) ;
#5970 = ORIENTED_EDGE ( 'NONE', *, *, #1612, .T. ) ;
#5971 = VECTOR ( 'NONE', #5819, 100.0000000000000000 ) ;
#5972 = FILL_AREA_STYLE ('',( #745 ) ) ;
#5973 = MECHANICAL_DESIGN_GEOMETRIC_PRESENTATION_REPRESENTATION (  '', ( #3592 ), #1200 ) ;
#5974 = PLANE ( 'NONE',  #9511 ) ;
#5975 = ORIENTED_EDGE ( 'NONE', *, *, #405, .T. ) ;
#5976 = LINE ( 'NONE', #8970, #9748 ) ;
#5977 = AXIS2_PLACEMENT_3D ( 'NONE', #2333, #7632, #6898 ) ;
#5978 = EDGE_CURVE ( 'NONE', #475, #770, #7594, .T. ) ;
#5979 = UNCERTAINTY_MEASURE_WITH_UNIT (LENGTH_MEASURE( 1.000000000000000082E-05 ), #4007, 'distance_accuracy_value', 'NONE');
#5980 = DIRECTION ( 'NONE',  ( -0.000000000000000000, 0.000000000000000000, -1.000000000000000000 ) ) ;
#5981 = DIRECTION ( 'NONE',  ( 0.000000000000000000, 0.000000000000000000, -1.000000000000000000 ) ) ;
#5982 = VECTOR ( 'NONE', #5574, 100.0000000000000000 ) ;
#5983 = VECTOR ( 'NONE', #7199, 100.0000000000000142 ) ;
#5984 = CARTESIAN_POINT ( 'NONE',  ( 0.3514696961967002098, 0.2424999999999999933, 0.1879999999999999727 ) ) ;
#5985 = DIRECTION ( 'NONE',  ( 0.5547001962252292584, -0.8320502943378437211, 0.000000000000000000 ) ) ;
#5986 = EDGE_CURVE ( 'NONE', #9602, #2068, #2351, .T. ) ;
#5987 = ORIENTED_EDGE ( 'NONE', *, *, #8436, .T. ) ;
#5988 = MECHANICAL_DESIGN_GEOMETRIC_PRESENTATION_REPRESENTATION (  '', ( #430 ), #1211 ) ;
#5989 = CARTESIAN_POINT ( 'NONE',  ( 0.2793071785686857544, 0.3400000000000000244, 0.1879999999999999727 ) ) ;
#5990 = CARTESIAN_POINT ( 'NONE',  ( 0.3499999999999999778, 0.03499999999999999639, 0.003999999877501220734 ) ) ;
#5991 = EDGE_CURVE ( 'NONE', #5654, #8447, #49, .T. ) ;
#5992 = ORIENTED_EDGE ( 'NONE', *, *, #2111, .F. ) ;
#5993 = CARTESIAN_POINT ( 'NONE',  ( -0.3724999999999999978, 0.000000000000000000, 0.1680000000000000659 ) ) ;
#5994 = DIRECTION ( 'NONE',  ( -0.7071067811865490160, 0.7071067811865460184, 0.000000000000000000 ) ) ;
#5995 = AXIS2_PLACEMENT_3D ( 'NONE', #2460, #6431, #5501 ) ;
#5996 = DIRECTION ( 'NONE',  ( 6.735369260825570315E-17, -1.760146872403420140E-16, -1.000000000000000000 ) ) ;
#5997 = CARTESIAN_POINT ( 'NONE',  ( 0.3642901512833205402, 0.03499999999999999639, 0.09028470468954055694 ) ) ;
#5998 = ADVANCED_FACE ( 'NONE', ( #855 ), #9172, .F. ) ;
#5999 = EDGE_LOOP ( 'NONE', ( #97, #7803, #4980, #5448 ) ) ;
#6000 = DIRECTION ( 'NONE',  ( -0.000000000000000000, 0.000000000000000000, 1.000000000000000000 ) ) ;
#6001 = VERTEX_POINT ( 'NONE', #2403 ) ;
#6002 = DIRECTION ( 'NONE',  ( -1.000000000000000000, 0.000000000000000000, 0.000000000000000000 ) ) ;
#6003 = EDGE_CURVE ( 'NONE', #4185, #6765, #2299, .T. ) ;
#6004 = PRESENTATION_LAYER_ASSIGNMENT (  '', '', ( #1063 ) ) ;
#6005 = DIRECTION ( 'NONE',  ( -0.7071067811865487940, 0.7071067811865462405, -1.720874317173268168E-16 ) ) ;
#6006 = CARTESIAN_POINT ( 'NONE',  ( 0.2793071785686857544, 0.3429467888754760829, 0.1729999999999999871 ) ) ;
#6007 = EDGE_LOOP ( 'NONE', ( #1420, #9037, #3523, #5666 ) ) ;
#6008 = VERTEX_POINT ( 'NONE', #8343 ) ;
#6009 = DIRECTION ( 'NONE',  ( -0.000000000000000000, 1.000000000000000000, -3.491483361109382461E-15 ) ) ;
#6010 = DIRECTION ( 'NONE',  ( 6.735369260825570315E-17, -1.760146872403420140E-16, -1.000000000000000000 ) ) ;
#6011 = CARTESIAN_POINT ( 'NONE',  ( -0.3429467888754750282, -0.2793071785686869757, 0.1879999999999999727 ) ) ;
#6012 = EDGE_CURVE ( 'NONE', #2317, #9674, #3849, .T. ) ;
#6013 = ORIENTED_EDGE ( 'NONE', *, *, #2838, .F. ) ;
#6014 = DIRECTION ( 'NONE',  ( -1.000000000000000000, -2.208151064125263996E-16, 0.000000000000000000 ) ) ;
#6015 = VERTEX_POINT ( 'NONE', #1645 ) ;
#6016 = DIRECTION ( 'NONE',  ( 0.000000000000000000, 1.606956701768064271E-16, -1.000000000000000000 ) ) ;
#6017 = VERTEX_POINT ( 'NONE', #60 ) ;
#6018 = CARTESIAN_POINT ( 'NONE',  ( -0.1255000000000000004, 0.3490212044152968263, 0.1673148430907077933 ) ) ;
#6019 = COLOUR_RGB ( '',0.6470588235294117974, 0.6196078431372549211, 0.5882352941176470784 ) ;
#6020 = ORIENTED_EDGE ( 'NONE', *, *, #9353, .F. ) ;
#6021 =( NAMED_UNIT ( * ) SI_UNIT ( $, .STERADIAN. ) SOLID_ANGLE_UNIT ( ) );
#6022 = ORIENTED_EDGE ( 'NONE', *, *, #8852, .F. ) ;
#6023 = DIRECTION ( 'NONE',  ( 1.548860246407863829E-16, 1.000000000000000000, 0.000000000000000000 ) ) ;
#6024 = ADVANCED_FACE ( 'NONE', ( #3110 ), #214, .T. ) ;
#6025 = VECTOR ( 'NONE', #158, 100.0000000000000000 ) ;
#6026 = CARTESIAN_POINT ( 'NONE',  ( 0.07000000000000000666, -0.3049999999999999933, 0.06800000000000000488 ) ) ;
#6027 =( LENGTH_UNIT ( ) NAMED_UNIT ( * ) SI_UNIT ( .CENTI., .METRE. ) );
#6028 = DIRECTION ( 'NONE',  ( 1.000000000000000000, -0.000000000000000000, 0.000000000000000000 ) ) ;
#6029 = EDGE_CURVE ( 'NONE', #5526, #6851, #2593, .T. ) ;
#6030 = DIRECTION ( 'NONE',  ( -1.480679104661777854E-14, -1.000000000000000000, -7.403395523308860873E-15 ) ) ;
#6031 = STYLED_ITEM ( 'NONE', ( #7040 ), #3094 ) ;
#6032 = CARTESIAN_POINT ( 'NONE',  ( -0.3298350308547478016, 0.2250000000000000611, -0.1051199933897666722 ) ) ;
#6033 = VERTEX_POINT ( 'NONE', #7255 ) ;
#6034 = CARTESIAN_POINT ( 'NONE',  ( -0.1060660171779820166, -0.03535533905932775750, 0.3150000000000001132 ) ) ;
#6035 = AXIS2_PLACEMENT_3D ( 'NONE', #3472, #3420, #3517 ) ;
#6036 = EDGE_CURVE ( 'NONE', #6703, #2216, #8776, .T. ) ;
#6037 = ORIENTED_EDGE ( 'NONE', *, *, #5882, .F. ) ;
#6038 = SURFACE_STYLE_USAGE ( .BOTH. , #3764 ) ;
#6039 = CARTESIAN_POINT ( 'NONE',  ( 0.1310000000000000608, 0.3575000001233736846, 0.1679999999999999549 ) ) ;
#6040 = VERTEX_POINT ( 'NONE', #4931 ) ;
#6041 = CARTESIAN_POINT ( 'NONE',  ( -0.2687005768508874959, -0.3323401871576777689, 0.1879999999999999727 ) ) ;
#6042 = VERTEX_POINT ( 'NONE', #8633 ) ;
#6043 = DIRECTION ( 'NONE',  ( -1.788374717501863286E-16, 1.000000000000000000, -5.170559343823121797E-31 ) ) ;
#6044 = CARTESIAN_POINT ( 'NONE',  ( 0.2149999999999999689, -0.3524999999999999800, 0.1880000001233737561 ) ) ;
#6045 = COLOUR_RGB ( '',0.6470588235294117974, 0.6196078431372549211, 0.5882352941176470784 ) ;
#6046 = ORIENTED_EDGE ( 'NONE', *, *, #2399, .T. ) ;
#6047 = EDGE_CURVE ( 'NONE', #850, #4352, #9512, .T. ) ;
#6048 = ORIENTED_EDGE ( 'NONE', *, *, #5805, .T. ) ;
#6049 = LINE ( 'NONE', #878, #3590 ) ;
#6050 = DIRECTION ( 'NONE',  ( -0.1736481776669273336, 0.000000000000000000, -0.9848077530122085754 ) ) ;
#6051 = DIRECTION ( 'NONE',  ( 0.000000000000000000, 3.491483361109383250E-15, -1.000000000000000000 ) ) ;
#6052 = CYLINDRICAL_SURFACE ( 'NONE', #550, 0.009999999999999982861 ) ;
#6053 = AXIS2_PLACEMENT_3D ( 'NONE', #6547, #7465, #674 ) ;
#6054 = ADVANCED_FACE ( 'NONE', ( #8683 ), #1145, .F. ) ;
#6055 = LINE ( 'NONE', #7673, #8237 ) ;
#6056 = EDGE_LOOP ( 'NONE', ( #6803, #3031, #2332, #7256 ) ) ;
#6057 = DIRECTION ( 'NONE',  ( 0.7071067811865489050, 0.7071067811865461294, 0.000000000000000000 ) ) ;
#6058 = ORIENTED_EDGE ( 'NONE', *, *, #4642, .F. ) ;
#6059 = VERTEX_POINT ( 'NONE', #8043 ) ;
#6060 = DIRECTION ( 'NONE',  ( 0.000000000000000000, -1.000000000000000000, 0.000000000000000000 ) ) ;
#6061 = ORIENTED_EDGE ( 'NONE', *, *, #5991, .T. ) ;
#6062 = VECTOR ( 'NONE', #1683, 100.0000000000000000 ) ;
#6063 = EDGE_CURVE ( 'NONE', #975, #6523, #3353, .T. ) ;
#6064 = VECTOR ( 'NONE', #5719, 100.0000000000000000 ) ;
#6065 = CARTESIAN_POINT ( 'NONE',  ( -0.3300000000000000155, -0.2356854249492383591, 0.1729999999999999871 ) ) ;
#6066 = DIRECTION ( 'NONE',  ( -0.7071067811865461294, -0.7071067811865489050, 0.000000000000000000 ) ) ;
#6067 = DIRECTION ( 'NONE',  ( 0.000000000000000000, 0.000000000000000000, -1.000000000000000000 ) ) ;
#6068 = AXIS2_PLACEMENT_3D ( 'NONE', #2327, #8411, #3968 ) ;
#6069 = CARTESIAN_POINT ( 'NONE',  ( 0.2439696961966996425, -0.3500000000000000333, 0.1729999999999999871 ) ) ;
#6070 = EDGE_LOOP ( 'NONE', ( #1733, #7645, #4557, #7265 ) ) ;
#6071 = LINE ( 'NONE', #6912, #5808 ) ;
#6072 = CIRCLE ( 'NONE', #6392, 0.2044929080402673183 ) ;
#6073 = FACE_OUTER_BOUND ( 'NONE', #4619, .T. ) ;
#6074 = ADVANCED_FACE ( 'NONE', ( #3454 ), #9465, .F. ) ;
#6075 = UNCERTAINTY_MEASURE_WITH_UNIT (LENGTH_MEASURE( 1.000000000000000082E-05 ), #6980, 'distance_accuracy_value', 'NONE');
#6076 = CARTESIAN_POINT ( 'NONE',  ( 0.3741382288134425527, -0.1074999999999999983, 0.08854822291287117730 ) ) ;
#6077 = VECTOR ( 'NONE', #2682, 100.0000000000000000 ) ;
#6078 = ORIENTED_EDGE ( 'NONE', *, *, #8349, .F. ) ;
#6079 = VERTEX_POINT ( 'NONE', #4184 ) ;
#6080 =( NAMED_UNIT ( * ) PLANE_ANGLE_UNIT ( ) SI_UNIT ( $, .RADIAN. ) );
#6081 = DIRECTION ( 'NONE',  ( -4.864909963427316455E-17, 1.000000000000000000, 2.737953000754034909E-18 ) ) ;
#6082 = LINE ( 'NONE', #1512, #1118 ) ;
#6083 = UNCERTAINTY_MEASURE_WITH_UNIT (LENGTH_MEASURE( 1.000000000000000082E-05 ), #8127, 'distance_accuracy_value', 'NONE');
#6084 = FILL_AREA_STYLE_COLOUR ( '', #9586 ) ;
#6085 = VECTOR ( 'NONE', #1085, 100.0000000000000000 ) ;
#6086 = ORIENTED_EDGE ( 'NONE', *, *, #8707, .F. ) ;
#6087 = CARTESIAN_POINT ( 'NONE',  ( -0.3500000000000000333, 0.000000000000000000, 0.003999999877501211193 ) ) ;
#6088 = EDGE_CURVE ( 'NONE', #1763, #9007, #6578, .T. ) ;
#6089 = VERTEX_POINT ( 'NONE', #5826 ) ;
#6090 = CARTESIAN_POINT ( 'NONE',  ( 0.1310000000000000331, -0.3724999999999997757, 0.1019349540849362190 ) ) ;
#6091 = SURFACE_STYLE_USAGE ( .BOTH. , #1417 ) ;
#6092 = DIRECTION ( 'NONE',  ( 0.000000000000000000, 0.000000000000000000, 1.000000000000000000 ) ) ;
#6093 = VERTEX_POINT ( 'NONE', #311 ) ;
#6094 = ORIENTED_EDGE ( 'NONE', *, *, #2664, .F. ) ;
#6095 = FACE_OUTER_BOUND ( 'NONE', #6175, .T. ) ;
#6096 = FILL_AREA_STYLE_COLOUR ( '', #949 ) ;
#6097 =( GEOMETRIC_REPRESENTATION_CONTEXT ( 3 ) GLOBAL_UNCERTAINTY_ASSIGNED_CONTEXT ( ( #5487 ) ) GLOBAL_UNIT_ASSIGNED_CONTEXT ( ( #4589, #5338, #12 ) ) REPRESENTATION_CONTEXT ( 'NONE', 'WORKASPACE' ) );
#6098 = ORIENTED_EDGE ( 'NONE', *, *, #9547, .T. ) ;
#6099 = CARTESIAN_POINT ( 'NONE',  ( 0.1849999999999999423, -0.3725000000000001088, 0.1679999999999998994 ) ) ;
#6100 = EDGE_CURVE ( 'NONE', #1873, #9238, #2599, .T. ) ;
#6101 = ORIENTED_EDGE ( 'NONE', *, *, #761, .F. ) ;
#6102 = FILL_AREA_STYLE ('',( #1584 ) ) ;
#6103 = VERTEX_POINT ( 'NONE', #1799 ) ;
#6104 = DIRECTION ( 'NONE',  ( -0.000000000000000000, 0.000000000000000000, 1.000000000000000000 ) ) ;
#6105 = AXIS2_PLACEMENT_3D ( 'NONE', #2876, #4501, #9042 ) ;
#6106 = ORIENTED_EDGE ( 'NONE', *, *, #4910, .F. ) ;
#6107 = ADVANCED_FACE ( 'NONE', ( #6526 ), #3402, .T. ) ;
#6108 = AXIS2_PLACEMENT_3D ( 'NONE', #3262, #9234, #1563 ) ;
#6109 = PRESENTATION_STYLE_ASSIGNMENT (( #6771 ) ) ;
#6110 = FILL_AREA_STYLE ('',( #101 ) ) ;
#6111 = FILL_AREA_STYLE_COLOUR ( '', #8243 ) ;
#6112 = CARTESIAN_POINT ( 'NONE',  ( -0.3298350308547479126, -0.2250000000000000611, -0.1051199933897667138 ) ) ;
#6113 = DIRECTION ( 'NONE',  ( -0.7071067811865461294, -0.7071067811865489050, -0.000000000000000000 ) ) ;
#6114 = ADVANCED_FACE ( 'NONE', ( #3006 ), #4437, .T. ) ;
#6115 = ORIENTED_EDGE ( 'NONE', *, *, #8216, .T. ) ;
#6116 = VECTOR ( 'NONE', #1065, 100.0000000000000142 ) ;
#6117 = DIRECTION ( 'NONE',  ( 0.000000000000000000, 0.000000000000000000, -1.000000000000000000 ) ) ;
#6118 = DIRECTION ( 'NONE',  ( 0.7071067811865519026, 0.7071067811865431318, 0.000000000000000000 ) ) ;
#6119 = EDGE_CURVE ( 'NONE', #4772, #6196, #8826, .T. ) ;
#6120 = EDGE_LOOP ( 'NONE', ( #5293, #1023, #195, #3172 ) ) ;
#6121 = PRESENTATION_STYLE_ASSIGNMENT (( #7745 ) ) ;
#6122 = DIRECTION ( 'NONE',  ( 0.000000000000000000, -1.000000000000000000, 3.336006684888658547E-16 ) ) ;
#6123 = AXIS2_PLACEMENT_3D ( 'NONE', #4209, #292, #1169 ) ;
#6124 = VECTOR ( 'NONE', #1539, 100.0000000000000142 ) ;
#6125 = SURFACE_STYLE_USAGE ( .BOTH. , #6874 ) ;
#6126 = EDGE_CURVE ( 'NONE', #2768, #6193, #9386, .T. ) ;
#6127 = VERTEX_POINT ( 'NONE', #1290 ) ;
#6128 = SURFACE_STYLE_FILL_AREA ( #3951 ) ;
#6129 = AXIS2_PLACEMENT_3D ( 'NONE', #6798, #8360, #9091 ) ;
#6130 = VERTEX_POINT ( 'NONE', #1441 ) ;
#6131 = CARTESIAN_POINT ( 'NONE',  ( 0.3574999999999999845, 0.2425000000000000488, 0.1680000000000000659 ) ) ;
#6132 = LINE ( 'NONE', #7658, #2948 ) ;
#6133 = LINE ( 'NONE', #2363, #3681 ) ;
#6134 = DIRECTION ( 'NONE',  ( -0.000000000000000000, -0.000000000000000000, 1.000000000000000000 ) ) ;
#6135 = AXIS2_PLACEMENT_3D ( 'NONE', #1001, #3406, #268 ) ;
#6136 = EDGE_CURVE ( 'NONE', #3867, #2546, #8236, .T. ) ;
#6137 = ORIENTED_EDGE ( 'NONE', *, *, #3403, .T. ) ;
#6138 = FACE_OUTER_BOUND ( 'NONE', #7, .T. ) ;
#6139 = ORIENTED_EDGE ( 'NONE', *, *, #1989, .T. ) ;
#6140 = DIRECTION ( 'NONE',  ( 0.000000000000000000, 0.000000000000000000, -1.000000000000000000 ) ) ;
#6141 = DIRECTION ( 'NONE',  ( -0.000000000000000000, -1.000000000000000000, 0.000000000000000000 ) ) ;
#6142 = DIRECTION ( 'NONE',  ( -1.000000000000000000, 0.000000000000000000, -0.000000000000000000 ) ) ;
#6143 = UNCERTAINTY_MEASURE_WITH_UNIT (LENGTH_MEASURE( 1.000000000000000082E-05 ), #4650, 'distance_accuracy_value', 'NONE');
#6144 = ORIENTED_EDGE ( 'NONE', *, *, #8044, .T. ) ;
#6145 = AXIS2_PLACEMENT_3D ( 'NONE', #9424, #955, #4797 ) ;
#6146 = ORIENTED_EDGE ( 'NONE', *, *, #874, .T. ) ;
#6147 = FILL_AREA_STYLE ('',( #9097 ) ) ;
#6148 = SURFACE_STYLE_USAGE ( .BOTH. , #1016 ) ;
#6149 = EDGE_CURVE ( 'NONE', #1652, #5902, #7492, .T. ) ;
#6150 = CARTESIAN_POINT ( 'NONE',  ( 0.2149999999999999689, 0.3524999999999999800, 0.1680000000000000382 ) ) ;
#6151 = DIRECTION ( 'NONE',  ( 1.000000000000000000, 0.000000000000000000, -0.000000000000000000 ) ) ;
#6152 = DIRECTION ( 'NONE',  ( 0.000000000000000000, 1.000000000000000000, 0.000000000000000000 ) ) ;
#6153 = ORIENTED_EDGE ( 'NONE', *, *, #6180, .T. ) ;
#6154 = AXIS2_PLACEMENT_3D ( 'NONE', #9221, #9367, #4085 ) ;
#6155 = LINE ( 'NONE', #7576, #1561 ) ;
#6156 = ORIENTED_EDGE ( 'NONE', *, *, #6257, .F. ) ;
#6157 = PRESENTATION_STYLE_ASSIGNMENT (( #192 ) ) ;
#6158 = VECTOR ( 'NONE', #8420, 100.0000000000000000 ) ;
#6159 = ORIENTED_EDGE ( 'NONE', *, *, #3753, .T. ) ;
#6160 = LINE ( 'NONE', #4869, #8706 ) ;
#6161 = VERTEX_POINT ( 'NONE', #7350 ) ;
#6162 = VECTOR ( 'NONE', #8516, 100.0000000000000000 ) ;
#6163 = CYLINDRICAL_SURFACE ( 'NONE', #7282, 0.02000000000000001082 ) ;
#6164 = EDGE_CURVE ( 'NONE', #2109, #7187, #558, .T. ) ;
#6165 = DIRECTION ( 'NONE',  ( 1.000000000000000000, 0.000000000000000000, 0.000000000000000000 ) ) ;
#6166 = CARTESIAN_POINT ( 'NONE',  ( 0.3525000000000000355, 0.2425000000000000488, 0.1729999999999999871 ) ) ;
#6167 = SURFACE_STYLE_USAGE ( .BOTH. , #4732 ) ;
#6168 = DIRECTION ( 'NONE',  ( 2.208151064125263996E-16, 0.000000000000000000, -1.000000000000000000 ) ) ;
#6169 = ADVANCED_FACE ( 'NONE', ( #610 ), #2247, .F. ) ;
#6170 = DIRECTION ( 'NONE',  ( -0.000000000000000000, -0.000000000000000000, 1.000000000000000000 ) ) ;
#6171 = ORIENTED_EDGE ( 'NONE', *, *, #7895, .T. ) ;
#6172 = PLANE ( 'NONE',  #1195 ) ;
#6173 = FACE_OUTER_BOUND ( 'NONE', #6120, .T. ) ;
#6174 = DIRECTION ( 'NONE',  ( 0.7071067811865489050, -0.7071067811865461294, 0.000000000000000000 ) ) ;
#6175 = EDGE_LOOP ( 'NONE', ( #8793, #5063, #4699, #2839, #4250, #1235 ) ) ;
#6176 = ADVANCED_FACE ( 'NONE', ( #8139 ), #3745, .F. ) ;
#6177 = DIRECTION ( 'NONE',  ( -1.000000000000000000, -0.000000000000000000, -0.000000000000000000 ) ) ;
#6178 = VECTOR ( 'NONE', #1855, 100.0000000000000000 ) ;
#6179 = CYLINDRICAL_SURFACE ( 'NONE', #4992, 0.001000000244997557852 ) ;
#6180 = EDGE_CURVE ( 'NONE', #6899, #7297, #2146, .T. ) ;
#6181 = LINE ( 'NONE', #4693, #5335 ) ;
#6182 = ORIENTED_EDGE ( 'NONE', *, *, #5986, .T. ) ;
#6183 = AXIS2_PLACEMENT_3D ( 'NONE', #6470, #6518, #8720 ) ;
#6184 = LINE ( 'NONE', #5399, #2654 ) ;
#6185 = AXIS2_PLACEMENT_3D ( 'NONE', #3678, #5115, #1322 ) ;
#6186 = EDGE_CURVE ( 'NONE', #6523, #8081, #6630, .T. ) ;
#6187 = ORIENTED_EDGE ( 'NONE', *, *, #2466, .T. ) ;
#6188 = FILL_AREA_STYLE_COLOUR ( '', #2154 ) ;
#6189 = CARTESIAN_POINT ( 'NONE',  ( 0.3499999999999999778, -0.2356854249492383591, 0.1630000000000000060 ) ) ;
#6190 = DIRECTION ( 'NONE',  ( -1.000000000000000000, 0.000000000000000000, 0.000000000000000000 ) ) ;
#6191 = CYLINDRICAL_SURFACE ( 'NONE', #4392, 0.009999999999999998473 ) ;
#6192 = AXIS2_PLACEMENT_3D ( 'NONE', #1128, #2775, #5667 ) ;
#6193 = VERTEX_POINT ( 'NONE', #9615 ) ;
#6194 = AXIS2_PLACEMENT_3D ( 'NONE', #7579, #6060, #6856 ) ;
#6195 = FILL_AREA_STYLE ('',( #176 ) ) ;
#6196 = VERTEX_POINT ( 'NONE', #2852 ) ;
#6197 = LINE ( 'NONE', #6090, #8490 ) ;
#6198 = CARTESIAN_POINT ( 'NONE',  ( -0.08500000000000000611, -0.2600000000000000644, 0.006999999999999999278 ) ) ;
#6199 = VECTOR ( 'NONE', #8956, 100.0000000000000000 ) ;
#6200 = FACE_OUTER_BOUND ( 'NONE', #585, .T. ) ;
#6201 = ORIENTED_EDGE ( 'NONE', *, *, #7760, .F. ) ;
#6202 = ORIENTED_EDGE ( 'NONE', *, *, #4989, .T. ) ;
#6203 = CARTESIAN_POINT ( 'NONE',  ( -0.2780547203178223570, 0.3229860436907429633, 0.1879999999999999727 ) ) ;
#6204 = VECTOR ( 'NONE', #8356, 100.0000000000000000 ) ;
#6205 = VERTEX_POINT ( 'NONE', #1396 ) ;
#6206 = CARTESIAN_POINT ( 'NONE',  ( -0.07000000000000000666, 0.1900000000000000022, 0.007000000000000001013 ) ) ;
#6207 = ORIENTED_EDGE ( 'NONE', *, *, #2326, .F. ) ;
#6208 = COLOUR_RGB ( '',0.6470588235294117974, 0.6196078431372549211, 0.5882352941176470784 ) ;
#6209 = CARTESIAN_POINT ( 'NONE',  ( 2.168404344971008868E-17, 1.227666219484110049E-17, 0.1899909248852624521 ) ) ;
#6210 = EDGE_LOOP ( 'NONE', ( #1700, #119, #7903, #4311 ) ) ;
#6211 = PLANE ( 'NONE',  #2024 ) ;
#6212 = ORIENTED_EDGE ( 'NONE', *, *, #6186, .T. ) ;
#6213 = AXIS2_PLACEMENT_3D ( 'NONE', #2262, #7019, #7894 ) ;
#6214 = CARTESIAN_POINT ( 'NONE',  ( -0.1149999999999998662, -0.3500000000000000333, 0.06800000000000000488 ) ) ;
#6215 = LINE ( 'NONE', #2444, #715 ) ;
#6216 =( GEOMETRIC_REPRESENTATION_CONTEXT ( 3 ) GLOBAL_UNCERTAINTY_ASSIGNED_CONTEXT ( ( #601 ) ) GLOBAL_UNIT_ASSIGNED_CONTEXT ( ( #3817, #2125, #7419 ) ) REPRESENTATION_CONTEXT ( 'NONE', 'WORKASPACE' ) );
#6217 = DIRECTION ( 'NONE',  ( 1.000000000000000000, 0.000000000000000000, -0.000000000000000000 ) ) ;
#6218 = ORIENTED_EDGE ( 'NONE', *, *, #3563, .F. ) ;
#6219 = CARTESIAN_POINT ( 'NONE',  ( 0.1310000000000000608, 0.3429467888754760829, 0.1879999999999999727 ) ) ;
#6220 = EDGE_LOOP ( 'NONE', ( #3174, #5884, #2912, #3289 ) ) ;
#6221 = CARTESIAN_POINT ( 'NONE',  ( 0.3525000000000000355, 0.2425000000000000488, 0.1680000000000000382 ) ) ;
#6222 = VECTOR ( 'NONE', #1839, 100.0000000000000000 ) ;
#6223 = EDGE_CURVE ( 'NONE', #8022, #3775, #1640, .T. ) ;
#6224 = CARTESIAN_POINT ( 'NONE',  ( 0.2605587312717443371, 0.3575000002467475513, 0.1679999999999998994 ) ) ;
#6225 = FILL_AREA_STYLE_COLOUR ( '', #2253 ) ;
#6226 = CARTESIAN_POINT ( 'NONE',  ( -0.3575000000000000955, -0.2425000000000000488, 0.1729999999999999871 ) ) ;
#6227 = STYLED_ITEM ( 'NONE', ( #4124 ), #4728 ) ;
#6228 = CARTESIAN_POINT ( 'NONE',  ( 0.3499999999999999778, -0.07129477650116627929, 0.01500000000000001679 ) ) ;
#6229 = ORIENTED_EDGE ( 'NONE', *, *, #2455, .T. ) ;
#6230 = DIRECTION ( 'NONE',  ( 0.000000000000000000, 1.000000000000000000, 0.000000000000000000 ) ) ;
#6231 = EDGE_CURVE ( 'NONE', #6015, #699, #9715, .T. ) ;
#6232 = DIRECTION ( 'NONE',  ( 0.000000000000000000, 0.000000000000000000, 1.000000000000000000 ) ) ;
#6233 = EDGE_CURVE ( 'NONE', #5065, #2771, #989, .T. ) ;
#6234 = VECTOR ( 'NONE', #6637, 100.0000000000000000 ) ;
#6235 = ORIENTED_EDGE ( 'NONE', *, *, #3336, .F. ) ;
#6236 =( LENGTH_UNIT ( ) NAMED_UNIT ( * ) SI_UNIT ( .CENTI., .METRE. ) );
#6237 = DIRECTION ( 'NONE',  ( -0.000000000000000000, -0.000000000000000000, 1.000000000000000000 ) ) ;
#6238 = DIRECTION ( 'NONE',  ( 0.000000000000000000, 0.000000000000000000, -1.000000000000000000 ) ) ;
#6239 = DIRECTION ( 'NONE',  ( -0.7071067811865547892, -0.7071067811865403563, 0.000000000000000000 ) ) ;
#6240 = VERTEX_POINT ( 'NONE', #796 ) ;
#6241 = EDGE_CURVE ( 'NONE', #5176, #24, #7033, .T. ) ;
#6242 = VECTOR ( 'NONE', #9128, 100.0000000000000000 ) ;
#6243 = CARTESIAN_POINT ( 'NONE',  ( 0.3400000000000000244, 0.2356854249492383591, 0.1630000000000000060 ) ) ;
#6244 = DIRECTION ( 'NONE',  ( -0.000000000000000000, 1.000000000000000000, -0.000000000000000000 ) ) ;
#6245 = LINE ( 'NONE', #4711, #5543 ) ;
#6246 = ORIENTED_EDGE ( 'NONE', *, *, #3540, .T. ) ;
#6247 = ORIENTED_EDGE ( 'NONE', *, *, #6164, .F. ) ;
#6248 =( NAMED_UNIT ( * ) PLANE_ANGLE_UNIT ( ) SI_UNIT ( $, .RADIAN. ) );
#6249 = DIRECTION ( 'NONE',  ( 0.000000000000000000, -1.000000000000000000, 0.000000000000000000 ) ) ;
#6250 = VERTEX_POINT ( 'NONE', #940 ) ;
#6251 = CARTESIAN_POINT ( 'NONE',  ( 1.469097492964322895E-17, 0.3399999999999999689, 0.1879999999999999727 ) ) ;
#6252 = ORIENTED_EDGE ( 'NONE', *, *, #9159, .T. ) ;
#6253 = DIRECTION ( 'NONE',  ( 0.000000000000000000, -1.000000000000000000, -3.491483361109382461E-15 ) ) ;
#6254 = ORIENTED_EDGE ( 'NONE', *, *, #5134, .T. ) ;
#6255 = FILL_AREA_STYLE ('',( #4674 ) ) ;
#6256 = EDGE_LOOP ( 'NONE', ( #9291, #9166, #7561, #4362, #6842, #7735 ) ) ;
#6257 = EDGE_CURVE ( 'NONE', #6853, #1763, #848, .T. ) ;
#6258 = CARTESIAN_POINT ( 'NONE',  ( 0.1849999999999999423, 0.3725000000000001088, 0.1679999999999999272 ) ) ;
#6259 = PLANE ( 'NONE',  #506 ) ;
#6260 =( GEOMETRIC_REPRESENTATION_CONTEXT ( 3 ) GLOBAL_UNCERTAINTY_ASSIGNED_CONTEXT ( ( #13 ) ) GLOBAL_UNIT_ASSIGNED_CONTEXT ( ( #4328, #5678, #2041 ) ) REPRESENTATION_CONTEXT ( 'NONE', 'WORKASPACE' ) );
#6261 = CARTESIAN_POINT ( 'NONE',  ( -0.1499999999999999944, -1.358214205932524807E-17, 0.2233559577416269204 ) ) ;
#6262 = CARTESIAN_POINT ( 'NONE',  ( -0.3509848079341076899, -0.1074999999999999845, 0.01482635179121276174 ) ) ;
#6263 =( NAMED_UNIT ( * ) PLANE_ANGLE_UNIT ( ) SI_UNIT ( $, .RADIAN. ) );
#6264 = VECTOR ( 'NONE', #3013, 100.0000000000000000 ) ;
#6265 = ORIENTED_EDGE ( 'NONE', *, *, #7038, .F. ) ;
#6266 = LINE ( 'NONE', #4633, #5622 ) ;
#6267 = ORIENTED_EDGE ( 'NONE', *, *, #2492, .T. ) ;
#6268 = LINE ( 'NONE', #8289, #4435 ) ;
#6269 = UNCERTAINTY_MEASURE_WITH_UNIT (LENGTH_MEASURE( 1.000000000000000082E-05 ), #8779, 'distance_accuracy_value', 'NONE');
#6270 = FACE_OUTER_BOUND ( 'NONE', #2623, .T. ) ;
#6271 = CIRCLE ( 'NONE', #4045, 0.01100000024499758408 ) ;
#6272 = DIRECTION ( 'NONE',  ( 0.000000000000000000, 1.000000000000000000, 9.376883653928678341E-15 ) ) ;
#6273 = CYLINDRICAL_SURFACE ( 'NONE', #2099, 0.02000000024674755336 ) ;
#6274 =( NAMED_UNIT ( * ) PLANE_ANGLE_UNIT ( ) SI_UNIT ( $, .RADIAN. ) );
#6275 = AXIS2_PLACEMENT_3D ( 'NONE', #2843, #399, #2690 ) ;
#6276 = SURFACE_STYLE_FILL_AREA ( #5395 ) ;
#6277 = EDGE_CURVE ( 'NONE', #4498, #6040, #6266, .T. ) ;
#6278 = AXIS2_PLACEMENT_3D ( 'NONE', #7238, #5669, #493 ) ;
#6279 = DIRECTION ( 'NONE',  ( 6.735369260825570315E-17, -1.760146872403420140E-16, -1.000000000000000000 ) ) ;
#6280 = ORIENTED_EDGE ( 'NONE', *, *, #7951, .T. ) ;
#6281 = CARTESIAN_POINT ( 'NONE',  ( 0.000000000000000000, 0.1900000000000000300, -0.02999999999953841326 ) ) ;
#6282 = LINE ( 'NONE', #7941, #9286 ) ;
#6283 = MECHANICAL_DESIGN_GEOMETRIC_PRESENTATION_REPRESENTATION (  '', ( #722 ), #5502 ) ;
#6284 = MECHANICAL_DESIGN_GEOMETRIC_PRESENTATION_REPRESENTATION (  '', ( #5016 ), #1039 ) ;
#6285 = EDGE_LOOP ( 'NONE', ( #4916, #8664, #9360, #967 ) ) ;
#6286 = FILL_AREA_STYLE ('',( #6434 ) ) ;
#6287 = CARTESIAN_POINT ( 'NONE',  ( 0.000000000000000000, -0.3500000000000000333, 0.06800000000000000488 ) ) ;
#6288 = DIRECTION ( 'NONE',  ( 0.000000000000000000, 0.000000000000000000, -1.000000000000000000 ) ) ;
#6289 = EDGE_CURVE ( 'NONE', #252, #2094, #2448, .T. ) ;
#6290 = VECTOR ( 'NONE', #4228, 100.0000000000000000 ) ;
#6291 = ORIENTED_EDGE ( 'NONE', *, *, #339, .T. ) ;
#6292 = EDGE_CURVE ( 'NONE', #1271, #9444, #5384, .T. ) ;
#6293 = VECTOR ( 'NONE', #6043, 100.0000000000000000 ) ;
#6294 = AXIS2_PLACEMENT_3D ( 'NONE', #6026, #609, #3646 ) ;
#6295 = LINE ( 'NONE', #1007, #2810 ) ;
#6296 =( LENGTH_UNIT ( ) NAMED_UNIT ( * ) SI_UNIT ( .CENTI., .METRE. ) );
#6297 = DIRECTION ( 'NONE',  ( -1.000000000000000000, 0.000000000000000000, 0.000000000000000000 ) ) ;
#6298 = VERTEX_POINT ( 'NONE', #9265 ) ;
#6299 = ORIENTED_EDGE ( 'NONE', *, *, #5603, .T. ) ;
#6300 = DIRECTION ( 'NONE',  ( 0.000000000000000000, 0.000000000000000000, -1.000000000000000000 ) ) ;
#6301 = VECTOR ( 'NONE', #4152, 100.0000000000000000 ) ;
#6302 = FILL_AREA_STYLE_COLOUR ( '', #5260 ) ;
#6303 = EDGE_CURVE ( 'NONE', #8517, #5771, #8529, .T. ) ;
#6304 = CARTESIAN_POINT ( 'NONE',  ( 0.2498275605729689264, 0.3441421356237310269, 0.1729999999999999871 ) ) ;
#6305 = EDGE_CURVE ( 'NONE', #2136, #4866, #695, .T. ) ;
#6306 = ORIENTED_EDGE ( 'NONE', *, *, #7150, .F. ) ;
#6307 = DIRECTION ( 'NONE',  ( -0.000000000000000000, -0.000000000000000000, 1.000000000000000000 ) ) ;
#6308 = ORIENTED_EDGE ( 'NONE', *, *, #1071, .T. ) ;
#6309 = PRESENTATION_STYLE_ASSIGNMENT (( #8374 ) ) ;
#6310 = COLOUR_RGB ( '',0.6470588235294117974, 0.6196078431372549211, 0.5882352941176470784 ) ;
#6311 = ORIENTED_EDGE ( 'NONE', *, *, #275, .T. ) ;
#6312 = EDGE_LOOP ( 'NONE', ( #3499, #7325, #1715, #1062 ) ) ;
#6313 = EDGE_CURVE ( 'NONE', #4913, #9306, #8429, .T. ) ;
#6314 = DIRECTION ( 'NONE',  ( 0.000000000000000000, 0.000000000000000000, -1.000000000000000000 ) ) ;
#6315 = CARTESIAN_POINT ( 'NONE',  ( -0.1046518036156088294, -0.03323401871576817795, 0.4900000000000001577 ) ) ;
#6316 = DIRECTION ( 'NONE',  ( 0.000000000000000000, 0.000000000000000000, 1.000000000000000000 ) ) ;
#6317 = AXIS2_PLACEMENT_3D ( 'NONE', #4925, #1695, #2501 ) ;
#6318 = VERTEX_POINT ( 'NONE', #6069 ) ;
#6319 = MECHANICAL_DESIGN_GEOMETRIC_PRESENTATION_REPRESENTATION (  '', ( #1067 ), #4572 ) ;
#6320 = CARTESIAN_POINT ( 'NONE',  ( 0.3499999999999999778, -0.03499999999999994088, 0.003999999877501220734 ) ) ;
#6321 = ORIENTED_EDGE ( 'NONE', *, *, #7642, .F. ) ;
#6322 = CARTESIAN_POINT ( 'NONE',  ( 0.07141778489984128286, 1.614079431745968875E-16, 0.4900000000000001577 ) ) ;
#6323 = CARTESIAN_POINT ( 'NONE',  ( -0.3379530021977295573, -0.2417871515341445121, 0.1730000010243323560 ) ) ;
#6324 = CARTESIAN_POINT ( 'NONE',  ( 0.1849999999999999423, 0.3575000000000007061, -2.385244779468109755E-16 ) ) ;
#6325 = SURFACE_STYLE_USAGE ( .BOTH. , #307 ) ;
#6326 = COLOUR_RGB ( '',1.000000000000000000, 1.000000000000000000, 1.000000000000000000 ) ;
#6327 = CIRCLE ( 'NONE', #2033, 0.009999999999999982861 ) ;
#6328 = EDGE_CURVE ( 'NONE', #6708, #4611, #251, .T. ) ;
#6329 = FILL_AREA_STYLE ('',( #455 ) ) ;
#6330 = DIRECTION ( 'NONE',  ( 1.720409151025122665E-16, -6.925359060216257350E-17, -1.000000000000000000 ) ) ;
#6331 = CIRCLE ( 'NONE', #4584, 0.01499999999999999598 ) ;
#6332 =( NAMED_UNIT ( * ) PLANE_ANGLE_UNIT ( ) SI_UNIT ( $, .RADIAN. ) );
#6333 = EDGE_CURVE ( 'NONE', #2972, #5322, #1734, .T. ) ;
#6334 = ORIENTED_EDGE ( 'NONE', *, *, #8803, .T. ) ;
#6335 = CARTESIAN_POINT ( 'NONE',  ( -0.2404073812270806632, -0.3389021673450045569, 0.1729999636503325722 ) ) ;
#6336 = DIRECTION ( 'NONE',  ( 1.000000000000000000, 7.311082709387417497E-18, -2.552652363152067741E-32 ) ) ;
#6337 = COLOUR_RGB ( '',0.6470588235294117974, 0.6196078431372549211, 0.5882352941176470784 ) ;
#6338 = LINE ( 'NONE', #4000, #7382 ) ;
#6339 = CARTESIAN_POINT ( 'NONE',  ( 0.3288046532517440723, -0.2651650429449559643, 0.1879999999999999727 ) ) ;
#6340 = FILL_AREA_STYLE_COLOUR ( '', #8894 ) ;
#6341 = CIRCLE ( 'NONE', #7114, 0.001000000244997557852 ) ;
#6342 = ORIENTED_EDGE ( 'NONE', *, *, #7494, .T. ) ;
#6343 = CARTESIAN_POINT ( 'NONE',  ( 0.2149999999999999967, 0.3429467888754760829, 0.1729999999999999871 ) ) ;
#6344 = LINE ( 'NONE', #8836, #8656 ) ;
#6345 = ADVANCED_FACE ( 'NONE', ( #7644 ), #1639, .T. ) ;
#6346 = DIRECTION ( 'NONE',  ( 0.000000000000000000, -0.000000000000000000, -1.000000000000000000 ) ) ;
#6347 = ORIENTED_EDGE ( 'NONE', *, *, #4854, .F. ) ;
#6348 = ORIENTED_EDGE ( 'NONE', *, *, #3621, .F. ) ;
#6349 = CARTESIAN_POINT ( 'NONE',  ( 0.2356854249492379982, 0.3400000000000000244, 0.1729999999999999871 ) ) ;
#6350 = COLOUR_RGB ( '',0.6470588235294117974, 0.6196078431372549211, 0.5882352941176470784 ) ;
#6351 = DIRECTION ( 'NONE',  ( -0.7071067811865464625, -0.7071067811865485719, 0.000000000000000000 ) ) ;
#6352 = ORIENTED_EDGE ( 'NONE', *, *, #3076, .F. ) ;
#6353 = DIRECTION ( 'NONE',  ( -1.000000000000000000, 0.000000000000000000, 0.000000000000000000 ) ) ;
#6354 = ORIENTED_EDGE ( 'NONE', *, *, #7667, .T. ) ;
#6355 = LINE ( 'NONE', #8018, #1046 ) ;
#6356 = ORIENTED_EDGE ( 'NONE', *, *, #9059, .F. ) ;
#6357 =( NAMED_UNIT ( * ) SI_UNIT ( $, .STERADIAN. ) SOLID_ANGLE_UNIT ( ) );
#6358 = EDGE_CURVE ( 'NONE', #4352, #4812, #6957, .T. ) ;
#6359 = ORIENTED_EDGE ( 'NONE', *, *, #6088, .T. ) ;
#6360 = EDGE_CURVE ( 'NONE', #5265, #4199, #3102, .T. ) ;
#6361 = DIRECTION ( 'NONE',  ( 0.000000000000000000, 0.000000000000000000, 1.000000000000000000 ) ) ;
#6362 = CARTESIAN_POINT ( 'NONE',  ( 2.168404344971008868E-17, 0.000000000000000000, 0.1900201181342708878 ) ) ;
#6363 = COLOUR_RGB ( '',1.000000000000000000, 1.000000000000000000, 1.000000000000000000 ) ;
#6364 = FILL_AREA_STYLE ('',( #1032 ) ) ;
#6365 = DIRECTION ( 'NONE',  ( 0.7071067811865489050, 0.7071067811865461294, 0.000000000000000000 ) ) ;
#6366 = SURFACE_SIDE_STYLE ('',( #3342 ) ) ;
#6367 = VECTOR ( 'NONE', #7298, 100.0000000000000000 ) ;
#6368 = ORIENTED_EDGE ( 'NONE', *, *, #7354, .T. ) ;
#6369 = FACE_OUTER_BOUND ( 'NONE', #4868, .T. ) ;
#6370 = ORIENTED_EDGE ( 'NONE', *, *, #1116, .F. ) ;
#6371 = DIRECTION ( 'NONE',  ( 1.000000000000000000, 0.000000000000000000, 0.000000000000000000 ) ) ;
#6372 = CARTESIAN_POINT ( 'NONE',  ( 0.3229860436907419086, 0.2780547203178235782, 0.1729999999999999871 ) ) ;
#6373 = ADVANCED_FACE ( 'NONE', ( #7736 ), #7688, .T. ) ;
#6374 = LINE ( 'NONE', #2643, #3000 ) ;
#6375 = DIRECTION ( 'NONE',  ( -0.9848077530122076872, 0.000000000000000000, -0.1736481776669320243 ) ) ;
#6376 =( GEOMETRIC_REPRESENTATION_CONTEXT ( 3 ) GLOBAL_UNCERTAINTY_ASSIGNED_CONTEXT ( ( #7950 ) ) GLOBAL_UNIT_ASSIGNED_CONTEXT ( ( #6817, #4733, #7585 ) ) REPRESENTATION_CONTEXT ( 'NONE', 'WORKASPACE' ) );
#6377 = AXIS2_PLACEMENT_3D ( 'NONE', #1201, #7257, #463 ) ;
#6378 = CYLINDRICAL_SURFACE ( 'NONE', #8254, 0.04700000000000001399 ) ;
#6379 = PRESENTATION_STYLE_ASSIGNMENT (( #5726 ) ) ;
#6380 = DIRECTION ( 'NONE',  ( 0.000000000000000000, -1.000000000000000000, -3.423796334774424642E-16 ) ) ;
#6381 = EDGE_LOOP ( 'NONE', ( #5966, #1215, #1895, #2138 ) ) ;
#6382 = FACE_BOUND ( 'NONE', #9005, .T. ) ;
#6383 = DIRECTION ( 'NONE',  ( 0.000000000000000000, 0.000000000000000000, -1.000000000000000000 ) ) ;
#6384 = STYLED_ITEM ( 'NONE', ( #3149 ), #4726 ) ;
#6385 = SURFACE_STYLE_USAGE ( .BOTH. , #7944 ) ;
#6386 = DIRECTION ( 'NONE',  ( -1.000000000000000000, 0.000000000000000000, 0.000000000000000000 ) ) ;
#6387 = DIRECTION ( 'NONE',  ( -1.000000000000000000, 0.000000000000000000, 0.000000000000000000 ) ) ;
#6388 = EDGE_LOOP ( 'NONE', ( #1302, #3736, #2947, #7856, #6933, #7392, #8108, #990, #785 ) ) ;
#6389 = LINE ( 'NONE', #4806, #6178 ) ;
#6390 = CARTESIAN_POINT ( 'NONE',  ( -0.07000000000000000666, 0.2356854249492383591, 0.000000000000000000 ) ) ;
#6391 = CARTESIAN_POINT ( 'NONE',  ( -0.3499999999999999778, 0.07120522349883362523, 0.01500000000000001679 ) ) ;
#6392 = AXIS2_PLACEMENT_3D ( 'NONE', #2752, #4190, #8927 ) ;
#6393 = ORIENTED_EDGE ( 'NONE', *, *, #6624, .F. ) ;
#6394 = VERTEX_POINT ( 'NONE', #6999 ) ;
#6395 = FACE_OUTER_BOUND ( 'NONE', #4103, .T. ) ;
#6396 = DIRECTION ( 'NONE',  ( 0.000000000000000000, 3.491483361109383250E-15, 1.000000000000000000 ) ) ;
#6397 = EDGE_CURVE ( 'NONE', #5095, #9121, #8382, .T. ) ;
#6398 = VECTOR ( 'NONE', #3306, 100.0000000000000000 ) ;
#6399 = LINE ( 'NONE', #4065, #2832 ) ;
#6400 = ORIENTED_EDGE ( 'NONE', *, *, #7695, .F. ) ;
#6401 = CARTESIAN_POINT ( 'NONE',  ( 0.02616295090390206163, 0.09758073580374364286, 0.5000000000000002220 ) ) ;
#6402 = VERTEX_POINT ( 'NONE', #9068 ) ;
#6403 = DIRECTION ( 'NONE',  ( -0.000000000000000000, 1.000000000000000000, 0.000000000000000000 ) ) ;
#6404 = EDGE_LOOP ( 'NONE', ( #2875, #2933, #5750, #8856 ) ) ;
#6405 = VECTOR ( 'NONE', #1689, 100.0000000000000000 ) ;
#6406 = LINE ( 'NONE', #5710, #2387 ) ;
#6407 = DIRECTION ( 'NONE',  ( -0.000000000000000000, -0.000000000000000000, 1.000000000000000000 ) ) ;
#6408 = DIRECTION ( 'NONE',  ( 0.000000000000000000, -1.000000000000000000, 0.000000000000000000 ) ) ;
#6409 = DIRECTION ( 'NONE',  ( 0.000000000000000000, -1.000000000000000000, 0.000000000000000000 ) ) ;
#6410 = CARTESIAN_POINT ( 'NONE',  ( 0.000000000000000000, 0.1900000000000000300, -0.04999999999881765689 ) ) ;
#6411 = EDGE_CURVE ( 'NONE', #1550, #7527, #3198, .T. ) ;
#6412 = DIRECTION ( 'NONE',  ( 0.000000000000000000, 0.000000000000000000, -1.000000000000000000 ) ) ;
#6413 = VERTEX_POINT ( 'NONE', #2291 ) ;
#6414 = CARTESIAN_POINT ( 'NONE',  ( -0.07499999999999999722, 0.3399999999999999689, 0.1729999999999999871 ) ) ;
#6415 = EDGE_CURVE ( 'NONE', #5575, #5170, #530, .T. ) ;
#6416 = DIRECTION ( 'NONE',  ( 0.7071067811865461294, -0.7071067811865489050, 0.000000000000000000 ) ) ;
#6417 =( NAMED_UNIT ( * ) SI_UNIT ( $, .STERADIAN. ) SOLID_ANGLE_UNIT ( ) );
#6418 = VECTOR ( 'NONE', #6419, 100.0000000000000000 ) ;
#6419 = DIRECTION ( 'NONE',  ( 2.891205793294679017E-15, -0.000000000000000000, 1.000000000000000000 ) ) ;
#6420 = CARTESIAN_POINT ( 'NONE',  ( 0.1149999999999998662, 0.3500000000000000333, 0.003999999999999996614 ) ) ;
#6421 =( GEOMETRIC_REPRESENTATION_CONTEXT ( 3 ) GLOBAL_UNCERTAINTY_ASSIGNED_CONTEXT ( ( #2709 ) ) GLOBAL_UNIT_ASSIGNED_CONTEXT ( ( #8435, #5343, #8539 ) ) REPRESENTATION_CONTEXT ( 'NONE', 'WORKASPACE' ) );
#6422 = LINE ( 'NONE', #9416, #1276 ) ;
#6423 = EDGE_CURVE ( 'NONE', #4962, #5095, #8672, .T. ) ;
#6424 = CARTESIAN_POINT ( 'NONE',  ( 0.2356854249492379982, -0.3300000000000000155, 0.004000000000000010492 ) ) ;
#6425 =( LENGTH_UNIT ( ) NAMED_UNIT ( * ) SI_UNIT ( .CENTI., .METRE. ) );
#6426 = CIRCLE ( 'NONE', #1176, 0.1831611487432383001 ) ;
#6427 = ORIENTED_EDGE ( 'NONE', *, *, #6257, .T. ) ;
#6428 = STYLED_ITEM ( 'NONE', ( #6915 ), #1057 ) ;
#6429 = ADVANCED_FACE ( 'NONE', ( #7241 ), #1935, .F. ) ;
#6430 = CARTESIAN_POINT ( 'NONE',  ( -0.1310000000000000608, -0.3725000001233738089, 0.1680000000000000382 ) ) ;
#6431 = DIRECTION ( 'NONE',  ( -1.000000000000000000, 0.000000000000000000, 0.000000000000000000 ) ) ;
#6432 = AXIS2_PLACEMENT_3D ( 'NONE', #3356, #2510, #3210 ) ;
#6433 = CIRCLE ( 'NONE', #8934, 0.04749999999999999362 ) ;
#6434 = FILL_AREA_STYLE_COLOUR ( '', #1682 ) ;
#6435 = DIRECTION ( 'NONE',  ( -0.000000000000000000, -3.491483361109383250E-15, -1.000000000000000000 ) ) ;
#6436 = CARTESIAN_POINT ( 'NONE',  ( 0.3525000000000000355, -0.2425000000000000488, 0.1879999999999999727 ) ) ;
#6437 = EDGE_CURVE ( 'NONE', #475, #573, #7348, .T. ) ;
#6438 = ORIENTED_EDGE ( 'NONE', *, *, #3026, .T. ) ;
#6439 = CARTESIAN_POINT ( 'NONE',  ( -0.3500000000000000333, -0.1074999999999999845, 0.01499999999999999598 ) ) ;
#6440 = COLOUR_RGB ( '',1.000000000000000000, 1.000000000000000000, 1.000000000000000000 ) ;
#6441 = DIRECTION ( 'NONE',  ( -0.7071067811865461294, -0.7071067811865489050, 0.000000000000000000 ) ) ;
#6442 = MECHANICAL_DESIGN_GEOMETRIC_PRESENTATION_REPRESENTATION (  '', ( #4853 ), #8942 ) ;
#6443 = DIRECTION ( 'NONE',  ( -1.000000000000000000, 0.000000000000000000, 0.000000000000000000 ) ) ;
#6444 = EDGE_LOOP ( 'NONE', ( #6207, #7268, #1912, #224 ) ) ;
#6445 = VECTOR ( 'NONE', #5244, 100.0000000000000000 ) ;
#6446 = VERTEX_POINT ( 'NONE', #7877 ) ;
#6447 = CARTESIAN_POINT ( 'NONE',  ( 0.2425014964310339138, 0.3373260641419350558, 0.1730000000000000149 ) ) ;
#6448 = CARTESIAN_POINT ( 'NONE',  ( -0.1046518036156088988, 0.03323401871576772693, 0.3149999999999999467 ) ) ;
#6449 = EDGE_CURVE ( 'NONE', #7612, #5229, #7288, .T. ) ;
#6450 = CARTESIAN_POINT ( 'NONE',  ( 0.3370710678118654102, 0.2427564927611038093, 0.1729999999999999871 ) ) ;
#6451 = CARTESIAN_POINT ( 'NONE',  ( 0.1254999999999999727, -0.3750000000000000000, 0.1129999999999999893 ) ) ;
#6452 = STYLED_ITEM ( 'NONE', ( #6157 ), #7730 ) ;
#6453 = CIRCLE ( 'NONE', #2002, 0.02000000000000001082 ) ;
#6454 = CARTESIAN_POINT ( 'NONE',  ( -0.2356854249492379982, -0.3500000000000000333, 0.1729999999999999871 ) ) ;
#6455 = ADVANCED_FACE ( 'NONE', ( #6369 ), #8765, .F. ) ;
#6456 = ORIENTED_EDGE ( 'NONE', *, *, #144, .T. ) ;
#6457 = LINE ( 'NONE', #4820, #7852 ) ;
#6458 = VERTEX_POINT ( 'NONE', #6515 ) ;
#6459 = UNCERTAINTY_MEASURE_WITH_UNIT (LENGTH_MEASURE( 1.000000000000000082E-05 ), #3564, 'distance_accuracy_value', 'NONE');
#6460 = ORIENTED_EDGE ( 'NONE', *, *, #5024, .F. ) ;
#6461 = AXIS2_PLACEMENT_3D ( 'NONE', #3427, #2624, #6504 ) ;
#6462 = VECTOR ( 'NONE', #768, 100.0000000000000000 ) ;
#6463 = DIRECTION ( 'NONE',  ( 0.000000000000000000, 0.000000000000000000, -1.000000000000000000 ) ) ;
#6464 = FILL_AREA_STYLE ('',( #3295 ) ) ;
#6465 = CARTESIAN_POINT ( 'NONE',  ( -0.1255000000000000282, 0.3490212044152968263, 0.1673148430907077933 ) ) ;
#6466 = CARTESIAN_POINT ( 'NONE',  ( 0.3391846958121182420, -0.2397342033711781506, 0.1729999395605555934 ) ) ;
#6467 = STYLED_ITEM ( 'NONE', ( #168 ), #8572 ) ;
#6468 = CARTESIAN_POINT ( 'NONE',  ( -0.3500000000000000333, 0.2356854249492383591, 0.003999999938750610842 ) ) ;
#6469 = VERTEX_POINT ( 'NONE', #1980 ) ;
#6470 = CARTESIAN_POINT ( 'NONE',  ( -0.2500000000000000000, 0.000000000000000000, 0.004000000000000000083 ) ) ;
#6471 = LINE ( 'NONE', #548, #7850 ) ;
#6472 = SURFACE_STYLE_FILL_AREA ( #8214 ) ;
#6473 = LINE ( 'NONE', #2137, #6544 ) ;
#6474 = EDGE_CURVE ( 'NONE', #9687, #6413, #7143, .T. ) ;
#6475 = AXIS2_PLACEMENT_3D ( 'NONE', #3009, #3106, #1643 ) ;
#6476 = LINE ( 'NONE', #8728, #7626 ) ;
#6477 = EDGE_LOOP ( 'NONE', ( #6489, #9228, #7000, #5463 ) ) ;
#6478 = FACE_OUTER_BOUND ( 'NONE', #4018, .T. ) ;
#6479 = DIRECTION ( 'NONE',  ( 1.000000000000000000, -3.194683927456174497E-20, 0.000000000000000000 ) ) ;
#6480 = ORIENTED_EDGE ( 'NONE', *, *, #4421, .F. ) ;
#6481 = VECTOR ( 'NONE', #2452, 100.0000000000000000 ) ;
#6482 = CARTESIAN_POINT ( 'NONE',  ( -0.03535533905932736198, -0.1060660171779821415, 0.3150000000000001132 ) ) ;
#6483 =( NAMED_UNIT ( * ) SI_UNIT ( $, .STERADIAN. ) SOLID_ANGLE_UNIT ( ) );
#6484 = DIRECTION ( 'NONE',  ( 5.305779336673309789E-15, 1.000000000000000000, -1.127778212785257510E-15 ) ) ;
#6485 = ADVANCED_FACE ( 'NONE', ( #5023 ), #3299, .F. ) ;
#6486 = VECTOR ( 'NONE', #1866, 100.0000000000000000 ) ;
#6487 = EDGE_CURVE ( 'NONE', #4882, #448, #391, .T. ) ;
#6488 = FACE_OUTER_BOUND ( 'NONE', #366, .T. ) ;
#6489 = ORIENTED_EDGE ( 'NONE', *, *, #6780, .F. ) ;
#6490 =( LENGTH_UNIT ( ) NAMED_UNIT ( * ) SI_UNIT ( .CENTI., .METRE. ) );
#6491 = STYLED_ITEM ( 'NONE', ( #6653 ), #6956 ) ;
#6492 = CARTESIAN_POINT ( 'NONE',  ( -0.3500000000000000333, -0.2250000000000000611, 0.004000000000000010492 ) ) ;
#6493 = UNCERTAINTY_MEASURE_WITH_UNIT (LENGTH_MEASURE( 1.000000000000000082E-05 ), #8313, 'distance_accuracy_value', 'NONE');
#6494 = EDGE_CURVE ( 'NONE', #5933, #2058, #1234, .T. ) ;
#6495 = ORIENTED_EDGE ( 'NONE', *, *, #6592, .T. ) ;
#6496 = ORIENTED_EDGE ( 'NONE', *, *, #5252, .F. ) ;
#6497 = LINE ( 'NONE', #9483, #1988 ) ;
#6498 = DIRECTION ( 'NONE',  ( 0.000000000000000000, 0.000000000000000000, -1.000000000000000000 ) ) ;
#6499 = LINE ( 'NONE', #2716, #8567 ) ;
#6500 = CIRCLE ( 'NONE', #3334, 0.01999999999999996572 ) ;
#6501 = DIRECTION ( 'NONE',  ( 0.000000000000000000, 0.000000000000000000, 1.000000000000000000 ) ) ;
#6502 = LINE ( 'NONE', #8708, #2353 ) ;
#6503 = VERTEX_POINT ( 'NONE', #6320 ) ;
#6504 = DIRECTION ( 'NONE',  ( 0.000000000000000000, -0.000000000000000000, -1.000000000000000000 ) ) ;
#6505 = ORIENTED_EDGE ( 'NONE', *, *, #6289, .F. ) ;
#6506 = CARTESIAN_POINT ( 'NONE',  ( 0.1310000000000000331, -0.3725000000000001088, 0.1019349540849361774 ) ) ;
#6507 = ORIENTED_EDGE ( 'NONE', *, *, #926, .T. ) ;
#6508 = ORIENTED_EDGE ( 'NONE', *, *, #2337, .F. ) ;
#6509 = VECTOR ( 'NONE', #8424, 100.0000000000000000 ) ;
#6510 = DIRECTION ( 'NONE',  ( 0.000000000000000000, 3.491483361109383250E-15, -1.000000000000000000 ) ) ;
#6511 =( NAMED_UNIT ( * ) SI_UNIT ( $, .STERADIAN. ) SOLID_ANGLE_UNIT ( ) );
#6512 = CARTESIAN_POINT ( 'NONE',  ( 0.2350000000000000144, -0.2449999999999999956, 0.004000000000000000083 ) ) ;
#6513 = CARTESIAN_POINT ( 'NONE',  ( -0.1255000000000000004, 0.3750000000000000000, 0.1129999999999999893 ) ) ;
#6514 = VERTEX_POINT ( 'NONE', #6468 ) ;
#6515 = CARTESIAN_POINT ( 'NONE',  ( -0.08000000000000000167, 0.3575000000000005396, 0.03999999999999978573 ) ) ;
#6516 = ORIENTED_EDGE ( 'NONE', *, *, #312, .T. ) ;
#6517 = VECTOR ( 'NONE', #4058, 100.0000000000000000 ) ;
#6518 = DIRECTION ( 'NONE',  ( 1.000000000000000000, -0.000000000000000000, 0.000000000000000000 ) ) ;
#6519 = FACE_OUTER_BOUND ( 'NONE', #5860, .T. ) ;
#6520 = CARTESIAN_POINT ( 'NONE',  ( -0.07000000000000000666, 0.2600000000000000644, 0.004000000000000000083 ) ) ;
#6521 = AXIS2_PLACEMENT_3D ( 'NONE', #7720, #925, #6981 ) ;
#6522 = SURFACE_SIDE_STYLE ('',( #7193 ) ) ;
#6523 = VERTEX_POINT ( 'NONE', #9315 ) ;
#6524 = UNCERTAINTY_MEASURE_WITH_UNIT (LENGTH_MEASURE( 1.000000000000000082E-05 ), #5844, 'distance_accuracy_value', 'NONE');
#6525 = FILL_AREA_STYLE ('',( #9462 ) ) ;
#6526 = FACE_OUTER_BOUND ( 'NONE', #3984, .T. ) ;
#6527 = ADVANCED_FACE ( 'NONE', ( #8574 ), #1787, .T. ) ;
#6528 = COLOUR_RGB ( '',0.6470588235294117974, 0.6196078431372549211, 0.5882352941176470784 ) ;
#6529 = VERTEX_POINT ( 'NONE', #2588 ) ;
#6530 = CARTESIAN_POINT ( 'NONE',  ( 0.2149999999999999967, 0.3429467888754760829, 0.1879999999999999727 ) ) ;
#6531 = COLOUR_RGB ( '',0.6470588235294117974, 0.6196078431372549211, 0.5882352941176470784 ) ;
#6532 = SURFACE_STYLE_USAGE ( .BOTH. , #2051 ) ;
#6533 = CARTESIAN_POINT ( 'NONE',  ( 0.2365808694827723491, 0.2600000000000000089, 0.004000000000000010492 ) ) ;
#6535 = PRESENTATION_STYLE_ASSIGNMENT (( #7801 ) ) ;
#6534 = CIRCLE ( 'NONE', #7458, 0.02000000000000001082 ) ;
#6536 = DIRECTION ( 'NONE',  ( -3.194683927456174497E-20, -1.000000000000000000, -1.132300105604712060E-31 ) ) ;
#6537 = PLANE ( 'NONE',  #7165 ) ;
#6538 = EDGE_CURVE ( 'NONE', #7771, #6033, #9752, .T. ) ;
#6539 = ORIENTED_EDGE ( 'NONE', *, *, #2441, .T. ) ;
#6540 = CARTESIAN_POINT ( 'NONE',  ( -0.3500000000000000333, -0.1074999999999999845, 0.01500000024499756682 ) ) ;
#6541 = CARTESIAN_POINT ( 'NONE',  ( -0.3394948589294402574, 0.2389082749236461356, 0.1729999775287096864 ) ) ;
#6542 = AXIS2_PLACEMENT_3D ( 'NONE', #9260, #3836, #3050 ) ;
#6543 = EDGE_CURVE ( 'NONE', #5654, #4724, #5817, .T. ) ;
#6544 = VECTOR ( 'NONE', #4281, 100.0000000000000000 ) ;
#6545 = ORIENTED_EDGE ( 'NONE', *, *, #3139, .F. ) ;
#6546 = EDGE_LOOP ( 'NONE', ( #8494, #3508, #7717, #2532 ) ) ;
#6547 = CARTESIAN_POINT ( 'NONE',  ( -0.3642901512833205957, 0.03499999999999995476, 0.09028470468954044592 ) ) ;
#6548 = STYLED_ITEM ( 'NONE', ( #7476 ), #4923 ) ;
#6549 =( LENGTH_UNIT ( ) NAMED_UNIT ( * ) SI_UNIT ( .CENTI., .METRE. ) );
#6550 = EDGE_CURVE ( 'NONE', #5608, #6059, #2232, .T. ) ;
#6551 = ORIENTED_EDGE ( 'NONE', *, *, #748, .T. ) ;
#6552 =( NAMED_UNIT ( * ) SI_UNIT ( $, .STERADIAN. ) SOLID_ANGLE_UNIT ( ) );
#6553 = ORIENTED_EDGE ( 'NONE', *, *, #4956, .F. ) ;
#6554 =( GEOMETRIC_REPRESENTATION_CONTEXT ( 3 ) GLOBAL_UNCERTAINTY_ASSIGNED_CONTEXT ( ( #7197 ) ) GLOBAL_UNIT_ASSIGNED_CONTEXT ( ( #3655, #8100, #617 ) ) REPRESENTATION_CONTEXT ( 'NONE', 'WORKASPACE' ) );
#6555 = CARTESIAN_POINT ( 'NONE',  ( -0.2360460442161598227, 0.3399999999999999689, 0.1730000000000000149 ) ) ;
#6556 = EDGE_LOOP ( 'NONE', ( #8113, #8209, #8188, #3842 ) ) ;
#6557 = CARTESIAN_POINT ( 'NONE',  ( -0.1060660171779818778, -0.03535533905932788240, 0.3150000000000001132 ) ) ;
#6558 = EDGE_LOOP ( 'NONE', ( #4795, #1331, #3673, #1453 ) ) ;
#6559 = ORIENTED_EDGE ( 'NONE', *, *, #5572, .F. ) ;
#6560 = LINE ( 'NONE', #3576, #9644 ) ;
#6561 = DIRECTION ( 'NONE',  ( -1.000000000000000000, 0.000000000000000000, 0.000000000000000000 ) ) ;
#6562 = VECTOR ( 'NONE', #6918, 100.0000000000000000 ) ;
#6563 = FACE_OUTER_BOUND ( 'NONE', #1906, .T. ) ;
#6564 = CARTESIAN_POINT ( 'NONE',  ( -0.3441421356237308604, 0.2498275605729692872, 0.1729999999999999871 ) ) ;
#6565 = CARTESIAN_POINT ( 'NONE',  ( 0.08500000000000000611, -0.2600000000000000644, 0.006999999999999999278 ) ) ;
#6566 = EDGE_CURVE ( 'NONE', #2383, #6705, #7481, .T. ) ;
#6567 = VERTEX_POINT ( 'NONE', #4471 ) ;
#6568 = DIRECTION ( 'NONE',  ( -0.7071067811865486830, -0.7071067811865464625, 0.000000000000000000 ) ) ;
#6569 = ORIENTED_EDGE ( 'NONE', *, *, #4902, .F. ) ;
#6570 = CARTESIAN_POINT ( 'NONE',  ( -0.3642901512833205402, 0.1074999999999999289, 0.09028470468954050143 ) ) ;
#6571 = VECTOR ( 'NONE', #703, 100.0000000000000000 ) ;
#6572 = PLANE ( 'NONE',  #9208 ) ;
#6573 = LINE ( 'NONE', #9558, #4798 ) ;
#6574 = ORIENTED_EDGE ( 'NONE', *, *, #6543, .F. ) ;
#6575 = FILL_AREA_STYLE_COLOUR ( '', #6208 ) ;
#6576 = AXIS2_PLACEMENT_3D ( 'NONE', #4239, #2796, #6479 ) ;
#6577 = CARTESIAN_POINT ( 'NONE',  ( 0.2986012715283292152, 0.03500000000000000333, -0.3398431496474395574 ) ) ;
#6578 = LINE ( 'NONE', #1249, #8758 ) ;
#6579 = PRESENTATION_STYLE_ASSIGNMENT (( #8090 ) ) ;
#6580 = FILL_AREA_STYLE_COLOUR ( '', #3107 ) ;
#6581 = ADVANCED_FACE ( 'NONE', ( #5169 ), #5912, .F. ) ;
#6582 =( NAMED_UNIT ( * ) SI_UNIT ( $, .STERADIAN. ) SOLID_ANGLE_UNIT ( ) );
#6583 = PLANE ( 'NONE',  #9567 ) ;
#6584 = CARTESIAN_POINT ( 'NONE',  ( 0.2793071785686857544, 0.2425000000000000488, 0.1879999999999999727 ) ) ;
#6585 = VECTOR ( 'NONE', #4507, 100.0000000000000000 ) ;
#6586 = AXIS2_PLACEMENT_3D ( 'NONE', #6782, #5981, #8974 ) ;
#6587 = ORIENTED_EDGE ( 'NONE', *, *, #5392, .F. ) ;
#6588 = AXIS2_PLACEMENT_3D ( 'NONE', #6684, #9723, #2106 ) ;
#6589 = MECHANICAL_DESIGN_GEOMETRIC_PRESENTATION_REPRESENTATION (  '', ( #4363 ), #237 ) ;
#6590 = LINE ( 'NONE', #9574, #2985 ) ;
#6591 = VERTEX_POINT ( 'NONE', #3686 ) ;
#6592 = EDGE_CURVE ( 'NONE', #9095, #4039, #6716, .T. ) ;
#6593 = VERTEX_POINT ( 'NONE', #5963 ) ;
#6594 = FILL_AREA_STYLE ('',( #8204 ) ) ;
#6595 = DIRECTION ( 'NONE',  ( 0.000000000000000000, 0.000000000000000000, -1.000000000000000000 ) ) ;
#6596 = CARTESIAN_POINT ( 'NONE',  ( 0.1254999999999999727, -0.3750000000000000000, 0.1129999999999999893 ) ) ;
#6597 = VECTOR ( 'NONE', #8542, 100.0000000000000000 ) ;
#6598 = EDGE_CURVE ( 'NONE', #7077, #826, #8831, .T. ) ;
#6599 = DIRECTION ( 'NONE',  ( 0.7071067811865440200, -0.7071067811865511255, 0.000000000000000000 ) ) ;
#6600 = MECHANICAL_DESIGN_GEOMETRIC_PRESENTATION_REPRESENTATION (  '', ( #5003 ), #3903 ) ;
#6601 = ORIENTED_EDGE ( 'NONE', *, *, #8342, .T. ) ;
#6602 = DIRECTION ( 'NONE',  ( 0.000000000000000000, 0.000000000000000000, 1.000000000000000000 ) ) ;
#6603 = EDGE_LOOP ( 'NONE', ( #8740, #3160, #7089, #1077 ) ) ;
#6604 = CARTESIAN_POINT ( 'NONE',  ( -0.2422936629438959266, 0.3375338976290728210, 0.1729999999999999871 ) ) ;
#6605 = ORIENTED_EDGE ( 'NONE', *, *, #3816, .F. ) ;
#6606 = CYLINDRICAL_SURFACE ( 'NONE', #6105, 0.02000000024674755336 ) ;
#6607 = ORIENTED_EDGE ( 'NONE', *, *, #5692, .F. ) ;
#6608 = EDGE_CURVE ( 'NONE', #7434, #2231, #4424, .T. ) ;
#6609 = ORIENTED_EDGE ( 'NONE', *, *, #3998, .T. ) ;
#6610 =( NAMED_UNIT ( * ) PLANE_ANGLE_UNIT ( ) SI_UNIT ( $, .RADIAN. ) );
#6611 = VECTOR ( 'NONE', #9553, 100.0000000000000000 ) ;
#6612 = DIRECTION ( 'NONE',  ( -0.000000000000000000, -0.000000000000000000, 1.000000000000000000 ) ) ;
#6613 = PRESENTATION_LAYER_ASSIGNMENT (  '', '', ( #3441 ) ) ;
#6614 = PLANE ( 'NONE',  #406 ) ;
#6615 = FACE_OUTER_BOUND ( 'NONE', #5838, .T. ) ;
#6616 = AXIS2_PLACEMENT_3D ( 'NONE', #7978, #3489, #9411 ) ;
#6617 = DIRECTION ( 'NONE',  ( 1.000000000000000000, 0.000000000000000000, -0.000000000000000000 ) ) ;
#6618 = ORIENTED_EDGE ( 'NONE', *, *, #6029, .T. ) ;
#6619 = SURFACE_SIDE_STYLE ('',( #5075 ) ) ;
#6620 = AXIS2_PLACEMENT_3D ( 'NONE', #4410, #9539, #9590 ) ;
#6621 = FILL_AREA_STYLE_COLOUR ( '', #9579 ) ;
#6622 = DIRECTION ( 'NONE',  ( 1.000000000000000000, 0.000000000000000000, 0.000000000000000000 ) ) ;
#6623 = ORIENTED_EDGE ( 'NONE', *, *, #4104, .T. ) ;
#6624 = EDGE_CURVE ( 'NONE', #8359, #3126, #8181, .T. ) ;
#6625 = LINE ( 'NONE', #7344, #7823 ) ;
#6626 = DIRECTION ( 'NONE',  ( -0.1736481776669273336, 0.000000000000000000, 0.9848077530122085754 ) ) ;
#6627 = ORIENTED_EDGE ( 'NONE', *, *, #4125, .T. ) ;
#6628 = DIRECTION ( 'NONE',  ( -0.000000000000000000, -0.000000000000000000, -1.000000000000000000 ) ) ;
#6629 = CARTESIAN_POINT ( 'NONE',  ( -0.2356854249492379982, 0.3300000000000000155, 0.1630000000000000060 ) ) ;
#6630 = LINE ( 'NONE', #5183, #1797 ) ;
#6631 = LINE ( 'NONE', #7205, #2083 ) ;
#6632 = FACE_OUTER_BOUND ( 'NONE', #3786, .T. ) ;
#6633 = CARTESIAN_POINT ( 'NONE',  ( -0.06999999999999999278, -0.3049999999999999933, 0.06800000000000000488 ) ) ;
#6634 = EDGE_CURVE ( 'NONE', #6753, #1385, #6331, .T. ) ;
#6635 =( NAMED_UNIT ( * ) SI_UNIT ( $, .STERADIAN. ) SOLID_ANGLE_UNIT ( ) );
#6636 = DIRECTION ( 'NONE',  ( 0.000000000000000000, 0.000000000000000000, 1.000000000000000000 ) ) ;
#6637 = DIRECTION ( 'NONE',  ( 1.000000000000000000, 7.311082709387417497E-18, -2.552652363152067741E-32 ) ) ;
#6638 = EDGE_CURVE ( 'NONE', #2206, #1112, #6764, .T. ) ;
#6639 =( GEOMETRIC_REPRESENTATION_CONTEXT ( 3 ) GLOBAL_UNCERTAINTY_ASSIGNED_CONTEXT ( ( #6679 ) ) GLOBAL_UNIT_ASSIGNED_CONTEXT ( ( #7543, #8973, #1447 ) ) REPRESENTATION_CONTEXT ( 'NONE', 'WORKASPACE' ) );
#6640 = ORIENTED_EDGE ( 'NONE', *, *, #8594, .T. ) ;
#6641 = DIRECTION ( 'NONE',  ( 0.000000000000000000, -1.000000000000000000, 0.000000000000000000 ) ) ;
#6642 = CARTESIAN_POINT ( 'NONE',  ( -0.1499999999999999667, -2.565691817581183208E-17, 0.04900000000000006434 ) ) ;
#6643 = AXIS2_PLACEMENT_3D ( 'NONE', #190, #9054, #4620 ) ;
#6644 = ORIENTED_EDGE ( 'NONE', *, *, #9281, .F. ) ;
#6645 = AXIS2_PLACEMENT_3D ( 'NONE', #1810, #425, #7217 ) ;
#6646 = VECTOR ( 'NONE', #2398, 100.0000000000000142 ) ;
#6647 = ORIENTED_EDGE ( 'NONE', *, *, #5154, .T. ) ;
#6648 =( LENGTH_UNIT ( ) NAMED_UNIT ( * ) SI_UNIT ( .CENTI., .METRE. ) );
#6649 = FACE_OUTER_BOUND ( 'NONE', #1013, .T. ) ;
#6650 =( NAMED_UNIT ( * ) PLANE_ANGLE_UNIT ( ) SI_UNIT ( $, .RADIAN. ) );
#6651 = VECTOR ( 'NONE', #1808, 100.0000000000000000 ) ;
#6652 = ORIENTED_EDGE ( 'NONE', *, *, #5522, .T. ) ;
#6653 = PRESENTATION_STYLE_ASSIGNMENT (( #5060 ) ) ;
#6654 = EDGE_CURVE ( 'NONE', #3965, #252, #497, .T. ) ;
#6655 = ORIENTED_EDGE ( 'NONE', *, *, #9720, .T. ) ;
#6656 = CARTESIAN_POINT ( 'NONE',  ( -0.2427564927611034207, 0.3370710678118654657, 0.1729999999999999871 ) ) ;
#6657 = EDGE_LOOP ( 'NONE', ( #266, #8021, #922, #2721 ) ) ;
#6658 = VERTEX_POINT ( 'NONE', #1382 ) ;
#6659 = PRESENTATION_LAYER_ASSIGNMENT (  '', '', ( #7586 ) ) ;
#6660 = ORIENTED_EDGE ( 'NONE', *, *, #2967, .F. ) ;
#6661 = DIRECTION ( 'NONE',  ( 1.000000000000000000, 0.000000000000000000, 1.730778521744734524E-16 ) ) ;
#6662 = CARTESIAN_POINT ( 'NONE',  ( -0.2780547203178223570, 0.3229860436907429633, 0.1729999999999999871 ) ) ;
#6663 =( NAMED_UNIT ( * ) SI_UNIT ( $, .STERADIAN. ) SOLID_ANGLE_UNIT ( ) );
#6664 = ADVANCED_FACE ( 'NONE', ( #8816 ), #644, .T. ) ;
#6665 = AXIS2_PLACEMENT_3D ( 'NONE', #304, #1937, #9453 ) ;
#6666 = ORIENTED_EDGE ( 'NONE', *, *, #8268, .T. ) ;
#6667 = LINE ( 'NONE', #5861, #890 ) ;
#6668 = ORIENTED_EDGE ( 'NONE', *, *, #8154, .T. ) ;
#6669 = DIRECTION ( 'NONE',  ( 0.7071067811865419106, -0.7071067811865532349, 0.000000000000000000 ) ) ;
#6670 = CARTESIAN_POINT ( 'NONE',  ( 0.2350000000000000144, -0.2449999999999999956, 0.004000000000000005287 ) ) ;
#6671 = ORIENTED_EDGE ( 'NONE', *, *, #717, .F. ) ;
#6672 = ADVANCED_FACE ( 'NONE', ( #8267 ), #8080, .F. ) ;
#6673 = ORIENTED_EDGE ( 'NONE', *, *, #6538, .F. ) ;
#6674 = PLANE ( 'NONE',  #802 ) ;
#6675 = VECTOR ( 'NONE', #1375, 100.0000000000000000 ) ;
#6676 = DIRECTION ( 'NONE',  ( 0.000000000000000000, 0.000000000000000000, -1.000000000000000000 ) ) ;
#6677 =( NAMED_UNIT ( * ) PLANE_ANGLE_UNIT ( ) SI_UNIT ( $, .RADIAN. ) );
#6678 = EDGE_CURVE ( 'NONE', #2897, #3775, #2278, .T. ) ;
#6679 = UNCERTAINTY_MEASURE_WITH_UNIT (LENGTH_MEASURE( 1.000000000000000082E-05 ), #7543, 'distance_accuracy_value', 'NONE');
#6680 = DIRECTION ( 'NONE',  ( 0.000000000000000000, -0.8574929257125440962, 0.5144957554275266798 ) ) ;
#6681 = AXIS2_PLACEMENT_3D ( 'NONE', #688, #2780, #3727 ) ;
#6682 = FILL_AREA_STYLE ('',( #3650 ) ) ;
#6683 = DIRECTION ( 'NONE',  ( -1.000000000000000000, -0.000000000000000000, 0.000000000000000000 ) ) ;
#6684 = CARTESIAN_POINT ( 'NONE',  ( 0.3429467888754750282, -0.2793071785686869757, 0.1879999999999999727 ) ) ;
#6685 = FACE_OUTER_BOUND ( 'NONE', #3895, .T. ) ;
#6686 =( GEOMETRIC_REPRESENTATION_CONTEXT ( 3 ) GLOBAL_UNCERTAINTY_ASSIGNED_CONTEXT ( ( #1872 ) ) GLOBAL_UNIT_ASSIGNED_CONTEXT ( ( #286, #8513, #1770 ) ) REPRESENTATION_CONTEXT ( 'NONE', 'WORKASPACE' ) );
#6687 = VERTEX_POINT ( 'NONE', #9251 ) ;
#6688 = AXIS2_PLACEMENT_3D ( 'NONE', #8191, #1488, #4524 ) ;
#6689 = DIRECTION ( 'NONE',  ( 0.000000000000000000, 0.000000000000000000, -1.000000000000000000 ) ) ;
#6690 = DIRECTION ( 'NONE',  ( -0.000000000000000000, -0.000000000000000000, 1.000000000000000000 ) ) ;
#6691 = ORIENTED_EDGE ( 'NONE', *, *, #7479, .F. ) ;
#6692 = CIRCLE ( 'NONE', #5592, 0.01999999999999996572 ) ;
#6693 = VERTEX_POINT ( 'NONE', #9154 ) ;
#6694 = TOROIDAL_SURFACE ( 'NONE', #5891, 0.03699999999999998429, 0.01000000000000002276 ) ;
#6695 = DIRECTION ( 'NONE',  ( 0.7071067811865503483, -0.7071067811865446862, 0.000000000000000000 ) ) ;
#6696 = DIRECTION ( 'NONE',  ( 0.000000000000000000, 1.000000000000000000, 1.668003342285395002E-16 ) ) ;
#6697 = MECHANICAL_DESIGN_GEOMETRIC_PRESENTATION_REPRESENTATION (  '', ( #7152 ), #5437 ) ;
#6698 =( NAMED_UNIT ( * ) SI_UNIT ( $, .STERADIAN. ) SOLID_ANGLE_UNIT ( ) );
#6699 = FACE_OUTER_BOUND ( 'NONE', #7762, .T. ) ;
#6700 = VERTEX_POINT ( 'NONE', #1582 ) ;
#6701 = AXIS2_PLACEMENT_3D ( 'NONE', #6065, #5434, #2391 ) ;
#6702 = FILL_AREA_STYLE ('',( #1963 ) ) ;
#6703 = VERTEX_POINT ( 'NONE', #2382 ) ;
#6704 = DIRECTION ( 'NONE',  ( -0.000000000000000000, -0.000000000000000000, -1.000000000000000000 ) ) ;
#6705 = VERTEX_POINT ( 'NONE', #7723 ) ;
#6706 = FILL_AREA_STYLE_COLOUR ( '', #5370 ) ;
#6707 = ORIENTED_EDGE ( 'NONE', *, *, #7970, .F. ) ;
#6708 = VERTEX_POINT ( 'NONE', #3187 ) ;
#6709 = AXIS2_PLACEMENT_3D ( 'NONE', #9356, #9310, #9494 ) ;
#6710 = CARTESIAN_POINT ( 'NONE',  ( 0.2422936629438958989, -0.3375338976290729320, 0.1730000000000000981 ) ) ;
#6711 = ADVANCED_FACE ( 'NONE', ( #9797 ), #6896, .F. ) ;
#6712 = DIRECTION ( 'NONE',  ( 0.000000000000000000, 0.000000000000000000, -1.000000000000000000 ) ) ;
#6713 = CARTESIAN_POINT ( 'NONE',  ( -0.1060660171779826827, 0.1060660171779815864, 0.3000000000000000444 ) ) ;
#6714 = CARTESIAN_POINT ( 'NONE',  ( 0.2365808694827723491, -0.3049999999999999378, 0.004000000000000010492 ) ) ;
#6715 = ORIENTED_EDGE ( 'NONE', *, *, #92, .F. ) ;
#6716 = LINE ( 'NONE', #3730, #9616 ) ;
#6717 = ORIENTED_EDGE ( 'NONE', *, *, #6305, .T. ) ;
#6718 = ORIENTED_EDGE ( 'NONE', *, *, #1377, .T. ) ;
#6719 = CARTESIAN_POINT ( 'NONE',  ( -0.2369944744889106170, -0.3399381940299395222, 0.1730000010243324671 ) ) ;
#6720 = ORIENTED_EDGE ( 'NONE', *, *, #98, .F. ) ;
#6721 = DIRECTION ( 'NONE',  ( 1.000000000000000000, 0.000000000000000000, 0.000000000000000000 ) ) ;
#6722 = ADVANCED_FACE ( 'NONE', ( #6984 ), #91, .F. ) ;
#6723 = CARTESIAN_POINT ( 'NONE',  ( -0.3396831083848697586, 0.1774999999999999634, -0.1068564751664359408 ) ) ;
#6724 = VERTEX_POINT ( 'NONE', #8317 ) ;
#6725 = DIRECTION ( 'NONE',  ( -1.000000000000000000, 0.000000000000000000, 0.000000000000000000 ) ) ;
#6726 = EDGE_CURVE ( 'NONE', #9578, #8185, #1865, .T. ) ;
#6727 = DIRECTION ( 'NONE',  ( -6.735369260825570315E-17, 1.760146872403420140E-16, 1.000000000000000000 ) ) ;
#6728 = VECTOR ( 'NONE', #8427, 100.0000000000000142 ) ;
#6729 = CARTESIAN_POINT ( 'NONE',  ( -1.501927950393635632E-16, 0.1184177848998413524, 0.5000000000000001110 ) ) ;
#6730 = CARTESIAN_POINT ( 'NONE',  ( 0.07999999999999998779, 0.3725000000000004974, 0.03999999999999982042 ) ) ;
#6731 = EDGE_CURVE ( 'NONE', #6693, #3877, #6852, .T. ) ;
#6732 = MECHANICAL_DESIGN_GEOMETRIC_PRESENTATION_REPRESENTATION (  '', ( #4338 ), #55 ) ;
#6733 = DIRECTION ( 'NONE',  ( 0.1736481776669273336, 0.000000000000000000, -0.9848077530122085754 ) ) ;
#6734 = CARTESIAN_POINT ( 'NONE',  ( -0.1255000000000000837, -0.3725000000000002753, 0.09950000000000017164 ) ) ;
#6735 = DIRECTION ( 'NONE',  ( -0.000000000000000000, 1.000000000000000000, -0.000000000000000000 ) ) ;
#6736 = ADVANCED_FACE ( 'NONE', ( #5470 ), #7630, .T. ) ;
#6737 = EDGE_LOOP ( 'NONE', ( #488, #9349, #838, #6139 ) ) ;
#6738 = LINE ( 'NONE', #6034, #4277 ) ;
#6739 = CARTESIAN_POINT ( 'NONE',  ( -0.3391846958116372934, 0.2397342033723937893, 0.1729999395605555379 ) ) ;
#6740 = EDGE_CURVE ( 'NONE', #4517, #3757, #5425, .T. ) ;
#6741 = ORIENTED_EDGE ( 'NONE', *, *, #8168, .F. ) ;
#6742 = DIRECTION ( 'NONE',  ( -1.000000000000000000, -0.000000000000000000, 0.000000000000000000 ) ) ;
#6743 = LINE ( 'NONE', #5149, #8461 ) ;
#6744 = SURFACE_STYLE_FILL_AREA ( #9138 ) ;
#6745 = VECTOR ( 'NONE', #61, 100.0000000000000142 ) ;
#6746 = ORIENTED_EDGE ( 'NONE', *, *, #2856, .T. ) ;
#6747 = LINE ( 'NONE', #1366, #3637 ) ;
#6748 =( NAMED_UNIT ( * ) SI_UNIT ( $, .STERADIAN. ) SOLID_ANGLE_UNIT ( ) );
#6749 = VECTOR ( 'NONE', #957, 100.0000000000000000 ) ;
#6750 =( GEOMETRIC_REPRESENTATION_CONTEXT ( 3 ) GLOBAL_UNCERTAINTY_ASSIGNED_CONTEXT ( ( #6269 ) ) GLOBAL_UNIT_ASSIGNED_CONTEXT ( ( #8779, #2000, #8049 ) ) REPRESENTATION_CONTEXT ( 'NONE', 'WORKASPACE' ) );
#6751 = CARTESIAN_POINT ( 'NONE',  ( 0.000000000000000000, -0.1900000000000000022, 0.007000000000000001013 ) ) ;
#6752 =( LENGTH_UNIT ( ) NAMED_UNIT ( * ) SI_UNIT ( .CENTI., .METRE. ) );
#6753 = VERTEX_POINT ( 'NONE', #5525 ) ;
#6754 = EDGE_CURVE ( 'NONE', #9203, #3779, #4720, .T. ) ;
#6755 = ORIENTED_EDGE ( 'NONE', *, *, #6731, .F. ) ;
#6756 =( GEOMETRIC_REPRESENTATION_CONTEXT ( 3 ) GLOBAL_UNCERTAINTY_ASSIGNED_CONTEXT ( ( #5694 ) ) GLOBAL_UNIT_ASSIGNED_CONTEXT ( ( #4099, #5645, #1103 ) ) REPRESENTATION_CONTEXT ( 'NONE', 'WORKASPACE' ) );
#6757 = DIRECTION ( 'NONE',  ( 1.227642196848865785E-50, -1.000000000000000000, -1.132300070967879485E-31 ) ) ;
#6758 = DIRECTION ( 'NONE',  ( -0.7986355100226858461, 9.780464210346960852E-17, 0.6018150231847030351 ) ) ;
#6759 = CIRCLE ( 'NONE', #7996, 0.1500000000000000222 ) ;
#6760 = DIRECTION ( 'NONE',  ( 1.000000000000000000, 0.000000000000000000, 0.000000000000000000 ) ) ;
#6761 = VECTOR ( 'NONE', #5418, 100.0000000000000000 ) ;
#6762 = EDGE_CURVE ( 'NONE', #8802, #6033, #8416, .T. ) ;
#6763 = ORIENTED_EDGE ( 'NONE', *, *, #1248, .F. ) ;
#6764 = LINE ( 'NONE', #8224, #4419 ) ;
#6765 = VERTEX_POINT ( 'NONE', #6206 ) ;
#6766 = FACE_OUTER_BOUND ( 'NONE', #8936, .T. ) ;
#6767 = ORIENTED_EDGE ( 'NONE', *, *, #4101, .T. ) ;
#6768 = DIRECTION ( 'NONE',  ( 0.000000000000000000, 0.000000000000000000, -1.000000000000000000 ) ) ;
#6769 = COLOUR_RGB ( '',0.6470588235294117974, 0.6196078431372549211, 0.5882352941176470784 ) ;
#6770 = ORIENTED_EDGE ( 'NONE', *, *, #1618, .T. ) ;
#6771 = SURFACE_STYLE_USAGE ( .BOTH. , #3835 ) ;
#6772 = VERTEX_POINT ( 'NONE', #7524 ) ;
#6773 = DIRECTION ( 'NONE',  ( 0.000000000000000000, 2.891205793294680200E-15, -1.000000000000000000 ) ) ;
#6774 = DIRECTION ( 'NONE',  ( -1.000000000000000000, 0.000000000000000000, 0.000000000000000000 ) ) ;
#6775 = VECTOR ( 'NONE', #7327, 100.0000000000000000 ) ;
#6776 = DIRECTION ( 'NONE',  ( 0.000000000000000000, -1.000000000000000000, -3.491483361109383250E-15 ) ) ;
#6777 = AXIS2_PLACEMENT_3D ( 'NONE', #6424, #1994, #4288 ) ;
#6778 = MECHANICAL_DESIGN_GEOMETRIC_PRESENTATION_REPRESENTATION (  '', ( #2798 ), #7698 ) ;
#6779 = FILL_AREA_STYLE ('',( #3748 ) ) ;
#6780 = EDGE_CURVE ( 'NONE', #4304, #2272, #6155, .T. ) ;
#6781 = CARTESIAN_POINT ( 'NONE',  ( 3.409039915742105527E-18, 0.2131738468323237934, -0.04999999999881767077 ) ) ;
#6782 = CARTESIAN_POINT ( 'NONE',  ( 0.3300000000000000155, 0.2356854249492383591, 0.1630000000000000060 ) ) ;
#6783 = UNCERTAINTY_MEASURE_WITH_UNIT (LENGTH_MEASURE( 1.000000000000000082E-05 ), #1949, 'distance_accuracy_value', 'NONE');
#6784 = VECTOR ( 'NONE', #5449, 100.0000000000000000 ) ;
#6785 = CARTESIAN_POINT ( 'NONE',  ( 0.3499999999999999778, 0.1074999999999999845, 0.003999999877501220734 ) ) ;
#6786 = ORIENTED_EDGE ( 'NONE', *, *, #4938, .T. ) ;
#6787 = DIRECTION ( 'NONE',  ( 0.000000000000000000, 0.000000000000000000, 1.000000000000000000 ) ) ;
#6788 = EDGE_CURVE ( 'NONE', #1468, #3335, #8465, .T. ) ;
#6789 = EDGE_CURVE ( 'NONE', #6001, #975, #1632, .T. ) ;
#6790 = ORIENTED_EDGE ( 'NONE', *, *, #8803, .F. ) ;
#6791 = DIRECTION ( 'NONE',  ( 0.000000000000000000, 0.000000000000000000, -1.000000000000000000 ) ) ;
#6792 = CARTESIAN_POINT ( 'NONE',  ( -0.2500000000000000555, -0.2449999999999999956, 0.004000000000000007890 ) ) ;
#6793 = FACE_OUTER_BOUND ( 'NONE', #7610, .T. ) ;
#6794 = ORIENTED_EDGE ( 'NONE', *, *, #7532, .T. ) ;
#6795 = CARTESIAN_POINT ( 'NONE',  ( 0.2793071785686857544, -0.3500000000000000333, 0.1879999999999999727 ) ) ;
#6796 = EDGE_CURVE ( 'NONE', #5933, #8072, #7261, .T. ) ;
#6797 = DIRECTION ( 'NONE',  ( 0.000000000000000000, 0.000000000000000000, 1.000000000000000000 ) ) ;
#6798 = CARTESIAN_POINT ( 'NONE',  ( -0.3499999999999999778, 0.1775000000000000189, 0.01500000000000001679 ) ) ;
#6799 = AXIS2_PLACEMENT_3D ( 'NONE', #7901, #8652, #6443 ) ;
#6800 = LINE ( 'NONE', #9742, #663 ) ;
#6801 = DIRECTION ( 'NONE',  ( 0.000000000000000000, -1.000000000000000000, 0.000000000000000000 ) ) ;
#6802 = VERTEX_POINT ( 'NONE', #5371 ) ;
#6803 = ORIENTED_EDGE ( 'NONE', *, *, #7919, .F. ) ;
#6804 = LINE ( 'NONE', #683, #5576 ) ;
#6805 = CIRCLE ( 'NONE', #8050, 0.1711816160934631348 ) ;
#6806 =( NAMED_UNIT ( * ) SI_UNIT ( $, .STERADIAN. ) SOLID_ANGLE_UNIT ( ) );
#6807 = DIRECTION ( 'NONE',  ( 0.000000000000000000, -0.8574929257125440962, 0.5144957554275266798 ) ) ;
#6808 = EDGE_LOOP ( 'NONE', ( #3622, #4309, #783, #5145 ) ) ;
#6809 = DIRECTION ( 'NONE',  ( 5.433049731604327253E-17, 5.433049731604348207E-17, 1.000000000000000000 ) ) ;
#6810 = VERTEX_POINT ( 'NONE', #2434 ) ;
#6811 = ORIENTED_EDGE ( 'NONE', *, *, #8349, .T. ) ;
#6812 = DIRECTION ( 'NONE',  ( 0.000000000000000000, -0.000000000000000000, 1.000000000000000000 ) ) ;
#6813 =( GEOMETRIC_REPRESENTATION_CONTEXT ( 3 ) GLOBAL_UNCERTAINTY_ASSIGNED_CONTEXT ( ( #3124 ) ) GLOBAL_UNIT_ASSIGNED_CONTEXT ( ( #2420, #4499, #1658 ) ) REPRESENTATION_CONTEXT ( 'NONE', 'WORKASPACE' ) );
#6814 = ORIENTED_EDGE ( 'NONE', *, *, #7552, .T. ) ;
#6815 = SURFACE_SIDE_STYLE ('',( #8425 ) ) ;
#6816 = DIRECTION ( 'NONE',  ( -1.000000000000000000, -0.000000000000000000, -0.000000000000000000 ) ) ;
#6817 =( LENGTH_UNIT ( ) NAMED_UNIT ( * ) SI_UNIT ( .CENTI., .METRE. ) );
#6818 =( GEOMETRIC_REPRESENTATION_CONTEXT ( 3 ) GLOBAL_UNCERTAINTY_ASSIGNED_CONTEXT ( ( #3810 ) ) GLOBAL_UNIT_ASSIGNED_CONTEXT ( ( #2754, #1256, #2811 ) ) REPRESENTATION_CONTEXT ( 'NONE', 'WORKASPACE' ) );
#6819 = FACE_OUTER_BOUND ( 'NONE', #2740, .T. ) ;
#6820 = ORIENTED_EDGE ( 'NONE', *, *, #9605, .F. ) ;
#6821 =( NAMED_UNIT ( * ) SI_UNIT ( $, .STERADIAN. ) SOLID_ANGLE_UNIT ( ) );
#6822 = CARTESIAN_POINT ( 'NONE',  ( 0.3441421356237308604, 0.2498275605729693427, 0.004000000000000010492 ) ) ;
#6823 = VECTOR ( 'NONE', #100, 100.0000000000000000 ) ;
#6824 = LINE ( 'NONE', #14, #5786 ) ;
#6825 = EDGE_CURVE ( 'NONE', #7363, #1656, #8372, .T. ) ;
#6826 = EDGE_LOOP ( 'NONE', ( #5947, #7721, #7416, #8170 ) ) ;
#6827 = DIRECTION ( 'NONE',  ( -0.000000000000000000, -0.4314843090707786710, 0.9021204415296842916 ) ) ;
#6828 = DIRECTION ( 'NONE',  ( 0.000000000000000000, -1.000000000000000000, 0.000000000000000000 ) ) ;
#6829 = ORIENTED_EDGE ( 'NONE', *, *, #2717, .F. ) ;
#6830 = PRESENTATION_STYLE_ASSIGNMENT (( #7605 ) ) ;
#6831 = CARTESIAN_POINT ( 'NONE',  ( 0.1310000000000000608, 0.3400000000000000244, 0.1879999999999999727 ) ) ;
#6832 = DIRECTION ( 'NONE',  ( -0.000000000000000000, 0.8574929257125440962, 0.5144957554275266798 ) ) ;
#6833 = EDGE_CURVE ( 'NONE', #2693, #8531, #3425, .T. ) ;
#6834 = ORIENTED_EDGE ( 'NONE', *, *, #6598, .F. ) ;
#6835 = EDGE_CURVE ( 'NONE', #7947, #8564, #6399, .T. ) ;
#6836 =( NAMED_UNIT ( * ) SI_UNIT ( $, .STERADIAN. ) SOLID_ANGLE_UNIT ( ) );
#6837 = ORIENTED_EDGE ( 'NONE', *, *, #697, .F. ) ;
#6838 = SURFACE_STYLE_USAGE ( .BOTH. , #3771 ) ;
#6839 = PRESENTATION_STYLE_ASSIGNMENT (( #6091 ) ) ;
#6840 = CARTESIAN_POINT ( 'NONE',  ( 0.3575000000000000400, 0.2425000000000000488, 0.1430000000000000160 ) ) ;
#6841 = CIRCLE ( 'NONE', #4462, 0.02000000000000001082 ) ;
#6842 = ORIENTED_EDGE ( 'NONE', *, *, #2789, .F. ) ;
#6843 = ORIENTED_EDGE ( 'NONE', *, *, #6789, .T. ) ;
#6844 = PLANE ( 'NONE',  #4376 ) ;
#6845 = CARTESIAN_POINT ( 'NONE',  ( 0.2360460442117737478, -0.3399999999999999134, 0.1730000000000000981 ) ) ;
#6846 = EDGE_CURVE ( 'NONE', #1675, #7830, #7129, .T. ) ;
#6847 = FACE_OUTER_BOUND ( 'NONE', #8611, .T. ) ;
#6848 = VECTOR ( 'NONE', #5104, 100.0000000000000000 ) ;
#6849 =( NAMED_UNIT ( * ) PLANE_ANGLE_UNIT ( ) SI_UNIT ( $, .RADIAN. ) );
#6850 = EDGE_CURVE ( 'NONE', #4949, #9142, #6502, .T. ) ;
#6851 = VERTEX_POINT ( 'NONE', #2622 ) ;
#6852 = LINE ( 'NONE', #9107, #1397 ) ;
#6853 = VERTEX_POINT ( 'NONE', #377 ) ;
#6854 = LINE ( 'NONE', #3091, #8004 ) ;
#6855 = ORIENTED_EDGE ( 'NONE', *, *, #1538, .F. ) ;
#6856 = DIRECTION ( 'NONE',  ( 0.000000000000000000, -0.000000000000000000, -1.000000000000000000 ) ) ;
#6857 = PRESENTATION_LAYER_ASSIGNMENT (  '', '', ( #1288 ) ) ;
#6858 = ORIENTED_EDGE ( 'NONE', *, *, #8978, .F. ) ;
#6859 = VECTOR ( 'NONE', #8380, 100.0000000000000142 ) ;
#6860 = CONICAL_SURFACE ( 'NONE', #3376, 0.1831611487205009048, 0.9250245035161065443 ) ;
#6861 = CARTESIAN_POINT ( 'NONE',  ( -0.03535533905932731341, -0.1060660171779822109, 0.3150000000000001132 ) ) ;
#6862 = EDGE_CURVE ( 'NONE', #3775, #2383, #1773, .T. ) ;
#6863 =( NAMED_UNIT ( * ) SI_UNIT ( $, .STERADIAN. ) SOLID_ANGLE_UNIT ( ) );
#6864 = CARTESIAN_POINT ( 'NONE',  ( 0.2500000000000000000, -0.2250000000000000611, 0.004000000000000010492 ) ) ;
#6865 = CIRCLE ( 'NONE', #2581, 0.01999999999999996572 ) ;
#6866 = DIRECTION ( 'NONE',  ( 0.1736481776669273336, -0.000000000000000000, 0.9848077530122085754 ) ) ;
#6867 = ORIENTED_EDGE ( 'NONE', *, *, #4545, .T. ) ;
#6868 = LINE ( 'NONE', #3104, #9267 ) ;
#6869 = LINE ( 'NONE', #7648, #5363 ) ;
#6870 = DIRECTION ( 'NONE',  ( 9.227252531791526133E-16, 1.000000000000000000, 0.000000000000000000 ) ) ;
#6871 = ORIENTED_EDGE ( 'NONE', *, *, #835, .T. ) ;
#6872 = CARTESIAN_POINT ( 'NONE',  ( 0.08499999999999999223, -0.1900000000000000022, 0.006999999999999999278 ) ) ;
#6873 = VECTOR ( 'NONE', #803, 100.0000000000000000 ) ;
#6874 = SURFACE_SIDE_STYLE ('',( #1603 ) ) ;
#6875 = ORIENTED_EDGE ( 'NONE', *, *, #6423, .F. ) ;
#6876 = ADVANCED_FACE ( 'NONE', ( #3285 ), #9302, .F. ) ;
#6877 = AXIS2_PLACEMENT_3D ( 'NONE', #2396, #7782, #1593 ) ;
#6878 = ORIENTED_EDGE ( 'NONE', *, *, #2646, .T. ) ;
#6879 = DIRECTION ( 'NONE',  ( 6.735369260825570315E-17, -1.760146872403420140E-16, -1.000000000000000000 ) ) ;
#6880 = CARTESIAN_POINT ( 'NONE',  ( 0.2498275605729689264, -0.3441421356237310269, 0.1729999999999999871 ) ) ;
#6881 = CARTESIAN_POINT ( 'NONE',  ( 0.1310000000000000608, 0.3524999999999999800, 0.1880000001233737561 ) ) ;
#6882 = UNCERTAINTY_MEASURE_WITH_UNIT (LENGTH_MEASURE( 1.000000000000000082E-05 ), #9075, 'distance_accuracy_value', 'NONE');
#6883 =( LENGTH_UNIT ( ) NAMED_UNIT ( * ) SI_UNIT ( .CENTI., .METRE. ) );
#6884 = ORIENTED_EDGE ( 'NONE', *, *, #9532, .F. ) ;
#6885 = ORIENTED_EDGE ( 'NONE', *, *, #8149, .T. ) ;
#6886 = CARTESIAN_POINT ( 'NONE',  ( 0.3574999999999999845, 0.2425000000000000488, 0.1680000000000000382 ) ) ;
#6887 = CARTESIAN_POINT ( 'NONE',  ( -0.2793071785686857544, -0.3429467888754760829, 0.1879999999999999727 ) ) ;
#6888 = EDGE_CURVE ( 'NONE', #9142, #4426, #5752, .T. ) ;
#6889 = ORIENTED_EDGE ( 'NONE', *, *, #820, .F. ) ;
#6890 = EDGE_LOOP ( 'NONE', ( #4675, #9703, #5081, #3266, #1972, #8438 ) ) ;
#6891 = EDGE_CURVE ( 'NONE', #9390, #7338, #1165, .T. ) ;
#6892 = FILL_AREA_STYLE_COLOUR ( '', #7982 ) ;
#6893 = PRESENTATION_LAYER_ASSIGNMENT (  '', '', ( #8771 ) ) ;
#6894 = AXIS2_PLACEMENT_3D ( 'NONE', #1946, #511, #9669 ) ;
#6895 = ORIENTED_EDGE ( 'NONE', *, *, #8935, .F. ) ;
#6896 = PLANE ( 'NONE',  #6643 ) ;
#6897 = VERTEX_POINT ( 'NONE', #9440 ) ;
#6898 = DIRECTION ( 'NONE',  ( -0.7071067811865511255, -0.7071067811865440200, 0.000000000000000000 ) ) ;
#6899 = VERTEX_POINT ( 'NONE', #2531 ) ;
#6900 = CARTESIAN_POINT ( 'NONE',  ( -0.1310000000000000608, -0.3524999999999999800, 0.1680000000000000382 ) ) ;
#6901 = EDGE_CURVE ( 'NONE', #4361, #7612, #5661, .T. ) ;
#6902 = AXIS2_PLACEMENT_3D ( 'NONE', #1896, #216, #1050 ) ;
#6903 = VERTEX_POINT ( 'NONE', #8659 ) ;
#6904 = VECTOR ( 'NONE', #814, 100.0000000000000000 ) ;
#6905 = LINE ( 'NONE', #6258, #6509 ) ;
#6906 = FACE_OUTER_BOUND ( 'NONE', #59, .T. ) ;
#6907 = CARTESIAN_POINT ( 'NONE',  ( 0.3509848078736499399, 0.1775000000000000189, 0.01482635180106140968 ) ) ;
#6908 = DIRECTION ( 'NONE',  ( 1.000000000000000000, 0.000000000000000000, 0.000000000000000000 ) ) ;
#6909 = DIRECTION ( 'NONE',  ( 0.000000000000000000, 0.000000000000000000, 1.000000000000000000 ) ) ;
#6910 = EDGE_LOOP ( 'NONE', ( #8993, #535, #5432, #240, #3019, #3605, #4831, #9087, #9593, #8215, #8910, #7668, #427, #5921, #7530, #6691, #3860, #7076 ) ) ;
#6911 = MECHANICAL_DESIGN_GEOMETRIC_PRESENTATION_REPRESENTATION (  '', ( #1346 ), #7683 ) ;
#6912 = CARTESIAN_POINT ( 'NONE',  ( 0.3509848078736498844, -0.03499999999999992700, 0.01482635180106140448 ) ) ;
#6913 = ADVANCED_FACE ( 'NONE', ( #3330 ), #290, .F. ) ;
#6914 = DIRECTION ( 'NONE',  ( 0.000000000000000000, 0.000000000000000000, 1.000000000000000000 ) ) ;
#6915 = PRESENTATION_STYLE_ASSIGNMENT (( #9073 ) ) ;
#6916 = MECHANICAL_DESIGN_GEOMETRIC_PRESENTATION_REPRESENTATION (  '', ( #8169 ), #8006 ) ;
#6917 = ORIENTED_EDGE ( 'NONE', *, *, #7710, .T. ) ;
#6918 = DIRECTION ( 'NONE',  ( -2.891205793294679017E-15, 0.000000000000000000, -1.000000000000000000 ) ) ;
#6919 = FACE_OUTER_BOUND ( 'NONE', #7828, .T. ) ;
#6920 =( GEOMETRIC_REPRESENTATION_CONTEXT ( 3 ) GLOBAL_UNCERTAINTY_ASSIGNED_CONTEXT ( ( #2903 ) ) GLOBAL_UNIT_ASSIGNED_CONTEXT ( ( #2486, #6987, #5527 ) ) REPRESENTATION_CONTEXT ( 'NONE', 'WORKASPACE' ) );
#6921 = VECTOR ( 'NONE', #6721, 100.0000000000000000 ) ;
#6922 = VERTEX_POINT ( 'NONE', #9344 ) ;
#6923 = EDGE_CURVE ( 'NONE', #2314, #2814, #2574, .T. ) ;
#6924 = LINE ( 'NONE', #7601, #8496 ) ;
#6925 = AXIS2_PLACEMENT_3D ( 'NONE', #6751, #8895, #2123 ) ;
#6926 = COLOUR_RGB ( '',0.6470588235294117974, 0.6196078431372549211, 0.5882352941176470784 ) ;
#6927 = ORIENTED_EDGE ( 'NONE', *, *, #6313, .F. ) ;
#6928 = SURFACE_STYLE_FILL_AREA ( #9233 ) ;
#6929 = LINE ( 'NONE', #1753, #8155 ) ;
#6930 = FACE_OUTER_BOUND ( 'NONE', #2449, .T. ) ;
#6931 = ORIENTED_EDGE ( 'NONE', *, *, #4545, .F. ) ;
#6932 = CARTESIAN_POINT ( 'NONE',  ( -0.2498275605729688986, -0.3441421356237309714, 0.004000000000000010492 ) ) ;
#6933 = ORIENTED_EDGE ( 'NONE', *, *, #2808, .T. ) ;
#6934 = LINE ( 'NONE', #6886, #6293 ) ;
#6935 = DIRECTION ( 'NONE',  ( -0.000000000000000000, -0.000000000000000000, 1.000000000000000000 ) ) ;
#6936 = UNCERTAINTY_MEASURE_WITH_UNIT (LENGTH_MEASURE( 1.000000000000000082E-05 ), #7800, 'distance_accuracy_value', 'NONE');
#6937 = EDGE_LOOP ( 'NONE', ( #5681, #4233, #3794, #9684 ) ) ;
#6938 = ORIENTED_EDGE ( 'NONE', *, *, #1307, .F. ) ;
#6939 = LINE ( 'NONE', #2377, #88 ) ;
#6940 = SURFACE_STYLE_FILL_AREA ( #185 ) ;
#6941 = DIRECTION ( 'NONE',  ( -1.000000000000000000, 0.000000000000000000, 0.000000000000000000 ) ) ;
#6942 = EDGE_CURVE ( 'NONE', #6810, #9508, #6805, .T. ) ;
#6943 = ORIENTED_EDGE ( 'NONE', *, *, #2550, .F. ) ;
#6944 = CIRCLE ( 'NONE', #2031, 0.06999999999999999278 ) ;
#6945 = DIRECTION ( 'NONE',  ( 5.175581015552915807E-17, 0.4226182617842433875, 0.9063077870163449568 ) ) ;
#6946 = ORIENTED_EDGE ( 'NONE', *, *, #4101, .F. ) ;
#6947 = ORIENTED_EDGE ( 'NONE', *, *, #9049, .F. ) ;
#6948 = DIRECTION ( 'NONE',  ( 1.000000000000000000, 0.000000000000000000, -0.000000000000000000 ) ) ;
#6949 = ORIENTED_EDGE ( 'NONE', *, *, #3540, .F. ) ;
#6950 = VECTOR ( 'NONE', #3535, 100.0000000000000000 ) ;
#6951 = SURFACE_SIDE_STYLE ('',( #5476 ) ) ;
#6952 = PLANE ( 'NONE',  #5899 ) ;
#6953 = DIRECTION ( 'NONE',  ( -0.1736481776669273336, -0.000000000000000000, 0.9848077530122085754 ) ) ;
#6954 = CARTESIAN_POINT ( 'NONE',  ( 0.1254999999999999727, -0.3400000000000000244, 0.1019349540849361496 ) ) ;
#6955 = FILL_AREA_STYLE ('',( #6111 ) ) ;
#6956 = ADVANCED_FACE ( 'NONE', ( #3521 ), #3567, .F. ) ;
#6957 = LINE ( 'NONE', #4736, #4667 ) ;
#6958 = ORIENTED_EDGE ( 'NONE', *, *, #8912, .F. ) ;
#6959 = ADVANCED_FACE ( 'NONE', ( #9637 ), #8065, .T. ) ;
#6960 = CIRCLE ( 'NONE', #5556, 0.01999999999999996572 ) ;
#6961 = EDGE_CURVE ( 'NONE', #1080, #1648, #4900, .T. ) ;
#6962 = FILL_AREA_STYLE ('',( #7807 ) ) ;
#6963 = EDGE_LOOP ( 'NONE', ( #5364, #1326, #1508, #1259, #32, #3721, #8069, #281, #6246, #2433, #166, #4823, #1774, #8503, #5962, #5529 ) ) ;
#6964 = LINE ( 'NONE', #2458, #2305 ) ;
#6965 = SURFACE_SIDE_STYLE ('',( #6128 ) ) ;
#6966 = PRESENTATION_LAYER_ASSIGNMENT (  '', '', ( #7751 ) ) ;
#6967 = VERTEX_POINT ( 'NONE', #2871 ) ;
#6968 = CARTESIAN_POINT ( 'NONE',  ( -0.1255000000000000560, -0.3575000000000003730, 0.09050000000000017752 ) ) ;
#6969 = PLANE ( 'NONE',  #6108 ) ;
#6970 = FILL_AREA_STYLE ('',( #3219 ) ) ;
#6971 = AXIS2_PLACEMENT_3D ( 'NONE', #1766, #1718, #7623 ) ;
#6972 = ORIENTED_EDGE ( 'NONE', *, *, #8749, .T. ) ;
#6973 = DIRECTION ( 'NONE',  ( -1.227642196848865785E-50, 1.000000000000000000, 1.132300070967879485E-31 ) ) ;
#6974 = PRESENTATION_STYLE_ASSIGNMENT (( #8404 ) ) ;
#6975 = VECTOR ( 'NONE', #2131, 100.0000000000000000 ) ;
#6976 = DIRECTION ( 'NONE',  ( -0.000000000000000000, -0.000000000000000000, -1.000000000000000000 ) ) ;
#6977 = ORIENTED_EDGE ( 'NONE', *, *, #508, .T. ) ;
#6978 = ORIENTED_EDGE ( 'NONE', *, *, #7142, .T. ) ;
#6979 = CARTESIAN_POINT ( 'NONE',  ( -0.08500000000000000611, -0.2600000000000000644, 0.004000000000000000083 ) ) ;
#6980 =( LENGTH_UNIT ( ) NAMED_UNIT ( * ) SI_UNIT ( .CENTI., .METRE. ) );
#6981 = DIRECTION ( 'NONE',  ( -1.000000000000000000, 4.336808689942024836E-15, 0.000000000000000000 ) ) ;
#6982 = STYLED_ITEM ( 'NONE', ( #3667 ), #2536 ) ;
#6983 = ORIENTED_EDGE ( 'NONE', *, *, #8310, .F. ) ;
#6984 = FACE_OUTER_BOUND ( 'NONE', #797, .T. ) ;
#6985 = ORIENTED_EDGE ( 'NONE', *, *, #2572, .F. ) ;
#6986 = PRESENTATION_LAYER_ASSIGNMENT (  '', '', ( #7301 ) ) ;
#6987 =( NAMED_UNIT ( * ) PLANE_ANGLE_UNIT ( ) SI_UNIT ( $, .RADIAN. ) );
#6988 = VERTEX_POINT ( 'NONE', #9588 ) ;
#6989 = DIRECTION ( 'NONE',  ( -1.000000000000000000, -7.311082709387417497E-18, 2.552652363152067741E-32 ) ) ;
#6990 = ORIENTED_EDGE ( 'NONE', *, *, #2466, .F. ) ;
#6991 = ADVANCED_FACE ( 'NONE', ( #2978 ), #4353, .F. ) ;
#6992 = FACE_OUTER_BOUND ( 'NONE', #6007, .T. ) ;
#6993 = CARTESIAN_POINT ( 'NONE',  ( 0.2356854249492379982, 0.3500000000000000333, 0.003999999999999988808 ) ) ;
#6994 = DIRECTION ( 'NONE',  ( 6.735369260825570315E-17, -1.760146872403420140E-16, -1.000000000000000000 ) ) ;
#6995 = AXIS2_PLACEMENT_3D ( 'NONE', #6410, #7044, #9407 ) ;
#6996 = MECHANICAL_DESIGN_GEOMETRIC_PRESENTATION_REPRESENTATION (  '', ( #9507 ), #7779 ) ;
#6997 = DIRECTION ( 'NONE',  ( 0.000000000000000000, 1.000000000000000000, 3.423796334164751519E-16 ) ) ;
#6998 = ORIENTED_EDGE ( 'NONE', *, *, #9625, .F. ) ;
#6999 = CARTESIAN_POINT ( 'NONE',  ( -1.388456206199465843E-16, 0.1207106781186547406, 0.3000000000000000999 ) ) ;
#7000 = ORIENTED_EDGE ( 'NONE', *, *, #4824, .F. ) ;
#7001 = DIRECTION ( 'NONE',  ( -0.000000000000000000, 1.000000000000000000, 0.000000000000000000 ) ) ;
#7002 = VECTOR ( 'NONE', #3001, 100.0000000000000142 ) ;
#7003 = PLANE ( 'NONE',  #9303 ) ;
#7004 = FILL_AREA_STYLE ('',( #4789 ) ) ;
#7005 = EDGE_CURVE ( 'NONE', #4611, #5911, #6747, .T. ) ;
#7006 = CARTESIAN_POINT ( 'NONE',  ( 0.1849999999999999423, 0.3725000000000004974, 0.03999999999999981348 ) ) ;
#7007 = MECHANICAL_DESIGN_GEOMETRIC_PRESENTATION_REPRESENTATION (  '', ( #6548 ), #670 ) ;
#7008 = EDGE_CURVE ( 'NONE', #6250, #244, #3669, .T. ) ;
#7009 = CARTESIAN_POINT ( 'NONE',  ( 2.168404344971008868E-17, 0.000000000000000000, 0.1900201181342708878 ) ) ;
#7010 =( LENGTH_UNIT ( ) NAMED_UNIT ( * ) SI_UNIT ( .CENTI., .METRE. ) );
#7011 = ORIENTED_EDGE ( 'NONE', *, *, #349, .F. ) ;
#7012 = DIRECTION ( 'NONE',  ( 1.000000000000000000, 0.000000000000000000, -0.000000000000000000 ) ) ;
#7013 = DIRECTION ( 'NONE',  ( 0.000000000000000000, 0.000000000000000000, -1.000000000000000000 ) ) ;
#7014 = ADVANCED_FACE ( 'NONE', ( #3960 ), #26, .T. ) ;
#7015 = ORIENTED_EDGE ( 'NONE', *, *, #3186, .T. ) ;
#7016 = PLANE ( 'NONE',  #7693 ) ;
#7017 = DIRECTION ( 'NONE',  ( 0.000000000000000000, -1.000000000000000000, -0.000000000000000000 ) ) ;
#7018 = ADVANCED_FACE ( 'NONE', ( #1569 ), #2217, .F. ) ;
#7019 = DIRECTION ( 'NONE',  ( 0.000000000000000000, -1.000000000000000000, -3.491483361109382066E-15 ) ) ;
#7020 = DIRECTION ( 'NONE',  ( 1.000000000000000000, 0.000000000000000000, -0.000000000000000000 ) ) ;
#7021 = ORIENTED_EDGE ( 'NONE', *, *, #2155, .F. ) ;
#7022 = FILL_AREA_STYLE ('',( #962 ) ) ;
#7023 = VECTOR ( 'NONE', #3252, 100.0000000000000000 ) ;
#7024 = CYLINDRICAL_SURFACE ( 'NONE', #4723, 0.01000000000000000194 ) ;
#7025 = DIRECTION ( 'NONE',  ( 0.7071067811865434649, 0.7071067811865514585, 1.008697416034608505E-15 ) ) ;
#7026 = EDGE_CURVE ( 'NONE', #134, #9542, #9463, .T. ) ;
#7027 = SURFACE_STYLE_FILL_AREA ( #965 ) ;
#7028 = ORIENTED_EDGE ( 'NONE', *, *, #1794, .T. ) ;
#7029 = ORIENTED_EDGE ( 'NONE', *, *, #2470, .F. ) ;
#7030 = CARTESIAN_POINT ( 'NONE',  ( 0.2382785993070365149, 0.3396776797666640757, 0.1729999913571935444 ) ) ;
#7031 = LINE ( 'NONE', #1578, #4447 ) ;
#7032 = LINE ( 'NONE', #9297, #1443 ) ;
#7033 = CIRCLE ( 'NONE', #8286, 0.01100000024499758408 ) ;
#7034 = CARTESIAN_POINT ( 'NONE',  ( 0.07000000000000000666, 0.2600000000000000644, 0.000000000000000000 ) ) ;
#7035 = ORIENTED_EDGE ( 'NONE', *, *, #7186, .T. ) ;
#7036 = ORIENTED_EDGE ( 'NONE', *, *, #466, .F. ) ;
#7037 = VERTEX_POINT ( 'NONE', #3173 ) ;
#7038 = EDGE_CURVE ( 'NONE', #7939, #9662, #3127, .T. ) ;
#7039 = ORIENTED_EDGE ( 'NONE', *, *, #3225, .T. ) ;
#7040 = PRESENTATION_STYLE_ASSIGNMENT (( #2442 ) ) ;
#7041 = LINE ( 'NONE', #5668, #7942 ) ;
#7042 = EDGE_CURVE ( 'NONE', #9435, #4757, #2265, .T. ) ;
#7043 = LINE ( 'NONE', #4678, #871 ) ;
#7044 = DIRECTION ( 'NONE',  ( -0.000000000000000000, 2.502005013666494650E-16, 1.000000000000000000 ) ) ;
#7045 = EDGE_LOOP ( 'NONE', ( #9429, #1807, #5424, #3574 ) ) ;
#7046 = DIRECTION ( 'NONE',  ( 0.7071067811865489050, 0.7071067811865461294, -0.000000000000000000 ) ) ;
#7047 = EDGE_LOOP ( 'NONE', ( #4012, #5439, #3447, #7403 ) ) ;
#7048 = CIRCLE ( 'NONE', #2774, 0.02000000024674755336 ) ;
#7049 = CARTESIAN_POINT ( 'NONE',  ( -0.08000000000000000167, -0.3725000000000004974, 0.03999999999999980654 ) ) ;
#7050 = CARTESIAN_POINT ( 'NONE',  ( -0.3741382288134426082, -0.1774999999999999911, 0.08854822291287120506 ) ) ;
#7051 = DIRECTION ( 'NONE',  ( 1.720409151025122665E-16, -6.925359060216257350E-17, -1.000000000000000000 ) ) ;
#7052 = CARTESIAN_POINT ( 'NONE',  ( 0.3298350308547478016, 0.2250000000000000611, -0.1051199933897666722 ) ) ;
#7053 = CIRCLE ( 'NONE', #869, 0.03249999999999993172 ) ;
#7054 = CARTESIAN_POINT ( 'NONE',  ( 2.524723739207799969E-17, -1.358214205932524807E-17, 0.2233559577416269759 ) ) ;
#7055 = VECTOR ( 'NONE', #271, 100.0000000000000000 ) ;
#7056 = VECTOR ( 'NONE', #9295, 100.0000000000000000 ) ;
#7057 = FACE_OUTER_BOUND ( 'NONE', #9196, .T. ) ;
#7058 = ADVANCED_FACE ( 'NONE', ( #6138 ), #9782, .T. ) ;
#7059 = ORIENTED_EDGE ( 'NONE', *, *, #3826, .F. ) ;
#7060 = LINE ( 'NONE', #3310, #5494 ) ;
#7061 = FILL_AREA_STYLE_COLOUR ( '', #2992 ) ;
#7062 = CIRCLE ( 'NONE', #7529, 0.03249999999999995254 ) ;
#7063 = DIRECTION ( 'NONE',  ( -1.207214651489355247E-30, -1.000000000000000000, -3.895646459343735048E-14 ) ) ;
#7064 = CARTESIAN_POINT ( 'NONE',  ( -0.1849999999999999423, 0.3725000000000004974, 0.03999999999999981348 ) ) ;
#7065 = COLOUR_RGB ( '',0.7921568627450980005, 0.8196078431372548767, 0.9333333333333333481 ) ;
#7066 = FACE_OUTER_BOUND ( 'NONE', #3142, .T. ) ;
#7067 = CIRCLE ( 'NONE', #2800, 0.01000000000000002276 ) ;
#7068 = EDGE_CURVE ( 'NONE', #1106, #8001, #4706, .T. ) ;
#7069 = ORIENTED_EDGE ( 'NONE', *, *, #7589, .T. ) ;
#7070 = VECTOR ( 'NONE', #1059, 100.0000000000000000 ) ;
#7071 = CARTESIAN_POINT ( 'NONE',  ( 0.3608328854037720079, -0.1775000000000000189, 0.01308987002439216188 ) ) ;
#7072 = VECTOR ( 'NONE', #4183, 100.0000000000000000 ) ;
#7073 = CARTESIAN_POINT ( 'NONE',  ( -0.1310000000000000331, -0.3575000000000000400, 0.1019349540849361496 ) ) ;
#7074 = ADVANCED_FACE ( 'NONE', ( #1907 ), #2528, .T. ) ;
#7075 = LINE ( 'NONE', #7855, #4577 ) ;
#7076 = ORIENTED_EDGE ( 'NONE', *, *, #2779, .F. ) ;
#7077 = VERTEX_POINT ( 'NONE', #7071 ) ;
#7078 = DIRECTION ( 'NONE',  ( -0.7071067811865489050, -0.7071067811865461294, 0.000000000000000000 ) ) ;
#7079 = FACE_OUTER_BOUND ( 'NONE', #6657, .T. ) ;
#7080 = PRESENTATION_STYLE_ASSIGNMENT (( #7812 ) ) ;
#7081 = CARTESIAN_POINT ( 'NONE',  ( 0.2651650429449547985, -0.3288046532517451270, 0.1729999999999999871 ) ) ;
#7082 = ADVANCED_FACE ( 'NONE', ( #8504 ), #1156, .T. ) ;
#7083 = ORIENTED_EDGE ( 'NONE', *, *, #2343, .T. ) ;
#7084 = CARTESIAN_POINT ( 'NONE',  ( 0.3300000000000000155, 0.3400000000000000244, 0.1729999999999999871 ) ) ;
#7085 = ORIENTED_EDGE ( 'NONE', *, *, #7672, .F. ) ;
#7086 = LINE ( 'NONE', #1966, #3138 ) ;
#7087 = VECTOR ( 'NONE', #6383, 100.0000000000000000 ) ;
#7088 = ORIENTED_EDGE ( 'NONE', *, *, #594, .T. ) ;
#7089 = ORIENTED_EDGE ( 'NONE', *, *, #730, .T. ) ;
#7090 = LINE ( 'NONE', #197, #7437 ) ;
#7091 =( NAMED_UNIT ( * ) SI_UNIT ( $, .STERADIAN. ) SOLID_ANGLE_UNIT ( ) );
#7092 = DIRECTION ( 'NONE',  ( 0.000000000000000000, 0.000000000000000000, -1.000000000000000000 ) ) ;
#7093 = DIRECTION ( 'NONE',  ( -1.000000000000000000, -1.335556046222670058E-43, 1.498835719919922711E-29 ) ) ;
#7094 = VECTOR ( 'NONE', #9505, 100.0000000000000000 ) ;
#7095 = ORIENTED_EDGE ( 'NONE', *, *, #1303, .T. ) ;
#7096 = PRESENTATION_LAYER_ASSIGNMENT (  '', '', ( #1067 ) ) ;
#7097 = ORIENTED_EDGE ( 'NONE', *, *, #1666, .T. ) ;
#7098 = CARTESIAN_POINT ( 'NONE',  ( 0.1310000000000000053, -0.3725000000000004419, 0.06999999999999979849 ) ) ;
#7099 = LINE ( 'NONE', #1834, #8361 ) ;
#7100 = AXIS2_PLACEMENT_3D ( 'NONE', #5264, #6014, #9551 ) ;
#7101 = SURFACE_STYLE_FILL_AREA ( #7004 ) ;
#7102 = FILL_AREA_STYLE ('',( #4835 ) ) ;
#7103 =( GEOMETRIC_REPRESENTATION_CONTEXT ( 3 ) GLOBAL_UNCERTAINTY_ASSIGNED_CONTEXT ( ( #3866 ) ) GLOBAL_UNIT_ASSIGNED_CONTEXT ( ( #5360, #4659, #2426 ) ) REPRESENTATION_CONTEXT ( 'NONE', 'WORKASPACE' ) );
#7104 = CIRCLE ( 'NONE', #8828, 0.01000000000000000541 ) ;
#7105 = VECTOR ( 'NONE', #3925, 100.0000000000000000 ) ;
#7106 = CARTESIAN_POINT ( 'NONE',  ( 0.2605587312717443371, -0.3524999999999999800, 0.1680000000000000382 ) ) ;
#7107 = EDGE_LOOP ( 'NONE', ( #3333, #696, #3455, #9089 ) ) ;
#7108 = DIRECTION ( 'NONE',  ( 0.000000000000000000, 1.000000000000000000, 0.000000000000000000 ) ) ;
#7109 = LINE ( 'NONE', #8590, #8341 ) ;
#7110 = EDGE_CURVE ( 'NONE', #4772, #8288, #9239, .T. ) ;
#7111 = SURFACE_SIDE_STYLE ('',( #4097 ) ) ;
#7112 = LINE ( 'NONE', #5601, #2786 ) ;
#7113 = PRESENTATION_STYLE_ASSIGNMENT (( #2806 ) ) ;
#7114 = AXIS2_PLACEMENT_3D ( 'NONE', #6439, #4758, #9385 ) ;
#7115 = ORIENTED_EDGE ( 'NONE', *, *, #7724, .T. ) ;
#7116 = LINE ( 'NONE', #320, #3645 ) ;
#7117 = CARTESIAN_POINT ( 'NONE',  ( 0.1849999999999999423, -0.3575000000000003175, 0.1019349540849361496 ) ) ;
#7118 = DIRECTION ( 'NONE',  ( -0.000000000000000000, -1.000000000000000000, 0.000000000000000000 ) ) ;
#7119 = ORIENTED_EDGE ( 'NONE', *, *, #858, .T. ) ;
#7120 = EDGE_CURVE ( 'NONE', #4540, #2457, #4151, .T. ) ;
#7121 = EDGE_LOOP ( 'NONE', ( #860, #7357 ) ) ;
#7122 = DIRECTION ( 'NONE',  ( 0.7071067811865457964, -0.7071067811865492381, 0.000000000000000000 ) ) ;
#7123 =( NAMED_UNIT ( * ) SI_UNIT ( $, .STERADIAN. ) SOLID_ANGLE_UNIT ( ) );
#7124 =( NAMED_UNIT ( * ) PLANE_ANGLE_UNIT ( ) SI_UNIT ( $, .RADIAN. ) );
#7125 = COLOUR_RGB ( '',1.000000000000000000, 1.000000000000000000, 1.000000000000000000 ) ;
#7126 = EDGE_CURVE ( 'NONE', #2945, #9095, #8648, .T. ) ;
#7127 = LINE ( 'NONE', #3474, #3663 ) ;
#7128 = PRESENTATION_LAYER_ASSIGNMENT (  '', '', ( #4924 ) ) ;
#7129 = LINE ( 'NONE', #331, #8358 ) ;
#7130 = VERTEX_POINT ( 'NONE', #421 ) ;
#7131 = PRESENTATION_STYLE_ASSIGNMENT (( #9442 ) ) ;
#7132 = VERTEX_POINT ( 'NONE', #4105 ) ;
#7133 = FACE_OUTER_BOUND ( 'NONE', #5147, .T. ) ;
#7134 = UNCERTAINTY_MEASURE_WITH_UNIT (LENGTH_MEASURE( 1.000000000000000082E-05 ), #9063, 'distance_accuracy_value', 'NONE');
#7135 = ORIENTED_EDGE ( 'NONE', *, *, #3993, .T. ) ;
#7136 = EDGE_CURVE ( 'NONE', #1652, #7317, #7163, .T. ) ;
#7137 = DIRECTION ( 'NONE',  ( 6.735369260825570315E-17, -1.760146872403420140E-16, -1.000000000000000000 ) ) ;
#7138 =( LENGTH_UNIT ( ) NAMED_UNIT ( * ) SI_UNIT ( .CENTI., .METRE. ) );
#7139 = VECTOR ( 'NONE', #7862, 100.0000000000000000 ) ;
#7140 = CARTESIAN_POINT ( 'NONE',  ( 0.3229860436907419086, 0.2780547203178235782, 0.1729999999999999871 ) ) ;
#7141 = DIRECTION ( 'NONE',  ( 0.000000000000000000, 0.000000000000000000, -1.000000000000000000 ) ) ;
#7142 = EDGE_CURVE ( 'NONE', #5663, #6567, #5558, .T. ) ;
#7143 = LINE ( 'NONE', #7185, #6085 ) ;
#7144 = ORIENTED_EDGE ( 'NONE', *, *, #1332, .T. ) ;
#7145 = DIRECTION ( 'NONE',  ( 0.000000000000000000, 3.491483361109383250E-15, 1.000000000000000000 ) ) ;
#7146 = DIRECTION ( 'NONE',  ( 1.000000000000000000, 0.000000000000000000, 0.000000000000000000 ) ) ;
#7147 = CARTESIAN_POINT ( 'NONE',  ( -0.1849999999999999423, -0.3725000000000004419, 0.06999999999999979849 ) ) ;
#7148 = DIRECTION ( 'NONE',  ( 0.000000000000000000, 1.000000000000000000, 3.423796334164751519E-16 ) ) ;
#7149 = MECHANICAL_DESIGN_GEOMETRIC_PRESENTATION_REPRESENTATION (  '', ( #7776 ), #501 ) ;
#7150 = EDGE_CURVE ( 'NONE', #9595, #4475, #6960, .T. ) ;
#7151 = TOROIDAL_SURFACE ( 'NONE', #7929, 0.03699999999999999123, 0.01000000000000002276 ) ;
#7152 = STYLED_ITEM ( 'NONE', ( #6579 ), #40 ) ;
#7153 = ORIENTED_EDGE ( 'NONE', *, *, #7300, .F. ) ;
#7154 = CARTESIAN_POINT ( 'NONE',  ( 0.2365808694827723491, -0.2250000000000000611, 0.004000000000000010492 ) ) ;
#7155 = CARTESIAN_POINT ( 'NONE',  ( -0.2500000000000000000, -0.2449999999999999956, 0.004000000000000000083 ) ) ;
#7156 = EDGE_CURVE ( 'NONE', #7633, #5619, #6341, .T. ) ;
#7157 = MECHANICAL_DESIGN_GEOMETRIC_PRESENTATION_REPRESENTATION (  '', ( #6227 ), #8262 ) ;
#7158 = CARTESIAN_POINT ( 'NONE',  ( -0.07999999999999998779, -0.3725000000000006084, 0.03999999999999979960 ) ) ;
#7159 = SURFACE_SIDE_STYLE ('',( #416 ) ) ;
#7160 = CARTESIAN_POINT ( 'NONE',  ( 0.2349999999999999589, -0.2600000000000000089, 0.004000000000000000083 ) ) ;
#7161 = EDGE_CURVE ( 'NONE', #8225, #8878, #7116, .T. ) ;
#7162 = EDGE_LOOP ( 'NONE', ( #4682, #4266, #691, #4213 ) ) ;
#7163 = LINE ( 'NONE', #4193, #3486 ) ;
#7164 = EDGE_CURVE ( 'NONE', #5619, #7878, #6389, .T. ) ;
#7165 = AXIS2_PLACEMENT_3D ( 'NONE', #8054, #4298, #9571 ) ;
#7166 = VERTEX_POINT ( 'NONE', #7804 ) ;
#7167 = ORIENTED_EDGE ( 'NONE', *, *, #9577, .T. ) ;
#7168 = DIRECTION ( 'NONE',  ( -0.000000000000000000, -0.000000000000000000, 1.000000000000000000 ) ) ;
#7169 = LINE ( 'NONE', #8009, #3899 ) ;
#7170 = SURFACE_STYLE_USAGE ( .BOTH. , #5612 ) ;
#7171 = FILL_AREA_STYLE_COLOUR ( '', #6528 ) ;
#7172 = AXIS2_PLACEMENT_3D ( 'NONE', #1743, #6177, #7790 ) ;
#7173 = DIRECTION ( 'NONE',  ( -0.7071067811865460184, -0.7071067811865490160, 0.000000000000000000 ) ) ;
#7174 = EDGE_CURVE ( 'NONE', #899, #5818, #3958, .T. ) ;
#7175 = ORIENTED_EDGE ( 'NONE', *, *, #4166, .F. ) ;
#7176 = CARTESIAN_POINT ( 'NONE',  ( 0.06999999999999999278, -0.3049999999999999933, 0.06800000000000000488 ) ) ;
#7177 = EDGE_LOOP ( 'NONE', ( #503, #889, #1160, #711, #8271, #1530, #2792, #3828, #5662, #7085, #7912, #498, #3287, #4920, #3910, #4176 ) ) ;
#7178 =( LENGTH_UNIT ( ) NAMED_UNIT ( * ) SI_UNIT ( .CENTI., .METRE. ) );
#7179 = EDGE_LOOP ( 'NONE', ( #5275, #1183, #5975, #4119 ) ) ;
#7180 = VECTOR ( 'NONE', #9165, 100.0000000000000000 ) ;
#7181 = LINE ( 'NONE', #5757, #789 ) ;
#7182 = DIRECTION ( 'NONE',  ( 0.000000000000000000, 0.000000000000000000, -1.000000000000000000 ) ) ;
#7183 = DIRECTION ( 'NONE',  ( 0.000000000000000000, 1.000000000000000000, 0.000000000000000000 ) ) ;
#7184 = CARTESIAN_POINT ( 'NONE',  ( 0.3378027838988066356, -0.2420250216451909075, 0.1730000051928050342 ) ) ;
#7185 = CARTESIAN_POINT ( 'NONE',  ( 0.3574999999999999845, 0.2425000000000000488, 0.1729999999999999871 ) ) ;
#7186 = EDGE_CURVE ( 'NONE', #2940, #6089, #2662, .T. ) ;
#7187 = VERTEX_POINT ( 'NONE', #7404 ) ;
#7188 = CARTESIAN_POINT ( 'NONE',  ( 0.3608328854037720079, 0.1775000000000000189, 0.01308987002439214800 ) ) ;
#7189 = CARTESIAN_POINT ( 'NONE',  ( -0.3500000000000000333, 0.000000000000000000, 0.004000000000000010492 ) ) ;
#7190 = CARTESIAN_POINT ( 'NONE',  ( 0.3499999999999999778, -0.1074999999999999845, 0.01500000000000001679 ) ) ;
#7191 = EDGE_CURVE ( 'NONE', #3779, #4017, #2059, .T. ) ;
#7192 = AXIS2_PLACEMENT_3D ( 'NONE', #7247, #2739, #2846 ) ;
#7193 = SURFACE_STYLE_FILL_AREA ( #4927 ) ;
#7194 = FILL_AREA_STYLE_COLOUR ( '', #9718 ) ;
#7195 = ORIENTED_EDGE ( 'NONE', *, *, #7343, .T. ) ;
#7196 = CIRCLE ( 'NONE', #9560, 0.06999999999999999278 ) ;
#7197 = UNCERTAINTY_MEASURE_WITH_UNIT (LENGTH_MEASURE( 1.000000000000000082E-05 ), #3655, 'distance_accuracy_value', 'NONE');
#7198 = DIRECTION ( 'NONE',  ( -2.135040237031389343E-16, -1.000000000000000000, 0.000000000000000000 ) ) ;
#7199 = DIRECTION ( 'NONE',  ( -0.9848077530122075762, 0.000000000000000000, 0.1736481776669327459 ) ) ;
#7200 = SURFACE_SIDE_STYLE ('',( #4887 ) ) ;
#7201 = ADVANCED_FACE ( 'NONE', ( #8931 ), #9573, .F. ) ;
#7202 = AXIS2_PLACEMENT_3D ( 'NONE', #6287, #8544, #3122 ) ;
#7203 = ORIENTED_EDGE ( 'NONE', *, *, #4282, .T. ) ;
#7204 = AXIS2_PLACEMENT_3D ( 'NONE', #6887, #8506, #824 ) ;
#7205 = CARTESIAN_POINT ( 'NONE',  ( -0.1310000000000000608, 0.3399999999999999134, 0.1879999999999999727 ) ) ;
#7206 = FILL_AREA_STYLE_COLOUR ( '', #9594 ) ;
#7207 = FILL_AREA_STYLE_COLOUR ( '', #7930 ) ;
#7208 =( GEOMETRIC_REPRESENTATION_CONTEXT ( 3 ) GLOBAL_UNCERTAINTY_ASSIGNED_CONTEXT ( ( #1214 ) ) GLOBAL_UNIT_ASSIGNED_CONTEXT ( ( #1054, #3360, #3506 ) ) REPRESENTATION_CONTEXT ( 'NONE', 'WORKASPACE' ) );
#7209 = VECTOR ( 'NONE', #3390, 100.0000000000000000 ) ;
#7210 = SURFACE_STYLE_USAGE ( .BOTH. , #7111 ) ;
#7211 = VECTOR ( 'NONE', #7122, 100.0000000000000000 ) ;
#7212 = ORIENTED_EDGE ( 'NONE', *, *, #7440, .F. ) ;
#7213 =( NAMED_UNIT ( * ) SI_UNIT ( $, .STERADIAN. ) SOLID_ANGLE_UNIT ( ) );
#7214 = VECTOR ( 'NONE', #387, 100.0000000000000000 ) ;
#7215 = CARTESIAN_POINT ( 'NONE',  ( 0.000000000000000000, 0.1575000000030968295, -0.02999999999815372576 ) ) ;
#7216 = AXIS2_PLACEMENT_3D ( 'NONE', #4922, #4279, #499 ) ;
#7217 = DIRECTION ( 'NONE',  ( 0.000000000000000000, -0.000000000000000000, 1.000000000000000000 ) ) ;
#7218 = ORIENTED_EDGE ( 'NONE', *, *, #3553, .T. ) ;
#7219 = PRESENTATION_LAYER_ASSIGNMENT (  '', '', ( #8169 ) ) ;
#7220 = ORIENTED_EDGE ( 'NONE', *, *, #7191, .T. ) ;
#7221 = LINE ( 'NONE', #1015, #8785 ) ;
#7222 = DIRECTION ( 'NONE',  ( -1.000000000000000000, 0.000000000000000000, 0.000000000000000000 ) ) ;
#7223 = DIRECTION ( 'NONE',  ( -4.745752291439779558E-45, 1.000000000000000000, 8.910623282276885903E-15 ) ) ;
#7224 = CARTESIAN_POINT ( 'NONE',  ( 0.2793071785686857544, 0.3429467888754760829, 0.1879999999999999727 ) ) ;
#7225 = AXIS2_PLACEMENT_3D ( 'NONE', #7277, #1924, #2533 ) ;
#7226 = CIRCLE ( 'NONE', #1818, 0.02999999999999999195 ) ;
#7227 = CARTESIAN_POINT ( 'NONE',  ( 0.3429467888754750282, 0.2793071785686869757, 0.1879999999999999727 ) ) ;
#7228 = EDGE_LOOP ( 'NONE', ( #1352, #3345, #7631, #1996, #6794, #3661, #6048, #1631, #3318 ) ) ;
#7229 = ORIENTED_EDGE ( 'NONE', *, *, #74, .T. ) ;
#7230 =( NAMED_UNIT ( * ) PLANE_ANGLE_UNIT ( ) SI_UNIT ( $, .RADIAN. ) );
#7231 = ORIENTED_EDGE ( 'NONE', *, *, #9116, .F. ) ;
#7232 = VECTOR ( 'NONE', #6973, 100.0000000000000000 ) ;
#7233 = COLOUR_RGB ( '',1.000000000000000000, 1.000000000000000000, 1.000000000000000000 ) ;
#7234 = ORIENTED_EDGE ( 'NONE', *, *, #2822, .T. ) ;
#7235 = DIRECTION ( 'NONE',  ( 0.000000000000000000, 0.000000000000000000, -1.000000000000000000 ) ) ;
#7236 = ADVANCED_FACE ( 'NONE', ( #4445 ), #569, .F. ) ;
#7237 = DIRECTION ( 'NONE',  ( -0.000000000000000000, -0.000000000000000000, 1.000000000000000000 ) ) ;
#7238 = CARTESIAN_POINT ( 'NONE',  ( 2.168404344971008868E-17, 3.252606517456513302E-17, 0.04900000000000009903 ) ) ;
#7239 = CARTESIAN_POINT ( 'NONE',  ( 0.1254999999999999727, 0.3750000000000000000, 0.1129999999999999893 ) ) ;
#7240 = FACE_OUTER_BOUND ( 'NONE', #239, .T. ) ;
#7241 = FACE_OUTER_BOUND ( 'NONE', #6910, .T. ) ;
#7242 = ORIENTED_EDGE ( 'NONE', *, *, #6449, .F. ) ;
#7243 = CARTESIAN_POINT ( 'NONE',  ( -0.1254999999999999727, -0.3575000000000003175, 0.1019349540849361496 ) ) ;
#7244 = CARTESIAN_POINT ( 'NONE',  ( -0.3400001732210187200, -0.2367200545408305601, 0.1730000051928050064 ) ) ;
#7245 = DIRECTION ( 'NONE',  ( -0.1736481776669273336, 0.000000000000000000, -0.9848077530122085754 ) ) ;
#7246 = LINE ( 'NONE', #5077, #6064 ) ;
#7247 = CARTESIAN_POINT ( 'NONE',  ( 0.2149999999999999967, -0.3724999999999999978, 0.1879999999999999727 ) ) ;
#7248 = AXIS2_PLACEMENT_3D ( 'NONE', #7591, #2295, #4637 ) ;
#7249 = EDGE_CURVE ( 'NONE', #8001, #2124, #2537, .T. ) ;
#7250 = LINE ( 'NONE', #3351, #6222 ) ;
#7251 = ORIENTED_EDGE ( 'NONE', *, *, #7367, .F. ) ;
#7252 = CARTESIAN_POINT ( 'NONE',  ( 2.524723739207799969E-17, -1.358214205932524807E-17, 0.2233559577416269759 ) ) ;
#7253 = CARTESIAN_POINT ( 'NONE',  ( -0.3514696961967002653, -0.2425000000000000488, 0.1879999999999999727 ) ) ;
#7254 = EDGE_CURVE ( 'NONE', #6205, #826, #9477, .T. ) ;
#7255 = CARTESIAN_POINT ( 'NONE',  ( 3.980102096770575561E-18, 0.2224999999962575525, -0.02999999999953840979 ) ) ;
#7256 = ORIENTED_EDGE ( 'NONE', *, *, #3217, .T. ) ;
#7257 = DIRECTION ( 'NONE',  ( -0.7071067811865461294, -0.7071067811865489050, 0.000000000000000000 ) ) ;
#7258 = CARTESIAN_POINT ( 'NONE',  ( -0.2687005768508874959, 0.3323401871576777689, 0.1879999999999999727 ) ) ;
#7259 = LINE ( 'NONE', #2905, #5491 ) ;
#7260 = EDGE_CURVE ( 'NONE', #5429, #8965, #2365, .T. ) ;
#7261 = CIRCLE ( 'NONE', #5219, 0.02000000024674755336 ) ;
#7262 = DIRECTION ( 'NONE',  ( 0.000000000000000000, 1.000000000000000000, 0.000000000000000000 ) ) ;
#7263 =( NAMED_UNIT ( * ) PLANE_ANGLE_UNIT ( ) SI_UNIT ( $, .RADIAN. ) );
#7264 = PLANE ( 'NONE',  #5125 ) ;
#7265 = ORIENTED_EDGE ( 'NONE', *, *, #4781, .F. ) ;
#7266 = PLANE ( 'NONE',  #4080 ) ;
#7267 = UNCERTAINTY_MEASURE_WITH_UNIT (LENGTH_MEASURE( 1.000000000000000082E-05 ), #2340, 'distance_accuracy_value', 'NONE');
#7268 = ORIENTED_EDGE ( 'NONE', *, *, #659, .T. ) ;
#7269 = ORIENTED_EDGE ( 'NONE', *, *, #4989, .F. ) ;
#7270 = CARTESIAN_POINT ( 'NONE',  ( -0.2961204622363453609, 0.03499999999999999639, -0.2963248134515691357 ) ) ;
#7271 = DIRECTION ( 'NONE',  ( 1.000000000000000000, 7.311082709387417497E-18, 0.000000000000000000 ) ) ;
#7272 = CONICAL_SURFACE ( 'NONE', #8538, 0.04749999999154169705, 0.4363323128210387924 ) ;
#7273 = DIRECTION ( 'NONE',  ( -0.000000000000000000, 2.502005013666494650E-16, 1.000000000000000000 ) ) ;
#7274 = ORIENTED_EDGE ( 'NONE', *, *, #2032, .F. ) ;
#7275 = DIRECTION ( 'NONE',  ( 2.065146995210489872E-16, -3.491483361109382461E-15, 1.000000000000000000 ) ) ;
#7276 = EDGE_LOOP ( 'NONE', ( #5696, #1772, #5059, #1724 ) ) ;
#7277 = CARTESIAN_POINT ( 'NONE',  ( -0.07071067811865483499, -2.026798580442488183E-16, 0.3000000000000000444 ) ) ;
#7278 = ORIENTED_EDGE ( 'NONE', *, *, #9345, .T. ) ;
#7279 = CARTESIAN_POINT ( 'NONE',  ( 0.06999999999999999278, 0.1900000000000000022, 0.007000000000000001013 ) ) ;
#7280 = EDGE_LOOP ( 'NONE', ( #7858, #6438, #9589, #2530 ) ) ;
#7281 = ORIENTED_EDGE ( 'NONE', *, *, #1048, .T. ) ;
#7282 = AXIS2_PLACEMENT_3D ( 'NONE', #2630, #8074, #8760 ) ;
#7283 = CARTESIAN_POINT ( 'NONE',  ( -0.3642901512833205402, -0.03499999999999995476, 0.09028470468954052919 ) ) ;
#7284 = SURFACE_SIDE_STYLE ('',( #5217 ) ) ;
#7285 = FILL_AREA_STYLE ('',( #9548 ) ) ;
#7286 = CARTESIAN_POINT ( 'NONE',  ( 0.1254999999999999727, 0.3750000000000000000, 0.1010000000000000064 ) ) ;
#7287 = ORIENTED_EDGE ( 'NONE', *, *, #349, .T. ) ;
#7288 = LINE ( 'NONE', #9451, #3095 ) ;
#7289 = ORIENTED_EDGE ( 'NONE', *, *, #1189, .F. ) ;
#7290 = AXIS2_PLACEMENT_3D ( 'NONE', #2430, #83, #3137 ) ;
#7291 = LINE ( 'NONE', #1135, #627 ) ;
#7292 = PRESENTATION_STYLE_ASSIGNMENT (( #4280 ) ) ;
#7293 = EDGE_CURVE ( 'NONE', #8566, #6458, #2913, .T. ) ;
#7294 = LINE ( 'NONE', #8859, #9566 ) ;
#7295 = CIRCLE ( 'NONE', #6521, 0.01999999999999996572 ) ;
#7296 =( NAMED_UNIT ( * ) SI_UNIT ( $, .STERADIAN. ) SOLID_ANGLE_UNIT ( ) );
#7297 = VERTEX_POINT ( 'NONE', #1953 ) ;
#7298 = DIRECTION ( 'NONE',  ( -4.864909963427316455E-17, 1.000000000000000000, 2.737953000754034909E-18 ) ) ;
#7299 = LINE ( 'NONE', #4930, #7072 ) ;
#7300 = EDGE_CURVE ( 'NONE', #3959, #773, #4756, .T. ) ;
#7301 = STYLED_ITEM ( 'NONE', ( #1394 ), #2049 ) ;
#7302 = CARTESIAN_POINT ( 'NONE',  ( 0.1254999999999999727, -0.3750000000000000000, 0.1010000000000000064 ) ) ;
#7303 = CARTESIAN_POINT ( 'NONE',  ( -0.3642901512833205402, -0.03499999999999994782, 0.09028470468954051531 ) ) ;
#7304 = ADVANCED_FACE ( 'NONE', ( #9317 ), #8688, .T. ) ;
#7305 =( NAMED_UNIT ( * ) PLANE_ANGLE_UNIT ( ) SI_UNIT ( $, .RADIAN. ) );
#7307 = CARTESIAN_POINT ( 'NONE',  ( 0.3500000000000000333, -0.1074999999999999845, 0.1729999999999999871 ) ) ;
#7306 = CIRCLE ( 'NONE', #5433, 0.009999999999999982861 ) ;
#7308 = CARTESIAN_POINT ( 'NONE',  ( 0.000000000000000000, 0.1900000000000000022, 0.007000000000000001013 ) ) ;
#7309 = ORIENTED_EDGE ( 'NONE', *, *, #4358, .F. ) ;
#7310 = PRESENTATION_STYLE_ASSIGNMENT (( #3555 ) ) ;
#7311 = EDGE_CURVE ( 'NONE', #5715, #8595, #6268, .T. ) ;
#7312 = DIRECTION ( 'NONE',  ( -0.000000000000000000, 0.8574929257125440962, -0.5144957554275266798 ) ) ;
#7313 = VECTOR ( 'NONE', #7638, 100.0000000000000000 ) ;
#7314 = CIRCLE ( 'NONE', #6275, 0.01499999999999999598 ) ;
#7315 = ORIENTED_EDGE ( 'NONE', *, *, #2201, .T. ) ;
#7316 = EDGE_CURVE ( 'NONE', #7317, #885, #2450, .T. ) ;
#7317 = VERTEX_POINT ( 'NONE', #9218 ) ;
#7318 = CARTESIAN_POINT ( 'NONE',  ( -1.383404679253846991E-16, 0.07071067811865476560, 0.3000000000000000999 ) ) ;
#7319 = PLANE ( 'NONE',  #6053 ) ;
#7320 = VECTOR ( 'NONE', #6009, 100.0000000000000000 ) ;
#7321 = CARTESIAN_POINT ( 'NONE',  ( 2.168404344971008868E-17, 3.252606517456513302E-17, 0.04900000000000009903 ) ) ;
#7322 = ORIENTED_EDGE ( 'NONE', *, *, #7846, .T. ) ;
#7323 =( NAMED_UNIT ( * ) PLANE_ANGLE_UNIT ( ) SI_UNIT ( $, .RADIAN. ) );
#7324 = EDGE_CURVE ( 'NONE', #9384, #5266, #991, .T. ) ;
#7325 = ORIENTED_EDGE ( 'NONE', *, *, #5978, .T. ) ;
#7326 = CIRCLE ( 'NONE', #3389, 0.004999999999999969746 ) ;
#7327 = DIRECTION ( 'NONE',  ( 0.000000000000000000, -1.000000000000000000, 3.491483361109382461E-15 ) ) ;
#7328 = ORIENTED_EDGE ( 'NONE', *, *, #3186, .F. ) ;
#7329 = FILL_AREA_STYLE ('',( #8070 ) ) ;
#7330 = ORIENTED_EDGE ( 'NONE', *, *, #4794, .F. ) ;
#7331 = ORIENTED_EDGE ( 'NONE', *, *, #8693, .T. ) ;
#7332 = CARTESIAN_POINT ( 'NONE',  ( 0.1149999999999998662, -0.3500000000000000333, 0.1729999999999999871 ) ) ;
#7333 = PRESENTATION_LAYER_ASSIGNMENT (  '', '', ( #522 ) ) ;
#7334 = LINE ( 'NONE', #542, #4816 ) ;
#7335 = LINE ( 'NONE', #2990, #3979 ) ;
#7336 = SURFACE_STYLE_FILL_AREA ( #4322 ) ;
#7337 = EDGE_CURVE ( 'NONE', #7368, #4662, #4596, .T. ) ;
#7338 = VERTEX_POINT ( 'NONE', #3249 ) ;
#7339 =( NAMED_UNIT ( * ) SI_UNIT ( $, .STERADIAN. ) SOLID_ANGLE_UNIT ( ) );
#7340 = CARTESIAN_POINT ( 'NONE',  ( 0.3441421356237309159, 0.2498275605729692872, 0.1630000000000000060 ) ) ;
#7341 = VECTOR ( 'NONE', #5538, 100.0000000000000000 ) ;
#7342 = CARTESIAN_POINT ( 'NONE',  ( -0.3741382288134425527, 0.03499999999999996170, 0.08854822291287126057 ) ) ;
#7343 = EDGE_CURVE ( 'NONE', #7865, #6703, #5701, .T. ) ;
#7344 = CARTESIAN_POINT ( 'NONE',  ( -0.2149999999999999689, 0.3429467888754760829, 0.1729999999999999871 ) ) ;
#7345 = DIRECTION ( 'NONE',  ( 0.000000000000000000, -1.000000000000000000, -3.290811972840868436E-16 ) ) ;
#7346 = ORIENTED_EDGE ( 'NONE', *, *, #6788, .F. ) ;
#7347 = SURFACE_STYLE_FILL_AREA ( #9713 ) ;
#7348 = CIRCLE ( 'NONE', #538, 0.01000000000000000541 ) ;
#7349 = PLANE ( 'NONE',  #9275 ) ;
#7350 = CARTESIAN_POINT ( 'NONE',  ( -0.2356854249492379982, 0.3500000000000000333, 0.004000000000000010492 ) ) ;
#7351 = CARTESIAN_POINT ( 'NONE',  ( 0.3525000000000000355, 0.2425000000000000488, 0.1879999999999999727 ) ) ;
#7352 = DIRECTION ( 'NONE',  ( 0.000000000000000000, 0.000000000000000000, -1.000000000000000000 ) ) ;
#7353 = CARTESIAN_POINT ( 'NONE',  ( 0.1849999999999999423, -0.3575000000000003175, 0.1019349540849361774 ) ) ;
#7354 = EDGE_CURVE ( 'NONE', #456, #4017, #668, .T. ) ;
#7355 = AXIS2_PLACEMENT_3D ( 'NONE', #8312, #8221, #781 ) ;
#7356 = CIRCLE ( 'NONE', #5949, 0.01100000024499758408 ) ;
#7357 = ORIENTED_EDGE ( 'NONE', *, *, #7300, .T. ) ;
#7358 =( NAMED_UNIT ( * ) PLANE_ANGLE_UNIT ( ) SI_UNIT ( $, .RADIAN. ) );
#7359 = VECTOR ( 'NONE', #5111, 100.0000000000000000 ) ;
#7360 = CARTESIAN_POINT ( 'NONE',  ( -0.3396776797666640202, 0.2382785993070369868, 0.1729999913571935166 ) ) ;
#7361 = AXIS2_PLACEMENT_3D ( 'NONE', #1310, #1510, #5843 ) ;
#7362 = ORIENTED_EDGE ( 'NONE', *, *, #3063, .F. ) ;
#7363 = VERTEX_POINT ( 'NONE', #4492 ) ;
#7364 = CYLINDRICAL_SURFACE ( 'NONE', #90, 0.04999999999999998890 ) ;
#7365 = CARTESIAN_POINT ( 'NONE',  ( 0.000000000000000000, -0.2281738468351057758, -0.04999999999881767077 ) ) ;
#7366 = DIRECTION ( 'NONE',  ( 0.000000000000000000, -0.000000000000000000, 1.000000000000000000 ) ) ;
#7367 = EDGE_CURVE ( 'NONE', #9007, #6705, #1692, .T. ) ;
#7368 = VERTEX_POINT ( 'NONE', #254 ) ;
#7369 = EDGE_CURVE ( 'NONE', #4475, #3179, #9633, .T. ) ;
#7370 = PRESENTATION_LAYER_ASSIGNMENT (  '', '', ( #1190 ) ) ;
#7371 =( LENGTH_UNIT ( ) NAMED_UNIT ( * ) SI_UNIT ( .CENTI., .METRE. ) );
#7372 = ORIENTED_EDGE ( 'NONE', *, *, #6550, .T. ) ;
#7373 = DIRECTION ( 'NONE',  ( -7.709722699209334283E-31, 1.000000000000000000, -1.702423238236979595E-46 ) ) ;
#7374 = ORIENTED_EDGE ( 'NONE', *, *, #1642, .T. ) ;
#7375 = EDGE_LOOP ( 'NONE', ( #2194, #3002, #2916, #7480 ) ) ;
#7376 = ORIENTED_EDGE ( 'NONE', *, *, #4526, .F. ) ;
#7377 = AXIS2_PLACEMENT_3D ( 'NONE', #4083, #6371, #1884 ) ;
#7378 = PLANE ( 'NONE',  #2736 ) ;
#7379 = EDGE_CURVE ( 'NONE', #456, #2068, #467, .T. ) ;
#7380 = AXIS2_PLACEMENT_3D ( 'NONE', #1390, #2141, #2240 ) ;
#7381 = CYLINDRICAL_SURFACE ( 'NONE', #1168, 0.04700000000000001399 ) ;
#7382 = VECTOR ( 'NONE', #4895, 100.0000000000000000 ) ;
#7383 = DIRECTION ( 'NONE',  ( 0.000000000000000000, 1.000000000000000000, 0.000000000000000000 ) ) ;
#7384 =( NAMED_UNIT ( * ) PLANE_ANGLE_UNIT ( ) SI_UNIT ( $, .RADIAN. ) );
#7385 = ORIENTED_EDGE ( 'NONE', *, *, #3868, .F. ) ;
#7386 = CIRCLE ( 'NONE', #7702, 0.02000000024674755336 ) ;
#7387 = LINE ( 'NONE', #3634, #4579 ) ;
#7388 = DIRECTION ( 'NONE',  ( 0.000000000000000000, 1.000000000000000000, 2.282530889443167515E-16 ) ) ;
#7389 = VERTEX_POINT ( 'NONE', #3711 ) ;
#7390 = CARTESIAN_POINT ( 'NONE',  ( 0.000000000000000000, 0.2600000000000000644, 0.000000000000000000 ) ) ;
#7391 = CARTESIAN_POINT ( 'NONE',  ( -0.3441421356237308604, 0.2498275605729693427, 0.1630000000000000060 ) ) ;
#7392 = ORIENTED_EDGE ( 'NONE', *, *, #92, .T. ) ;
#7393 = CARTESIAN_POINT ( 'NONE',  ( -0.3288046532517440723, -0.2651650429449560198, 0.1879999999999999727 ) ) ;
#7394 = PRESENTATION_LAYER_ASSIGNMENT (  '', '', ( #1847 ) ) ;
#7395 = PLANE ( 'NONE',  #6294 ) ;
#7396 = DIRECTION ( 'NONE',  ( 0.7071067811865487940, 0.7071067811865462405, 0.000000000000000000 ) ) ;
#7397 = LINE ( 'NONE', #7992, #3363 ) ;
#7398 = DIRECTION ( 'NONE',  ( -0.000000000000000000, -3.290811972840868436E-16, 1.000000000000000000 ) ) ;
#7399 = PRESENTATION_STYLE_ASSIGNMENT (( #4389 ) ) ;
#7400 = CARTESIAN_POINT ( 'NONE',  ( 0.1254999999999999727, -0.3574999999999999289, 0.1630000000000000060 ) ) ;
#7401 = DIRECTION ( 'NONE',  ( 0.7071067811865464625, 0.7071067811865486830, 0.000000000000000000 ) ) ;
#7402 = AXIS2_PLACEMENT_3D ( 'NONE', #9290, #6297, #1664 ) ;
#7403 = ORIENTED_EDGE ( 'NONE', *, *, #322, .T. ) ;
#7404 = CARTESIAN_POINT ( 'NONE',  ( 0.3741382288134425527, 0.1074999999999999289, 0.08854822291287123281 ) ) ;
#7405 = CARTESIAN_POINT ( 'NONE',  ( -0.3370710678118654657, 0.2427564927611038370, 0.1729999999999999871 ) ) ;
#7406 = EDGE_CURVE ( 'NONE', #1438, #47, #6500, .T. ) ;
#7407 = VECTOR ( 'NONE', #4769, 100.0000000000000000 ) ;
#7408 = ORIENTED_EDGE ( 'NONE', *, *, #9002, .F. ) ;
#7409 = ORIENTED_EDGE ( 'NONE', *, *, #6003, .F. ) ;
#7410 = DIRECTION ( 'NONE',  ( -1.000000000000000000, 0.000000000000000000, 0.000000000000000000 ) ) ;
#7411 = DIRECTION ( 'NONE',  ( 0.000000000000000000, 1.000000000000000000, 0.000000000000000000 ) ) ;
#7412 = CARTESIAN_POINT ( 'NONE',  ( 0.000000000000000000, 0.1900000000000000300, -0.02999999999815373616 ) ) ;
#7413 = MECHANICAL_DESIGN_GEOMETRIC_PRESENTATION_REPRESENTATION (  '', ( #8367 ), #6813 ) ;
#7414 = ORIENTED_EDGE ( 'NONE', *, *, #8062, .T. ) ;
#7415 = DIRECTION ( 'NONE',  ( 0.000000000000000000, -1.000000000000000000, -3.491483361109382461E-15 ) ) ;
#7416 = ORIENTED_EDGE ( 'NONE', *, *, #2550, .T. ) ;
#7417 = CARTESIAN_POINT ( 'NONE',  ( 0.2149999999999999134, -0.3575000001233737956, 0.1679999999999999272 ) ) ;
#7418 = ORIENTED_EDGE ( 'NONE', *, *, #2762, .T. ) ;
#7419 =( NAMED_UNIT ( * ) SI_UNIT ( $, .STERADIAN. ) SOLID_ANGLE_UNIT ( ) );
#7420 = EDGE_CURVE ( 'NONE', #6089, #9800, #8842, .T. ) ;
#7421 = LINE ( 'NONE', #8996, #280 ) ;
#7422 = ORIENTED_EDGE ( 'NONE', *, *, #2155, .T. ) ;
#7423 = STYLED_ITEM ( 'NONE', ( #7310 ), #7201 ) ;
#7424 = ORIENTED_EDGE ( 'NONE', *, *, #9577, .F. ) ;
#7425 = EDGE_CURVE ( 'NONE', #6318, #4157, #9772, .T. ) ;
#7426 = CARTESIAN_POINT ( 'NONE',  ( 0.3396831083848697586, 0.2250000000000000611, -0.1068564751664359408 ) ) ;
#7427 = LINE ( 'NONE', #9646, #4006 ) ;
#7428 = DIRECTION ( 'NONE',  ( 0.000000000000000000, 1.000000000000000000, 0.000000000000000000 ) ) ;
#7429 = CARTESIAN_POINT ( 'NONE',  ( 0.2439696961966996425, 0.3500000000000000333, 0.1879999999999999727 ) ) ;
#7430 = DIRECTION ( 'NONE',  ( -1.000000000000000000, -0.000000000000000000, 0.000000000000000000 ) ) ;
#7431 = VECTOR ( 'NONE', #8674, 100.0000000000000000 ) ;
#7432 = EDGE_LOOP ( 'NONE', ( #2864, #3165, #8218, #5215 ) ) ;
#7433 = CARTESIAN_POINT ( 'NONE',  ( -0.07141778489984138001, -1.620925616986510265E-16, 0.5000000000000001110 ) ) ;
#7434 = VERTEX_POINT ( 'NONE', #7784 ) ;
#7435 = ADVANCED_FACE ( 'NONE', ( #4030 ), #7272, .T. ) ;
#7436 = UNCERTAINTY_MEASURE_WITH_UNIT (LENGTH_MEASURE( 1.000000000000000082E-05 ), #4773, 'distance_accuracy_value', 'NONE');
#7437 = VECTOR ( 'NONE', #4626, 100.0000000000000000 ) ;
#7438 = CARTESIAN_POINT ( 'NONE',  ( -0.2379596413380467013, -0.3397541973612298594, 0.1729999948783370045 ) ) ;
#7439 = VERTEX_POINT ( 'NONE', #7049 ) ;
#7440 = EDGE_CURVE ( 'NONE', #693, #8634, #6738, .T. ) ;
#7441 = DIRECTION ( 'NONE',  ( -0.7071067811865457964, 0.7071067811865492381, 0.000000000000000000 ) ) ;
#7442 = EDGE_LOOP ( 'NONE', ( #3514, #3494, #3671, #4872 ) ) ;
#7443 = MECHANICAL_DESIGN_GEOMETRIC_PRESENTATION_REPRESENTATION (  '', ( #9329 ), #1422 ) ;
#7444 = PLANE ( 'NONE',  #7540 ) ;
#7445 =( GEOMETRIC_REPRESENTATION_CONTEXT ( 3 ) GLOBAL_UNCERTAINTY_ASSIGNED_CONTEXT ( ( #1387 ) ) GLOBAL_UNIT_ASSIGNED_CONTEXT ( ( #8911, #1386, #649 ) ) REPRESENTATION_CONTEXT ( 'NONE', 'WORKASPACE' ) );
#7446 = CARTESIAN_POINT ( 'NONE',  ( 0.3370710678118654102, -0.2427564927611038093, 0.1630000000000000060 ) ) ;
#7447 = UNCERTAINTY_MEASURE_WITH_UNIT (LENGTH_MEASURE( 1.000000000000000082E-05 ), #3235, 'distance_accuracy_value', 'NONE');
#7448 = EDGE_CURVE ( 'NONE', #7132, #6161, #7551, .T. ) ;
#7449 = VECTOR ( 'NONE', #4718, 100.0000000000000000 ) ;
#7450 = DIRECTION ( 'NONE',  ( -0.7071067811865461294, 0.7071067811865490160, 0.000000000000000000 ) ) ;
#7451 = LINE ( 'NONE', #561, #1812 ) ;
#7452 = LINE ( 'NONE', #5880, #7827 ) ;
#7453 = LINE ( 'NONE', #666, #2268 ) ;
#7454 = VERTEX_POINT ( 'NONE', #5289 ) ;
#7455 = EDGE_CURVE ( 'NONE', #4612, #6402, #1504, .T. ) ;
#7456 = CARTESIAN_POINT ( 'NONE',  ( -0.2498275605729689264, -0.3441421356237310269, 0.1729999999999999871 ) ) ;
#7457 = B_SPLINE_CURVE_WITH_KNOTS ( 'NONE', 3,
 ( #6450, #1017, #2671, #4765, #1915, #8657, #4111, #3374, #7958, #2480, #8512, #7766 ),
 .UNSPECIFIED., .F., .F.,
 ( 4, 2, 2, 2, 2, 4 ),
 ( 0.000000000000000000, 0.2500000000000194844, 0.3750000000000245359, 0.5000000000000296430, 0.7500000000000147660, 1.000000000000000000 ),
 .UNSPECIFIED. ) ;
#7458 = AXIS2_PLACEMENT_3D ( 'NONE', #3809, #3767, #5454 ) ;
#7459 = ADVANCED_FACE ( 'NONE', ( #1983 ), #2687, .F. ) ;
#7460 = ORIENTED_EDGE ( 'NONE', *, *, #8041, .T. ) ;
#7461 = CIRCLE ( 'NONE', #2885, 0.04700000000000000705 ) ;
#7462 = CARTESIAN_POINT ( 'NONE',  ( -0.2149999999999999134, 0.3725000000000004419, 0.06999999999999979849 ) ) ;
#7463 = PRESENTATION_LAYER_ASSIGNMENT (  '', '', ( #9507 ) ) ;
#7464 = DIRECTION ( 'NONE',  ( 0.000000000000000000, 0.000000000000000000, -1.000000000000000000 ) ) ;
#7465 = DIRECTION ( 'NONE',  ( 0.1736481776669273336, 0.000000000000000000, -0.9848077530122085754 ) ) ;
#7466 = VERTEX_POINT ( 'NONE', #7243 ) ;
#7467 = CIRCLE ( 'NONE', #4318, 0.02999999999999998154 ) ;
#7468 =( NAMED_UNIT ( * ) PLANE_ANGLE_UNIT ( ) SI_UNIT ( $, .RADIAN. ) );
#7469 = CARTESIAN_POINT ( 'NONE',  ( -0.3499999999999999778, -0.03499999999999996864, 0.003999999877501221601 ) ) ;
#7470 = ORIENTED_EDGE ( 'NONE', *, *, #8345, .T. ) ;
#7471 = CARTESIAN_POINT ( 'NONE',  ( 0.2986012715283292152, -0.03499999999999992006, -0.3398431496474395574 ) ) ;
#7472 = ORIENTED_EDGE ( 'NONE', *, *, #9649, .F. ) ;
#7473 = ORIENTED_EDGE ( 'NONE', *, *, #2517, .T. ) ;
#7474 = AXIS2_PLACEMENT_3D ( 'NONE', #5068, #685, #8811 ) ;
#7475 =( NAMED_UNIT ( * ) SI_UNIT ( $, .STERADIAN. ) SOLID_ANGLE_UNIT ( ) );
#7476 = PRESENTATION_STYLE_ASSIGNMENT (( #4465 ) ) ;
#7477 = CARTESIAN_POINT ( 'NONE',  ( 0.2887531939982070917, 0.000000000000000000, -0.3381066678707703166 ) ) ;
#7478 = CARTESIAN_POINT ( 'NONE',  ( 0.3499999999999999778, 0.2356854249492383591, 0.1630000000000000060 ) ) ;
#7479 = EDGE_CURVE ( 'NONE', #651, #9203, #5716, .T. ) ;
#7480 = ORIENTED_EDGE ( 'NONE', *, *, #2845, .F. ) ;
#7481 = LINE ( 'NONE', #690, #611 ) ;
#7482 = ORIENTED_EDGE ( 'NONE', *, *, #575, .F. ) ;
#7483 = LINE ( 'NONE', #3733, #4537 ) ;
#7484 = ORIENTED_EDGE ( 'NONE', *, *, #6846, .T. ) ;
#7485 = LINE ( 'NONE', #9801, #5346 ) ;
#7486 = ORIENTED_EDGE ( 'NONE', *, *, #4652, .F. ) ;
#7487 = DIRECTION ( 'NONE',  ( 1.000000000000000000, 7.311082709387417497E-18, -2.552652363152067741E-32 ) ) ;
#7488 = ORIENTED_EDGE ( 'NONE', *, *, #5146, .F. ) ;
#7489 =( NAMED_UNIT ( * ) PLANE_ANGLE_UNIT ( ) SI_UNIT ( $, .RADIAN. ) );
#7490 = EDGE_CURVE ( 'NONE', #9109, #7990, #7291, .T. ) ;
#7491 = CARTESIAN_POINT ( 'NONE',  ( -0.2350000000000000144, -0.2449999999999999956, 0.004000000000000005287 ) ) ;
#7492 = LINE ( 'NONE', #5131, #5138 ) ;
#7493 = VECTOR ( 'NONE', #8620, 100.0000000000000000 ) ;
#7494 = EDGE_CURVE ( 'NONE', #9759, #2897, #449, .T. ) ;
#7495 = PLANE ( 'NONE',  #4102 ) ;
#7496 = CARTESIAN_POINT ( 'NONE',  ( 0.1046518036156088988, 0.03323401871576802530, 0.5000000000000001110 ) ) ;
#7497 = AXIS2_PLACEMENT_3D ( 'NONE', #2901, #6, #3053 ) ;
#7498 = FACE_OUTER_BOUND ( 'NONE', #6444, .T. ) ;
#7499 = ADVANCED_FACE ( 'NONE', ( #5765 ), #1087, .T. ) ;
#7500 = ORIENTED_EDGE ( 'NONE', *, *, #7907, .T. ) ;
#7501 = DIRECTION ( 'NONE',  ( -2.339283981590612001E-32, 5.407499400821294397E-17, -1.000000000000000000 ) ) ;
#7502 = ORIENTED_EDGE ( 'NONE', *, *, #9293, .F. ) ;
#7503 = AXIS2_PLACEMENT_3D ( 'NONE', #6713, #9051, #6661 ) ;
#7504 = SURFACE_STYLE_FILL_AREA ( #66 ) ;
#7505 = DIRECTION ( 'NONE',  ( -0.7071067811865540120, -0.7071067811865410224, 0.000000000000000000 ) ) ;
#7506 = CYLINDRICAL_SURFACE ( 'NONE', #4310, 0.04999999999999998196 ) ;
#7507 = VECTOR ( 'NONE', #8287, 100.0000000000000000 ) ;
#7508 = PRESENTATION_STYLE_ASSIGNMENT (( #8252 ) ) ;
#7509 = ORIENTED_EDGE ( 'NONE', *, *, #6796, .T. ) ;
#7510 = VECTOR ( 'NONE', #5506, 100.0000000000000000 ) ;
#7511 = DIRECTION ( 'NONE',  ( 1.000000000000000000, 3.018036628987173356E-31, -1.947823229671683877E-14 ) ) ;
#7512 = DIRECTION ( 'NONE',  ( -0.000000000000000000, -0.000000000000000000, -1.000000000000000000 ) ) ;
#7513 = CARTESIAN_POINT ( 'NONE',  ( 0.3525000000000000355, -0.2425000000000000488, 0.1680000000000000382 ) ) ;
#7514 = ORIENTED_EDGE ( 'NONE', *, *, #4351, .T. ) ;
#7515 = ORIENTED_EDGE ( 'NONE', *, *, #5328, .F. ) ;
#7516 = MECHANICAL_DESIGN_GEOMETRIC_PRESENTATION_REPRESENTATION (  '', ( #8469 ), #6756 ) ;
#7517 = PLANE ( 'NONE',  #3969 ) ;
#7518 =( NAMED_UNIT ( * ) SI_UNIT ( $, .STERADIAN. ) SOLID_ANGLE_UNIT ( ) );
#7519 = COLOUR_RGB ( '',0.6470588235294117974, 0.6196078431372549211, 0.5882352941176470784 ) ;
#7520 = DIRECTION ( 'NONE',  ( 0.000000000000000000, 1.000000000000000000, 0.000000000000000000 ) ) ;
#7521 = AXIS2_PLACEMENT_3D ( 'NONE', #2669, #6300, #4813 ) ;
#7522 = VERTEX_POINT ( 'NONE', #7188 ) ;
#7523 = MECHANICAL_DESIGN_GEOMETRIC_PRESENTATION_REPRESENTATION (  '', ( #5507 ), #248 ) ;
#7524 = CARTESIAN_POINT ( 'NONE',  ( 0.3575000000000000400, -0.2425000000000000488, 0.1680000000000000382 ) ) ;
#7525 = EDGE_LOOP ( 'NONE', ( #6393, #9057, #1357, #4889 ) ) ;
#7526 = DIRECTION ( 'NONE',  ( 6.735369260825570315E-17, -1.760146872403420140E-16, -1.000000000000000000 ) ) ;
#7527 = VERTEX_POINT ( 'NONE', #4973 ) ;
#7528 = CARTESIAN_POINT ( 'NONE',  ( -0.3441421356237309159, -0.2498275605729692317, 0.1630000000000000060 ) ) ;
#7529 = AXIS2_PLACEMENT_3D ( 'NONE', #4438, #1596, #4636 ) ;
#7530 = ORIENTED_EDGE ( 'NONE', *, *, #6754, .F. ) ;
#7531 = VECTOR ( 'NONE', #1533, 100.0000000000000000 ) ;
#7532 = EDGE_CURVE ( 'NONE', #8273, #6008, #2735, .T. ) ;
#7533 = PRESENTATION_STYLE_ASSIGNMENT (( #8189 ) ) ;
#7534 = DIRECTION ( 'NONE',  ( 0.000000000000000000, 2.891205793294680200E-15, -1.000000000000000000 ) ) ;
#7535 = ORIENTED_EDGE ( 'NONE', *, *, #376, .F. ) ;
#7536 = FACE_OUTER_BOUND ( 'NONE', #2580, .T. ) ;
#7537 = DIRECTION ( 'NONE',  ( 0.000000000000000000, -0.000000000000000000, 1.000000000000000000 ) ) ;
#7538 = AXIS2_PLACEMENT_3D ( 'NONE', #2318, #5460, #7563 ) ;
#7539 = DIRECTION ( 'NONE',  ( 0.000000000000000000, -1.000000000000000000, 0.000000000000000000 ) ) ;
#7540 = AXIS2_PLACEMENT_3D ( 'NONE', #6112, #3101, #53 ) ;
#7541 = EDGE_LOOP ( 'NONE', ( #2613, #1800, #5673, #4268 ) ) ;
#7542 = PRESENTATION_STYLE_ASSIGNMENT (( #2346 ) ) ;
#7543 =( LENGTH_UNIT ( ) NAMED_UNIT ( * ) SI_UNIT ( .CENTI., .METRE. ) );
#7544 = DIRECTION ( 'NONE',  ( 0.000000000000000000, -0.000000000000000000, 1.000000000000000000 ) ) ;
#7545 = ADVANCED_FACE ( 'NONE', ( #3488 ), #5026, .F. ) ;
#7546 = UNCERTAINTY_MEASURE_WITH_UNIT (LENGTH_MEASURE( 1.000000000000000082E-05 ), #8265, 'distance_accuracy_value', 'NONE');
#7547 = VECTOR ( 'NONE', #6690, 100.0000000000000000 ) ;
#7548 = EDGE_CURVE ( 'NONE', #448, #7947, #1092, .T. ) ;
#7549 = LINE ( 'NONE', #8197, #3888 ) ;
#7550 = ORIENTED_EDGE ( 'NONE', *, *, #8787, .T. ) ;
#7551 = LINE ( 'NONE', #2255, #9626 ) ;
#7552 = EDGE_CURVE ( 'NONE', #3779, #9007, #3652, .T. ) ;
#7553 = VERTEX_POINT ( 'NONE', #6570 ) ;
#7554 =( LENGTH_UNIT ( ) NAMED_UNIT ( * ) SI_UNIT ( .CENTI., .METRE. ) );
#7555 = LINE ( 'NONE', #1654, #6904 ) ;
#7556 = EDGE_CURVE ( 'NONE', #681, #5048, #1236, .T. ) ;
#7557 = VECTOR ( 'NONE', #7786, 100.0000000000000000 ) ;
#7558 = DIRECTION ( 'NONE',  ( -0.000000000000000000, 0.000000000000000000, 1.000000000000000000 ) ) ;
#7559 = UNCERTAINTY_MEASURE_WITH_UNIT (LENGTH_MEASURE( 1.000000000000000082E-05 ), #9039, 'distance_accuracy_value', 'NONE');
#7560 = LINE ( 'NONE', #3956, #1363 ) ;
#7561 = ORIENTED_EDGE ( 'NONE', *, *, #2644, .F. ) ;
#7562 = ORIENTED_EDGE ( 'NONE', *, *, #7136, .F. ) ;
#7563 = DIRECTION ( 'NONE',  ( 8.881784197001254296E-16, 1.000000000000000000, 0.000000000000000000 ) ) ;
#7564 = MECHANICAL_DESIGN_GEOMETRIC_PRESENTATION_REPRESENTATION (  '', ( #3787 ), #7103 ) ;
#7565 =( NAMED_UNIT ( * ) PLANE_ANGLE_UNIT ( ) SI_UNIT ( $, .RADIAN. ) );
#7566 = EDGE_CURVE ( 'NONE', #5255, #2940, #1833, .T. ) ;
#7567 = CARTESIAN_POINT ( 'NONE',  ( 0.000000000000000000, 0.1900000000000000022, 0.007000000000000001013 ) ) ;
#7568 = ORIENTED_EDGE ( 'NONE', *, *, #6901, .F. ) ;
#7569 = ORIENTED_EDGE ( 'NONE', *, *, #1919, .F. ) ;
#7570 =( NAMED_UNIT ( * ) PLANE_ANGLE_UNIT ( ) SI_UNIT ( $, .RADIAN. ) );
#7571 = CARTESIAN_POINT ( 'NONE',  ( 0.2393170669648341520, -0.3393574793689592695, 0.1729999395605557599 ) ) ;
#7572 = DIRECTION ( 'NONE',  ( -0.7071067811865489050, -0.7071067811865461294, 0.000000000000000000 ) ) ;
#7573 = VECTOR ( 'NONE', #2720, 100.0000000000000000 ) ;
#7574 = FILL_AREA_STYLE ('',( #2276 ) ) ;
#7575 = ORIENTED_EDGE ( 'NONE', *, *, #926, .F. ) ;
#7576 = CARTESIAN_POINT ( 'NONE',  ( -0.1046518036156089126, -0.03323401871576810163, 0.5000000000000001110 ) ) ;
#7577 = ORIENTED_EDGE ( 'NONE', *, *, #7919, .T. ) ;
#7578 = ORIENTED_EDGE ( 'NONE', *, *, #9608, .T. ) ;
#7579 = CARTESIAN_POINT ( 'NONE',  ( 0.2356854249492379982, 0.3500000000000000333, 0.1729999999999999871 ) ) ;
#7580 = VECTOR ( 'NONE', #915, 100.0000000000000000 ) ;
#7581 = ORIENTED_EDGE ( 'NONE', *, *, #2045, .F. ) ;
#7582 = SURFACE_STYLE_FILL_AREA ( #4519 ) ;
#7583 = LINE ( 'NONE', #5325, #6859 ) ;
#7584 = LINE ( 'NONE', #9015, #8471 ) ;
#7585 =( NAMED_UNIT ( * ) SI_UNIT ( $, .STERADIAN. ) SOLID_ANGLE_UNIT ( ) );
#7586 = STYLED_ITEM ( 'NONE', ( #8151 ), #7236 ) ;
#7587 = CARTESIAN_POINT ( 'NONE',  ( 0.1310000000000000331, -0.3575000001233738511, 0.1019349540849361496 ) ) ;
#7588 = CARTESIAN_POINT ( 'NONE',  ( -0.3499999999999999778, 0.1775000000000000189, 0.01500000000000001679 ) ) ;
#7589 = EDGE_CURVE ( 'NONE', #2886, #4757, #3538, .T. ) ;
#7590 = ORIENTED_EDGE ( 'NONE', *, *, #5805, .F. ) ;
#7591 = CARTESIAN_POINT ( 'NONE',  ( -0.07141778489984138001, -1.638527085710544427E-16, 0.4900000000000001577 ) ) ;
#7592 = LINE ( 'NONE', #7649, #5313 ) ;
#7593 = ORIENTED_EDGE ( 'NONE', *, *, #9043, .F. ) ;
#7594 = LINE ( 'NONE', #2505, #2915 ) ;
#7595 = PRESENTATION_LAYER_ASSIGNMENT (  '', '', ( #5709 ) ) ;
#7596 = PRODUCT_CONTEXT ( 'NONE', #213, 'mechanical' ) ;
#7597 = DIRECTION ( 'NONE',  ( -1.000000000000000000, 0.000000000000000000, 0.000000000000000000 ) ) ;
#7598 = SURFACE_STYLE_USAGE ( .BOTH. , #3900 ) ;
#7599 = EDGE_CURVE ( 'NONE', #6503, #3813, #5629, .T. ) ;
#7600 = ORIENTED_EDGE ( 'NONE', *, *, #6796, .F. ) ;
#7601 = CARTESIAN_POINT ( 'NONE',  ( 0.3724999999999999978, 0.2425000000000000488, 0.1430000000000000160 ) ) ;
#7602 = ADVANCED_FACE ( 'NONE', ( #8819 ), #4883, .T. ) ;
#7603 = MECHANICAL_DESIGN_GEOMETRIC_PRESENTATION_REPRESENTATION (  '', ( #809 ), #1597 ) ;
#7604 = ORIENTED_EDGE ( 'NONE', *, *, #3625, .F. ) ;
#7605 = SURFACE_STYLE_USAGE ( .BOTH. , #3954 ) ;
#7606 = DIRECTION ( 'NONE',  ( -2.891205793294679017E-15, 0.000000000000000000, 1.000000000000000000 ) ) ;
#7607 = PLANE ( 'NONE',  #3358 ) ;
#7608 =( NAMED_UNIT ( * ) SI_UNIT ( $, .STERADIAN. ) SOLID_ANGLE_UNIT ( ) );
#7609 = ADVANCED_FACE ( 'NONE', ( #9364 ), #2590, .T. ) ;
#7610 = EDGE_LOOP ( 'NONE', ( #2025, #8930, #4070, #8269 ) ) ;
#7611 = SURFACE_STYLE_FILL_AREA ( #3861 ) ;
#7612 = VERTEX_POINT ( 'NONE', #6414 ) ;
#7613 = CARTESIAN_POINT ( 'NONE',  ( -0.3499999999999999778, -0.2250000000000000611, 0.004000000000000010492 ) ) ;
#7614 = MECHANICAL_DESIGN_GEOMETRIC_PRESENTATION_REPRESENTATION (  '', ( #9190 ), #4940 ) ;
#7615 = ADVANCED_FACE ( 'NONE', ( #9410 ), #2639, .T. ) ;
#7616 = DIRECTION ( 'NONE',  ( 1.000000000000000000, 3.018036628987173356E-31, 1.947823229671683877E-14 ) ) ;
#7617 = VECTOR ( 'NONE', #2683, 100.0000000000000000 ) ;
#7618 = UNCERTAINTY_MEASURE_WITH_UNIT (LENGTH_MEASURE( 1.000000000000000082E-05 ), #3180, 'distance_accuracy_value', 'NONE');
#7619 = ORIENTED_EDGE ( 'NONE', *, *, #9130, .F. ) ;
#7620 = COLOUR_RGB ( '',0.6470588235294117974, 0.6196078431372549211, 0.5882352941176470784 ) ;
#7621 = ORIENTED_EDGE ( 'NONE', *, *, #8400, .T. ) ;
#7622 = CARTESIAN_POINT ( 'NONE',  ( -0.07141778489984138001, -1.638527085710544427E-16, 0.4900000000000001577 ) ) ;
#7623 = DIRECTION ( 'NONE',  ( 0.7071067811865489050, -0.7071067811865461294, 0.000000000000000000 ) ) ;
#7624 = SURFACE_STYLE_FILL_AREA ( #4615 ) ;
#7625 = DIRECTION ( 'NONE',  ( 0.9848077530122085754, 0.000000000000000000, -0.1736481776669273336 ) ) ;
#7626 = VECTOR ( 'NONE', #4885, 100.0000000000000000 ) ;
#7627 = CARTESIAN_POINT ( 'NONE',  ( -0.1255000000000001670, -0.3750000000000000000, 0.1010000000000000064 ) ) ;
#7628 = ADVANCED_FACE ( 'NONE', ( #1279 ), #3585, .F. ) ;
#7629 = ORIENTED_EDGE ( 'NONE', *, *, #4534, .T. ) ;
#7630 = PLANE ( 'NONE',  #1072 ) ;
#7631 = ORIENTED_EDGE ( 'NONE', *, *, #9608, .F. ) ;
#7632 = DIRECTION ( 'NONE',  ( -0.7071067811865440200, 0.7071067811865511255, 0.000000000000000000 ) ) ;
#7633 = VERTEX_POINT ( 'NONE', #9754 ) ;
#7634 = PRESENTATION_STYLE_ASSIGNMENT (( #2891 ) ) ;
#7635 = ORIENTED_EDGE ( 'NONE', *, *, #5079, .T. ) ;
#7636 = STYLED_ITEM ( 'NONE', ( #592 ), #4870 ) ;
#7637 = AXIS2_PLACEMENT_3D ( 'NONE', #257, #947, #9222 ) ;
#7638 = DIRECTION ( 'NONE',  ( -0.000000000000000000, -3.491483361109383250E-15, -1.000000000000000000 ) ) ;
#7639 = CARTESIAN_POINT ( 'NONE',  ( -0.2651650429449547985, 0.3288046532517450715, 0.1729999999999999871 ) ) ;
#7640 = DIRECTION ( 'NONE',  ( -0.000000000000000000, 0.8574929257125440962, 0.5144957554275266798 ) ) ;
#7641 = SURFACE_STYLE_USAGE ( .BOTH. , #9115 ) ;
#7642 = EDGE_CURVE ( 'NONE', #7783, #5531, #4324, .T. ) ;
#7643 = VECTOR ( 'NONE', #2583, 100.0000000000000000 ) ;
#7644 = FACE_OUTER_BOUND ( 'NONE', #9336, .T. ) ;
#7645 = ORIENTED_EDGE ( 'NONE', *, *, #8326, .F. ) ;
#7646 = ADVANCED_FACE ( 'NONE', ( #2085 ), #8324, .F. ) ;
#7647 =( GEOMETRIC_REPRESENTATION_CONTEXT ( 3 ) GLOBAL_UNCERTAINTY_ASSIGNED_CONTEXT ( ( #3448 ) ) GLOBAL_UNIT_ASSIGNED_CONTEXT ( ( #1731, #7687, #1685 ) ) REPRESENTATION_CONTEXT ( 'NONE', 'WORKASPACE' ) );
#7648 = CARTESIAN_POINT ( 'NONE',  ( -0.3441421356237308604, 0.2498275605729692872, 0.1630000000000000060 ) ) ;
#7649 = CARTESIAN_POINT ( 'NONE',  ( -0.1310000000000000331, -0.3724999999999997757, 0.1019349540849361496 ) ) ;
#7650 = VERTEX_POINT ( 'NONE', #9008 ) ;
#7651 = DIRECTION ( 'NONE',  ( 0.9848077530122085754, 0.000000000000000000, -0.1736481776669273336 ) ) ;
#7652 = DIRECTION ( 'NONE',  ( 0.000000000000000000, 0.000000000000000000, -1.000000000000000000 ) ) ;
#7653 = ORIENTED_EDGE ( 'NONE', *, *, #7110, .F. ) ;
#7654 = CARTESIAN_POINT ( 'NONE',  ( 2.524723739207799969E-17, -1.358214205932524807E-17, 0.2233559577416269759 ) ) ;
#7655 = MECHANICAL_DESIGN_GEOMETRIC_PRESENTATION_REPRESENTATION (  '', ( #2119 ), #3556 ) ;
#7656 = ADVANCED_FACE ( 'NONE', ( #2944 ), #3689, .F. ) ;
#7657 = VERTEX_POINT ( 'NONE', #5121 ) ;
#7658 = CARTESIAN_POINT ( 'NONE',  ( 0.2365808694827723491, -0.2600000000000000644, 0.004000000000000010492 ) ) ;
#7659 = CARTESIAN_POINT ( 'NONE',  ( -1.393507733145085189E-16, 0.07071067811865476560, 0.3150000000000001132 ) ) ;
#7660 = LINE ( 'NONE', #8446, #4932 ) ;
#7661 = ORIENTED_EDGE ( 'NONE', *, *, #5714, .F. ) ;
#7662 = SURFACE_STYLE_USAGE ( .BOTH. , #3862 ) ;
#7663 =( NAMED_UNIT ( * ) SI_UNIT ( $, .STERADIAN. ) SOLID_ANGLE_UNIT ( ) );
#7664 = CARTESIAN_POINT ( 'NONE',  ( -0.1849999999999999423, 0.3575000000000003730, 0.06999999999999974298 ) ) ;
#7665 = PRESENTATION_STYLE_ASSIGNMENT (( #229 ) ) ;
#7666 = ORIENTED_EDGE ( 'NONE', *, *, #8105, .T. ) ;
#7667 = EDGE_CURVE ( 'NONE', #8454, #3417, #6667, .T. ) ;
#7668 = ORIENTED_EDGE ( 'NONE', *, *, #9765, .F. ) ;
#7669 = AXIS2_PLACEMENT_3D ( 'NONE', #3061, #1452, #709 ) ;
#7670 = CARTESIAN_POINT ( 'NONE',  ( 0.1149999999999998662, 0.3500000000000000333, 0.06800000000000000488 ) ) ;
#7671 = SURFACE_SIDE_STYLE ('',( #5566 ) ) ;
#7672 = EDGE_CURVE ( 'NONE', #6103, #5170, #1328, .T. ) ;
#7673 = CARTESIAN_POINT ( 'NONE',  ( 0.2500000000000000000, -0.2449999999999999400, 0.004000000000000000083 ) ) ;
#7674 = AXIS2_PLACEMENT_3D ( 'NONE', #9484, #4256, #7271 ) ;
#7675 = VECTOR ( 'NONE', #228, 100.0000000000000000 ) ;
#7676 = EDGE_LOOP ( 'NONE', ( #3782, #6858, #2575, #3438 ) ) ;
#7677 = DIRECTION ( 'NONE',  ( -8.673617379884013384E-15, 0.000000000000000000, 1.000000000000000000 ) ) ;
#7678 = ORIENTED_EDGE ( 'NONE', *, *, #8707, .T. ) ;
#7679 = ORIENTED_EDGE ( 'NONE', *, *, #7420, .T. ) ;
#7680 = VECTOR ( 'NONE', #5640, 100.0000000000000000 ) ;
#7681 = ORIENTED_EDGE ( 'NONE', *, *, #5334, .F. ) ;
#7682 = EDGE_CURVE ( 'NONE', #2972, #5771, #5171, .T. ) ;
#7683 =( GEOMETRIC_REPRESENTATION_CONTEXT ( 3 ) GLOBAL_UNCERTAINTY_ASSIGNED_CONTEXT ( ( #9024 ) ) GLOBAL_UNIT_ASSIGNED_CONTEXT ( ( #4339, #700, #6863 ) ) REPRESENTATION_CONTEXT ( 'NONE', 'WORKASPACE' ) );
#7684 = DIRECTION ( 'NONE',  ( -0.1736481776669273336, 0.000000000000000000, -0.9848077530122085754 ) ) ;
#7685 = DIRECTION ( 'NONE',  ( -0.000000000000000000, 0.5144957554275266798, 0.8574929257125440962 ) ) ;
#7686 = LINE ( 'NONE', #893, #1186 ) ;
#7687 =( NAMED_UNIT ( * ) PLANE_ANGLE_UNIT ( ) SI_UNIT ( $, .RADIAN. ) );
#7688 = PLANE ( 'NONE',  #8132 ) ;
#7689 = ORIENTED_EDGE ( 'NONE', *, *, #4538, .T. ) ;
#7690 = STYLED_ITEM ( 'NONE', ( #8076 ), #4170 ) ;
#7691 = FACE_OUTER_BOUND ( 'NONE', #7375, .T. ) ;
#7692 = DIRECTION ( 'NONE',  ( 0.000000000000000000, 0.000000000000000000, 1.000000000000000000 ) ) ;
#7693 = AXIS2_PLACEMENT_3D ( 'NONE', #7158, #8689, #8641 ) ;
#7694 = CARTESIAN_POINT ( 'NONE',  ( 0.1849999999999998868, -0.3725000000000004974, 0.03999999999999979960 ) ) ;
#7695 = EDGE_CURVE ( 'NONE', #5108, #8121, #1429, .T. ) ;
#7696 = AXIS2_PLACEMENT_3D ( 'NONE', #8959, #3632, #4514 ) ;
#7697 = COLOUR_RGB ( '',0.6470588235294117974, 0.6196078431372549211, 0.5882352941176470784 ) ;
#7698 =( GEOMETRIC_REPRESENTATION_CONTEXT ( 3 ) GLOBAL_UNCERTAINTY_ASSIGNED_CONTEXT ( ( #5934 ) ) GLOBAL_UNIT_ASSIGNED_CONTEXT ( ( #564, #7305, #6582 ) ) REPRESENTATION_CONTEXT ( 'NONE', 'WORKASPACE' ) );
#7699 = DIRECTION ( 'NONE',  ( 0.8320502943378436100, -0.5547001962252291474, 0.000000000000000000 ) ) ;
#7700 = ORIENTED_EDGE ( 'NONE', *, *, #5714, .T. ) ;
#7701 = CARTESIAN_POINT ( 'NONE',  ( -0.06999999999999997891, -0.3049999999999999378, 0.06800000000000000488 ) ) ;
#7702 = AXIS2_PLACEMENT_3D ( 'NONE', #8117, #4357, #7712 ) ;
#7703 = ORIENTED_EDGE ( 'NONE', *, *, #5930, .F. ) ;
#7704 = DIRECTION ( 'NONE',  ( -0.000000000000000000, -0.000000000000000000, 1.000000000000000000 ) ) ;
#7705 = CARTESIAN_POINT ( 'NONE',  ( 0.2439696961966996425, 0.3500000000000000333, 0.1879999999999999727 ) ) ;
#7706 =( LENGTH_UNIT ( ) NAMED_UNIT ( * ) SI_UNIT ( .CENTI., .METRE. ) );
#7707 = VECTOR ( 'NONE', #2968, 100.0000000000000000 ) ;
#7708 = ORIENTED_EDGE ( 'NONE', *, *, #5468, .T. ) ;
#7709 = DIRECTION ( 'NONE',  ( 1.000000000000000000, 0.000000000000000000, 0.000000000000000000 ) ) ;
#7710 = EDGE_CURVE ( 'NONE', #24, #5575, #8184, .T. ) ;
#7711 = FACE_OUTER_BOUND ( 'NONE', #183, .T. ) ;
#7712 = DIRECTION ( 'NONE',  ( 0.000000000000000000, -1.000000000000000000, 2.168404318218585926E-15 ) ) ;
#7713 = LINE ( 'NONE', #2522, #1448 ) ;
#7714 = LINE ( 'NONE', #3133, #4411 ) ;
#7715 = ORIENTED_EDGE ( 'NONE', *, *, #1553, .F. ) ;
#7716 = AXIS2_PLACEMENT_3D ( 'NONE', #11, #8238, #110 ) ;
#7717 = ORIENTED_EDGE ( 'NONE', *, *, #6891, .F. ) ;
#7718 = DIRECTION ( 'NONE',  ( 0.000000000000000000, -1.000000000000000000, 0.000000000000000000 ) ) ;
#7719 =( LENGTH_UNIT ( ) NAMED_UNIT ( * ) SI_UNIT ( .CENTI., .METRE. ) );
#7720 = CARTESIAN_POINT ( 'NONE',  ( -0.3300000000000000155, 0.2356854249492383591, 0.004000000000000010492 ) ) ;
#7721 = ORIENTED_EDGE ( 'NONE', *, *, #3977, .T. ) ;
#7722 = CONICAL_SURFACE ( 'NONE', #6154, 0.1816956969207695061, 0.6457718229302262802 ) ;
#7723 = CARTESIAN_POINT ( 'NONE',  ( 0.2149999999999999134, -0.3500000000000000333, 0.1879999999999999727 ) ) ;
#7724 = EDGE_CURVE ( 'NONE', #2084, #1075, #7483, .T. ) ;
#7725 = ORIENTED_EDGE ( 'NONE', *, *, #835, .F. ) ;
#7726 = LINE ( 'NONE', #929, #3282 ) ;
#7727 = ORIENTED_EDGE ( 'NONE', *, *, #4112, .T. ) ;
#7728 = DIRECTION ( 'NONE',  ( 1.788374717501863286E-16, -1.000000000000000000, 5.170559343823121797E-31 ) ) ;
#7729 = EDGE_LOOP ( 'NONE', ( #5163, #6958, #4856, #9055 ) ) ;
#7730 = ADVANCED_FACE ( 'NONE', ( #6766 ), #1479, .F. ) ;
#7731 = FILL_AREA_STYLE_COLOUR ( '', #3496 ) ;
#7732 = DIRECTION ( 'NONE',  ( 0.000000000000000000, -0.8574929257125440962, 0.5144957554275266798 ) ) ;
#7733 = DIRECTION ( 'NONE',  ( 0.7071067811865440200, 0.7071067811865511255, -0.000000000000000000 ) ) ;
#7734 = CARTESIAN_POINT ( 'NONE',  ( 0.2651650429449547985, 0.3288046532517450715, 0.1729999999999999871 ) ) ;
#7735 = ORIENTED_EDGE ( 'NONE', *, *, #1031, .F. ) ;
#7736 = FACE_OUTER_BOUND ( 'NONE', #6210, .T. ) ;
#7737 = EDGE_CURVE ( 'NONE', #8997, #573, #7726, .T. ) ;
#7738 = VECTOR ( 'NONE', #3411, 100.0000000000000000 ) ;
#7739 = ORIENTED_EDGE ( 'NONE', *, *, #7970, .T. ) ;
#7740 = DIRECTION ( 'NONE',  ( 0.7071067811865487940, 0.7071067811865462405, -0.000000000000000000 ) ) ;
#7741 = CARTESIAN_POINT ( 'NONE',  ( 0.1149999999999998662, -0.3500000000000000333, 0.06800000000000000488 ) ) ;
#7742 = CARTESIAN_POINT ( 'NONE',  ( 0.1500000000000000500, 7.441497490213168691E-18, 0.2233559577416270037 ) ) ;
#7743 = CARTESIAN_POINT ( 'NONE',  ( -0.3725000000000001088, 0.2425000000000000488, 0.1430000000000000715 ) ) ;
#7744 = EDGE_CURVE ( 'NONE', #4866, #2136, #5658, .T. ) ;
#7745 = SURFACE_STYLE_USAGE ( .BOTH. , #1552 ) ;
#7746 = FILL_AREA_STYLE_COLOUR ( '', #8773 ) ;
#7747 = ADVANCED_FACE ( 'NONE', ( #5428 ), #786, .F. ) ;
#7748 = ORIENTED_EDGE ( 'NONE', *, *, #7566, .T. ) ;
#7749 = DIRECTION ( 'NONE',  ( 1.084202172485504434E-19, 1.132300070967879485E-31, -1.000000000000000000 ) ) ;
#7750 = PLANE ( 'NONE',  #5995 ) ;
#7751 = STYLED_ITEM ( 'NONE', ( #3083 ), #3271 ) ;
#7752 = ORIENTED_EDGE ( 'NONE', *, *, #1252, .F. ) ;
#7753 = FACE_OUTER_BOUND ( 'NONE', #1574, .T. ) ;
#7754 = CARTESIAN_POINT ( 'NONE',  ( -0.3525000000000000355, 0.2425000000000000488, 0.1680000000000000382 ) ) ;
#7755 = EDGE_CURVE ( 'NONE', #8796, #6205, #4771, .T. ) ;
#7756 = ORIENTED_EDGE ( 'NONE', *, *, #5085, .F. ) ;
#7757 = DIRECTION ( 'NONE',  ( 6.735369260825570315E-17, -1.760146872403420140E-16, -1.000000000000000000 ) ) ;
#7758 =( LENGTH_UNIT ( ) NAMED_UNIT ( * ) SI_UNIT ( .CENTI., .METRE. ) );
#7759 = CARTESIAN_POINT ( 'NONE',  ( 0.3499999999999999778, -0.03499999999999992006, 0.01500000024499757896 ) ) ;
#7760 = EDGE_CURVE ( 'NONE', #9674, #1316, #5318, .T. ) ;
#7761 = CARTESIAN_POINT ( 'NONE',  ( -0.3525000000000000355, -0.2425000000000000488, 0.1879999999999999727 ) ) ;
#7762 = EDGE_LOOP ( 'NONE', ( #6655, #8662, #2562, #8553 ) ) ;
#7763 = VERTEX_POINT ( 'NONE', #7773 ) ;
#7764 = DIRECTION ( 'NONE',  ( 0.000000000000000000, -0.000000000000000000, -1.000000000000000000 ) ) ;
#7765 = CARTESIAN_POINT ( 'NONE',  ( -0.3229860436907419086, 0.2780547203178235227, 0.1729999999999999871 ) ) ;
#7766 = CARTESIAN_POINT ( 'NONE',  ( 0.3400000000000000244, 0.2356854249492383591, 0.1729999999999999871 ) ) ;
#7767 = CARTESIAN_POINT ( 'NONE',  ( -0.2439696961966995592, 0.3500000000000000888, 0.1879999999999999727 ) ) ;
#7768 = PRESENTATION_LAYER_ASSIGNMENT (  '', '', ( #6982 ) ) ;
#7769 = ORIENTED_EDGE ( 'NONE', *, *, #4969, .T. ) ;
#7770 = DIRECTION ( 'NONE',  ( -1.000000000000000000, -0.000000000000000000, 0.000000000000000000 ) ) ;
#7771 = VERTEX_POINT ( 'NONE', #976 ) ;
#7772 =( GEOMETRIC_REPRESENTATION_CONTEXT ( 3 ) GLOBAL_UNCERTAINTY_ASSIGNED_CONTEXT ( ( #1909 ) ) GLOBAL_UNIT_ASSIGNED_CONTEXT ( ( #458, #1942, #1194 ) ) REPRESENTATION_CONTEXT ( 'NONE', 'WORKASPACE' ) );
#7773 = CARTESIAN_POINT ( 'NONE',  ( 0.1254999999999999727, -0.3575000000000002065, 0.09050000000000013589 ) ) ;
#7774 = ORIENTED_EDGE ( 'NONE', *, *, #9179, .T. ) ;
#7775 = ORIENTED_EDGE ( 'NONE', *, *, #1242, .T. ) ;
#7776 = STYLED_ITEM ( 'NONE', ( #5352 ), #5312 ) ;
#7777 = EDGE_CURVE ( 'NONE', #8564, #9678, #6854, .T. ) ;
#7778 = DIRECTION ( 'NONE',  ( -1.000000000000000000, -0.000000000000000000, -0.000000000000000000 ) ) ;
#7779 =( GEOMETRIC_REPRESENTATION_CONTEXT ( 3 ) GLOBAL_UNCERTAINTY_ASSIGNED_CONTEXT ( ( #205 ) ) GLOBAL_UNIT_ASSIGNED_CONTEXT ( ( #6296, #2370, #4609 ) ) REPRESENTATION_CONTEXT ( 'NONE', 'WORKASPACE' ) );
#7780 = LINE ( 'NONE', #6954, #3712 ) ;
#7781 = ORIENTED_EDGE ( 'NONE', *, *, #1489, .F. ) ;
#7782 = DIRECTION ( 'NONE',  ( 0.000000000000000000, 1.606956701768064271E-16, -1.000000000000000000 ) ) ;
#7783 = VERTEX_POINT ( 'NONE', #3928 ) ;
#7784 = CARTESIAN_POINT ( 'NONE',  ( -0.1310000000000000608, 0.3524999999999999800, 0.1880000001233737561 ) ) ;
#7785 = AXIS2_PLACEMENT_3D ( 'NONE', #3978, #9210, #3194 ) ;
#7786 = DIRECTION ( 'NONE',  ( -1.000000000000000000, 0.000000000000000000, 0.000000000000000000 ) ) ;
#7787 = PRESENTATION_LAYER_ASSIGNMENT (  '', '', ( #9368 ) ) ;
#7788 = LINE ( 'NONE', #7883, #2573 ) ;
#7789 = ADVANCED_FACE ( 'NONE', ( #3880 ), #3143, .T. ) ;
#7790 = DIRECTION ( 'NONE',  ( 0.000000000000000000, 0.000000000000000000, -1.000000000000000000 ) ) ;
#7791 = CIRCLE ( 'NONE', #4805, 0.08499999999999997835 ) ;
#7792 = DIRECTION ( 'NONE',  ( 0.000000000000000000, 0.000000000000000000, -1.000000000000000000 ) ) ;
#7793 = EDGE_CURVE ( 'NONE', #5322, #4782, #9490, .T. ) ;
#7794 = AXIS2_PLACEMENT_3D ( 'NONE', #8833, #247, #6908 ) ;
#7795 = ORIENTED_EDGE ( 'NONE', *, *, #1629, .T. ) ;
#7796 = CARTESIAN_POINT ( 'NONE',  ( 0.3642901512833205402, -0.1774999999999999911, 0.09028470468954047368 ) ) ;
#7797 = FACE_OUTER_BOUND ( 'NONE', #8266, .T. ) ;
#7798 = EDGE_CURVE ( 'NONE', #8818, #6503, #7086, .T. ) ;
#7799 = VECTOR ( 'NONE', #4968, 100.0000000000000000 ) ;
#7800 =( LENGTH_UNIT ( ) NAMED_UNIT ( * ) SI_UNIT ( .CENTI., .METRE. ) );
#7801 = SURFACE_STYLE_USAGE ( .BOTH. , #2657 ) ;
#7802 = PRESENTATION_STYLE_ASSIGNMENT (( #2660 ) ) ;
#7803 = ORIENTED_EDGE ( 'NONE', *, *, #863, .T. ) ;
#7804 = CARTESIAN_POINT ( 'NONE',  ( 0.3725000000000001088, 0.2425000000000000488, 0.1430000000000000437 ) ) ;
#7805 = COLOUR_RGB ( '',1.000000000000000000, 1.000000000000000000, 1.000000000000000000 ) ;
#7806 = CARTESIAN_POINT ( 'NONE',  ( 5.817072294914084248E-18, -0.1425000000084583052, -0.03000000000383803642 ) ) ;
#7807 = FILL_AREA_STYLE_COLOUR ( '', #6326 ) ;
#7808 = VERTEX_POINT ( 'NONE', #485 ) ;
#7809 = EDGE_LOOP ( 'NONE', ( #4396, #6368, #4375, #6182 ) ) ;
#7810 = LINE ( 'NONE', #4952, #400 ) ;
#7811 = FACE_OUTER_BOUND ( 'NONE', #6937, .T. ) ;
#7812 = SURFACE_STYLE_USAGE ( .BOTH. , #4815 ) ;
#7813 = VECTOR ( 'NONE', #4223, 100.0000000000000000 ) ;
#7814 = EDGE_LOOP ( 'NONE', ( #5807, #7059, #6978, #3869 ) ) ;
#7815 = DIRECTION ( 'NONE',  ( -0.7071067811865502373, 0.7071067811865447972, 0.000000000000000000 ) ) ;
#7816 = VERTEX_POINT ( 'NONE', #1024 ) ;
#7817 = CARTESIAN_POINT ( 'NONE',  ( -0.3500000000000000333, 0.1074999999999999567, 0.1729999999999999871 ) ) ;
#7818 = ORIENTED_EDGE ( 'NONE', *, *, #7682, .T. ) ;
#7819 = CARTESIAN_POINT ( 'NONE',  ( 0.3525000000000000355, 0.000000000000000000, 0.1680000000000000382 ) ) ;
#7820 = ORIENTED_EDGE ( 'NONE', *, *, #7951, .F. ) ;
#7821 = FILL_AREA_STYLE ('',( #5579 ) ) ;
#7822 = SURFACE_STYLE_USAGE ( .BOTH. , #2540 ) ;
#7823 = VECTOR ( 'NONE', #5078, 100.0000000000000000 ) ;
#7824 = DIRECTION ( 'NONE',  ( 0.000000000000000000, -1.000000000000000000, 3.491483361109382461E-15 ) ) ;
#7825 = PLANE ( 'NONE',  #5459 ) ;
#7826 = CARTESIAN_POINT ( 'NONE',  ( 0.3394948589294404240, -0.2389082749236461356, 0.1729999775287097141 ) ) ;
#7827 = VECTOR ( 'NONE', #4394, 100.0000000000000000 ) ;
#7828 = EDGE_LOOP ( 'NONE', ( #5407, #6878, #9045, #191, #5112, #2143, #914, #6106, #4284 ) ) ;
#7829 = DIRECTION ( 'NONE',  ( 0.000000000000000000, 0.9021204415296844026, -0.4314843090707787265 ) ) ;
#7830 = VERTEX_POINT ( 'NONE', #333 ) ;
#7831 = STYLED_ITEM ( 'NONE', ( #6839 ), #737 ) ;
#7832 = CARTESIAN_POINT ( 'NONE',  ( 0.07071067811865475172, 1.334228154262575563E-16, 0.3000000000000000999 ) ) ;
#7833 = PRESENTATION_STYLE_ASSIGNMENT (( #9270 ) ) ;
#7834 = EDGE_CURVE ( 'NONE', #9081, #6469, #4959, .T. ) ;
#7835 = CIRCLE ( 'NONE', #9090, 0.01000000000000001409 ) ;
#7836 = CARTESIAN_POINT ( 'NONE',  ( 0.2356854249492379982, 0.3400000000000000244, 0.1630000000000000060 ) ) ;
#7837 = SURFACE_SIDE_STYLE ('',( #8582 ) ) ;
#7838 = CARTESIAN_POINT ( 'NONE',  ( -0.2149999999999999134, 0.3524999999999999800, 0.1680000000000000382 ) ) ;
#7839 = CIRCLE ( 'NONE', #6902, 0.009999999999999982861 ) ;
#7840 = CYLINDRICAL_SURFACE ( 'NONE', #1755, 0.01100000024499758408 ) ;
#7841 = VECTOR ( 'NONE', #8592, 100.0000000000000000 ) ;
#7842 = VECTOR ( 'NONE', #9436, 100.0000000000000000 ) ;
#7843 = DIRECTION ( 'NONE',  ( 0.7071067811865533459, -0.7071067811865416886, 0.000000000000000000 ) ) ;
#7844 = ORIENTED_EDGE ( 'NONE', *, *, #1475, .F. ) ;
#7845 = CARTESIAN_POINT ( 'NONE',  ( -0.2427564927611034207, -0.3370710678118654657, 0.1729999999999999871 ) ) ;
#7846 = EDGE_CURVE ( 'NONE', #3924, #9643, #6457, .T. ) ;
#7847 = CIRCLE ( 'NONE', #4229, 0.02000000000000001082 ) ;
#7848 = LINE ( 'NONE', #7064, #7055 ) ;
#7849 = SURFACE_STYLE_USAGE ( .BOTH. , #8645 ) ;
#7850 = VECTOR ( 'NONE', #2841, 100.0000000000000000 ) ;
#7851 = VERTEX_POINT ( 'NONE', #1122 ) ;
#7852 = VECTOR ( 'NONE', #435, 100.0000000000000000 ) ;
#7853 = EDGE_CURVE ( 'NONE', #693, #2084, #9118, .T. ) ;
#7854 = DIRECTION ( 'NONE',  ( 1.000000000000000000, 7.311082709387417497E-18, -2.552652363152067741E-32 ) ) ;
#7855 = CARTESIAN_POINT ( 'NONE',  ( -0.3441421356237308604, 0.2498275605729693427, 0.1729999999999999871 ) ) ;
#7856 = ORIENTED_EDGE ( 'NONE', *, *, #1549, .T. ) ;
#7857 = ADVANCED_FACE ( 'NONE', ( #9348 ), #7963, .F. ) ;
#7858 = ORIENTED_EDGE ( 'NONE', *, *, #5504, .F. ) ;
#7859 = CARTESIAN_POINT ( 'NONE',  ( -0.1816956969207694783, 0.000000000000000000, 0.1900201181342708878 ) ) ;
#7860 = DIRECTION ( 'NONE',  ( 0.000000000000000000, 0.000000000000000000, -1.000000000000000000 ) ) ;
#7861 = VECTOR ( 'NONE', #520, 100.0000000000000000 ) ;
#7862 = DIRECTION ( 'NONE',  ( -1.548860246407863829E-16, -1.000000000000000000, -0.000000000000000000 ) ) ;
#7863 = DIRECTION ( 'NONE',  ( -0.000000000000000000, -1.000000000000000000, 0.000000000000000000 ) ) ;
#7864 = EDGE_CURVE ( 'NONE', #4426, #6988, #6355, .T. ) ;
#7865 = VERTEX_POINT ( 'NONE', #5618 ) ;
#7866 = LINE ( 'NONE', #6401, #4716 ) ;
#7867 = AXIS2_PLACEMENT_3D ( 'NONE', #7258, #7450, #2801 ) ;
#7868 = VERTEX_POINT ( 'NONE', #2724 ) ;
#7869 = LINE ( 'NONE', #146, #1551 ) ;
#7870 = ORIENTED_EDGE ( 'NONE', *, *, #7316, .F. ) ;
#7871 = FACE_OUTER_BOUND ( 'NONE', #2495, .T. ) ;
#7872 = CYLINDRICAL_SURFACE ( 'NONE', #348, 0.04999999999999998196 ) ;
#7873 = CARTESIAN_POINT ( 'NONE',  ( 0.2149999999999999134, -0.3725000000000004419, 0.06999999999999979849 ) ) ;
#7874 = DIRECTION ( 'NONE',  ( 0.000000000000000000, 0.000000000000000000, -1.000000000000000000 ) ) ;
#7875 = DIRECTION ( 'NONE',  ( 0.000000000000000000, 0.000000000000000000, -1.000000000000000000 ) ) ;
#7876 = AXIS2_PLACEMENT_3D ( 'NONE', #4033, #7051, #1792 ) ;
#7877 = CARTESIAN_POINT ( 'NONE',  ( 0.07999999999999998779, -0.3725000000000006084, 0.03999999999999979960 ) ) ;
#7878 = VERTEX_POINT ( 'NONE', #9305 ) ;
#7879 = CARTESIAN_POINT ( 'NONE',  ( 0.3300000000000000155, 0.2356854249492383591, 0.1729999999999999871 ) ) ;
#7880 = CARTESIAN_POINT ( 'NONE',  ( -0.3386768041623585135, -0.2406949267652000179, 0.1729999913571935166 ) ) ;
#7881 = AXIS2_PLACEMENT_3D ( 'NONE', #8608, #3377, #1920 ) ;
#7882 = DIRECTION ( 'NONE',  ( -0.000000000000000000, 1.000000000000000000, 0.000000000000000000 ) ) ;
#7883 = CARTESIAN_POINT ( 'NONE',  ( 0.3608328855244097855, -0.07129477650116627929, 0.01308987000312045526 ) ) ;
#7884 = AXIS2_PLACEMENT_3D ( 'NONE', #3941, #7146, #3397 ) ;
#7885 = CARTESIAN_POINT ( 'NONE',  ( -0.2356854249492379982, -0.3500000000000000333, 0.1630000000000000060 ) ) ;
#7886 = FILL_AREA_STYLE_COLOUR ( '', #6531 ) ;
#7887 = EDGE_CURVE ( 'NONE', #5401, #47, #5008, .T. ) ;
#7888 = DIRECTION ( 'NONE',  ( 0.000000000000000000, -0.8574929257125450954, -0.5144957554275250144 ) ) ;
#7889 = ORIENTED_EDGE ( 'NONE', *, *, #697, .T. ) ;
#7890 = DIRECTION ( 'NONE',  ( -0.000000000000000000, -1.606956701768064271E-16, 1.000000000000000000 ) ) ;
#7891 = LINE ( 'NONE', #7155, #7087 ) ;
#7892 = VECTOR ( 'NONE', #9331, 100.0000000000000142 ) ;
#7893 = FACE_OUTER_BOUND ( 'NONE', #5256, .T. ) ;
#7894 = DIRECTION ( 'NONE',  ( 0.000000000000000000, 2.891205793294680200E-15, -1.000000000000000000 ) ) ;
#7895 = EDGE_CURVE ( 'NONE', #5176, #134, #1775, .T. ) ;
#7896 = AXIS2_PLACEMENT_3D ( 'NONE', #7832, #8032, #347 ) ;
#7897 = ORIENTED_EDGE ( 'NONE', *, *, #8770, .F. ) ;
#7898 = EDGE_CURVE ( 'NONE', #2094, #3883, #8610, .T. ) ;
#7899 = CARTESIAN_POINT ( 'NONE',  ( -0.3500000000000000333, -0.1775000000000000189, 0.01499999999999999598 ) ) ;
#7900 = LINE ( 'NONE', #6492, #8502 ) ;
#7901 = CARTESIAN_POINT ( 'NONE',  ( -0.2350000000000000144, 0.2449999999999999956, 0.004000000000000000083 ) ) ;
#7902 = ORIENTED_EDGE ( 'NONE', *, *, #1711, .F. ) ;
#7903 = ORIENTED_EDGE ( 'NONE', *, *, #9471, .T. ) ;
#7904 = CARTESIAN_POINT ( 'NONE',  ( -0.07000000000000000666, -0.3049999999999999378, 0.004000000000000010492 ) ) ;
#7905 = CARTESIAN_POINT ( 'NONE',  ( -0.3741382288134425527, 0.1774999999999999634, 0.08854822291287123281 ) ) ;
#7906 =( LENGTH_UNIT ( ) NAMED_UNIT ( * ) SI_UNIT ( .CENTI., .METRE. ) );
#7907 = EDGE_CURVE ( 'NONE', #4164, #7967, #7866, .T. ) ;
#7908 = CIRCLE ( 'NONE', #8389, 0.04700000000000000705 ) ;
#7909 = DIRECTION ( 'NONE',  ( 1.000000000000000000, 7.311082709387417497E-18, -2.552652363152067741E-32 ) ) ;
#7910 = ADVANCED_FACE ( 'NONE', ( #4118 ), #8661, .F. ) ;
#7911 = PRESENTATION_STYLE_ASSIGNMENT (( #2674 ) ) ;
#7912 = ORIENTED_EDGE ( 'NONE', *, *, #1742, .F. ) ;
#7913 = DIRECTION ( 'NONE',  ( 0.000000000000000000, -1.000000000000000000, 3.491483361109382461E-15 ) ) ;
#7914 = ORIENTED_EDGE ( 'NONE', *, *, #2822, .F. ) ;
#7915 = PRESENTATION_STYLE_ASSIGNMENT (( #4165 ) ) ;
#7916 = UNCERTAINTY_MEASURE_WITH_UNIT (LENGTH_MEASURE( 1.000000000000000082E-05 ), #7706, 'distance_accuracy_value', 'NONE');
#7917 = ORIENTED_EDGE ( 'NONE', *, *, #491, .F. ) ;
#7918 = CARTESIAN_POINT ( 'NONE',  ( 2.168404344971008868E-17, 0.000000000000000000, 0.1900201181342708878 ) ) ;
#7919 = EDGE_CURVE ( 'NONE', #3918, #2706, #3617, .T. ) ;
#7920 = AXIS2_PLACEMENT_3D ( 'NONE', #3717, #3519, #1461 ) ;
#7921 = CARTESIAN_POINT ( 'NONE',  ( -1.383404679253846991E-16, 0.07071067811865476560, 0.3000000000000000999 ) ) ;
#7922 = CARTESIAN_POINT ( 'NONE',  ( -0.07000000000000000666, 0.2600000000000000644, 0.007000000000000001013 ) ) ;
#7923 = CIRCLE ( 'NONE', #4143, 0.009999999999999982861 ) ;
#7924 = ORIENTED_EDGE ( 'NONE', *, *, #6825, .F. ) ;
#7925 = DIRECTION ( 'NONE',  ( 1.000000000000000000, 0.000000000000000000, -0.000000000000000000 ) ) ;
#7926 = SURFACE_SIDE_STYLE ('',( #7101 ) ) ;
#7927 =( LENGTH_UNIT ( ) NAMED_UNIT ( * ) SI_UNIT ( .CENTI., .METRE. ) );
#7928 = TOROIDAL_SURFACE ( 'NONE', #3055, 0.03699999999999998429, 0.01000000000000002276 ) ;
#7929 = AXIS2_PLACEMENT_3D ( 'NONE', #1978, #4078, #3392 ) ;
#7930 = COLOUR_RGB ( '',0.6470588235294117974, 0.6196078431372549211, 0.5882352941176470784 ) ;
#7931 = AXIS2_PLACEMENT_3D ( 'NONE', #9618, #4186, #613 ) ;
#7932 = FACE_OUTER_BOUND ( 'NONE', #5945, .T. ) ;
#7933 = ORIENTED_EDGE ( 'NONE', *, *, #1985, .T. ) ;
#7934 = CARTESIAN_POINT ( 'NONE',  ( 0.1255000000000000004, 0.3400000000000000244, 0.1630000000000000060 ) ) ;
#7935 = DIRECTION ( 'NONE',  ( -1.000000000000000000, -1.776356839400250465E-15, 0.000000000000000000 ) ) ;
#7936 = MECHANICAL_DESIGN_GEOMETRIC_PRESENTATION_REPRESENTATION (  '', ( #6384 ), #9207 ) ;
#7937 = CARTESIAN_POINT ( 'NONE',  ( -0.1254999999999999727, 0.3575000000000003175, 0.09050000000000017752 ) ) ;
#7938 = EDGE_CURVE ( 'NONE', #8185, #9535, #1442, .T. ) ;
#7939 = VERTEX_POINT ( 'NONE', #3672 ) ;
#7940 =( LENGTH_UNIT ( ) NAMED_UNIT ( * ) SI_UNIT ( .CENTI., .METRE. ) );
#7941 = CARTESIAN_POINT ( 'NONE',  ( -0.08499999999999999223, -0.1899999999999999745, 0.007000000000000001013 ) ) ;
#7942 = VECTOR ( 'NONE', #1781, 100.0000000000000000 ) ;
#7943 =( NAMED_UNIT ( * ) PLANE_ANGLE_UNIT ( ) SI_UNIT ( $, .RADIAN. ) );
#7944 = SURFACE_SIDE_STYLE ('',( #3359 ) ) ;
#7945 = LINE ( 'NONE', #515, #1649 ) ;
#7946 = CYLINDRICAL_SURFACE ( 'NONE', #677, 0.005000000246747557386 ) ;
#7947 = VERTEX_POINT ( 'NONE', #2219 ) ;
#7948 = CARTESIAN_POINT ( 'NONE',  ( -0.3524999999999999800, 0.3429467888754760829, 0.1879999999999999727 ) ) ;
#7949 = CARTESIAN_POINT ( 'NONE',  ( 0.3525000000000000355, -0.2425000000000000488, 0.1729999999999999871 ) ) ;
#7950 = UNCERTAINTY_MEASURE_WITH_UNIT (LENGTH_MEASURE( 1.000000000000000082E-05 ), #6817, 'distance_accuracy_value', 'NONE');
#7951 = EDGE_CURVE ( 'NONE', #4625, #9674, #1204, .T. ) ;
#7952 = DIRECTION ( 'NONE',  ( 1.000000000000000000, -7.311082709387417497E-18, 0.000000000000000000 ) ) ;
#7953 = AXIS2_PLACEMENT_3D ( 'NONE', #8545, #1754, #8692 ) ;
#7954 = ORIENTED_EDGE ( 'NONE', *, *, #5882, .T. ) ;
#7955 = ORIENTED_EDGE ( 'NONE', *, *, #5686, .T. ) ;
#7956 = CARTESIAN_POINT ( 'NONE',  ( 0.2420250216430368528, 0.3378027839002326060, 0.1730000051928050064 ) ) ;
#7957 = FACE_OUTER_BOUND ( 'NONE', #1278, .T. ) ;
#7958 = CARTESIAN_POINT ( 'NONE',  ( 0.3396337102012697007, 0.2386412805424529548, 0.1729999636503325999 ) ) ;
#7959 = DIRECTION ( 'NONE',  ( 0.000000000000000000, 0.000000000000000000, 1.000000000000000000 ) ) ;
#7960 = AXIS2_PLACEMENT_3D ( 'NONE', #6512, #7874, #3391 ) ;
#7961 =( NAMED_UNIT ( * ) SI_UNIT ( $, .STERADIAN. ) SOLID_ANGLE_UNIT ( ) );
#7962 = ORIENTED_EDGE ( 'NONE', *, *, #5461, .F. ) ;
#7963 = PLANE ( 'NONE',  #6461 ) ;
#7964 = ORIENTED_EDGE ( 'NONE', *, *, #453, .F. ) ;
#7965 = CARTESIAN_POINT ( 'NONE',  ( -0.1060660171779820166, 0.03535533905932736198, 0.3150000000000001132 ) ) ;
#7966 = EDGE_CURVE ( 'NONE', #8273, #1788, #4500, .T. ) ;
#7967 = VERTEX_POINT ( 'NONE', #5950 ) ;
#7968 = VECTOR ( 'NONE', #2696, 100.0000000000000000 ) ;
#7969 = EDGE_LOOP ( 'NONE', ( #5374, #2565, #3260, #7309 ) ) ;
#7970 = EDGE_CURVE ( 'NONE', #8081, #3965, #9274, .T. ) ;
#7971 = DIRECTION ( 'NONE',  ( 0.000000000000000000, 0.000000000000000000, -1.000000000000000000 ) ) ;
#7972 = SURFACE_SIDE_STYLE ('',( #4367 ) ) ;
#7973 = DIRECTION ( 'NONE',  ( 0.000000000000000000, 0.4314843090707786710, -0.9021204415296842916 ) ) ;
#7974 = CARTESIAN_POINT ( 'NONE',  ( 0.3499999999999999778, 0.1775000000000000189, 0.01500000000000001679 ) ) ;
#7975 = CARTESIAN_POINT ( 'NONE',  ( 0.000000000000000000, 0.2600000000000000644, 0.004000000000000000083 ) ) ;
#7976 = ORIENTED_EDGE ( 'NONE', *, *, #3933, .F. ) ;
#7977 = DIRECTION ( 'NONE',  ( 0.000000000000000000, 0.000000000000000000, 1.000000000000000000 ) ) ;
#7978 = CARTESIAN_POINT ( 'NONE',  ( 0.2427564927611034207, -0.3370710678118654657, 0.1630000000000000060 ) ) ;
#7979 = EDGE_CURVE ( 'NONE', #3976, #6593, #5158, .T. ) ;
#7980 = DIRECTION ( 'NONE',  ( -0.000000000000000000, -1.000000000000000000, -0.000000000000000000 ) ) ;
#7981 = CARTESIAN_POINT ( 'NONE',  ( 0.3500000000000000333, 0.2356854249492383591, 0.1630000000000000060 ) ) ;
#7982 = COLOUR_RGB ( '',0.2509803921568627416, 0.2509803921568627416, 0.2509803921568627416 ) ;
#7983 =( NAMED_UNIT ( * ) PLANE_ANGLE_UNIT ( ) SI_UNIT ( $, .RADIAN. ) );
#7984 = ORIENTED_EDGE ( 'NONE', *, *, #8448, .T. ) ;
#7985 = VECTOR ( 'NONE', #4297, 100.0000000000000142 ) ;
#7986 = UNCERTAINTY_MEASURE_WITH_UNIT (LENGTH_MEASURE( 1.000000000000000082E-05 ), #3493, 'distance_accuracy_value', 'NONE');
#7987 = CARTESIAN_POINT ( 'NONE',  ( 0.07000000000000000666, 0.2600000000000000089, 0.004000000000000007890 ) ) ;
#7988 = DIRECTION ( 'NONE',  ( -0.000000000000000000, -0.000000000000000000, -1.000000000000000000 ) ) ;
#7989 = CIRCLE ( 'NONE', #559, 0.004999999999999969746 ) ;
#7990 = VERTEX_POINT ( 'NONE', #8167 ) ;
#7991 = VECTOR ( 'NONE', #4985, 100.0000000000000000 ) ;
#7992 = CARTESIAN_POINT ( 'NONE',  ( -0.1255000000000001115, -0.3750000000000000000, 0.1010000000000000064 ) ) ;
#7993 = DIRECTION ( 'NONE',  ( -0.000000000000000000, 1.000000000000000000, 0.000000000000000000 ) ) ;
#7994 = AXIS2_PLACEMENT_3D ( 'NONE', #7154, #7749, #359 ) ;
#7995 = EDGE_CURVE ( 'NONE', #537, #7990, #1362, .T. ) ;
#7996 = AXIS2_PLACEMENT_3D ( 'NONE', #1730, #5018, #5069 ) ;
#7997 = SURFACE_STYLE_FILL_AREA ( #2750 ) ;
#7998 = DIRECTION ( 'NONE',  ( 0.7071067811865461294, -0.7071067811865490160, 0.000000000000000000 ) ) ;
#7999 = AXIS2_PLACEMENT_3D ( 'NONE', #2273, #4663, #1623 ) ;
#8000 = DIRECTION ( 'NONE',  ( -0.000000000000000000, 0.5144957554275266798, 0.8574929257125440962 ) ) ;
#8001 = VERTEX_POINT ( 'NONE', #7469 ) ;
#8002 = FILL_AREA_STYLE_COLOUR ( '', #8217 ) ;
#8003 = CARTESIAN_POINT ( 'NONE',  ( -0.3059685397664674289, 0.03499999999999999639, -0.2980612952282384875 ) ) ;
#8004 = VECTOR ( 'NONE', #839, 100.0000000000000000 ) ;
#8005 = ORIENTED_EDGE ( 'NONE', *, *, #8345, .F. ) ;
#8006 =( GEOMETRIC_REPRESENTATION_CONTEXT ( 3 ) GLOBAL_UNCERTAINTY_ASSIGNED_CONTEXT ( ( #6143 ) ) GLOBAL_UNIT_ASSIGNED_CONTEXT ( ( #4650, #9182, #2414 ) ) REPRESENTATION_CONTEXT ( 'NONE', 'WORKASPACE' ) );
#8007 = ORIENTED_EDGE ( 'NONE', *, *, #5392, .T. ) ;
#8008 = DIRECTION ( 'NONE',  ( 1.000000000000000000, -0.000000000000000000, -0.000000000000000000 ) ) ;
#8009 = CARTESIAN_POINT ( 'NONE',  ( 0.2793071785686857544, 0.3500000000000000333, 0.1879999999999999727 ) ) ;
#8010 = CARTESIAN_POINT ( 'NONE',  ( 0.2439696961966996425, 0.3500000000000000333, 0.1879999999999999727 ) ) ;
#8011 = CARTESIAN_POINT ( 'NONE',  ( -0.3441421356237309159, -0.2498275605729692317, 0.1729999999999999871 ) ) ;
#8012 = AXIS2_PLACEMENT_3D ( 'NONE', #3570, #1317, #2767 ) ;
#8013 = EDGE_CURVE ( 'NONE', #6853, #9759, #533, .T. ) ;
#8014 = AXIS2_PLACEMENT_3D ( 'NONE', #9665, #6067, #9763 ) ;
#8015 = ORIENTED_EDGE ( 'NONE', *, *, #4358, .T. ) ;
#8016 = DIRECTION ( 'NONE',  ( 1.000000000000000000, 0.000000000000000000, 0.000000000000000000 ) ) ;
#8017 = ORIENTED_EDGE ( 'NONE', *, *, #7186, .F. ) ;
#8018 = CARTESIAN_POINT ( 'NONE',  ( 0.2356854249492379982, -0.3500000000000000333, 0.1630000000000000060 ) ) ;
#8019 = ORIENTED_EDGE ( 'NONE', *, *, #815, .T. ) ;
#8020 = SURFACE_SIDE_STYLE ('',( #438 ) ) ;
#8021 = ORIENTED_EDGE ( 'NONE', *, *, #4090, .T. ) ;
#8022 = VERTEX_POINT ( 'NONE', #7417 ) ;
#8023 = CARTESIAN_POINT ( 'NONE',  ( 0.3741382288134425527, 0.03500000000000000333, 0.08854822291287131608 ) ) ;
#8024 =( LENGTH_UNIT ( ) NAMED_UNIT ( * ) SI_UNIT ( .CENTI., .METRE. ) );
#8025 = PRESENTATION_STYLE_ASSIGNMENT (( #9448 ) ) ;
#8026 = CYLINDRICAL_SURFACE ( 'NONE', #9534, 0.009999999999999982861 ) ;
#8027 = DIRECTION ( 'NONE',  ( -0.1736481776669273336, 0.000000000000000000, 0.9848077530122085754 ) ) ;
#8028 = ADVANCED_FACE ( 'NONE', ( #2824 ), #632, .F. ) ;
#8029 = CIRCLE ( 'NONE', #3305, 0.005000000246747557386 ) ;
#8030 = CARTESIAN_POINT ( 'NONE',  ( -0.3370710678118653547, -0.2427564927611038093, 0.1630000000000000060 ) ) ;
#8031 = ORIENTED_EDGE ( 'NONE', *, *, #6901, .T. ) ;
#8032 = DIRECTION ( 'NONE',  ( 6.735369260825570315E-17, -1.760146872403420140E-16, -1.000000000000000000 ) ) ;
#8033 = EDGE_CURVE ( 'NONE', #4352, #8878, #1415, .T. ) ;
#8034 = SURFACE_STYLE_FILL_AREA ( #1185 ) ;
#8035 = CARTESIAN_POINT ( 'NONE',  ( 0.3575000000000001510, -0.2425000000000000488, 0.1430000000000000437 ) ) ;
#8036 = CYLINDRICAL_SURFACE ( 'NONE', #859, 0.1500000000000000222 ) ;
#8037 = CIRCLE ( 'NONE', #5210, 0.03249999999999995254 ) ;
#8038 = DIRECTION ( 'NONE',  ( 0.000000000000000000, 0.000000000000000000, -1.000000000000000000 ) ) ;
#8039 = ORIENTED_EDGE ( 'NONE', *, *, #5067, .F. ) ;
#8040 = CARTESIAN_POINT ( 'NONE',  ( 0.3300000000000000155, -0.2356854249492383591, 0.1729999999999999871 ) ) ;
#8041 = EDGE_CURVE ( 'NONE', #3355, #4962, #733, .T. ) ;
#8042 = DIRECTION ( 'NONE',  ( 0.000000000000000000, 0.000000000000000000, 1.000000000000000000 ) ) ;
#8043 = CARTESIAN_POINT ( 'NONE',  ( 0.2498275605729688986, -0.3441421356237309714, 0.004000000000000020900 ) ) ;
#8044 = EDGE_CURVE ( 'NONE', #4346, #2007, #8994, .T. ) ;
#8045 = VECTOR ( 'NONE', #9433, 100.0000000000000000 ) ;
#8046 = FACE_OUTER_BOUND ( 'NONE', #4571, .T. ) ;
#8047 = TOROIDAL_SURFACE ( 'NONE', #5053, 0.009999999999999635916, 0.01000000000000006960 ) ;
#8048 =( NAMED_UNIT ( * ) PLANE_ANGLE_UNIT ( ) SI_UNIT ( $, .RADIAN. ) );
#8049 =( NAMED_UNIT ( * ) SI_UNIT ( $, .STERADIAN. ) SOLID_ANGLE_UNIT ( ) );
#8050 = AXIS2_PLACEMENT_3D ( 'NONE', #1074, #6602, #8016 ) ;
#8051 = SURFACE_SIDE_STYLE ('',( #7997 ) ) ;
#8052 = DIRECTION ( 'NONE',  ( 2.716232966221421991E-30, -1.000000000000000000, 5.843469689014806769E-14 ) ) ;
#8053 = FILL_AREA_STYLE_COLOUR ( '', #1657 ) ;
#8054 = CARTESIAN_POINT ( 'NONE',  ( -0.3441421356237308604, -0.2498275605729692872, 0.1729999999999999871 ) ) ;
#8055 = ADVANCED_FACE ( 'NONE', ( #5251 ), #3601, .T. ) ;
#8056 = ORIENTED_EDGE ( 'NONE', *, *, #9536, .F. ) ;
#8057 = AXIS2_PLACEMENT_3D ( 'NONE', #5511, #4945, #225 ) ;
#8058 = VERTEX_POINT ( 'NONE', #2019 ) ;
#8059 = ORIENTED_EDGE ( 'NONE', *, *, #8202, .T. ) ;
#8060 = DIRECTION ( 'NONE',  ( 0.1736481776669273336, 0.000000000000000000, -0.9848077530122085754 ) ) ;
#8061 = CYLINDRICAL_SURFACE ( 'NONE', #4684, 0.02000000000000001082 ) ;
#8062 = EDGE_CURVE ( 'NONE', #1430, #6298, #8068, .T. ) ;
#8063 =( NAMED_UNIT ( * ) SI_UNIT ( $, .STERADIAN. ) SOLID_ANGLE_UNIT ( ) );
#8064 = ORIENTED_EDGE ( 'NONE', *, *, #4687, .T. ) ;
#8065 = CYLINDRICAL_SURFACE ( 'NONE', #8377, 0.01000000000000001409 ) ;
#8066 = EDGE_CURVE ( 'NONE', #1763, #9203, #7386, .T. ) ;
#8067 = ORIENTED_EDGE ( 'NONE', *, *, #8988, .F. ) ;
#8068 = LINE ( 'NONE', #1268, #4873 ) ;
#8069 = ORIENTED_EDGE ( 'NONE', *, *, #4950, .F. ) ;
#8070 = FILL_AREA_STYLE_COLOUR ( '', #8299 ) ;
#8071 = ORIENTED_EDGE ( 'NONE', *, *, #5404, .F. ) ;
#8072 = VERTEX_POINT ( 'NONE', #918 ) ;
#8073 = VECTOR ( 'NONE', #8219, 100.0000000000000000 ) ;
#8074 = DIRECTION ( 'NONE',  ( 0.000000000000000000, 0.000000000000000000, -1.000000000000000000 ) ) ;
#8075 = SURFACE_STYLE_USAGE ( .BOTH. , #7284 ) ;
#8076 = PRESENTATION_STYLE_ASSIGNMENT (( #1877 ) ) ;
#8077 = DIRECTION ( 'NONE',  ( 1.000000000000000000, 0.000000000000000000, -0.000000000000000000 ) ) ;
#8078 = DIRECTION ( 'NONE',  ( 0.000000000000000000, 1.000000000000000000, 0.000000000000000000 ) ) ;
#8079 = EDGE_CURVE ( 'NONE', #7434, #3543, #420, .T. ) ;
#8080 = PLANE ( 'NONE',  #5546 ) ;
#8081 = VERTEX_POINT ( 'NONE', #9784 ) ;
#8082 = DIRECTION ( 'NONE',  ( 0.7071067811865489050, -0.7071067811865461294, 0.000000000000000000 ) ) ;
#8083 = LINE ( 'NONE', #7981, #1771 ) ;
#8084 = EDGE_CURVE ( 'NONE', #6772, #9687, #6934, .T. ) ;
#8085 = CIRCLE ( 'NONE', #3195, 0.009999999999999998473 ) ;
#8086 = SURFACE_STYLE_FILL_AREA ( #4521 ) ;
#8087 = EDGE_LOOP ( 'NONE', ( #6720, #1414, #7212, #6235 ) ) ;
#8088 = FACE_OUTER_BOUND ( 'NONE', #2926, .T. ) ;
#8089 = DIRECTION ( 'NONE',  ( 0.000000000000000000, 2.891205793294679411E-15, 1.000000000000000000 ) ) ;
#8090 = SURFACE_STYLE_USAGE ( .BOTH. , #5926 ) ;
#8091 = AXIS2_PLACEMENT_3D ( 'NONE', #749, #2849, #608 ) ;
#8092 = LINE ( 'NONE', #4290, #8196 ) ;
#8093 = DIRECTION ( 'NONE',  ( 6.735369260825570315E-17, -1.760146872403420140E-16, -1.000000000000000000 ) ) ;
#8094 = EDGE_CURVE ( 'NONE', #8001, #7990, #1661, .T. ) ;
#8095 = FILL_AREA_STYLE_COLOUR ( '', #7065 ) ;
#8097 = FILL_AREA_STYLE ('',( #747 ) ) ;
#8096 = AXIS2_PLACEMENT_3D ( 'NONE', #5202, #1412, #5296 ) ;
#8098 = EDGE_CURVE ( 'NONE', #6103, #6093, #2325, .T. ) ;
#8099 = DIRECTION ( 'NONE',  ( 0.000000000000000000, 0.000000000000000000, -1.000000000000000000 ) ) ;
#8100 =( NAMED_UNIT ( * ) PLANE_ANGLE_UNIT ( ) SI_UNIT ( $, .RADIAN. ) );
#8101 = ORIENTED_EDGE ( 'NONE', *, *, #8693, .F. ) ;
#8102 = FILL_AREA_STYLE ('',( #5049 ) ) ;
#8103 = SURFACE_STYLE_USAGE ( .BOTH. , #472 ) ;
#8104 = AXIS2_PLACEMENT_3D ( 'NONE', #844, #3098, #1729 ) ;
#8105 = EDGE_CURVE ( 'NONE', #8848, #8137, #5513, .T. ) ;
#8106 = VECTOR ( 'NONE', #6375, 100.0000000000000142 ) ;
#8107 = EDGE_LOOP ( 'NONE', ( #3045, #8388, #3236, #8156, #9591, #241, #6938, #9200, #4457, #4464, #656, #7976, #5214, #4026, #8834, #8056 ) ) ;
#8108 = ORIENTED_EDGE ( 'NONE', *, *, #6313, .T. ) ;
#8109 = DIRECTION ( 'NONE',  ( -1.000000000000000000, 0.000000000000000000, 0.000000000000000000 ) ) ;
#8110 = LINE ( 'NONE', #8937, #76 ) ;
#8111 = CARTESIAN_POINT ( 'NONE',  ( 0.06999999999999999278, 0.1900000000000000022, 0.007000000000000001013 ) ) ;
#8112 = COLOUR_RGB ( '',0.6470588235294117974, 0.6196078431372549211, 0.5882352941176470784 ) ;
#8113 = ORIENTED_EDGE ( 'NONE', *, *, #3993, .F. ) ;
#8114 = SURFACE_SIDE_STYLE ('',( #5900 ) ) ;
#8115 = ORIENTED_EDGE ( 'NONE', *, *, #7724, .F. ) ;
#8116 = MECHANICAL_DESIGN_GEOMETRIC_PRESENTATION_REPRESENTATION (  '', ( #9052 ), #6554 ) ;
#8117 = CARTESIAN_POINT ( 'NONE',  ( 0.1310000000000000608, -0.3524999999999999800, 0.1680000000000000382 ) ) ;
#8118 = EDGE_LOOP ( 'NONE', ( #9300, #4168, #5913, #3999, #5850, #419, #7739, #546 ) ) ;
#8119 = DIRECTION ( 'NONE',  ( 1.227642196848865785E-50, -1.000000000000000000, -1.132300070967879485E-31 ) ) ;
#8120 = ORIENTED_EDGE ( 'NONE', *, *, #3366, .T. ) ;
#8121 = VERTEX_POINT ( 'NONE', #9143 ) ;
#8122 = FACE_OUTER_BOUND ( 'NONE', #5475, .T. ) ;
#8123 = CARTESIAN_POINT ( 'NONE',  ( -0.1255000000000000282, -0.3750000000000000000, 0.1010000000000000064 ) ) ;
#8124 = VECTOR ( 'NONE', #7988, 100.0000000000000000 ) ;
#8125 = FILL_AREA_STYLE_COLOUR ( '', #7519 ) ;
#8126 = PRESENTATION_STYLE_ASSIGNMENT (( #5119 ) ) ;
#8127 =( LENGTH_UNIT ( ) NAMED_UNIT ( * ) SI_UNIT ( .CENTI., .METRE. ) );
#8128 = ORIENTED_EDGE ( 'NONE', *, *, #390, .T. ) ;
#8129 = SURFACE_SIDE_STYLE ('',( #8034 ) ) ;
#8130 = APPLICATION_CONTEXT ( 'automotive_design' ) ;
#8131 = UNCERTAINTY_MEASURE_WITH_UNIT (LENGTH_MEASURE( 1.000000000000000082E-05 ), #1280, 'distance_accuracy_value', 'NONE');
#8132 = AXIS2_PLACEMENT_3D ( 'NONE', #155, #7046, #3983 ) ;
#8133 = FACE_OUTER_BOUND ( 'NONE', #3381, .T. ) ;
#8134 = ORIENTED_EDGE ( 'NONE', *, *, #820, .T. ) ;
#8135 = DIRECTION ( 'NONE',  ( 0.000000000000000000, 0.000000000000000000, 1.000000000000000000 ) ) ;
#8136 = CARTESIAN_POINT ( 'NONE',  ( -0.1255000000000000004, -0.3400000000000000244, 0.1630000000000000060 ) ) ;
#8137 = VERTEX_POINT ( 'NONE', #2369 ) ;
#8138 = DIRECTION ( 'NONE',  ( 0.000000000000000000, -1.000000000000000000, -2.840170070280789269E-16 ) ) ;
#8139 = FACE_OUTER_BOUND ( 'NONE', #5724, .T. ) ;
#8140 = ADVANCED_FACE ( 'NONE', ( #1617 ), #3223, .F. ) ;
#8141 = UNCERTAINTY_MEASURE_WITH_UNIT (LENGTH_MEASURE( 1.000000000000000082E-05 ), #4187, 'distance_accuracy_value', 'NONE');
#8142 = CIRCLE ( 'NONE', #4990, 0.001000000244997557852 ) ;
#8143 =( NAMED_UNIT ( * ) SI_UNIT ( $, .STERADIAN. ) SOLID_ANGLE_UNIT ( ) );
#8144 = LINE ( 'NONE', #6533, #4685 ) ;
#8145 = CARTESIAN_POINT ( 'NONE',  ( -0.3724999999999999978, 0.2425000000000000488, 0.1730000000000000149 ) ) ;
#8146 = CYLINDRICAL_SURFACE ( 'NONE', #707, 0.02000000000000001082 ) ;
#8147 = CARTESIAN_POINT ( 'NONE',  ( -0.08000000000000000167, -0.3575000000000005396, 0.03999999999999977879 ) ) ;
#8148 = VECTOR ( 'NONE', #1619, 100.0000000000000000 ) ;
#8149 = EDGE_CURVE ( 'NONE', #5386, #689, #3921, .T. ) ;
#8150 = EDGE_LOOP ( 'NONE', ( #8573, #5416, #3379, #7115, #4212, #8470, #5955, #5305, #4370 ) ) ;
#8151 = PRESENTATION_STYLE_ASSIGNMENT (( #3465 ) ) ;
#8152 = AXIS2_PLACEMENT_3D ( 'NONE', #3588, #1240, #7388 ) ;
#8153 = FILL_AREA_STYLE ('',( #5837 ) ) ;
#8154 = EDGE_CURVE ( 'NONE', #4503, #651, #6197, .T. ) ;
#8155 = VECTOR ( 'NONE', #1705, 100.0000000000000000 ) ;
#8156 = ORIENTED_EDGE ( 'NONE', *, *, #3313, .F. ) ;
#8157 = ORIENTED_EDGE ( 'NONE', *, *, #7744, .F. ) ;
#8158 = LINE ( 'NONE', #9581, #8316 ) ;
#8159 = DIRECTION ( 'NONE',  ( -0.000000000000000000, 1.000000000000000000, 0.000000000000000000 ) ) ;
#8160 = PLANE ( 'NONE',  #8246 ) ;
#8161 = CARTESIAN_POINT ( 'NONE',  ( -0.2439696961966996425, 0.3500000000000000333, 0.1879999999999999727 ) ) ;
#8162 = EDGE_CURVE ( 'NONE', #7868, #8824, #2001, .T. ) ;
#8163 = ORIENTED_EDGE ( 'NONE', *, *, #2410, .T. ) ;
#8164 = VECTOR ( 'NONE', #136, 100.0000000000000000 ) ;
#8165 = DIRECTION ( 'NONE',  ( 7.311082709387417497E-18, 1.000000000000000000, 0.000000000000000000 ) ) ;
#8166 = ORIENTED_EDGE ( 'NONE', *, *, #1798, .T. ) ;
#8167 = CARTESIAN_POINT ( 'NONE',  ( -0.3499999999999999778, 0.03499999999999996170, 0.003999999877501221601 ) ) ;
#8168 = EDGE_CURVE ( 'NONE', #977, #5515, #8450, .T. ) ;
#8169 = STYLED_ITEM ( 'NONE', ( #6830 ), #9686 ) ;
#8170 = ORIENTED_EDGE ( 'NONE', *, *, #5390, .T. ) ;
#8171 = FILL_AREA_STYLE ('',( #5160 ) ) ;
#8172 = PLANE ( 'NONE',  #4253 ) ;
#8173 = ORIENTED_EDGE ( 'NONE', *, *, #9547, .F. ) ;
#8174 = EDGE_LOOP ( 'NONE', ( #4551, #5939, #319, #5755 ) ) ;
#8175 = DIRECTION ( 'NONE',  ( 1.000000000000000000, 7.311082709387417497E-18, -2.552652363152067741E-32 ) ) ;
#8176 = MECHANICAL_DESIGN_GEOMETRIC_PRESENTATION_REPRESENTATION (  '', ( #6452 ), #5344 ) ;
#8177 = DIRECTION ( 'NONE',  ( 0.000000000000000000, 1.000000000000000000, 0.000000000000000000 ) ) ;
#8178 =( NAMED_UNIT ( * ) PLANE_ANGLE_UNIT ( ) SI_UNIT ( $, .RADIAN. ) );
#8179 = CARTESIAN_POINT ( 'NONE',  ( 0.3300000000000000155, -0.3490212044152968263, 0.1673148430907077933 ) ) ;
#8180 = EDGE_CURVE ( 'NONE', #3814, #3676, #3815, .T. ) ;
#8181 = LINE ( 'NONE', #1477, #5847 ) ;
#8182 = ORIENTED_EDGE ( 'NONE', *, *, #6731, .T. ) ;
#8183 = B_SPLINE_CURVE_WITH_KNOTS ( 'NONE', 3,
 ( #3693, #5226, #6719, #7438, #650, #9707, #2946, #1000, #6335, #4796, #4891, #7845 ),
 .UNSPECIFIED., .F., .F.,
 ( 4, 2, 2, 2, 2, 4 ),
 ( 0.000000000000000000, 0.2500000000000368039, 0.3750000000000455191, 0.5000000000000542899, 0.7500000000000270894, 1.000000000000000000 ),
 .UNSPECIFIED. ) ;
#8184 = LINE ( 'NONE', #5914, #9269 ) ;
#8185 = VERTEX_POINT ( 'NONE', #77 ) ;
#8186 = PRESENTATION_LAYER_ASSIGNMENT (  '', '', ( #106 ) ) ;
#8187 = FACE_OUTER_BOUND ( 'NONE', #9528, .T. ) ;
#8188 = ORIENTED_EDGE ( 'NONE', *, *, #6543, .T. ) ;
#8189 = SURFACE_STYLE_USAGE ( .BOTH. , #8331 ) ;
#8190 = ORIENTED_EDGE ( 'NONE', *, *, #1651, .F. ) ;
#8191 = CARTESIAN_POINT ( 'NONE',  ( -0.2149999999999999967, -0.3524999999999999800, 0.1680000000000000382 ) ) ;
#8192 = AXIS2_PLACEMENT_3D ( 'NONE', #4892, #2511, #3311 ) ;
#8193 = EDGE_CURVE ( 'NONE', #2293, #9012, #2803, .T. ) ;
#8194 = FACE_OUTER_BOUND ( 'NONE', #2373, .T. ) ;
#8195 = EDGE_CURVE ( 'NONE', #4799, #3126, #9240, .T. ) ;
#8196 = VECTOR ( 'NONE', #560, 100.0000000000000142 ) ;
#8197 = CARTESIAN_POINT ( 'NONE',  ( 0.2793071785686857544, 0.3400000000000000244, 0.1879999999999999727 ) ) ;
#8198 = MECHANICAL_DESIGN_GEOMETRIC_PRESENTATION_REPRESENTATION (  '', ( #1063 ), #3945 ) ;
#8199 = ORIENTED_EDGE ( 'NONE', *, *, #5252, .T. ) ;
#8200 = CARTESIAN_POINT ( 'NONE',  ( 0.000000000000000000, 0.1900000000000000300, -0.04999999999881765689 ) ) ;
#8201 = VECTOR ( 'NONE', #9006, 100.0000000000000000 ) ;
#8202 = EDGE_CURVE ( 'NONE', #5141, #2675, #423, .T. ) ;
#8203 = ORIENTED_EDGE ( 'NONE', *, *, #2895, .F. ) ;
#8204 = FILL_AREA_STYLE_COLOUR ( '', #8947 ) ;
#8205 = CARTESIAN_POINT ( 'NONE',  ( 0.000000000000000000, 0.2600000000000000644, 0.004000000000000000083 ) ) ;
#8206 = DIRECTION ( 'NONE',  ( -3.098352419913109945E-20, -1.000000000000000000, 5.463231273740348100E-21 ) ) ;
#8207 = DIRECTION ( 'NONE',  ( 0.000000000000000000, 0.000000000000000000, -1.000000000000000000 ) ) ;
#8208 = AXIS2_PLACEMENT_3D ( 'NONE', #2764, #8892, #8943 ) ;
#8209 = ORIENTED_EDGE ( 'NONE', *, *, #5991, .F. ) ;
#8210 = LINE ( 'NONE', #1518, #3059 ) ;
#8211 = DIRECTION ( 'NONE',  ( 0.000000000000000000, 0.000000000000000000, 1.000000000000000000 ) ) ;
#8212 = ORIENTED_EDGE ( 'NONE', *, *, #6923, .T. ) ;
#8213 = FILL_AREA_STYLE ('',( #726 ) ) ;
#8214 = FILL_AREA_STYLE ('',( #6706 ) ) ;
#8215 = ORIENTED_EDGE ( 'NONE', *, *, #951, .F. ) ;
#8216 = EDGE_CURVE ( 'NONE', #3199, #8121, #369, .T. ) ;
#8217 = COLOUR_RGB ( '',0.6470588235294117974, 0.6196078431372549211, 0.5882352941176470784 ) ;
#8218 = ORIENTED_EDGE ( 'NONE', *, *, #163, .T. ) ;
#8219 = DIRECTION ( 'NONE',  ( 0.000000000000000000, -1.000000000000000000, 0.000000000000000000 ) ) ;
#8220 = DIRECTION ( 'NONE',  ( 1.000000000000000000, -0.000000000000000000, 1.084202172485504434E-19 ) ) ;
#8221 = DIRECTION ( 'NONE',  ( 0.000000000000000000, -1.000000000000000000, 0.000000000000000000 ) ) ;
#8222 = EDGE_CURVE ( 'NONE', #6591, #3480, #1157, .T. ) ;
#8223 = CARTESIAN_POINT ( 'NONE',  ( -0.2439696961966995037, 0.3500000000000000333, 0.1879999999999999727 ) ) ;
#8224 = CARTESIAN_POINT ( 'NONE',  ( 0.2498275605729688986, 0.3441421356237310269, 0.004000000000000010492 ) ) ;
#8225 = VERTEX_POINT ( 'NONE', #5649 ) ;
#8226 = CARTESIAN_POINT ( 'NONE',  ( -0.3500000000000000333, 0.1775000000000000189, 0.1729999999999999871 ) ) ;
#8227 = ORIENTED_EDGE ( 'NONE', *, *, #3238, .F. ) ;
#8228 = SURFACE_STYLE_FILL_AREA ( #3691 ) ;
#8229 = ORIENTED_EDGE ( 'NONE', *, *, #3801, .T. ) ;
#8230 = EDGE_CURVE ( 'NONE', #6240, #8824, #8650, .T. ) ;
#8231 = FACE_OUTER_BOUND ( 'NONE', #9105, .T. ) ;
#8232 = CARTESIAN_POINT ( 'NONE',  ( 0.3500000000000000333, -0.2356854249492383591, 0.003999999938750610842 ) ) ;
#8233 = ORIENTED_EDGE ( 'NONE', *, *, #4969, .F. ) ;
#8234 =( NAMED_UNIT ( * ) SI_UNIT ( $, .STERADIAN. ) SOLID_ANGLE_UNIT ( ) );
#8235 = DIRECTION ( 'NONE',  ( 0.8320502943378436100, 0.5547001962252291474, 0.000000000000000000 ) ) ;
#8236 = LINE ( 'NONE', #8920, #5299 ) ;
#8237 = VECTOR ( 'NONE', #9794, 100.0000000000000000 ) ;
#8238 = DIRECTION ( 'NONE',  ( -0.7071067811865540120, 0.7071067811865410224, 0.000000000000000000 ) ) ;
#8239 = FACE_OUTER_BOUND ( 'NONE', #9257, .T. ) ;
#8240 = DIRECTION ( 'NONE',  ( -1.000000000000000000, 0.000000000000000000, 0.000000000000000000 ) ) ;
#8241 = DIRECTION ( 'NONE',  ( -0.000000000000000000, -3.290811972840868436E-16, 1.000000000000000000 ) ) ;
#8242 = ORIENTED_EDGE ( 'NONE', *, *, #1361, .F. ) ;
#8243 = COLOUR_RGB ( '',1.000000000000000000, 1.000000000000000000, 1.000000000000000000 ) ;
#8244 = CARTESIAN_POINT ( 'NONE',  ( 0.2149999999999999689, 0.3429467888754760829, 0.1879999999999999727 ) ) ;
#8245 = CARTESIAN_POINT ( 'NONE',  ( 0.2356854249492379982, 0.3500000000000000333, 0.1630000000000000060 ) ) ;
#8246 = AXIS2_PLACEMENT_3D ( 'NONE', #8111, #5000, #9531 ) ;
#8247 = VERTEX_POINT ( 'NONE', #7073 ) ;
#8248 = AXIS2_PLACEMENT_3D ( 'NONE', #8717, #7093, #4970 ) ;
#8249 = FACE_OUTER_BOUND ( 'NONE', #8893, .T. ) ;
#8250 = LINE ( 'NONE', #5103, #1020 ) ;
#8251 = CARTESIAN_POINT ( 'NONE',  ( -0.3642901512833205957, -0.1074999999999999983, 0.09028470468954044592 ) ) ;
#8252 = SURFACE_STYLE_USAGE ( .BOTH. , #3859 ) ;
#8253 = VERTEX_POINT ( 'NONE', #1857 ) ;
#8254 = AXIS2_PLACEMENT_3D ( 'NONE', #502, #4283, #9459 ) ;
#8255 = PRESENTATION_STYLE_ASSIGNMENT (( #2367 ) ) ;
#8256 = EDGE_CURVE ( 'NONE', #3643, #2848, #5560, .T. ) ;
#8257 = ORIENTED_EDGE ( 'NONE', *, *, #8436, .F. ) ;
#8258 = VECTOR ( 'NONE', #1793, 100.0000000000000000 ) ;
#8259 =( NAMED_UNIT ( * ) SI_UNIT ( $, .STERADIAN. ) SOLID_ANGLE_UNIT ( ) );
#8260 = ORIENTED_EDGE ( 'NONE', *, *, #3212, .F. ) ;
#8261 = VERTEX_POINT ( 'NONE', #3412 ) ;
#8262 =( GEOMETRIC_REPRESENTATION_CONTEXT ( 3 ) GLOBAL_UNCERTAINTY_ASSIGNED_CONTEXT ( ( #4234 ) ) GLOBAL_UNIT_ASSIGNED_CONTEXT ( ( #7138, #4023, #2680 ) ) REPRESENTATION_CONTEXT ( 'NONE', 'WORKASPACE' ) );
#8263 = CARTESIAN_POINT ( 'NONE',  ( 0.2417871515341439015, -0.3379530021977294463, 0.1730000010243324671 ) ) ;
#8264 = CARTESIAN_POINT ( 'NONE',  ( -0.1149999999999998662, -0.3500000000000000333, 0.003999999999999996614 ) ) ;
#8265 =( LENGTH_UNIT ( ) NAMED_UNIT ( * ) SI_UNIT ( .CENTI., .METRE. ) );
#8266 = EDGE_LOOP ( 'NONE', ( #5181, #2873, #9771, #6539 ) ) ;
#8267 = FACE_OUTER_BOUND ( 'NONE', #629, .T. ) ;
#8268 = EDGE_CURVE ( 'NONE', #8247, #7466, #4901, .T. ) ;
#8269 = ORIENTED_EDGE ( 'NONE', *, *, #9592, .F. ) ;
#8270 = DIRECTION ( 'NONE',  ( 0.7071067811865464625, 0.7071067811865486830, 0.000000000000000000 ) ) ;
#8271 = ORIENTED_EDGE ( 'NONE', *, *, #433, .F. ) ;
#8272 = CYLINDRICAL_SURFACE ( 'NONE', #727, 0.005000000246747557386 ) ;
#8273 = VERTEX_POINT ( 'NONE', #9288 ) ;
#8274 = EDGE_CURVE ( 'NONE', #2407, #8999, #2663, .T. ) ;
#8275 =( GEOMETRIC_REPRESENTATION_CONTEXT ( 3 ) GLOBAL_UNCERTAINTY_ASSIGNED_CONTEXT ( ( #1245 ) ) GLOBAL_UNIT_ASSIGNED_CONTEXT ( ( #4802, #3361, #4100 ) ) REPRESENTATION_CONTEXT ( 'NONE', 'WORKASPACE' ) );
#8276 = EDGE_LOOP ( 'NONE', ( #8128, #1306, #5584, #4811, #5954, #1483, #4443, #9304, #6516, #7095, #8031, #3802 ) ) ;
#8277 = SURFACE_STYLE_FILL_AREA ( #8097 ) ;
#8278 = DIRECTION ( 'NONE',  ( -0.7071067811865489050, 0.7071067811865461294, 0.000000000000000000 ) ) ;
#8279 = CARTESIAN_POINT ( 'NONE',  ( 0.000000000000000000, -0.2600000000000000644, 0.004000000000000000083 ) ) ;
#8280 = DIRECTION ( 'NONE',  ( -0.7071067811865474617, 0.7071067811865474617, 0.000000000000000000 ) ) ;
#8281 = EDGE_CURVE ( 'NONE', #8323, #1106, #7900, .T. ) ;
#8282 = AXIS2_PLACEMENT_3D ( 'NONE', #3896, #4640, #115 ) ;
#8283 = ORIENTED_EDGE ( 'NONE', *, *, #8507, .T. ) ;
#8284 = DIRECTION ( 'NONE',  ( 0.1736481760924830642, 2.122490085044813203E-16, 0.9848077532898256159 ) ) ;
#8285 = DIRECTION ( 'NONE',  ( 1.000000000000000000, 0.000000000000000000, 0.000000000000000000 ) ) ;
#8286 = AXIS2_PLACEMENT_3D ( 'NONE', #2344, #3246, #6909 ) ;
#8287 = DIRECTION ( 'NONE',  ( -0.000000000000000000, 1.000000000000000000, -0.000000000000000000 ) ) ;
#8288 = VERTEX_POINT ( 'NONE', #277 ) ;
#8289 = CARTESIAN_POINT ( 'NONE',  ( 0.1310000000000000331, 0.3724999999999997757, 0.1019349540849361496 ) ) ;
#8290 = CARTESIAN_POINT ( 'NONE',  ( -0.1310000000000000331, 0.3575000001850606735, 0.1679999999999999549 ) ) ;
#8291 = EDGE_LOOP ( 'NONE', ( #1134, #4623, #576, #2711, #3190, #1469 ) ) ;
#8292 = AXIS2_PLACEMENT_3D ( 'NONE', #2692, #8038, #354 ) ;
#8293 = DIRECTION ( 'NONE',  ( 0.000000000000000000, 1.000000000000000000, 0.000000000000000000 ) ) ;
#8294 = CIRCLE ( 'NONE', #6894, 0.04999999999999998890 ) ;
#8295 = DIRECTION ( 'NONE',  ( 0.000000000000000000, -0.000000000000000000, -1.000000000000000000 ) ) ;
#8296 = DIRECTION ( 'NONE',  ( -1.000000000000000000, -0.000000000000000000, 0.000000000000000000 ) ) ;
#8297 = STYLED_ITEM ( 'NONE', ( #1601 ), #1848 ) ;
#8298 = DIRECTION ( 'NONE',  ( 0.000000000000000000, 1.000000000000000000, -1.760146872403419401E-16 ) ) ;
#8299 = COLOUR_RGB ( '',0.6470588235294117974, 0.6196078431372549211, 0.5882352941176470784 ) ;
#8300 = ORIENTED_EDGE ( 'NONE', *, *, #2279, .F. ) ;
#8301 = EDGE_LOOP ( 'NONE', ( #7708, #6356, #1523, #7577 ) ) ;
#8302 = VECTOR ( 'NONE', #4098, 100.0000000000000000 ) ;
#8303 = DIRECTION ( 'NONE',  ( 0.000000000000000000, 0.000000000000000000, -1.000000000000000000 ) ) ;
#8304 = CARTESIAN_POINT ( 'NONE',  ( 0.3574999999999999845, 0.2425000000000000488, 0.1729999999999999871 ) ) ;
#8305 = ORIENTED_EDGE ( 'NONE', *, *, #2748, .F. ) ;
#8306 = ORIENTED_EDGE ( 'NONE', *, *, #4963, .F. ) ;
#8307 = DIRECTION ( 'NONE',  ( 0.000000000000000000, 0.4314843090707786710, 0.9021204415296842916 ) ) ;
#8308 = AXIS2_PLACEMENT_3D ( 'NONE', #5549, #1844, #8589 ) ;
#8309 = CARTESIAN_POINT ( 'NONE',  ( 0.2427564927611034484, -0.3370710678118654657, 0.1729999999999999871 ) ) ;
#8310 = EDGE_CURVE ( 'NONE', #9679, #7466, #5693, .T. ) ;
#8311 = CARTESIAN_POINT ( 'NONE',  ( 0.1849999999999999423, 0.3575000000000003730, 0.09050000000000017752 ) ) ;
#8312 = CARTESIAN_POINT ( 'NONE',  ( 0.3499999999999999778, 0.03499999999999999639, 0.01500000024499757896 ) ) ;
#8313 =( LENGTH_UNIT ( ) NAMED_UNIT ( * ) SI_UNIT ( .CENTI., .METRE. ) );
#8314 = MECHANICAL_DESIGN_GEOMETRIC_PRESENTATION_REPRESENTATION (  '', ( #2631 ), #3431 ) ;
#8315 = VERTEX_POINT ( 'NONE', #4807 ) ;
#8316 = VECTOR ( 'NONE', #6695, 100.0000000000000000 ) ;
#8317 = CARTESIAN_POINT ( 'NONE',  ( 0.3642901512833205402, 0.03500000000000000333, 0.09028470468954057082 ) ) ;
#8318 = ORIENTED_EDGE ( 'NONE', *, *, #7005, .T. ) ;
#8319 = SURFACE_SIDE_STYLE ('',( #3973 ) ) ;
#8320 = VERTEX_POINT ( 'NONE', #7949 ) ;
#8321 = LINE ( 'NONE', #46, #5408 ) ;
#8322 = MECHANICAL_DESIGN_GEOMETRIC_PRESENTATION_REPRESENTATION (  '', ( #1516 ), #758 ) ;
#8323 = VERTEX_POINT ( 'NONE', #321 ) ;
#8324 = TOROIDAL_SURFACE ( 'NONE', #4862, 0.2044929080402671517, 0.005000000000000232557 ) ;
#8325 = COLOUR_RGB ( '',0.6470588235294117974, 0.6196078431372549211, 0.5882352941176470784 ) ;
#8326 = EDGE_CURVE ( 'NONE', #2485, #1385, #6295, .T. ) ;
#8327 = DIRECTION ( 'NONE',  ( -1.000000000000000000, 0.000000000000000000, 0.000000000000000000 ) ) ;
#8328 = AXIS2_PLACEMENT_3D ( 'NONE', #743, #3735, #9756 ) ;
#8329 = CARTESIAN_POINT ( 'NONE',  ( -0.3500000000000000333, -0.1775000000000000189, 0.01500000024499756682 ) ) ;
#8330 = FILL_AREA_STYLE_COLOUR ( '', #4148 ) ;
#8331 = SURFACE_SIDE_STYLE ('',( #2342 ) ) ;
#8332 = ADVANCED_FACE ( 'NONE', ( #9479 ), #7024, .T. ) ;
#8333 = VECTOR ( 'NONE', #6441, 100.0000000000000142 ) ;
#8334 = CARTESIAN_POINT ( 'NONE',  ( -0.1149999999999998662, -0.3500000000000000333, 0.06800000000000000488 ) ) ;
#8335 = VECTOR ( 'NONE', #460, 100.0000000000000000 ) ;
#8336 = ORIENTED_EDGE ( 'NONE', *, *, #7760, .T. ) ;
#8337 = CARTESIAN_POINT ( 'NONE',  ( 0.1254999999999999727, 0.3400000000000000244, 0.1630000000000000060 ) ) ;
#8338 = CARTESIAN_POINT ( 'NONE',  ( 2.168404344971008868E-17, 0.000000000000000000, 0.2129999999851861503 ) ) ;
#8339 = ORIENTED_EDGE ( 'NONE', *, *, #3563, .T. ) ;
#8340 = UNCERTAINTY_MEASURE_WITH_UNIT (LENGTH_MEASURE( 1.000000000000000082E-05 ), #8629, 'distance_accuracy_value', 'NONE');
#8341 = VECTOR ( 'NONE', #9326, 100.0000000000000000 ) ;
#8342 = EDGE_CURVE ( 'NONE', #5964, #9156, #6344, .T. ) ;
#8343 = CARTESIAN_POINT ( 'NONE',  ( 0.1254999999999999727, 0.3725000000000003308, 0.09950000000000017164 ) ) ;
#8344 = FACE_BOUND ( 'NONE', #4451, .T. ) ;
#8345 = EDGE_CURVE ( 'NONE', #1438, #7166, #2061, .T. ) ;
#8346 = ORIENTED_EDGE ( 'NONE', *, *, #6740, .T. ) ;
#8347 = TOROIDAL_SURFACE ( 'NONE', #596, 0.03700000000000000511, 0.01000000000000003143 ) ;
#8348 = DIRECTION ( 'NONE',  ( 0.7071067811865491270, -0.7071067811865457964, 0.000000000000000000 ) ) ;
#8349 = EDGE_CURVE ( 'NONE', #6967, #3179, #1069, .T. ) ;
#8350 = EDGE_LOOP ( 'NONE', ( #8401, #8101, #787, #2986 ) ) ;
#8351 = CARTESIAN_POINT ( 'NONE',  ( 0.08499999999999999223, -0.1899999999999999745, 0.006999999999999999278 ) ) ;
#8352 = DIRECTION ( 'NONE',  ( -0.8320502943378434990, 0.5547001962252293694, 0.000000000000000000 ) ) ;
#8353 = TOROIDAL_SURFACE ( 'NONE', #4743, 0.009999999999999592548, 0.009999999999999993269 ) ;
#8354 = DIRECTION ( 'NONE',  ( 1.000000000000000000, 0.000000000000000000, 0.000000000000000000 ) ) ;
#8355 = UNCERTAINTY_MEASURE_WITH_UNIT (LENGTH_MEASURE( 1.000000000000000082E-05 ), #6027, 'distance_accuracy_value', 'NONE');
#8356 = DIRECTION ( 'NONE',  ( -0.000000000000000000, 0.000000000000000000, 1.000000000000000000 ) ) ;
#8357 = ORIENTED_EDGE ( 'NONE', *, *, #4598, .T. ) ;
#8358 = VECTOR ( 'NONE', #7815, 100.0000000000000000 ) ;
#8359 = VERTEX_POINT ( 'NONE', #5097 ) ;
#8360 = DIRECTION ( 'NONE',  ( 0.000000000000000000, 1.000000000000000000, 0.000000000000000000 ) ) ;
#8361 = VECTOR ( 'NONE', #5541, 100.0000000000000000 ) ;
#8362 = PLANE ( 'NONE',  #7402 ) ;
#8363 = ORIENTED_EDGE ( 'NONE', *, *, #6126, .T. ) ;
#8364 = EDGE_CURVE ( 'NONE', #4477, #4029, #1213, .T. ) ;
#8365 = EDGE_LOOP ( 'NONE', ( #2385, #8709, #7287, #2439 ) ) ;
#8366 = PLANE ( 'NONE',  #6971 ) ;
#8367 = STYLED_ITEM ( 'NONE', ( #8255 ), #7058 ) ;
#8368 = CARTESIAN_POINT ( 'NONE',  ( 0.2793071785686857544, -0.3500000000000000333, 0.1729999999999999871 ) ) ;
#8369 = CARTESIAN_POINT ( 'NONE',  ( -0.07000000000000000666, 0.1900000000000000022, 0.000000000000000000 ) ) ;
#8370 = EDGE_CURVE ( 'NONE', #1633, #682, #4399, .T. ) ;
#8371 = ORIENTED_EDGE ( 'NONE', *, *, #3157, .T. ) ;
#8372 = LINE ( 'NONE', #9394, #7407 ) ;
#8373 = ORIENTED_EDGE ( 'NONE', *, *, #7005, .F. ) ;
#8374 = SURFACE_STYLE_USAGE ( .BOTH. , #8319 ) ;
#8375 = ORIENTED_EDGE ( 'NONE', *, *, #3761, .F. ) ;
#8376 = DIRECTION ( 'NONE',  ( 0.000000000000000000, 0.000000000000000000, 1.000000000000000000 ) ) ;
#8377 = AXIS2_PLACEMENT_3D ( 'NONE', #2121, #5849, #482 ) ;
#8378 = ORIENTED_EDGE ( 'NONE', *, *, #3283, .T. ) ;
#8379 = LINE ( 'NONE', #7390, #6921 ) ;
#8380 = DIRECTION ( 'NONE',  ( -0.7071067811865489050, 0.7071067811865461294, 0.000000000000000000 ) ) ;
#8381 = CARTESIAN_POINT ( 'NONE',  ( 0.1149999999999998662, 0.3500000000000000333, 0.06800000000000000488 ) ) ;
#8382 = LINE ( 'NONE', #1544, #8597 ) ;
#8383 = VERTEX_POINT ( 'NONE', #5198 ) ;
#8384 = DIRECTION ( 'NONE',  ( 0.000000000000000000, -0.000000000000000000, 1.000000000000000000 ) ) ;
#8385 = EDGE_CURVE ( 'NONE', #689, #682, #9627, .T. ) ;
#8386 = SURFACE_STYLE_USAGE ( .BOTH. , #902 ) ;
#8387 = LINE ( 'NONE', #2347, #5157 ) ;
#8388 = ORIENTED_EDGE ( 'NONE', *, *, #748, .F. ) ;
#8389 = AXIS2_PLACEMENT_3D ( 'NONE', #4562, #8902, #8851 ) ;
#8390 = ORIENTED_EDGE ( 'NONE', *, *, #8932, .F. ) ;
#8391 = ADVANCED_FACE ( 'NONE', ( #4251 ), #7266, .F. ) ;
#8392 = LINE ( 'NONE', #9230, #3768 ) ;
#8393 = EDGE_CURVE ( 'NONE', #8802, #3199, #2496, .T. ) ;
#8394 = AXIS2_PLACEMENT_3D ( 'NONE', #2937, #7383, #5071 ) ;
#8395 = ORIENTED_EDGE ( 'NONE', *, *, #5522, .F. ) ;
#8396 = LINE ( 'NONE', #5351, #6749 ) ;
#8397 = SURFACE_STYLE_USAGE ( .BOTH. , #5405 ) ;
#8398 = VERTEX_POINT ( 'NONE', #1258 ) ;
#8399 = CARTESIAN_POINT ( 'NONE',  ( -0.3396831083848698696, -0.2250000000000000611, -0.1068564751664359824 ) ) ;
#8400 = EDGE_CURVE ( 'NONE', #770, #7939, #4448, .T. ) ;
#8401 = ORIENTED_EDGE ( 'NONE', *, *, #4534, .F. ) ;
#8402 = FILL_AREA_STYLE ('',( #5411 ) ) ;
#8403 = PRESENTATION_LAYER_ASSIGNMENT (  '', '', ( #7776 ) ) ;
#8404 = SURFACE_STYLE_USAGE ( .BOTH. , #131 ) ;
#8405 = CARTESIAN_POINT ( 'NONE',  ( -0.3500000000000000333, 0.03499999999999996170, 0.01399999975500245894 ) ) ;
#8406 = AXIS2_PLACEMENT_3D ( 'NONE', #1084, #1180, #8621 ) ;
#8407 = UNCERTAINTY_MEASURE_WITH_UNIT (LENGTH_MEASURE( 1.000000000000000082E-05 ), #7554, 'distance_accuracy_value', 'NONE');
#8408 = ORIENTED_EDGE ( 'NONE', *, *, #1727, .T. ) ;
#8409 = EDGE_LOOP ( 'NONE', ( #5013, #4141, #8510, #6553 ) ) ;
#8410 = DIRECTION ( 'NONE',  ( -0.7071067811865519026, 0.7071067811865431318, 0.000000000000000000 ) ) ;
#8411 = DIRECTION ( 'NONE',  ( 0.000000000000000000, 0.000000000000000000, -1.000000000000000000 ) ) ;
#8412 = SURFACE_SIDE_STYLE ('',( #832 ) ) ;
#8413 = VECTOR ( 'NONE', #6626, 100.0000000000000142 ) ;
#8414 =( NAMED_UNIT ( * ) SI_UNIT ( $, .STERADIAN. ) SOLID_ANGLE_UNIT ( ) );
#8415 = ORIENTED_EDGE ( 'NONE', *, *, #7599, .T. ) ;
#8416 = LINE ( 'NONE', #1531, #295 ) ;
#8417 = ORIENTED_EDGE ( 'NONE', *, *, #521, .T. ) ;
#8418 = FILL_AREA_STYLE_COLOUR ( '', #8792 ) ;
#8419 = VERTEX_POINT ( 'NONE', #5990 ) ;
#8420 = DIRECTION ( 'NONE',  ( 0.000000000000000000, -0.000000000000000000, -1.000000000000000000 ) ) ;
#8421 = ORIENTED_EDGE ( 'NONE', *, *, #981, .T. ) ;
#8422 = AXIS2_PLACEMENT_3D ( 'NONE', #2129, #541, #6712 ) ;
#8423 = AXIS2_PLACEMENT_3D ( 'NONE', #7743, #3202, #2453 ) ;
#8424 = DIRECTION ( 'NONE',  ( -1.000000000000000000, -0.000000000000000000, -0.000000000000000000 ) ) ;
#8425 = SURFACE_STYLE_FILL_AREA ( #6110 ) ;
#8426 = LINE ( 'NONE', #4778, #5958 ) ;
#8427 = DIRECTION ( 'NONE',  ( 0.7071067811865489050, -0.7071067811865461294, -0.000000000000000000 ) ) ;
#8428 =( GEOMETRIC_REPRESENTATION_CONTEXT ( 3 ) GLOBAL_UNCERTAINTY_ASSIGNED_CONTEXT ( ( #1941 ) ) GLOBAL_UNIT_ASSIGNED_CONTEXT ( ( #7719, #924, #7518 ) ) REPRESENTATION_CONTEXT ( 'NONE', 'WORKASPACE' ) );
#8429 = LINE ( 'NONE', #5438, #7180 ) ;
#8430 = EDGE_LOOP ( 'NONE', ( #2169, #9202, #8885, #3527 ) ) ;
#8431 = CARTESIAN_POINT ( 'NONE',  ( -0.3375338976290730986, -0.2422936629438964262, 0.1730000000000000426 ) ) ;
#8432 = STYLED_ITEM ( 'NONE', ( #7802 ), #5377 ) ;
#8433 = CARTESIAN_POINT ( 'NONE',  ( 0.3499999999999999778, 0.03499999999999999639, 0.01500000000000001679 ) ) ;
#8434 = DIRECTION ( 'NONE',  ( -1.548860246407863829E-16, 1.000000000000000000, -0.000000000000000000 ) ) ;
#8435 =( LENGTH_UNIT ( ) NAMED_UNIT ( * ) SI_UNIT ( .CENTI., .METRE. ) );
#8436 = EDGE_CURVE ( 'NONE', #2830, #7363, #8790, .T. ) ;
#8437 = MECHANICAL_DESIGN_GEOMETRIC_PRESENTATION_REPRESENTATION (  '', ( #2112 ), #3247 ) ;
#8438 = ORIENTED_EDGE ( 'NONE', *, *, #3933, .T. ) ;
#8439 = FACE_OUTER_BOUND ( 'NONE', #9552, .T. ) ;
#8440 = AXIS2_PLACEMENT_3D ( 'NONE', #7106, #2650, #356 ) ;
#8441 = ORIENTED_EDGE ( 'NONE', *, *, #2279, .T. ) ;
#8442 = CARTESIAN_POINT ( 'NONE',  ( 0.03535533905932755627, -0.1060660171779820721, 0.3150000000000001132 ) ) ;
#8443 = LINE ( 'NONE', #2465, #7510 ) ;
#8444 = CARTESIAN_POINT ( 'NONE',  ( 0.2793071785686857544, 0.3500000000000000333, 0.1729999999999999871 ) ) ;
#8445 = EDGE_CURVE ( 'NONE', #252, #4039, #6590, .T. ) ;
#8446 = CARTESIAN_POINT ( 'NONE',  ( -0.3500000000000000333, -0.1775000000000000189, 0.1729999999999999871 ) ) ;
#8447 = VERTEX_POINT ( 'NONE', #8290 ) ;
#8448 = EDGE_CURVE ( 'NONE', #3784, #2322, #3759, .T. ) ;
#8449 = CARTESIAN_POINT ( 'NONE',  ( -0.3608328854037720079, 0.1074999999999999567, 0.01308987002439216188 ) ) ;
#8450 = LINE ( 'NONE', #774, #3292 ) ;
#8451 = CARTESIAN_POINT ( 'NONE',  ( -0.2780547203178223570, -0.3229860436907429633, 0.1729999999999999871 ) ) ;
#8452 = VECTOR ( 'NONE', #8583, 100.0000000000000000 ) ;
#8453 = ORIENTED_EDGE ( 'NONE', *, *, #48, .T. ) ;
#8454 = VERTEX_POINT ( 'NONE', #1505 ) ;
#8455 = AXIS2_PLACEMENT_3D ( 'NONE', #997, #7792, #7597 ) ;
#8456 = CARTESIAN_POINT ( 'NONE',  ( 0.3741382288134425527, -0.1774999999999999634, 0.08854822291287123281 ) ) ;
#8457 = PLANE ( 'NONE',  #7290 ) ;
#8458 = FILL_AREA_STYLE_COLOUR ( '', #8112 ) ;
#8459 = ADVANCED_FACE ( 'NONE', ( #3065 ), #3929, .T. ) ;
#8460 = LINE ( 'NONE', #1671, #7449 ) ;
#8461 = VECTOR ( 'NONE', #5994, 100.0000000000000000 ) ;
#8462 = AXIS2_PLACEMENT_3D ( 'NONE', #4008, #7025, #3132 ) ;
#8463 = EDGE_CURVE ( 'NONE', #5426, #6127, #8392, .T. ) ;
#8464 = ORIENTED_EDGE ( 'NONE', *, *, #9248, .T. ) ;
#8465 = LINE ( 'NONE', #3089, #7105 ) ;
#8466 = ORIENTED_EDGE ( 'NONE', *, *, #5345, .F. ) ;
#8467 = ORIENTED_EDGE ( 'NONE', *, *, #891, .T. ) ;
#8468 = DIRECTION ( 'NONE',  ( 0.000000000000000000, 0.000000000000000000, -1.000000000000000000 ) ) ;
#8469 = STYLED_ITEM ( 'NONE', ( #9474 ), #1571 ) ;
#8470 = ORIENTED_EDGE ( 'NONE', *, *, #9592, .T. ) ;
#8471 = VECTOR ( 'NONE', #6816, 100.0000000000000000 ) ;
#8472 =( NAMED_UNIT ( * ) SI_UNIT ( $, .STERADIAN. ) SOLID_ANGLE_UNIT ( ) );
#8473 = PRESENTATION_LAYER_ASSIGNMENT (  '', '', ( #4692 ) ) ;
#8474 = CARTESIAN_POINT ( 'NONE',  ( 0.1254999999999999727, 0.3750000000000000000, 0.1129999999999999893 ) ) ;
#8475 = EDGE_CURVE ( 'NONE', #5531, #8261, #6184, .T. ) ;
#8476 = LINE ( 'NONE', #3935, #8631 ) ;
#8477 = DIRECTION ( 'NONE',  ( -1.000000000000000000, 0.000000000000000000, 0.000000000000000000 ) ) ;
#8478 = SURFACE_STYLE_FILL_AREA ( #6955 ) ;
#8479 = VERTEX_POINT ( 'NONE', #1559 ) ;
#8480 = CARTESIAN_POINT ( 'NONE',  ( 2.168404344971008868E-17, 1.227666219484110049E-17, 0.1899909248852624521 ) ) ;
#8481 = EDGE_LOOP ( 'NONE', ( #1321, #5951, #2918, #775 ) ) ;
#8482 = CARTESIAN_POINT ( 'NONE',  ( 4.336808689942017736E-17, -1.243937791364082077E-17, 0.1879999999999999727 ) ) ;
#8483 = CARTESIAN_POINT ( 'NONE',  ( -0.2356854249492379982, 0.3300000000000002376, 0.1629999999999999227 ) ) ;
#8484 = PRESENTATION_STYLE_ASSIGNMENT (( #994 ) ) ;
#8485 = CARTESIAN_POINT ( 'NONE',  ( -0.3724999999999999978, 0.2425000000000000488, 0.1430000000000000437 ) ) ;
#8486 = AXIS2_PLACEMENT_3D ( 'NONE', #5294, #6879, #8293 ) ;
#8487 = EDGE_CURVE ( 'NONE', #4330, #8479, #2976, .T. ) ;
#8488 = CARTESIAN_POINT ( 'NONE',  ( 0.1046518036156089126, 0.03323401871576798366, 0.3150000000000001132 ) ) ;
#8489 = CARTESIAN_POINT ( 'NONE',  ( -0.3741382288134425527, 0.1074999999999999983, 0.08854822291287117730 ) ) ;
#8490 = VECTOR ( 'NONE', #9189, 100.0000000000000000 ) ;
#8491 = CIRCLE ( 'NONE', #6777, 0.02000000000000001082 ) ;
#8492 = SURFACE_SIDE_STYLE ('',( #5498 ) ) ;
#8493 = EDGE_CURVE ( 'NONE', #6413, #7166, #6924, .T. ) ;
#8494 = ORIENTED_EDGE ( 'NONE', *, *, #3826, .T. ) ;
#8495 = PLANE ( 'NONE',  #5330 ) ;
#8496 = VECTOR ( 'NONE', #5241, 100.0000000000000000 ) ;
#8497 = ORIENTED_EDGE ( 'NONE', *, *, #4854, .T. ) ;
#8498 = PRESENTATION_STYLE_ASSIGNMENT (( #7210 ) ) ;
#8499 = DIRECTION ( 'NONE',  ( -1.000000000000000000, 0.000000000000000000, 0.000000000000000000 ) ) ;
#8500 = FACE_OUTER_BOUND ( 'NONE', #8174, .T. ) ;
#8501 = CARTESIAN_POINT ( 'NONE',  ( -0.3229860436907419086, 0.2780547203178235782, 0.1879999999999999727 ) ) ;
#8502 = VECTOR ( 'NONE', #1908, 100.0000000000000000 ) ;
#8503 = ORIENTED_EDGE ( 'NONE', *, *, #8274, .F. ) ;
#8504 = FACE_OUTER_BOUND ( 'NONE', #1962, .T. ) ;
#8505 = SURFACE_STYLE_FILL_AREA ( #8402 ) ;
#8506 = DIRECTION ( 'NONE',  ( 0.000000000000000000, 0.000000000000000000, -1.000000000000000000 ) ) ;
#8507 = EDGE_CURVE ( 'NONE', #448, #4498, #9133, .T. ) ;
#8508 = ORIENTED_EDGE ( 'NONE', *, *, #9481, .F. ) ;
#8509 = COLOUR_RGB ( '',0.6470588235294117974, 0.6196078431372549211, 0.5882352941176470784 ) ;
#8510 = ORIENTED_EDGE ( 'NONE', *, *, #7448, .T. ) ;
#8511 = LINE ( 'NONE', #6979, #8164 ) ;
#8512 = CARTESIAN_POINT ( 'NONE',  ( 0.3399999999999999134, 0.2360460442117700008, 0.1729999999999999316 ) ) ;
#8513 =( NAMED_UNIT ( * ) PLANE_ANGLE_UNIT ( ) SI_UNIT ( $, .RADIAN. ) );
#8514 = EDGE_LOOP ( 'NONE', ( #8950, #2360, #8233, #9046 ) ) ;
#8515 = AXIS2_PLACEMENT_3D ( 'NONE', #256, #3303, #2551 ) ;
#8516 = DIRECTION ( 'NONE',  ( 1.000000000000000000, 7.311082709387417497E-18, -2.552652363152067741E-32 ) ) ;
#8517 = VERTEX_POINT ( 'NONE', #7701 ) ;
#8518 = ORIENTED_EDGE ( 'NONE', *, *, #7479, .T. ) ;
#8519 = SURFACE_STYLE_FILL_AREA ( #3237 ) ;
#8520 = EDGE_CURVE ( 'NONE', #8980, #8225, #2357, .T. ) ;
#8521 = ORIENTED_EDGE ( 'NONE', *, *, #4844, .F. ) ;
#8522 = AXIS2_PLACEMENT_3D ( 'NONE', #2887, #2781, #5221 ) ;
#8523 = EDGE_CURVE ( 'NONE', #9789, #1123, #1607, .T. ) ;
#8524 = DIRECTION ( 'NONE',  ( 0.000000000000000000, 1.000000000000000000, 0.000000000000000000 ) ) ;
#8525 = CARTESIAN_POINT ( 'NONE',  ( 0.07999999999999998779, -0.3725000000000004419, 0.06999999999999979849 ) ) ;
#8526 = FILL_AREA_STYLE ('',( #2445 ) ) ;
#8527 = CARTESIAN_POINT ( 'NONE',  ( 0.1849999999999999145, -0.3575000000000005396, 0.03999999999999977185 ) ) ;
#8528 = VERTEX_POINT ( 'NONE', #63 ) ;
#8529 = LINE ( 'NONE', #8334, #3085 ) ;
#8530 = PRESENTATION_LAYER_ASSIGNMENT (  '', '', ( #8367 ) ) ;
#8531 = VERTEX_POINT ( 'NONE', #3117 ) ;
#8532 = DIRECTION ( 'NONE',  ( -0.000000000000000000, -3.491483361109383250E-15, 1.000000000000000000 ) ) ;
#8533 = LINE ( 'NONE', #305, #6646 ) ;
#8534 = EDGE_CURVE ( 'NONE', #6988, #9743, #5291, .T. ) ;
#8535 =( NAMED_UNIT ( * ) SI_UNIT ( $, .STERADIAN. ) SOLID_ANGLE_UNIT ( ) );
#8536 = CARTESIAN_POINT ( 'NONE',  ( 0.000000000000000000, -0.1900000000000000022, 0.007000000000000001880 ) ) ;
#8537 = CARTESIAN_POINT ( 'NONE',  ( 0.07500000000000001110, 0.3400000000000000244, 0.1879999999999999727 ) ) ;
#8538 = AXIS2_PLACEMENT_3D ( 'NONE', #3758, #3016, #9728 ) ;
#8539 =( NAMED_UNIT ( * ) SI_UNIT ( $, .STERADIAN. ) SOLID_ANGLE_UNIT ( ) );
#8540 = SURFACE_STYLE_FILL_AREA ( #9226 ) ;
#8541 = EDGE_LOOP ( 'NONE', ( #1374, #1146, #484, #2477 ) ) ;
#8542 = DIRECTION ( 'NONE',  ( 1.000000000000000000, 7.311082709387417497E-18, 0.000000000000000000 ) ) ;
#8543 = ORIENTED_EDGE ( 'NONE', *, *, #466, .T. ) ;
#8544 = DIRECTION ( 'NONE',  ( 0.000000000000000000, 0.000000000000000000, 1.000000000000000000 ) ) ;
#8545 = CARTESIAN_POINT ( 'NONE',  ( -0.3300000000000000155, -0.2356854249492383591, 0.1630000000000000060 ) ) ;
#8546 = COLOUR_RGB ( '',0.6470588235294117974, 0.6196078431372549211, 0.5882352941176470784 ) ;
#8547 = ORIENTED_EDGE ( 'NONE', *, *, #4520, .T. ) ;
#8548 = DIRECTION ( 'NONE',  ( -1.000000000000000000, 0.000000000000000000, 0.000000000000000000 ) ) ;
#8549 = CARTESIAN_POINT ( 'NONE',  ( 0.03323401871576808775, -0.1046518036156088294, 0.3150000000000000022 ) ) ;
#8550 = MECHANICAL_DESIGN_GEOMETRIC_PRESENTATION_REPRESENTATION (  '', ( #10 ), #4135 ) ;
#8551 = CARTESIAN_POINT ( 'NONE',  ( -0.3400000000000000244, -0.2356854249492383591, 0.1729999999999999871 ) ) ;
#8552 = ORIENTED_EDGE ( 'NONE', *, *, #3566, .F. ) ;
#8553 = ORIENTED_EDGE ( 'NONE', *, *, #2421, .T. ) ;
#8554 = CARTESIAN_POINT ( 'NONE',  ( 0.3441421356237308604, -0.2498275605729692872, 0.1729999999999999871 ) ) ;
#8555 = DIRECTION ( 'NONE',  ( 0.000000000000000000, 0.000000000000000000, 1.000000000000000000 ) ) ;
#8556 = DIRECTION ( 'NONE',  ( -1.000000000000000000, -1.224646799147357645E-16, 0.000000000000000000 ) ) ;
#8557 = EDGE_CURVE ( 'NONE', #8901, #4695, #5354, .T. ) ;
#8558 = AXIS2_PLACEMENT_3D ( 'NONE', #8161, #6599, #8750 ) ;
#8559 = ORIENTED_EDGE ( 'NONE', *, *, #4302, .T. ) ;
#8560 = DIRECTION ( 'NONE',  ( 0.000000000000000000, 0.000000000000000000, -1.000000000000000000 ) ) ;
#8561 = ORIENTED_EDGE ( 'NONE', *, *, #1281, .F. ) ;
#8562 =( GEOMETRIC_REPRESENTATION_CONTEXT ( 3 ) GLOBAL_UNCERTAINTY_ASSIGNED_CONTEXT ( ( #4994 ) ) GLOBAL_UNIT_ASSIGNED_CONTEXT ( ( #2793, #2245, #8234 ) ) REPRESENTATION_CONTEXT ( 'NONE', 'WORKASPACE' ) );
#8563 = DIRECTION ( 'NONE',  ( -0.000000000000000000, -0.000000000000000000, -1.000000000000000000 ) ) ;
#8564 = VERTEX_POINT ( 'NONE', #2306 ) ;
#8565 =( NAMED_UNIT ( * ) SI_UNIT ( $, .STERADIAN. ) SOLID_ANGLE_UNIT ( ) );
#8566 = VERTEX_POINT ( 'NONE', #3805 ) ;
#8567 = VECTOR ( 'NONE', #5057, 100.0000000000000000 ) ;
#8568 =( LENGTH_UNIT ( ) NAMED_UNIT ( * ) SI_UNIT ( .CENTI., .METRE. ) );
#8569 = DIRECTION ( 'NONE',  ( -0.7071067811865511255, 0.7071067811865440200, 0.000000000000000000 ) ) ;
#8570 = LINE ( 'NONE', #1231, #9061 ) ;
#8571 = CARTESIAN_POINT ( 'NONE',  ( 0.3370710678118654657, -0.2427564927611038925, 0.1729999999999999871 ) ) ;
#8572 = ADVANCED_FACE ( 'NONE', ( #8439 ), #3853, .T. ) ;
#8573 = ORIENTED_EDGE ( 'NONE', *, *, #2303, .T. ) ;
#8574 = FACE_OUTER_BOUND ( 'NONE', #933, .T. ) ;
#8575 = ORIENTED_EDGE ( 'NONE', *, *, #4296, .T. ) ;
#8576 = CARTESIAN_POINT ( 'NONE',  ( 2.168404344971008868E-17, 0.000000000000000000, 0.1899909249061693117 ) ) ;
#8577 = VECTOR ( 'NONE', #2443, 100.0000000000000000 ) ;
#8578 = ADVANCED_FACE ( 'NONE', ( #7797 ), #1897, .T. ) ;
#8579 = DIRECTION ( 'NONE',  ( 0.7071067811865489050, -0.7071067811865461294, 1.720874317173267428E-16 ) ) ;
#8580 = CARTESIAN_POINT ( 'NONE',  ( -0.2651650429449547430, 0.3288046532517451270, 0.1879999999999999727 ) ) ;
#8581 = AXIS2_PLACEMENT_3D ( 'NONE', #2502, #5588, #210 ) ;
#8582 = SURFACE_STYLE_FILL_AREA ( #1887 ) ;
#8583 = DIRECTION ( 'NONE',  ( -1.227642196848865785E-50, 1.000000000000000000, 1.132300070967879485E-31 ) ) ;
#8584 = DIRECTION ( 'NONE',  ( -1.000000000000000000, 0.000000000000000000, 0.000000000000000000 ) ) ;
#8585 = EDGE_CURVE ( 'NONE', #9287, #2546, #7109, .T. ) ;
#8586 = AXIS2_PLACEMENT_3D ( 'NONE', #4754, #3218, #9235 ) ;
#8587 = EDGE_LOOP ( 'NONE', ( #107, #5248, #6717, #5898 ) ) ;
#8588 = ADVANCED_FACE ( 'NONE', ( #1097 ), #8347, .T. ) ;
#8589 = DIRECTION ( 'NONE',  ( -1.000000000000000000, 0.000000000000000000, 0.000000000000000000 ) ) ;
#8590 = CARTESIAN_POINT ( 'NONE',  ( -0.1254999999999999727, 0.3724999999999997757, 0.1019349540849361496 ) ) ;
#8591 = VECTOR ( 'NONE', #343, 100.0000000000000000 ) ;
#8592 = DIRECTION ( 'NONE',  ( 0.7071067811865510144, 0.7071067811865441310, 0.000000000000000000 ) ) ;
#8593 = LINE ( 'NONE', #1104, #2584 ) ;
#8594 = EDGE_CURVE ( 'NONE', #8072, #1430, #4144, .T. ) ;
#8595 = VERTEX_POINT ( 'NONE', #1802 ) ;
#8596 = CARTESIAN_POINT ( 'NONE',  ( -0.3396831083848698696, -0.1074999999999999151, -0.1068564751664359824 ) ) ;
#8597 = VECTOR ( 'NONE', #3841, 100.0000000000000000 ) ;
#8598 = CARTESIAN_POINT ( 'NONE',  ( -0.1254999999999999727, -0.3575000000000003175, 0.1630000000000000060 ) ) ;
#8599 = DIRECTION ( 'NONE',  ( 0.000000000000000000, 0.000000000000000000, -1.000000000000000000 ) ) ;
#8600 = ORIENTED_EDGE ( 'NONE', *, *, #3394, .T. ) ;
#8601 = ORIENTED_EDGE ( 'NONE', *, *, #9248, .F. ) ;
#8602 = CARTESIAN_POINT ( 'NONE',  ( 0.2394192877964511357, 0.3393093023099404415, 0.1729999564678304513 ) ) ;
#8603 = LINE ( 'NONE', #6448, #3820 ) ;
#8604 = CARTESIAN_POINT ( 'NONE',  ( 0.3396831083848697586, -0.1774999999999999634, -0.1068564751664359408 ) ) ;
#8605 = AXIS2_PLACEMENT_3D ( 'NONE', #7975, #345, #447 ) ;
#8606 = SURFACE_STYLE_FILL_AREA ( #972 ) ;
#8607 = EDGE_CURVE ( 'NONE', #1389, #4625, #6282, .T. ) ;
#8608 = CARTESIAN_POINT ( 'NONE',  ( -0.3499999999999999778, -0.03499999999999996170, 0.01500000024499757896 ) ) ;
#8609 = ORIENTED_EDGE ( 'NONE', *, *, #2285, .F. ) ;
#8610 = LINE ( 'NONE', #1821, #1688 ) ;
#8611 = EDGE_LOOP ( 'NONE', ( #9638, #64 ) ) ;
#8612 = UNCERTAINTY_MEASURE_WITH_UNIT (LENGTH_MEASURE( 1.000000000000000082E-05 ), #982, 'distance_accuracy_value', 'NONE');
#8613 = ORIENTED_EDGE ( 'NONE', *, *, #5930, .T. ) ;
#8614 = EDGE_CURVE ( 'NONE', #3624, #5065, #7891, .T. ) ;
#8615 =( NAMED_UNIT ( * ) PLANE_ANGLE_UNIT ( ) SI_UNIT ( $, .RADIAN. ) );
#8616 = DIRECTION ( 'NONE',  ( 6.735369260825570315E-17, -1.760146872403420140E-16, -1.000000000000000000 ) ) ;
#8617 = MECHANICAL_DESIGN_GEOMETRIC_PRESENTATION_REPRESENTATION (  '', ( #5478 ), #8730 ) ;
#8618 = CARTESIAN_POINT ( 'NONE',  ( -0.3059685397664674289, 0.03499999999999996864, -0.2980612952282384875 ) ) ;
#8619 = MECHANICAL_DESIGN_GEOMETRIC_PRESENTATION_REPRESENTATION (  '', ( #6428 ), #6097 ) ;
#8620 = DIRECTION ( 'NONE',  ( 1.000000000000000000, -0.000000000000000000, 1.084202172485504434E-19 ) ) ;
#8621 = DIRECTION ( 'NONE',  ( 0.000000000000000000, 0.000000000000000000, 1.000000000000000000 ) ) ;
#8622 = CARTESIAN_POINT ( 'NONE',  ( -0.3288046532517440723, 0.2651650429449560198, 0.1729999999999999871 ) ) ;
#8623 = ORIENTED_EDGE ( 'NONE', *, *, #4237, .F. ) ;
#8624 = DIRECTION ( 'NONE',  ( 0.000000000000000000, -1.000000000000000000, -0.000000000000000000 ) ) ;
#8625 = AXIS2_PLACEMENT_3D ( 'NONE', #5403, #7704, #4651 ) ;
#8626 = FACE_OUTER_BOUND ( 'NONE', #3384, .T. ) ;
#8627 =( LENGTH_UNIT ( ) NAMED_UNIT ( * ) SI_UNIT ( .CENTI., .METRE. ) );
#8628 = EDGE_CURVE ( 'NONE', #1112, #439, #9378, .T. ) ;
#8629 =( LENGTH_UNIT ( ) NAMED_UNIT ( * ) SI_UNIT ( .CENTI., .METRE. ) );
#8630 = EDGE_CURVE ( 'NONE', #2068, #5362, #360, .T. ) ;
#8631 = VECTOR ( 'NONE', #4826, 100.0000000000000000 ) ;
#8632 = COLOUR_RGB ( '',0.6470588235294117974, 0.6196078431372549211, 0.5882352941176470784 ) ;
#8633 = CARTESIAN_POINT ( 'NONE',  ( 0.1255000000000000004, -0.3490212044152968263, 0.1673148430907077933 ) ) ;
#8634 = VERTEX_POINT ( 'NONE', #8636 ) ;
#8635 = CARTESIAN_POINT ( 'NONE',  ( -0.1254999999999999727, -0.3400000000000000244, 0.1019349540849361913 ) ) ;
#8636 = CARTESIAN_POINT ( 'NONE',  ( -0.1060660171779820721, -0.03535533905932769505, 0.3150000000000001132 ) ) ;
#8637 = ADVANCED_FACE ( 'NONE', ( #5641 ), #7750, .T. ) ;
#8638 = PRODUCT_DEFINITION_SHAPE ( 'NONE', 'NONE',  #4446 ) ;
#8639 = AXIS2_PLACEMENT_3D ( 'NONE', #6209, #4672, #9253 ) ;
#8640 = MECHANICAL_DESIGN_GEOMETRIC_PRESENTATION_REPRESENTATION (  '', ( #414 ), #9426 ) ;
#8641 = DIRECTION ( 'NONE',  ( 7.311082709387417497E-18, 1.000000000000000000, 0.000000000000000000 ) ) ;
#8642 = EDGE_CURVE ( 'NONE', #6240, #5915, #2184, .T. ) ;
#8643 = MECHANICAL_DESIGN_GEOMETRIC_PRESENTATION_REPRESENTATION (  '', ( #3131 ), #8794 ) ;
#8644 = DIRECTION ( 'NONE',  ( 0.7071067811865490160, 0.7071067811865461294, 0.000000000000000000 ) ) ;
#8645 = SURFACE_SIDE_STYLE ('',( #4849 ) ) ;
#8646 = ORIENTED_EDGE ( 'NONE', *, *, #996, .F. ) ;
#8647 = VECTOR ( 'NONE', #2981, 100.0000000000000000 ) ;
#8648 = LINE ( 'NONE', #7948, #7738 ) ;
#8649 = PRESENTATION_LAYER_ASSIGNMENT (  '', '', ( #1690 ) ) ;
#8650 = LINE ( 'NONE', #8549, #8333 ) ;
#8651 = ADVANCED_FACE ( 'NONE', ( #2653 ), #5685, .F. ) ;
#8652 = DIRECTION ( 'NONE',  ( -0.000000000000000000, -0.000000000000000000, 1.000000000000000000 ) ) ;
#8653 = ORIENTED_EDGE ( 'NONE', *, *, #1629, .F. ) ;
#8654 = ORIENTED_EDGE ( 'NONE', *, *, #2748, .T. ) ;
#8655 = DIRECTION ( 'NONE',  ( -0.000000000000000000, 0.000000000000000000, 1.000000000000000000 ) ) ;
#8656 = VECTOR ( 'NONE', #2209, 100.0000000000000000 ) ;
#8657 = CARTESIAN_POINT ( 'NONE',  ( 0.3389927782070674134, 0.2401204050130046896, 0.1729999775287096864 ) ) ;
#8658 = DIRECTION ( 'NONE',  ( 1.000000000000000000, 0.000000000000000000, -0.000000000000000000 ) ) ;
#8659 = CARTESIAN_POINT ( 'NONE',  ( -0.02616295090390251266, 0.09758073580374343470, 0.5000000000000002220 ) ) ;
#8660 = ORIENTED_EDGE ( 'NONE', *, *, #7120, .F. ) ;
#8661 = PLANE ( 'NONE',  #2165 ) ;
#8662 = ORIENTED_EDGE ( 'NONE', *, *, #7150, .T. ) ;
#8663 = PLANE ( 'NONE',  #5788 ) ;
#8664 = ORIENTED_EDGE ( 'NONE', *, *, #8445, .F. ) ;
#8665 = FILL_AREA_STYLE ('',( #8810 ) ) ;
#8666 = CARTESIAN_POINT ( 'NONE',  ( 0.3229860436907419086, 0.2780547203178235227, 0.1879999999999999727 ) ) ;
#8667 = ADVANCED_FACE ( 'NONE', ( #1999 ), #1343, .T. ) ;
#8668 = CARTESIAN_POINT ( 'NONE',  ( 0.2439696961966996425, -0.3500000000000000333, 0.1879999999999999727 ) ) ;
#8669 = CARTESIAN_POINT ( 'NONE',  ( -0.3370710678118654657, 0.2427564927611038370, 0.1729999999999999871 ) ) ;
#8670 = DIRECTION ( 'NONE',  ( -0.000000000000000000, -1.000000000000000000, -0.000000000000000000 ) ) ;
#8671 = AXIS2_PLACEMENT_3D ( 'NONE', #6006, #5213, #5718 ) ;
#8672 = LINE ( 'NONE', #8622, #2598 ) ;
#8673 = ORIENTED_EDGE ( 'NONE', *, *, #8448, .F. ) ;
#8674 = DIRECTION ( 'NONE',  ( 0.000000000000000000, 3.491483361109383250E-15, -1.000000000000000000 ) ) ;
#8675 = DIRECTION ( 'NONE',  ( -3.098352419913109945E-20, -1.000000000000000000, 5.463231273740348100E-21 ) ) ;
#8676 = PRESENTATION_LAYER_ASSIGNMENT (  '', '', ( #9309 ) ) ;
#8677 = CARTESIAN_POINT ( 'NONE',  ( 0.1254999999999999727, 0.3500000000000000333, 0.08600000000000002087 ) ) ;
#8678 = FACE_OUTER_BOUND ( 'NONE', #8514, .T. ) ;
#8679 = SURFACE_STYLE_FILL_AREA ( #3446 ) ;
#8680 = DIRECTION ( 'NONE',  ( 0.000000000000000000, 0.000000000000000000, -1.000000000000000000 ) ) ;
#8681 = AXIS2_PLACEMENT_3D ( 'NONE', #6041, #5301, #3073 ) ;
#8682 = LINE ( 'NONE', #9562, #2490 ) ;
#8683 = FACE_OUTER_BOUND ( 'NONE', #6890, .T. ) ;
#8684 = EDGE_CURVE ( 'NONE', #8595, #3589, #662, .T. ) ;
#8685 = ORIENTED_EDGE ( 'NONE', *, *, #8084, .F. ) ;
#8686 = DIRECTION ( 'NONE',  ( 0.000000000000000000, 3.290811972840868436E-16, -1.000000000000000000 ) ) ;
#8687 = SURFACE_STYLE_FILL_AREA ( #3997 ) ;
#8688 = CONICAL_SURFACE ( 'NONE', #3017, 0.2004997304766220623, 0.6457718232339048070 ) ;
#8689 = DIRECTION ( 'NONE',  ( 1.000000000000000000, -7.311082709387417497E-18, 0.000000000000000000 ) ) ;
#8690 = DIRECTION ( 'NONE',  ( 0.7071067811865485719, -0.7071067811865464625, 0.000000000000000000 ) ) ;
#8691 = SURFACE_STYLE_FILL_AREA ( #2659 ) ;
#8692 = DIRECTION ( 'NONE',  ( -1.000000000000000000, 0.000000000000000000, 0.000000000000000000 ) ) ;
#8693 = EDGE_CURVE ( 'NONE', #2897, #9314, #8029, .T. ) ;
#8694 = VERTEX_POINT ( 'NONE', #4439 ) ;
#8695 = CARTESIAN_POINT ( 'NONE',  ( -0.02616295090390235306, -0.09758073580374344858, 0.5000000000000001110 ) ) ;
#8696 = COLOUR_RGB ( '',0.6470588235294117974, 0.6196078431372549211, 0.5882352941176470784 ) ;
#8697 = EDGE_CURVE ( 'NONE', #2848, #5048, #8815, .T. ) ;
#8698 = DIRECTION ( 'NONE',  ( -1.000000000000000000, 0.000000000000000000, 0.000000000000000000 ) ) ;
#8699 = ORIENTED_EDGE ( 'NONE', *, *, #2440, .F. ) ;
#8700 = ORIENTED_EDGE ( 'NONE', *, *, #5594, .T. ) ;
#8701 = CARTESIAN_POINT ( 'NONE',  ( -0.1149999999999998662, 0.3499999999999999223, 0.004000000000000010492 ) ) ;
#8702 = FILL_AREA_STYLE ('',( #2568 ) ) ;
#8703 = CARTESIAN_POINT ( 'NONE',  ( -0.2439696961966996425, -0.3500000000000000333, 0.1879999999999999727 ) ) ;
#8704 = PRESENTATION_LAYER_ASSIGNMENT (  '', '', ( #4293 ) ) ;
#8705 = SURFACE_STYLE_FILL_AREA ( #3423 ) ;
#8706 = VECTOR ( 'NONE', #3931, 100.0000000000000000 ) ;
#8707 = EDGE_CURVE ( 'NONE', #4784, #9081, #8092, .T. ) ;
#8708 = CARTESIAN_POINT ( 'NONE',  ( 0.2356854249492379982, -0.3500000000000000333, 0.003999999999999988808 ) ) ;
#8709 = ORIENTED_EDGE ( 'NONE', *, *, #1048, .F. ) ;
#8710 = ORIENTED_EDGE ( 'NONE', *, *, #3206, .F. ) ;
#8711 = ORIENTED_EDGE ( 'NONE', *, *, #4642, .T. ) ;
#8712 = FACE_OUTER_BOUND ( 'NONE', #4252, .T. ) ;
#8713 = DIRECTION ( 'NONE',  ( 0.9848077530122089085, 0.000000000000000000, -0.1736481776669254184 ) ) ;
#8714 = VECTOR ( 'NONE', #528, 100.0000000000000000 ) ;
#8715 = DIRECTION ( 'NONE',  ( 0.000000000000000000, -0.000000000000000000, -1.000000000000000000 ) ) ;
#8716 = LINE ( 'NONE', #6465, #3398 ) ;
#8717 = CARTESIAN_POINT ( 'NONE',  ( -1.192622389734054877E-16, 0.1084177848998413574, 0.4900000000000002687 ) ) ;
#8718 = CARTESIAN_POINT ( 'NONE',  ( 0.1849999999999999423, -0.3725000000000004419, 0.06999999999999979849 ) ) ;
#8719 = ORIENTED_EDGE ( 'NONE', *, *, #1727, .F. ) ;
#8720 = DIRECTION ( 'NONE',  ( 0.000000000000000000, 0.000000000000000000, -1.000000000000000000 ) ) ;
#8721 = CARTESIAN_POINT ( 'NONE',  ( -0.3400000000000000244, -0.2356854249492383591, 0.1729999999999999871 ) ) ;
#8722 = DIRECTION ( 'NONE',  ( -3.194683927456174497E-20, -1.000000000000000000, -1.132300105604712060E-31 ) ) ;
#8723 = CARTESIAN_POINT ( 'NONE',  ( 0.08500000000000000611, -0.1899999999999999745, 0.000000000000000000 ) ) ;
#8724 = CIRCLE ( 'NONE', #2405, 0.005000000246747557386 ) ;
#8725 = STYLED_ITEM ( 'NONE', ( #1638 ), #2105 ) ;
#8726 = CIRCLE ( 'NONE', #4470, 0.01000000000000000021 ) ;
#8727 = CARTESIAN_POINT ( 'NONE',  ( 0.3499999999999999778, 0.03499999999999999639, 0.01500000000000001679 ) ) ;
#8728 = CARTESIAN_POINT ( 'NONE',  ( 0.1849999999999999423, 0.3575000000000003175, 0.1019349540849361774 ) ) ;
#8729 = ORIENTED_EDGE ( 'NONE', *, *, #604, .T. ) ;
#8730 =( GEOMETRIC_REPRESENTATION_CONTEXT ( 3 ) GLOBAL_UNCERTAINTY_ASSIGNED_CONTEXT ( ( #8340 ) ) GLOBAL_UNIT_ASSIGNED_CONTEXT ( ( #8629, #7983, #1795 ) ) REPRESENTATION_CONTEXT ( 'NONE', 'WORKASPACE' ) );
#8731 = SURFACE_SIDE_STYLE ('',( #1094 ) ) ;
#8732 = ORIENTED_EDGE ( 'NONE', *, *, #2481, .F. ) ;
#8733 = FILL_AREA_STYLE ('',( #917 ) ) ;
#8734 = DIRECTION ( 'NONE',  ( 7.311082709387417497E-18, 1.000000000000000000, -0.000000000000000000 ) ) ;
#8735 = SURFACE_SIDE_STYLE ('',( #5830 ) ) ;
#8736 = EDGE_CURVE ( 'NONE', #2830, #4913, #2854, .T. ) ;
#8737 = DIRECTION ( 'NONE',  ( -1.000000000000000000, 0.000000000000000000, 0.000000000000000000 ) ) ;
#8738 = DIRECTION ( 'NONE',  ( 0.7071067811865462405, 0.7071067811865487940, -7.683492615482359515E-17 ) ) ;
#8739 = LINE ( 'NONE', #6584, #4010 ) ;
#8740 = ORIENTED_EDGE ( 'NONE', *, *, #6891, .T. ) ;
#8741 = CARTESIAN_POINT ( 'NONE',  ( 0.1849999999999999423, 0.3575000000000005396, 0.03999999999999977879 ) ) ;
#8742 = UNCERTAINTY_MEASURE_WITH_UNIT (LENGTH_MEASURE( 1.000000000000000082E-05 ), #1474, 'distance_accuracy_value', 'NONE');
#8743 = ORIENTED_EDGE ( 'NONE', *, *, #7161, .F. ) ;
#8744 = ADVANCED_FACE ( 'NONE', ( #6632 ), #3599, .F. ) ;
#8745 = VERTEX_POINT ( 'NONE', #4531 ) ;
#8746 = LINE ( 'NONE', #1958, #7842 ) ;
#8747 = DIRECTION ( 'NONE',  ( 0.7071067811865461294, 0.7071067811865489050, 0.000000000000000000 ) ) ;
#8748 = DIRECTION ( 'NONE',  ( 1.000000000000000000, -0.000000000000000000, 0.000000000000000000 ) ) ;
#8749 = EDGE_CURVE ( 'NONE', #3757, #6802, #1542, .T. ) ;
#8750 = DIRECTION ( 'NONE',  ( 0.7071067811865511255, 0.7071067811865440200, 0.000000000000000000 ) ) ;
#8751 = CIRCLE ( 'NONE', #4335, 0.01100000024499758408 ) ;
#8752 = ORIENTED_EDGE ( 'NONE', *, *, #2166, .T. ) ;
#8753 = EDGE_LOOP ( 'NONE', ( #7535, #6985, #8755, #3429 ) ) ;
#8754 =( LENGTH_UNIT ( ) NAMED_UNIT ( * ) SI_UNIT ( .CENTI., .METRE. ) );
#8755 = ORIENTED_EDGE ( 'NONE', *, *, #6233, .F. ) ;
#8756 = ORIENTED_EDGE ( 'NONE', *, *, #1248, .T. ) ;
#8757 = EDGE_CURVE ( 'NONE', #2272, #6089, #1219, .T. ) ;
#8758 = VECTOR ( 'NONE', #1197, 100.0000000000000000 ) ;
#8759 = ORIENTED_EDGE ( 'NONE', *, *, #4950, .T. ) ;
#8760 = DIRECTION ( 'NONE',  ( -1.000000000000000000, 0.000000000000000000, 0.000000000000000000 ) ) ;
#8761 = FACE_OUTER_BOUND ( 'NONE', #9352, .T. ) ;
#8762 = DIRECTION ( 'NONE',  ( 1.000000000000000000, -0.000000000000000000, 0.000000000000000000 ) ) ;
#8763 = CARTESIAN_POINT ( 'NONE',  ( 0.2500000000000000000, 0.2449999999999999400, 0.004000000000000000083 ) ) ;
#8764 = EDGE_CURVE ( 'NONE', #9578, #4475, #6869, .T. ) ;
#8765 = PLANE ( 'NONE',  #4344 ) ;
#8766 = ORIENTED_EDGE ( 'NONE', *, *, #5268, .F. ) ;
#8767 = DIRECTION ( 'NONE',  ( 0.000000000000000000, 0.000000000000000000, -1.000000000000000000 ) ) ;
#8768 = CARTESIAN_POINT ( 'NONE',  ( 0.1254999999999999727, -0.3500000000000000333, 0.08600000000000000699 ) ) ;
#8769 = CARTESIAN_POINT ( 'NONE',  ( -0.07499999999999999722, 0.3399999999999999689, 0.1879999999999999727 ) ) ;
#8770 = EDGE_CURVE ( 'NONE', #5915, #7368, #5283, .T. ) ;
#8771 = STYLED_ITEM ( 'NONE', ( #3874 ), #4286 ) ;
#8772 = EDGE_LOOP ( 'NONE', ( #1957, #1967, #3917, #8373, #371, #3329, #7600, #1854 ) ) ;
#8773 = COLOUR_RGB ( '',0.6470588235294117974, 0.6196078431372549211, 0.5882352941176470784 ) ;
#8774 = UNCERTAINTY_MEASURE_WITH_UNIT (LENGTH_MEASURE( 1.000000000000000082E-05 ), #2431, 'distance_accuracy_value', 'NONE');
#8775 = DIRECTION ( 'NONE',  ( -0.000000000000000000, -0.000000000000000000, 1.000000000000000000 ) ) ;
#8776 = LINE ( 'NONE', #461, #8124 ) ;
#8777 = VERTEX_POINT ( 'NONE', #9719 ) ;
#8778 =( LENGTH_UNIT ( ) NAMED_UNIT ( * ) SI_UNIT ( .CENTI., .METRE. ) );
#8779 =( LENGTH_UNIT ( ) NAMED_UNIT ( * ) SI_UNIT ( .CENTI., .METRE. ) );
#8780 = VECTOR ( 'NONE', #5123, 100.0000000000000000 ) ;
#8781 = AXIS2_PLACEMENT_3D ( 'NONE', #2703, #1004, #4046 ) ;
#8782 = CARTESIAN_POINT ( 'NONE',  ( -0.3059685397664674289, -0.03499999999999999639, -0.2980612952282384875 ) ) ;
#8783 = DIRECTION ( 'NONE',  ( 0.000000000000000000, -1.000000000000000000, -3.491483361109382066E-15 ) ) ;
#8784 = SURFACE_SIDE_STYLE ('',( #8691 ) ) ;
#8785 = VECTOR ( 'NONE', #8655, 100.0000000000000000 ) ;
#8786 = LINE ( 'NONE', #5932, #42 ) ;
#8787 = EDGE_CURVE ( 'NONE', #2485, #3343, #706, .T. ) ;
#8788 = CIRCLE ( 'NONE', #8486, 0.04999999999999998196 ) ;
#8789 = ORIENTED_EDGE ( 'NONE', *, *, #3097, .T. ) ;
#8790 = LINE ( 'NONE', #2010, #5196 ) ;
#8791 = VECTOR ( 'NONE', #5980, 100.0000000000000000 ) ;
#8792 = COLOUR_RGB ( '',0.6470588235294117974, 0.6196078431372549211, 0.5882352941176470784 ) ;
#8793 = ORIENTED_EDGE ( 'NONE', *, *, #4694, .F. ) ;
#8794 =( GEOMETRIC_REPRESENTATION_CONTEXT ( 3 ) GLOBAL_UNCERTAINTY_ASSIGNED_CONTEXT ( ( #6936 ) ) GLOBAL_UNIT_ASSIGNED_CONTEXT ( ( #7800, #4847, #6635 ) ) REPRESENTATION_CONTEXT ( 'NONE', 'WORKASPACE' ) );
#8795 = CIRCLE ( 'NONE', #4539, 0.01000000000000015460 ) ;
#8796 = VERTEX_POINT ( 'NONE', #4487 ) ;
#8797 = DIRECTION ( 'NONE',  ( 0.000000000000000000, 0.000000000000000000, -1.000000000000000000 ) ) ;
#8798 = PLANE ( 'NONE',  #5099 ) ;
#8799 = DIRECTION ( 'NONE',  ( -1.000000000000000000, 0.000000000000000000, 0.000000000000000000 ) ) ;
#8800 = VECTOR ( 'NONE', #4608, 100.0000000000000000 ) ;
#8801 = VECTOR ( 'NONE', #2794, 99.99999999999998579 ) ;
#8802 = VERTEX_POINT ( 'NONE', #6781 ) ;
#8803 = EDGE_CURVE ( 'NONE', #5243, #8058, #436, .T. ) ;
#8804 = EDGE_LOOP ( 'NONE', ( #9544, #808, #9652, #3395 ) ) ;
#8805 = DIRECTION ( 'NONE',  ( 1.947823229671683877E-14, 8.068147988353826688E-15, 1.000000000000000000 ) ) ;
#8806 = ORIENTED_EDGE ( 'NONE', *, *, #8400, .F. ) ;
#8807 = EDGE_LOOP ( 'NONE', ( #3568, #8005, #5332, #1776 ) ) ;
#8808 = MECHANICAL_DESIGN_GEOMETRIC_PRESENTATION_REPRESENTATION (  '', ( #6467 ), #4881 ) ;
#8809 = EDGE_LOOP ( 'NONE', ( #8363, #288, #6763, #62 ) ) ;
#8810 = FILL_AREA_STYLE_COLOUR ( '', #7125 ) ;
#8811 = DIRECTION ( 'NONE',  ( 0.000000000000000000, 3.491483361109383250E-15, 1.000000000000000000 ) ) ;
#8812 = CARTESIAN_POINT ( 'NONE',  ( -0.07999999999999998779, 0.3725000000000006084, 0.03999999999999979960 ) ) ;
#8813 = SURFACE_STYLE_FILL_AREA ( #5813 ) ;
#8814 = LINE ( 'NONE', #2030, #643 ) ;
#8815 = CIRCLE ( 'NONE', #1056, 0.04749999999999999362 ) ;
#8816 = FACE_OUTER_BOUND ( 'NONE', #3228, .T. ) ;
#8817 = ADVANCED_FACE ( 'NONE', ( #5337 ), #798, .T. ) ;
#8818 = VERTEX_POINT ( 'NONE', #3159 ) ;
#8819 = FACE_OUTER_BOUND ( 'NONE', #8276, .T. ) ;
#8820 = CARTESIAN_POINT ( 'NONE',  ( 0.2780547203178223570, -0.3229860436907429633, 0.1729999999999999871 ) ) ;
#8821 = LINE ( 'NONE', #2893, #4801 ) ;
#8822 = ADVANCED_FACE ( 'NONE', ( #6173 ), #9168, .T. ) ;
#8823 = LINE ( 'NONE', #2193, #8413 ) ;
#8824 = VERTEX_POINT ( 'NONE', #3348 ) ;
#8825 = CARTESIAN_POINT ( 'NONE',  ( 0.2356854249492379982, -0.3500000000000000333, 0.1630000000000000060 ) ) ;
#8826 = LINE ( 'NONE', #9019, #998 ) ;
#8827 = EDGE_CURVE ( 'NONE', #5108, #7771, #8037, .T. ) ;
#8828 = AXIS2_PLACEMENT_3D ( 'NONE', #1329, #5821, #4372 ) ;
#8829 = CARTESIAN_POINT ( 'NONE',  ( 0.000000000000000000, -0.1900000000000000022, -0.03000000000095953342 ) ) ;
#8830 = DIRECTION ( 'NONE',  ( -0.7071067811865489050, 0.7071067811865461294, -1.720874317173267428E-16 ) ) ;
#8831 = CIRCLE ( 'NONE', #8522, 0.01100000024499758408 ) ;
#8832 = PLANE ( 'NONE',  #5333 ) ;
#8833 = CARTESIAN_POINT ( 'NONE',  ( 2.168404344971008868E-17, 0.000000000000000000, 0.2129999999851861503 ) ) ;
#8834 = ORIENTED_EDGE ( 'NONE', *, *, #9179, .F. ) ;
#8835 = STYLED_ITEM ( 'NONE', ( #3365 ), #7082 ) ;
#8836 = CARTESIAN_POINT ( 'NONE',  ( 0.07499999999999998335, 0.3400000000000000244, 0.1879999999999999727 ) ) ;
#8837 = ORIENTED_EDGE ( 'NONE', *, *, #9374, .F. ) ;
#8838 = ORIENTED_EDGE ( 'NONE', *, *, #8642, .T. ) ;
#8839 = DIRECTION ( 'NONE',  ( 0.9848077530122085754, -0.000000000000000000, 0.1736481776669273336 ) ) ;
#8840 = DIRECTION ( 'NONE',  ( -1.000000000000000000, -0.000000000000000000, 0.000000000000000000 ) ) ;
#8841 = LINE ( 'NONE', #2868, #2719 ) ;
#8842 = CIRCLE ( 'NONE', #309, 0.03700000000000001205 ) ;
#8843 = VERTEX_POINT ( 'NONE', #350 ) ;
#8844 = FILL_AREA_STYLE_COLOUR ( '', #6019 ) ;
#8845 = ORIENTED_EDGE ( 'NONE', *, *, #7846, .F. ) ;
#8846 = CARTESIAN_POINT ( 'NONE',  ( -0.1310000000000000331, 0.3724999999999997757, 0.1019349540849362329 ) ) ;
#8847 = ORIENTED_EDGE ( 'NONE', *, *, #4237, .T. ) ;
#8848 = VERTEX_POINT ( 'NONE', #3942 ) ;
#8849 = VERTEX_POINT ( 'NONE', #5631 ) ;
#8850 = PRESENTATION_LAYER_ASSIGNMENT (  '', '', ( #3183 ) ) ;
#8851 = DIRECTION ( 'NONE',  ( 2.664535259100376091E-15, 1.000000000000000000, 0.000000000000000000 ) ) ;
#8852 = EDGE_CURVE ( 'NONE', #3932, #7865, #9413, .T. ) ;
#8853 = PLANE ( 'NONE',  #9048 ) ;
#8854 = SURFACE_SIDE_STYLE ('',( #5858 ) ) ;
#8855 = DIRECTION ( 'NONE',  ( 0.000000000000000000, 0.000000000000000000, 1.000000000000000000 ) ) ;
#8856 = ORIENTED_EDGE ( 'NONE', *, *, #2410, .F. ) ;
#8857 = DIRECTION ( 'NONE',  ( 0.000000000000000000, 3.491483361109383250E-15, 1.000000000000000000 ) ) ;
#8858 =( NAMED_UNIT ( * ) PLANE_ANGLE_UNIT ( ) SI_UNIT ( $, .RADIAN. ) );
#8859 = CARTESIAN_POINT ( 'NONE',  ( -0.2651650429449547430, -0.3288046532517451270, 0.1879999999999999727 ) ) ;
#8860 = ORIENTED_EDGE ( 'NONE', *, *, #4566, .T. ) ;
#8861 = STYLED_ITEM ( 'NONE', ( #5569 ), #2523 ) ;
#8862 = CARTESIAN_POINT ( 'NONE',  ( 5.524359591552243845E-17, -2.565691817581183208E-17, 0.04900000000000008515 ) ) ;
#8863 = EDGE_CURVE ( 'NONE', #2058, #7657, #6374, .T. ) ;
#8864 = LINE ( 'NONE', #2093, #187 ) ;
#8865 = VERTEX_POINT ( 'NONE', #159 ) ;
#8866 = MECHANICAL_DESIGN_GEOMETRIC_PRESENTATION_REPRESENTATION (  '', ( #9338 ), #5590 ) ;
#8867 = SURFACE_STYLE_USAGE ( .BOTH. , #2952 ) ;
#8868 = DIRECTION ( 'NONE',  ( 0.000000000000000000, -3.423796334774424149E-16, 1.000000000000000000 ) ) ;
#8869 = EDGE_CURVE ( 'NONE', #5902, #1468, #1042, .T. ) ;
#8870 = VECTOR ( 'NONE', #7558, 100.0000000000000000 ) ;
#8871 = FILL_AREA_STYLE ('',( #5877 ) ) ;
#8872 = CARTESIAN_POINT ( 'NONE',  ( -0.3500000000000000333, -0.1775000000000000189, 0.01399999975500243812 ) ) ;
#8873 = ADVANCED_FACE ( 'NONE', ( #8626 ), #7722, .F. ) ;
#8874 = DIRECTION ( 'NONE',  ( 0.000000000000000000, 0.000000000000000000, 1.000000000000000000 ) ) ;
#8875 = CARTESIAN_POINT ( 'NONE',  ( 0.2149999999999999967, 0.3524999999999999800, 0.1680000000000000382 ) ) ;
#8876 = DIRECTION ( 'NONE',  ( -0.000000000000000000, 1.000000000000000000, 3.491483361109382066E-15 ) ) ;
#8877 = EDGE_CURVE ( 'NONE', #6903, #1428, #2192, .T. ) ;
#8878 = VERTEX_POINT ( 'NONE', #8677 ) ;
#8879 = DIRECTION ( 'NONE',  ( -0.000000000000000000, 1.000000000000000000, -0.000000000000000000 ) ) ;
#8880 =( NAMED_UNIT ( * ) PLANE_ANGLE_UNIT ( ) SI_UNIT ( $, .RADIAN. ) );
#8881 = VECTOR ( 'NONE', #6758, 100.0000000000000000 ) ;
#8882 = MECHANICAL_DESIGN_GEOMETRIC_PRESENTATION_REPRESENTATION (  '', ( #9677 ), #1139 ) ;
#8883 = ORIENTED_EDGE ( 'NONE', *, *, #6678, .F. ) ;
#8884 = EDGE_CURVE ( 'NONE', #1261, #3589, #1837, .T. ) ;
#8885 = ORIENTED_EDGE ( 'NONE', *, *, #5737, .F. ) ;
#8886 = DIRECTION ( 'NONE',  ( 0.000000000000000000, 0.000000000000000000, -1.000000000000000000 ) ) ;
#8887 = DIRECTION ( 'NONE',  ( 0.000000000000000000, 0.000000000000000000, -1.000000000000000000 ) ) ;
#8888 = CARTESIAN_POINT ( 'NONE',  ( 0.1849999999999999423, 0.3725000000000003308, 0.1019349540849361496 ) ) ;
#8889 = MECHANICAL_DESIGN_GEOMETRIC_PRESENTATION_REPRESENTATION (  '', ( #4169 ), #5889 ) ;
#8890 = FACE_OUTER_BOUND ( 'NONE', #9781, .T. ) ;
#8891 = EDGE_LOOP ( 'NONE', ( #9026, #9187, #8227, #4821 ) ) ;
#8892 = DIRECTION ( 'NONE',  ( 6.735369260825570315E-17, -1.760146872403420140E-16, -1.000000000000000000 ) ) ;
#8893 = EDGE_LOOP ( 'NONE', ( #5110, #2127, #3763, #6299 ) ) ;
#8894 = COLOUR_RGB ( '',0.6470588235294117974, 0.6196078431372549211, 0.5882352941176470784 ) ;
#8895 = DIRECTION ( 'NONE',  ( 0.000000000000000000, 0.000000000000000000, -1.000000000000000000 ) ) ;
#8896 = EDGE_LOOP ( 'NONE', ( #9217, #2525, #3770, #1634 ) ) ;
#8897 = LINE ( 'NONE', #1466, #1499 ) ;
#8898 = CARTESIAN_POINT ( 'NONE',  ( 0.000000000000000000, -0.2600000000000000644, 0.000000000000000000 ) ) ;
#8899 = ORIENTED_EDGE ( 'NONE', *, *, #1745, .F. ) ;
#8900 = ADVANCED_FACE ( 'NONE', ( #1886 ), #5490, .T. ) ;
#8901 = VERTEX_POINT ( 'NONE', #7742 ) ;
#8902 = DIRECTION ( 'NONE',  ( -6.735369260825570315E-17, 1.760146872403420140E-16, 1.000000000000000000 ) ) ;
#8903 = CARTESIAN_POINT ( 'NONE',  ( 0.03535533905932720933, 0.1060660171779821276, 0.3000000000000000999 ) ) ;
#8904 = CARTESIAN_POINT ( 'NONE',  ( 0.3288046532517440723, -0.2651650429449559643, 0.1729999999999999871 ) ) ;
#8905 = DIRECTION ( 'NONE',  ( 1.000000000000000000, 0.000000000000000000, 3.491483361109381672E-15 ) ) ;
#8906 = EDGE_CURVE ( 'NONE', #1981, #8901, #3469, .T. ) ;
#8907 = CARTESIAN_POINT ( 'NONE',  ( 0.3300000000000000155, 0.2356854249492383591, 0.000000000000000000 ) ) ;
#8908 = ORIENTED_EDGE ( 'NONE', *, *, #3855, .T. ) ;
#8909 = DIRECTION ( 'NONE',  ( -1.000000000000000000, 0.000000000000000000, 0.000000000000000000 ) ) ;
#8910 = ORIENTED_EDGE ( 'NONE', *, *, #4654, .F. ) ;
#8911 =( LENGTH_UNIT ( ) NAMED_UNIT ( * ) SI_UNIT ( .CENTI., .METRE. ) );
#8912 = EDGE_CURVE ( 'NONE', #9595, #6967, #3309, .T. ) ;
#8913 = UNCERTAINTY_MEASURE_WITH_UNIT (LENGTH_MEASURE( 1.000000000000000082E-05 ), #7940, 'distance_accuracy_value', 'NONE');
#8914 = DIRECTION ( 'NONE',  ( -0.000000000000000000, 0.000000000000000000, -1.000000000000000000 ) ) ;
#8915 = VERTEX_POINT ( 'NONE', #4834 ) ;
#8916 = DIRECTION ( 'NONE',  ( 0.7071067811865461294, 0.7071067811865490160, -0.000000000000000000 ) ) ;
#8917 = LINE ( 'NONE', #1437, #3060 ) ;
#8918 = ORIENTED_EDGE ( 'NONE', *, *, #4877, .T. ) ;
#8919 = CARTESIAN_POINT ( 'NONE',  ( -0.1254999999999999727, -0.3725000000000004419, 0.06999999999999979849 ) ) ;
#8920 = CARTESIAN_POINT ( 'NONE',  ( -0.1254999999999999727, 0.3725000000000004419, 0.06999999999999979849 ) ) ;
#8921 = UNCERTAINTY_MEASURE_WITH_UNIT (LENGTH_MEASURE( 1.000000000000000082E-05 ), #1400, 'distance_accuracy_value', 'NONE');
#8922 = DIRECTION ( 'NONE',  ( 0.000000000000000000, -1.000000000000000000, 0.000000000000000000 ) ) ;
#8923 = EDGE_CURVE ( 'NONE', #1709, #8980, #605, .T. ) ;
#8924 = VECTOR ( 'NONE', #1528, 100.0000000000000000 ) ;
#8925 = FACE_OUTER_BOUND ( 'NONE', #3537, .T. ) ;
#8926 = LINE ( 'NONE', #2151, #9721 ) ;
#8927 = DIRECTION ( 'NONE',  ( 0.000000000000000000, 1.000000000000000000, 1.060381196468692129E-16 ) ) ;
#8928 = CIRCLE ( 'NONE', #9249, 0.01999999999999996572 ) ;
#8929 = CIRCLE ( 'NONE', #4197, 0.02999999999999998154 ) ;
#8930 = ORIENTED_EDGE ( 'NONE', *, *, #9699, .T. ) ;
#8931 = FACE_OUTER_BOUND ( 'NONE', #4704, .T. ) ;
#8932 = EDGE_CURVE ( 'NONE', #1736, #3676, #5304, .T. ) ;
#8933 = TOROIDAL_SURFACE ( 'NONE', #4689, 0.03699999999999969286, 0.01000000000000015980 ) ;
#8934 = AXIS2_PLACEMENT_3D ( 'NONE', #246, #9161, #2393 ) ;
#8935 = EDGE_CURVE ( 'NONE', #6593, #1675, #7421, .T. ) ;
#8936 = EDGE_LOOP ( 'NONE', ( #6354, #9146, #3069, #953 ) ) ;
#8937 = CARTESIAN_POINT ( 'NONE',  ( -0.2004997304766220623, 0.000000000000000000, 0.1899909249061693117 ) ) ;
#8938 = DIRECTION ( 'NONE',  ( 0.000000000000000000, 0.000000000000000000, -1.000000000000000000 ) ) ;
#8939 = PLANE ( 'NONE',  #7920 ) ;
#8940 = PRESENTATION_LAYER_ASSIGNMENT (  '', '', ( #3269 ) ) ;
#8941 = ORIENTED_EDGE ( 'NONE', *, *, #3536, .F. ) ;
#8942 =( GEOMETRIC_REPRESENTATION_CONTEXT ( 3 ) GLOBAL_UNCERTAINTY_ASSIGNED_CONTEXT ( ( #4660 ) ) GLOBAL_UNIT_ASSIGNED_CONTEXT ( ( #3851, #6332, #4561 ) ) REPRESENTATION_CONTEXT ( 'NONE', 'WORKASPACE' ) );
#8943 = DIRECTION ( 'NONE',  ( 0.000000000000000000, 1.000000000000000000, 0.000000000000000000 ) ) ;
#8944 = ADVANCED_FACE ( 'NONE', ( #4461 ), #8949, .T. ) ;
#8945 = EDGE_LOOP ( 'NONE', ( #3901, #1824, #6334, #8019, #5800 ) ) ;
#8946 = CARTESIAN_POINT ( 'NONE',  ( -0.2409745702179832416, 0.3385053729295699476, 0.1729999948783370600 ) ) ;
#8947 = COLOUR_RGB ( '',1.000000000000000000, 1.000000000000000000, 1.000000000000000000 ) ;
#8948 = ORIENTED_EDGE ( 'NONE', *, *, #9211, .F. ) ;
#8949 = PLANE ( 'NONE',  #1225 ) ;
#8950 = ORIENTED_EDGE ( 'NONE', *, *, #8033, .F. ) ;
#8951 = ORIENTED_EDGE ( 'NONE', *, *, #8764, .F. ) ;
#8952 = LINE ( 'NONE', #3035, #5240 ) ;
#8953 = VECTOR ( 'NONE', #2036, 100.0000000000000000 ) ;
#8954 = VECTOR ( 'NONE', #2191, 100.0000000000000000 ) ;
#8955 = DIRECTION ( 'NONE',  ( -0.1736481776669273336, 0.000000000000000000, -0.9848077530122085754 ) ) ;
#8956 = DIRECTION ( 'NONE',  ( -0.000000000000000000, 1.000000000000000000, -3.491483361109383250E-15 ) ) ;
#8957 = CARTESIAN_POINT ( 'NONE',  ( 0.2793071785686857544, 0.3524999999999999800, 0.1729999999999999871 ) ) ;
#8958 = EDGE_LOOP ( 'NONE', ( #6347, #1025, #4409, #3214 ) ) ;
#8959 = CARTESIAN_POINT ( 'NONE',  ( 0.3298350308547478016, -0.2250000000000000611, -0.1051199933897666722 ) ) ;
#8960 = MECHANICAL_DESIGN_GEOMETRIC_PRESENTATION_REPRESENTATION (  '', ( #9746 ), #896 ) ;
#8961 = ORIENTED_EDGE ( 'NONE', *, *, #7042, .F. ) ;
#8962 = CARTESIAN_POINT ( 'NONE',  ( -1.469097492964322895E-17, 0.3399999999999999689, 0.1879999999999999727 ) ) ;
#8963 = AXIS2_PLACEMENT_3D ( 'NONE', #1894, #5038, #8089 ) ;
#8964 = CARTESIAN_POINT ( 'NONE',  ( -0.3396831083848698696, -0.1774999999999999911, -0.1068564751664359824 ) ) ;
#8965 = VERTEX_POINT ( 'NONE', #1187 ) ;
#8966 = FACE_OUTER_BOUND ( 'NONE', #3308, .T. ) ;
#8967 = ORIENTED_EDGE ( 'NONE', *, *, #7887, .T. ) ;
#8968 = FILL_AREA_STYLE ('',( #6575 ) ) ;
#8969 = PRESENTATION_LAYER_ASSIGNMENT (  '', '', ( #3458 ) ) ;
#8970 = CARTESIAN_POINT ( 'NONE',  ( 0.07499999999999999722, 0.3399999999999999689, 0.1729999999999999871 ) ) ;
#8971 = DIRECTION ( 'NONE',  ( -0.000000000000000000, 0.000000000000000000, 1.000000000000000000 ) ) ;
#8972 = DIRECTION ( 'NONE',  ( -0.000000000000000000, 1.000000000000000000, 0.000000000000000000 ) ) ;
#8973 =( NAMED_UNIT ( * ) PLANE_ANGLE_UNIT ( ) SI_UNIT ( $, .RADIAN. ) );
#8974 = DIRECTION ( 'NONE',  ( -1.000000000000000000, 0.000000000000000000, 0.000000000000000000 ) ) ;
#8975 = VECTOR ( 'NONE', #4588, 100.0000000000000000 ) ;
#8976 = DIRECTION ( 'NONE',  ( -0.9848077530122085754, 0.000000000000000000, -0.1736481776669273336 ) ) ;
#8977 = DIRECTION ( 'NONE',  ( 0.8320502943378436100, 0.5547001962252291474, 0.000000000000000000 ) ) ;
#8978 = EDGE_CURVE ( 'NONE', #8796, #1271, #3618, .T. ) ;
#8979 = CIRCLE ( 'NONE', #8671, 0.02000000000000001082 ) ;
#8980 = VERTEX_POINT ( 'NONE', #2221 ) ;
#8981 = DIRECTION ( 'NONE',  ( 0.7071067811865474617, -0.7071067811865474617, 0.000000000000000000 ) ) ;
#8982 = CARTESIAN_POINT ( 'NONE',  ( -0.3393093023099596484, 0.2394192877964030353, 0.1729999564678304513 ) ) ;
#8983 = AXIS2_PLACEMENT_3D ( 'NONE', #1036, #6412, #3344 ) ;
#8984 = EDGE_LOOP ( 'NONE', ( #622, #4546, #2782, #2259 ) ) ;
#8985 = DIRECTION ( 'NONE',  ( 0.000000000000000000, -1.000000000000000000, 0.000000000000000000 ) ) ;
#8986 = CARTESIAN_POINT ( 'NONE',  ( -0.1310000000000000331, 0.3725000001233738089, 0.1680000000000000104 ) ) ;
#8987 = CARTESIAN_POINT ( 'NONE',  ( 0.06999999999999999278, -0.3049999999999999378, 0.06800000000000000488 ) ) ;
#8988 = EDGE_CURVE ( 'NONE', #9796, #8528, #3723, .T. ) ;
#8989 = PRESENTATION_LAYER_ASSIGNMENT (  '', '', ( #1719 ) ) ;
#8990 = ORIENTED_EDGE ( 'NONE', *, *, #9455, .T. ) ;
#8991 = ADVANCED_FACE ( 'NONE', ( #1138 ), #1467, .F. ) ;
#8992 = SURFACE_STYLE_USAGE ( .BOTH. , #1517 ) ;
#8993 = ORIENTED_EDGE ( 'NONE', *, *, #6825, .T. ) ;
#8994 = LINE ( 'NONE', #8846, #4390 ) ;
#8995 = PRESENTATION_STYLE_ASSIGNMENT (( #634 ) ) ;
#8996 = CARTESIAN_POINT ( 'NONE',  ( 0.3514696961967002098, 0.2424999999999999933, 0.1879999999999999727 ) ) ;
#8997 = VERTEX_POINT ( 'NONE', #9692 ) ;
#8998 = AXIS2_PLACEMENT_3D ( 'NONE', #5886, #8879, #6689 ) ;
#8999 = VERTEX_POINT ( 'NONE', #2983 ) ;
#9000 = CARTESIAN_POINT ( 'NONE',  ( 0.3499999999999999778, 0.1074999999999999845, 0.01500000000000001679 ) ) ;
#9001 = CARTESIAN_POINT ( 'NONE',  ( -0.08000000000000001554, -0.3725000000000006084, 0.03999999999999982042 ) ) ;
#9002 = EDGE_CURVE ( 'NONE', #9390, #5663, #8979, .T. ) ;
#9003 = SURFACE_STYLE_FILL_AREA ( #7574 ) ;
#9004 = CARTESIAN_POINT ( 'NONE',  ( -0.3642901512833205402, 0.1774999999999999911, 0.09028470468954047368 ) ) ;
#9005 = EDGE_LOOP ( 'NONE', ( #8756, #4109, #1562, #1314, #1777, #6507, #8464, #3609, #4661, #4150, #4323, #5754 ) ) ;
#9006 = DIRECTION ( 'NONE',  ( 0.000000000000000000, 1.606956701768064271E-16, -1.000000000000000000 ) ) ;
#9007 = VERTEX_POINT ( 'NONE', #6044 ) ;
#9008 = CARTESIAN_POINT ( 'NONE',  ( -1.436258100100586361E-16, 0.1184177848998413107, 0.3150000000000000577 ) ) ;
#9009 = ORIENTED_EDGE ( 'NONE', *, *, #7853, .F. ) ;
#9010 = CARTESIAN_POINT ( 'NONE',  ( 0.2149999999999999134, -0.3575000000616871398, 0.06999999999999977074 ) ) ;
#9011 = MECHANICAL_DESIGN_GEOMETRIC_PRESENTATION_REPRESENTATION (  '', ( #5709 ), #316 ) ;
#9012 = VERTEX_POINT ( 'NONE', #4502 ) ;
#9013 = FILL_AREA_STYLE_COLOUR ( '', #4947 ) ;
#9014 = EDGE_LOOP ( 'NONE', ( #759, #2627, #631, #7281 ) ) ;
#9015 = CARTESIAN_POINT ( 'NONE',  ( 0.1849999999999999423, 0.3725000000000001088, 0.1679999999999998994 ) ) ;
#9016 = DIRECTION ( 'NONE',  ( -1.000000000000000000, -0.000000000000000000, 0.000000000000000000 ) ) ;
#9017 = STYLED_ITEM ( 'NONE', ( #3871 ), #3341 ) ;
#9018 = DIRECTION ( 'NONE',  ( 1.548860246407863829E-16, -1.000000000000000000, 0.000000000000000000 ) ) ;
#9019 = CARTESIAN_POINT ( 'NONE',  ( 0.2149999999999999967, 0.3500000000000000333, 0.1879999999999999727 ) ) ;
#9020 = FACE_OUTER_BOUND ( 'NONE', #3818, .T. ) ;
#9021 = AXIS2_PLACEMENT_3D ( 'NONE', #3970, #1529, #7520 ) ;
#9022 = CARTESIAN_POINT ( 'NONE',  ( 0.3499999999999999778, -0.07120522349883356972, 0.01500000000000001679 ) ) ;
#9023 = PLANE ( 'NONE',  #1011 ) ;
#9024 = UNCERTAINTY_MEASURE_WITH_UNIT (LENGTH_MEASURE( 1.000000000000000082E-05 ), #4339, 'distance_accuracy_value', 'NONE');
#9025 = DIRECTION ( 'NONE',  ( -0.9848077530122081313, 0.000000000000000000, 0.1736481776669295818 ) ) ;
#9026 = ORIENTED_EDGE ( 'NONE', *, *, #339, .F. ) ;
#9027 = PRESENTATION_LAYER_ASSIGNMENT (  '', '', ( #2075 ) ) ;
#9028 = DIRECTION ( 'NONE',  ( 5.433049731604327253E-17, 5.433049731604348207E-17, 1.000000000000000000 ) ) ;
#9029 = EDGE_CURVE ( 'NONE', #5401, #729, #4568, .T. ) ;
#9030 = VECTOR ( 'NONE', #7366, 100.0000000000000000 ) ;
#9031 = EDGE_LOOP ( 'NONE', ( #1380, #876, #2190, #2725, #5120, #3485 ) ) ;
#9032 = DIRECTION ( 'NONE',  ( -7.311082709387417497E-18, 1.000000000000000000, -3.491483361109382066E-15 ) ) ;
#9033 = DIRECTION ( 'NONE',  ( 0.000000000000000000, -1.000000000000000000, 0.000000000000000000 ) ) ;
#9034 = DIRECTION ( 'NONE',  ( -1.000000000000000000, -0.000000000000000000, 0.000000000000000000 ) ) ;
#9035 = UNCERTAINTY_MEASURE_WITH_UNIT (LENGTH_MEASURE( 1.000000000000000082E-05 ), #5691, 'distance_accuracy_value', 'NONE');
#9036 = CARTESIAN_POINT ( 'NONE',  ( -1.501927950393635632E-16, 0.07141778489984133838, 0.5000000000000001110 ) ) ;
#9037 = ORIENTED_EDGE ( 'NONE', *, *, #6411, .T. ) ;
#9038 = VECTOR ( 'NONE', #7441, 100.0000000000000000 ) ;
#9039 =( LENGTH_UNIT ( ) NAMED_UNIT ( * ) SI_UNIT ( .CENTI., .METRE. ) );
#9040 = ORIENTED_EDGE ( 'NONE', *, *, #4595, .F. ) ;
#9041 = AXIS2_PLACEMENT_3D ( 'NONE', #1330, #9554, #2787 ) ;
#9042 = DIRECTION ( 'NONE',  ( 0.000000000000000000, -1.000000000000000000, 0.000000000000000000 ) ) ;
#9043 = EDGE_CURVE ( 'NONE', #2768, #1831, #9044, .T. ) ;
#9044 = LINE ( 'NONE', #8898, #1548 ) ;
#9045 = ORIENTED_EDGE ( 'NONE', *, *, #4226, .F. ) ;
#9046 = ORIENTED_EDGE ( 'NONE', *, *, #5218, .F. ) ;
#9047 = CARTESIAN_POINT ( 'NONE',  ( 0.2780547203178223570, 0.3229860436907429633, 0.1729999999999999871 ) ) ;
#9048 = AXIS2_PLACEMENT_3D ( 'NONE', #4319, #4271, #3531 ) ;
#9049 = EDGE_CURVE ( 'NONE', #244, #2084, #5161, .T. ) ;
#9050 = DIRECTION ( 'NONE',  ( 0.000000000000000000, 0.000000000000000000, 1.000000000000000000 ) ) ;
#9051 = DIRECTION ( 'NONE',  ( -1.730778521744734524E-16, 7.029052767412379637E-17, 1.000000000000000000 ) ) ;
#9052 = STYLED_ITEM ( 'NONE', ( #1055 ), #5435 ) ;
#9053 = ORIENTED_EDGE ( 'NONE', *, *, #3608, .T. ) ;
#9054 = DIRECTION ( 'NONE',  ( 2.065146995210489625E-16, 3.491483361109382461E-15, 1.000000000000000000 ) ) ;
#9055 = ORIENTED_EDGE ( 'NONE', *, *, #5203, .T. ) ;
#9056 = SURFACE_SIDE_STYLE ('',( #3044 ) ) ;
#9057 = ORIENTED_EDGE ( 'NONE', *, *, #1182, .T. ) ;
#9058 = DIRECTION ( 'NONE',  ( -0.000000000000000000, 1.000000000000000000, 0.000000000000000000 ) ) ;
#9059 = EDGE_CURVE ( 'NONE', #4958, #2381, #4975, .T. ) ;
#9060 = ORIENTED_EDGE ( 'NONE', *, *, #4963, .T. ) ;
#9061 = VECTOR ( 'NONE', #7183, 100.0000000000000000 ) ;
#9062 = ADVANCED_FACE ( 'NONE', ( #2877 ), #8172, .T. ) ;
#9063 =( LENGTH_UNIT ( ) NAMED_UNIT ( * ) SI_UNIT ( .CENTI., .METRE. ) );
#9064 = SURFACE_STYLE_USAGE ( .BOTH. , #6815 ) ;
#9065 = DIRECTION ( 'NONE',  ( -0.7071067811865489050, 0.7071067811865461294, 0.000000000000000000 ) ) ;
#9066 = DIRECTION ( 'NONE',  ( -1.498835719919922711E-29, 8.910623282276885903E-15, -1.000000000000000000 ) ) ;
#9067 = DIRECTION ( 'NONE',  ( 7.311082709387417497E-18, -1.000000000000000000, 0.000000000000000000 ) ) ;
#9068 = CARTESIAN_POINT ( 'NONE',  ( 0.1254999999999999727, 0.3490212044152968263, 0.1673148430907077933 ) ) ;
#9069 = VECTOR ( 'NONE', #3938, 100.0000000000000000 ) ;
#9070 = EDGE_LOOP ( 'NONE', ( #4933, #7509, #6640, #532 ) ) ;
#9071 = ADVANCED_FACE ( 'NONE', ( #179 ), #8353, .T. ) ;
#9072 = DIRECTION ( 'NONE',  ( 0.000000000000000000, -1.000000000000000000, -0.000000000000000000 ) ) ;
#9073 = SURFACE_STYLE_USAGE ( .BOTH. , #9169 ) ;
#9074 = ORIENTED_EDGE ( 'NONE', *, *, #2617, .F. ) ;
#9075 =( LENGTH_UNIT ( ) NAMED_UNIT ( * ) SI_UNIT ( .CENTI., .METRE. ) );
#9076 = LINE ( 'NONE', #5286, #233 ) ;
#9077 = ORIENTED_EDGE ( 'NONE', *, *, #9785, .F. ) ;
#9078 = ADVANCED_FACE ( 'NONE', ( #2320 ), #8362, .F. ) ;
#9079 = CARTESIAN_POINT ( 'NONE',  ( 0.1310000000000000608, 0.3429467888754760829, 0.1729999999999999871 ) ) ;
#9080 = EDGE_CURVE ( 'NONE', #2518, #9306, #4610, .T. ) ;
#9081 = VERTEX_POINT ( 'NONE', #8451 ) ;
#9082 =( GEOMETRIC_REPRESENTATION_CONTEXT ( 3 ) GLOBAL_UNCERTAINTY_ASSIGNED_CONTEXT ( ( #1498 ) ) GLOBAL_UNIT_ASSIGNED_CONTEXT ( ( #443, #3483, #6511 ) ) REPRESENTATION_CONTEXT ( 'NONE', 'WORKASPACE' ) );
#9083 =( NAMED_UNIT ( * ) SI_UNIT ( $, .STERADIAN. ) SOLID_ANGLE_UNIT ( ) );
#9084 = AXIS2_PLACEMENT_3D ( 'NONE', #5136, #8093, #664 ) ;
#9085 = CARTESIAN_POINT ( 'NONE',  ( -0.3741382288134426082, -0.1775000000000000189, 0.08854822291287117730 ) ) ;
#9086 = DIRECTION ( 'NONE',  ( -0.7071067811865463515, -0.7071067811865486830, 0.000000000000000000 ) ) ;
#9087 = ORIENTED_EDGE ( 'NONE', *, *, #9370, .F. ) ;
#9088 = DIRECTION ( 'NONE',  ( -0.1736481776669273336, 0.000000000000000000, 0.9848077530122085754 ) ) ;
#9089 = ORIENTED_EDGE ( 'NONE', *, *, #8697, .F. ) ;
#9090 = AXIS2_PLACEMENT_3D ( 'NONE', #1411, #2163, #9776 ) ;
#9091 = DIRECTION ( 'NONE',  ( 0.000000000000000000, 0.000000000000000000, 1.000000000000000000 ) ) ;
#9092 = CARTESIAN_POINT ( 'NONE',  ( 0.3499999999999999778, -0.2250000000000000611, 0.004000000000000010492 ) ) ;
#9093 = DIRECTION ( 'NONE',  ( -2.891205793294679017E-15, 0.000000000000000000, 1.000000000000000000 ) ) ;
#9094 = UNCERTAINTY_MEASURE_WITH_UNIT (LENGTH_MEASURE( 1.000000000000000082E-05 ), #7010, 'distance_accuracy_value', 'NONE');
#9095 = VERTEX_POINT ( 'NONE', #7761 ) ;
#9096 = VERTEX_POINT ( 'NONE', #9242 ) ;
#9097 = FILL_AREA_STYLE_COLOUR ( '', #8632 ) ;
#9098 = DIRECTION ( 'NONE',  ( 6.735369260825570315E-17, -1.760146872403420140E-16, -1.000000000000000000 ) ) ;
#9099 = DIRECTION ( 'NONE',  ( 0.000000000000000000, -0.000000000000000000, -1.000000000000000000 ) ) ;
#9100 = AXIS2_PLACEMENT_3D ( 'NONE', #4245, #9518, #2751 ) ;
#9101 = PLANE ( 'NONE',  #7503 ) ;
#9102 = CARTESIAN_POINT ( 'NONE',  ( 0.3642901512833205402, 0.1074999999999999845, 0.09028470468954047368 ) ) ;
#9103 = CIRCLE ( 'NONE', #9741, 0.04999999999999998196 ) ;
#9104 = EDGE_CURVE ( 'NONE', #7187, #8745, #6245, .T. ) ;
#9105 = EDGE_LOOP ( 'NONE', ( #3079, #5464, #6917, #9446 ) ) ;
#9106 = VECTOR ( 'NONE', #8985, 100.0000000000000000 ) ;
#9107 = CARTESIAN_POINT ( 'NONE',  ( -0.3441421356237308604, 0.2498275605729692872, 0.004000000000000010492 ) ) ;
#9108 = ORIENTED_EDGE ( 'NONE', *, *, #3324, .T. ) ;
#9109 = VERTEX_POINT ( 'NONE', #8405 ) ;
#9110 = FACE_OUTER_BOUND ( 'NONE', #1813, .T. ) ;
#9111 = ORIENTED_EDGE ( 'NONE', *, *, #7898, .F. ) ;
#9112 = VECTOR ( 'NONE', #407, 100.0000000000000142 ) ;
#9113 = CARTESIAN_POINT ( 'NONE',  ( 0.1254999999999999727, -0.3750000000000000000, 0.1010000000000000064 ) ) ;
#9114 = PRESENTATION_LAYER_ASSIGNMENT (  '', '', ( #3598 ) ) ;
#9115 = SURFACE_SIDE_STYLE ('',( #1686 ) ) ;
#9116 = EDGE_CURVE ( 'NONE', #6413, #1308, #2475, .T. ) ;
#9117 = FILL_AREA_STYLE_COLOUR ( '', #8325 ) ;
#9118 = CIRCLE ( 'NONE', #7225, 0.04999999999999998890 ) ;
#9119 = DIRECTION ( 'NONE',  ( 1.000000000000000000, 0.000000000000000000, 0.000000000000000000 ) ) ;
#9120 =( GEOMETRIC_REPRESENTATION_CONTEXT ( 3 ) GLOBAL_UNCERTAINTY_ASSIGNED_CONTEXT ( ( #7916 ) ) GLOBAL_UNIT_ASSIGNED_CONTEXT ( ( #7706, #1514, #7608 ) ) REPRESENTATION_CONTEXT ( 'NONE', 'WORKASPACE' ) );
#9121 = VERTEX_POINT ( 'NONE', #1572 ) ;
#9122 = ADVANCED_FACE ( 'NONE', ( #920, #6200 ), #3964, .F. ) ;
#9123 = CARTESIAN_POINT ( 'NONE',  ( 0.1060660171779820998, -0.03535533905932723708, 0.3150000000000001132 ) ) ;
#9124 = FILL_AREA_STYLE_COLOUR ( '', #8509 ) ;
#9125 = DIRECTION ( 'NONE',  ( -2.891205793294679017E-15, 0.000000000000000000, -1.000000000000000000 ) ) ;
#9126 = ORIENTED_EDGE ( 'NONE', *, *, #4302, .F. ) ;
#9127 = AXIS2_PLACEMENT_3D ( 'NONE', #8200, #5789, #1407 ) ;
#9128 = DIRECTION ( 'NONE',  ( 1.000000000000000000, 0.000000000000000000, 0.000000000000000000 ) ) ;
#9129 = DIRECTION ( 'NONE',  ( 6.735369260825571547E-17, -1.760146872403419401E-16, -1.000000000000000000 ) ) ;
#9130 = EDGE_CURVE ( 'NONE', #1159, #4784, #7714, .T. ) ;
#9131 = EDGE_CURVE ( 'NONE', #3725, #2322, #9193, .T. ) ;
#9132 = ORIENTED_EDGE ( 'NONE', *, *, #1553, .T. ) ;
#9133 = LINE ( 'NONE', #3211, #9280 ) ;
#9134 = ORIENTED_EDGE ( 'NONE', *, *, #7864, .F. ) ;
#9135 = PLANE ( 'NONE',  #1511 ) ;
#9136 = CARTESIAN_POINT ( 'NONE',  ( 0.2651650429449547430, 0.3288046532517451270, 0.1879999999999999727 ) ) ;
#9137 = AXIS2_PLACEMENT_3D ( 'NONE', #7567, #6092, #2524 ) ;
#9138 = FILL_AREA_STYLE ('',( #3716 ) ) ;
#9139 = AXIS2_PLACEMENT_3D ( 'NONE', #7819, #3146, #1823 ) ;
#9140 = VERTEX_POINT ( 'NONE', #31 ) ;
#9141 =( GEOMETRIC_REPRESENTATION_CONTEXT ( 3 ) GLOBAL_UNCERTAINTY_ASSIGNED_CONTEXT ( ( #6083 ) ) GLOBAL_UNIT_ASSIGNED_CONTEXT ( ( #8127, #7384, #6663 ) ) REPRESENTATION_CONTEXT ( 'NONE', 'WORKASPACE' ) );
#9142 = VERTEX_POINT ( 'NONE', #3865 ) ;
#9143 = CARTESIAN_POINT ( 'NONE',  ( 0.000000000000000000, 0.1575000000037425074, -0.02999999999953842020 ) ) ;
#9144 = LINE ( 'NONE', #5561, #2949 ) ;
#9145 = CARTESIAN_POINT ( 'NONE',  ( 9.345095648445075991E-18, 0.2899999999999999800, 0.1879999999999999727 ) ) ;
#9146 = ORIENTED_EDGE ( 'NONE', *, *, #3063, .T. ) ;
#9147 = ORIENTED_EDGE ( 'NONE', *, *, #8041, .F. ) ;
#9148 = CARTESIAN_POINT ( 'NONE',  ( 0.2439696961966996425, -0.3500000000000000333, 0.1729999999999999871 ) ) ;
#9149 = CARTESIAN_POINT ( 'NONE',  ( 0.2651650429449547430, 0.3288046532517451825, 0.1879999999999999727 ) ) ;
#9150 = PRESENTATION_LAYER_ASSIGNMENT (  '', '', ( #6491 ) ) ;
#9151 = CARTESIAN_POINT ( 'NONE',  ( 0.2793071785686857544, -0.3500000000000000333, 0.1879999999999999727 ) ) ;
#9152 = DIRECTION ( 'NONE',  ( 0.000000000000000000, 0.000000000000000000, -1.000000000000000000 ) ) ;
#9153 = ORIENTED_EDGE ( 'NONE', *, *, #863, .F. ) ;
#9154 = CARTESIAN_POINT ( 'NONE',  ( -0.3441421356237308604, 0.2498275605729693427, 0.004000000000000005287 ) ) ;
#9155 = VERTEX_POINT ( 'NONE', #4761 ) ;
#9156 = VERTEX_POINT ( 'NONE', #9145 ) ;
#9157 = CARTESIAN_POINT ( 'NONE',  ( 0.3370710678118654657, -0.2427564927611038925, 0.1729999999999999871 ) ) ;
#9158 = ORIENTED_EDGE ( 'NONE', *, *, #7038, .T. ) ;
#9159 = EDGE_CURVE ( 'NONE', #3343, #2407, #6944, .T. ) ;
#9160 = CARTESIAN_POINT ( 'NONE',  ( 2.168404344971008868E-17, 0.000000000000000000, 0.1899909249061693117 ) ) ;
#9161 = DIRECTION ( 'NONE',  ( -0.000000000000000000, -3.290811972840868436E-16, 1.000000000000000000 ) ) ;
#9162 = CARTESIAN_POINT ( 'NONE',  ( -0.3525000000000000355, -0.2425000000000000488, 0.1680000000000000382 ) ) ;
#9163 = CARTESIAN_POINT ( 'NONE',  ( -0.1060660171779822109, 0.03535533905932717463, 0.3000000000000000444 ) ) ;
#9164 = AXIS2_PLACEMENT_3D ( 'NONE', #1038, #2784, #1832 ) ;
#9165 = DIRECTION ( 'NONE',  ( 0.000000000000000000, 0.000000000000000000, 1.000000000000000000 ) ) ;
#9166 = ORIENTED_EDGE ( 'NONE', *, *, #4351, .F. ) ;
#9167 = LINE ( 'NONE', #9766, #9738 ) ;
#9168 = CYLINDRICAL_SURFACE ( 'NONE', #124, 0.02999999999999999195 ) ;
#9169 = SURFACE_SIDE_STYLE ('',( #4638 ) ) ;
#9170 = ADVANCED_FACE ( 'NONE', ( #2371 ), #1620, .F. ) ;
#9171 = ORIENTED_EDGE ( 'NONE', *, *, #453, .T. ) ;
#9172 = PLANE ( 'NONE',  #361 ) ;
#9173 = CIRCLE ( 'NONE', #6192, 0.2300000000000000377 ) ;
#9174 = EDGE_CURVE ( 'NONE', #8419, #6503, #5651, .T. ) ;
#9175 = AXIS2_PLACEMENT_3D ( 'NONE', #4822, #2578, #8468 ) ;
#9176 = CARTESIAN_POINT ( 'NONE',  ( -0.1254999999999999449, -0.3750000000000000000, 0.1129999999999999893 ) ) ;
#9177 = ORIENTED_EDGE ( 'NONE', *, *, #8852, .T. ) ;
#9178 = DIRECTION ( 'NONE',  ( 0.000000000000000000, 0.000000000000000000, -1.000000000000000000 ) ) ;
#9179 = EDGE_CURVE ( 'NONE', #6687, #8818, #4948, .T. ) ;
#9180 = AXIS2_PLACEMENT_3D ( 'NONE', #7412, #7273, #5944 ) ;
#9181 = ORIENTED_EDGE ( 'NONE', *, *, #2779, .T. ) ;
#9182 =( NAMED_UNIT ( * ) PLANE_ANGLE_UNIT ( ) SI_UNIT ( $, .RADIAN. ) );
#9183 = LINE ( 'NONE', #6880, #2139 ) ;
#9184 =( LENGTH_UNIT ( ) NAMED_UNIT ( * ) SI_UNIT ( .CENTI., .METRE. ) );
#9185 = MECHANICAL_DESIGN_GEOMETRIC_PRESENTATION_REPRESENTATION (  '', ( #5885 ), #4936 ) ;
#9186 =( NAMED_UNIT ( * ) PLANE_ANGLE_UNIT ( ) SI_UNIT ( $, .RADIAN. ) );
#9187 = ORIENTED_EDGE ( 'NONE', *, *, #1365, .F. ) ;
#9188 = SURFACE_SIDE_STYLE ('',( #3222 ) ) ;
#9189 = DIRECTION ( 'NONE',  ( 7.311082709388187869E-18, -1.000000000000000000, -1.614397506464334637E-33 ) ) ;
#9190 = STYLED_ITEM ( 'NONE', ( #7080 ), #5091 ) ;
#9191 = CARTESIAN_POINT ( 'NONE',  ( 0.3499999999999999778, -0.1775000000000000189, 0.003999999877501221601 ) ) ;
#9192 = EDGE_CURVE ( 'NONE', #4475, #6693, #7075, .T. ) ;
#9193 = LINE ( 'NONE', #1714, #5682 ) ;
#9194 = AXIS2_PLACEMENT_3D ( 'NONE', #7974, #8670, #6316 ) ;
#9195 =( GEOMETRIC_REPRESENTATION_CONTEXT ( 3 ) GLOBAL_UNCERTAINTY_ASSIGNED_CONTEXT ( ( #3986 ) ) GLOBAL_UNIT_ASSIGNED_CONTEXT ( ( #2220, #7565, #919 ) ) REPRESENTATION_CONTEXT ( 'NONE', 'WORKASPACE' ) );
#9196 = EDGE_LOOP ( 'NONE', ( #882, #4669, #72, #3147 ) ) ;
#9197 = ORIENTED_EDGE ( 'NONE', *, *, #5468, .F. ) ;
#9198 = PLANE ( 'NONE',  #6035 ) ;
#9199 = VECTOR ( 'NONE', #4837, 100.0000000000000000 ) ;
#9200 = ORIENTED_EDGE ( 'NONE', *, *, #6740, .F. ) ;
#9201 = DIRECTION ( 'NONE',  ( 2.180110341413747201E-45, 1.000000000000000000, 6.244080569586447174E-31 ) ) ;
#9202 = ORIENTED_EDGE ( 'NONE', *, *, #3154, .T. ) ;
#9203 = VERTEX_POINT ( 'NONE', #5607 ) ;
#9204 = FILL_AREA_STYLE_COLOUR ( '', #4096 ) ;
#9205 = EDGE_CURVE ( 'NONE', #5911, #9491, #1061, .T. ) ;
#9206 = ORIENTED_EDGE ( 'NONE', *, *, #8180, .F. ) ;
#9207 =( GEOMETRIC_REPRESENTATION_CONTEXT ( 3 ) GLOBAL_UNCERTAINTY_ASSIGNED_CONTEXT ( ( #5725 ) ) GLOBAL_UNIT_ASSIGNED_CONTEXT ( ( #8568, #4075, #7091 ) ) REPRESENTATION_CONTEXT ( 'NONE', 'WORKASPACE' ) );
#9208 = AXIS2_PLACEMENT_3D ( 'NONE', #9657, #5768, #3443 ) ;
#9209 = LINE ( 'NONE', #9259, #6823 ) ;
#9210 = DIRECTION ( 'NONE',  ( 1.000000000000000000, 0.000000000000000000, 0.000000000000000000 ) ) ;
#9211 = EDGE_CURVE ( 'NONE', #9678, #148, #2665, .T. ) ;
#9212 =( LENGTH_UNIT ( ) NAMED_UNIT ( * ) SI_UNIT ( .CENTI., .METRE. ) );
#9213 = CARTESIAN_POINT ( 'NONE',  ( -0.07999999999999998779, -0.3725000000000006084, -2.168404344971008868E-16 ) ) ;
#9214 = CARTESIAN_POINT ( 'NONE',  ( 0.3741382288134425527, 0.1774999999999999911, 0.08854822291287121894 ) ) ;
#9215 = ORIENTED_EDGE ( 'NONE', *, *, #6029, .F. ) ;
#9216 = CARTESIAN_POINT ( 'NONE',  ( -0.2149999999999999134, -0.3725000000000004419, 0.06999999999999984013 ) ) ;
#9217 = ORIENTED_EDGE ( 'NONE', *, *, #405, .F. ) ;
#9218 = CARTESIAN_POINT ( 'NONE',  ( 0.07999999999999998779, 0.3725000000000006084, -2.168404344971008868E-16 ) ) ;
#9219 = DIRECTION ( 'NONE',  ( -0.7071067811865489050, -0.7071067811865461294, 0.000000000000000000 ) ) ;
#9220 = AXIS2_PLACEMENT_3D ( 'NONE', #4003, #1903, #5508 ) ;
#9221 = CARTESIAN_POINT ( 'NONE',  ( 2.168404344971008868E-17, 0.000000000000000000, 0.1900201181342708878 ) ) ;
#9222 = DIRECTION ( 'NONE',  ( -0.9848077530122085754, 0.000000000000000000, -0.1736481776669273336 ) ) ;
#9223 = DIRECTION ( 'NONE',  ( 0.7071067811865487940, -0.7071067811865462405, -0.000000000000000000 ) ) ;
#9224 = PLANE ( 'NONE',  #2135 ) ;
#9225 = AXIS2_PLACEMENT_3D ( 'NONE', #2963, #5985, #8977 ) ;
#9226 = FILL_AREA_STYLE ('',( #2406 ) ) ;
#9227 = ADVANCED_FACE ( 'NONE', ( #278 ), #1762, .F. ) ;
#9228 = ORIENTED_EDGE ( 'NONE', *, *, #4687, .F. ) ;
#9229 = CARTESIAN_POINT ( 'NONE',  ( -0.02616295090390256470, 0.09758073580374342082, 0.4900000000000001577 ) ) ;
#9230 = CARTESIAN_POINT ( 'NONE',  ( -0.3288046532517440723, 0.2651650429449560198, 0.1879999999999999727 ) ) ;
#9231 = AXIS2_PLACEMENT_3D ( 'NONE', #5086, #2198, #3647 ) ;
#9232 = EDGE_LOOP ( 'NONE', ( #1155, #7575, #8561, #1037 ) ) ;
#9233 = FILL_AREA_STYLE ('',( #5402 ) ) ;
#9234 = DIRECTION ( 'NONE',  ( 0.000000000000000000, -1.606956701768064271E-16, 1.000000000000000000 ) ) ;
#9235 = DIRECTION ( 'NONE',  ( 0.000000000000000000, 1.000000000000000000, 9.376883653928678341E-15 ) ) ;
#9236 = SURFACE_STYLE_USAGE ( .BOTH. , #505 ) ;
#9237 = ADVANCED_FACE ( 'NONE', ( #3322 ), #4855, .F. ) ;
#9238 = VERTEX_POINT ( 'NONE', #1158 ) ;
#9239 = LINE ( 'NONE', #6343, #6651 ) ;
#9240 = LINE ( 'NONE', #4759, #262 ) ;
#9241 = EDGE_CURVE ( 'NONE', #826, #4517, #5695, .T. ) ;
#9242 = CARTESIAN_POINT ( 'NONE',  ( 0.2500000000000000000, -0.2449999999999999956, 0.004000000000000007890 ) ) ;
#9243 = VECTOR ( 'NONE', #552, 100.0000000000000000 ) ;
#9244 = ORIENTED_EDGE ( 'NONE', *, *, #7379, .T. ) ;
#9245 = ORIENTED_EDGE ( 'NONE', *, *, #4044, .T. ) ;
#9246 = VECTOR ( 'NONE', #1402, 100.0000000000000000 ) ;
#9247 = CARTESIAN_POINT ( 'NONE',  ( -0.03535533905932736892, -0.1060660171779821415, 0.3000000000000000444 ) ) ;
#9248 = EDGE_CURVE ( 'NONE', #8848, #403, #5839, .T. ) ;
#9249 = AXIS2_PLACEMENT_3D ( 'NONE', #5200, #5941, #6595 ) ;
#9250 = EDGE_LOOP ( 'NONE', ( #5155, #4425, #4712, #6927 ) ) ;
#9251 = CARTESIAN_POINT ( 'NONE',  ( 0.3500000000000000333, 0.03499999999999999639, 0.01399999975500245894 ) ) ;
#9252 = ORIENTED_EDGE ( 'NONE', *, *, #4248, .F. ) ;
#9253 = DIRECTION ( 'NONE',  ( -1.000000000000000000, -1.836909530733565394E-16, 0.000000000000000000 ) ) ;
#9254 = ORIENTED_EDGE ( 'NONE', *, *, #6862, .F. ) ;
#9255 = SURFACE_STYLE_USAGE ( .BOTH. , #9350 ) ;
#9256 = AXIS2_PLACEMENT_3D ( 'NONE', #267, #9325, #2558 ) ;
#9257 = EDGE_LOOP ( 'NONE', ( #9421, #5563, #4414, #6046 ) ) ;
#9258 = AXIS2_PLACEMENT_3D ( 'NONE', #4731, #5624, #7824 ) ;
#9259 = CARTESIAN_POINT ( 'NONE',  ( 0.2356854249492379982, 0.3500000000000000333, 0.1630000000000000060 ) ) ;
#9260 = CARTESIAN_POINT ( 'NONE',  ( 0.3499999999999999778, -0.1074999999999999845, 0.01500000000000001679 ) ) ;
#9261 = DIRECTION ( 'NONE',  ( 0.000000000000000000, 1.000000000000000000, 0.000000000000000000 ) ) ;
#9262 = CARTESIAN_POINT ( 'NONE',  ( -0.3429467888754750282, -0.2793071785686869757, 0.1729999999999999871 ) ) ;
#9263 = VECTOR ( 'NONE', #1752, 100.0000000000000000 ) ;
#9264 = ORIENTED_EDGE ( 'NONE', *, *, #2967, .T. ) ;
#9265 = CARTESIAN_POINT ( 'NONE',  ( -0.1310000000000000331, -0.3725000000411247680, 0.1019349540849361496 ) ) ;
#9266 = VERTEX_POINT ( 'NONE', #8551 ) ;
#9267 = VECTOR ( 'NONE', #5187, 100.0000000000000000 ) ;
#9268 = DIRECTION ( 'NONE',  ( 7.311082709387417497E-18, -1.000000000000000000, 0.000000000000000000 ) ) ;
#9269 = VECTOR ( 'NONE', #4474, 100.0000000000000000 ) ;
#9270 = SURFACE_STYLE_USAGE ( .BOTH. , #206 ) ;
#9271 = LINE ( 'NONE', #8485, #973 ) ;
#9272 = CARTESIAN_POINT ( 'NONE',  ( 0.08500000000000000611, -0.2600000000000000644, 0.004000000000000009624 ) ) ;
#9273 = DIRECTION ( 'NONE',  ( -1.000000000000000000, 0.000000000000000000, 0.000000000000000000 ) ) ;
#9274 = CIRCLE ( 'NONE', #8012, 0.004999999999999969746 ) ;
#9275 = AXIS2_PLACEMENT_3D ( 'NONE', #4525, #5872, #9018 ) ;
#9276 = PRESENTATION_STYLE_ASSIGNMENT (( #6125 ) ) ;
#9277 = ORIENTED_EDGE ( 'NONE', *, *, #4824, .T. ) ;
#9278 = CARTESIAN_POINT ( 'NONE',  ( 1.717674305083495271E-17, -0.3399999999999999689, 0.1729999999999999871 ) ) ;
#9279 = SURFACE_SIDE_STYLE ('',( #3259 ) ) ;
#9280 = VECTOR ( 'NONE', #9773, 100.0000000000000000 ) ;
#9281 = EDGE_CURVE ( 'NONE', #850, #9287, #1858, .T. ) ;
#9282 = ORIENTED_EDGE ( 'NONE', *, *, #8906, .F. ) ;
#9283 = SURFACE_STYLE_FILL_AREA ( #6286 ) ;
#9284 = CARTESIAN_POINT ( 'NONE',  ( 0.2149999999999999134, -0.3725000001233738089, 0.1680000000000000104 ) ) ;
#9285 = SURFACE_STYLE_FILL_AREA ( #3263 ) ;
#9286 = VECTOR ( 'NONE', #1051, 100.0000000000000000 ) ;
#9287 = VERTEX_POINT ( 'NONE', #4155 ) ;
#9288 = CARTESIAN_POINT ( 'NONE',  ( 0.1254999999999999727, 0.3725000000274165668, 0.1019349540849361496 ) ) ;
#9289 = LINE ( 'NONE', #5412, #5639 ) ;
#9290 = CARTESIAN_POINT ( 'NONE',  ( 0.3500000000000000333, 0.000000000000000000, 0.1729999999999999871 ) ) ;
#9291 = ORIENTED_EDGE ( 'NONE', *, *, #9536, .T. ) ;
#9292 = VECTOR ( 'NONE', #2689, 100.0000000000000000 ) ;
#9293 = EDGE_CURVE ( 'NONE', #6810, #2815, #1911, .T. ) ;
#9294 = ORIENTED_EDGE ( 'NONE', *, *, #1166, .T. ) ;
#9295 = DIRECTION ( 'NONE',  ( -0.7071067811865457964, -0.7071067811865492381, 0.000000000000000000 ) ) ;
#9296 =( NAMED_UNIT ( * ) PLANE_ANGLE_UNIT ( ) SI_UNIT ( $, .RADIAN. ) );
#9297 = CARTESIAN_POINT ( 'NONE',  ( 0.2356854249492379982, 0.3500000000000000333, 0.1729999999999999871 ) ) ;
#9298 = ADVANCED_FACE ( 'NONE', ( #5562 ), #4809, .T. ) ;
#9299 = DIRECTION ( 'NONE',  ( -1.000000000000000000, 0.000000000000000000, 0.000000000000000000 ) ) ;
#9300 = ORIENTED_EDGE ( 'NONE', *, *, #8445, .T. ) ;
#9301 = VECTOR ( 'NONE', #7118, 100.0000000000000000 ) ;
#9302 = PLANE ( 'NONE',  #7881 ) ;
#9303 = AXIS2_PLACEMENT_3D ( 'NONE', #7741, #9219, #6416 ) ;
#9304 = ORIENTED_EDGE ( 'NONE', *, *, #3067, .T. ) ;
#9305 = CARTESIAN_POINT ( 'NONE',  ( -0.3642901512833206512, -0.1074999999999999845, 0.09028470468954047368 ) ) ;
#9306 = VERTEX_POINT ( 'NONE', #9176 ) ;
#9307 = ORIENTED_EDGE ( 'NONE', *, *, #5828, .F. ) ;
#9308 = ADVANCED_FACE ( 'NONE', ( #5593 ), #5547, .F. ) ;
#9309 = STYLED_ITEM ( 'NONE', ( #2837 ), #6672 ) ;
#9310 = DIRECTION ( 'NONE',  ( 0.000000000000000000, 1.000000000000000000, 0.000000000000000000 ) ) ;
#9311 = DIRECTION ( 'NONE',  ( -0.000000000000000000, -1.000000000000000000, 0.000000000000000000 ) ) ;
#9312 = DIRECTION ( 'NONE',  ( -1.000000000000000000, 0.000000000000000000, 0.000000000000000000 ) ) ;
#9313 = CARTESIAN_POINT ( 'NONE',  ( 0.3393093023097191741, -0.2394192877970108269, 0.1729999564678304513 ) ) ;
#9314 = VERTEX_POINT ( 'NONE', #3164 ) ;
#9315 = CARTESIAN_POINT ( 'NONE',  ( -0.3574999999999999845, 0.2425000000000000488, 0.1680000000000000382 ) ) ;
#9316 = ORIENTED_EDGE ( 'NONE', *, *, #3766, .F. ) ;
#9317 = FACE_OUTER_BOUND ( 'NONE', #8587, .T. ) ;
#9318 =( NAMED_UNIT ( * ) SI_UNIT ( $, .STERADIAN. ) SOLID_ANGLE_UNIT ( ) );
#9319 = CARTESIAN_POINT ( 'NONE',  ( -1.192622389734053398E-16, 0.07141778489984128286, 0.4999999999999999445 ) ) ;
#9320 = EDGE_CURVE ( 'NONE', #7612, #8915, #6181, .T. ) ;
#9321 = SURFACE_STYLE_FILL_AREA ( #6329 ) ;
#9322 = VECTOR ( 'NONE', #3657, 100.0000000000000000 ) ;
#9323 = DIRECTION ( 'NONE',  ( -1.000000000000000000, 0.000000000000000000, 0.000000000000000000 ) ) ;
#9324 = ORIENTED_EDGE ( 'NONE', *, *, #8884, .T. ) ;
#9325 = DIRECTION ( 'NONE',  ( 0.000000000000000000, 0.000000000000000000, -1.000000000000000000 ) ) ;
#9326 = DIRECTION ( 'NONE',  ( -0.000000000000000000, 1.000000000000000000, -3.491483361109382461E-15 ) ) ;
#9327 = DIRECTION ( 'NONE',  ( -4.864909963427316455E-17, 1.000000000000000000, 2.737953000754034909E-18 ) ) ;
#9328 = FILL_AREA_STYLE_COLOUR ( '', #1918 ) ;
#9329 = STYLED_ITEM ( 'NONE', ( #5699 ), #3413 ) ;
#9330 = ORIENTED_EDGE ( 'NONE', *, *, #534, .T. ) ;
#9331 = DIRECTION ( 'NONE',  ( -0.7071067811865519026, 0.7071067811865431318, 0.000000000000000000 ) ) ;
#9332 = ADVANCED_FACE ( 'NONE', ( #7057 ), #3081, .T. ) ;
#9333 = SURFACE_STYLE_USAGE ( .BOTH. , #2609 ) ;
#9334 = AXIS2_PLACEMENT_3D ( 'NONE', #4766, #9299, #6501 ) ;
#9335 = CARTESIAN_POINT ( 'NONE',  ( -0.2605587312717443371, -0.3575000002467475513, 0.1679999999999998994 ) ) ;
#9336 = EDGE_LOOP ( 'NONE', ( #6400, #818, #2566, #5051 ) ) ;
#9337 = ORIENTED_EDGE ( 'NONE', *, *, #9521, .T. ) ;
#9338 = STYLED_ITEM ( 'NONE', ( #2195 ), #2066 ) ;
#9339 = CARTESIAN_POINT ( 'NONE',  ( 0.2427564927611034207, 0.3370710678118654657, 0.1729999999999999871 ) ) ;
#9340 = FACE_OUTER_BOUND ( 'NONE', #3428, .T. ) ;
#9341 =( NAMED_UNIT ( * ) SI_UNIT ( $, .STERADIAN. ) SOLID_ANGLE_UNIT ( ) );
#9342 = LINE ( 'NONE', #5614, #7139 ) ;
#9343 = ORIENTED_EDGE ( 'NONE', *, *, #1888, .F. ) ;
#9344 = CARTESIAN_POINT ( 'NONE',  ( 0.07999999999999998779, -0.3725000000000007194, -2.168404344971008375E-16 ) ) ;
#9345 = EDGE_CURVE ( 'NONE', #539, #4199, #4613, .T. ) ;
#9346 = ORIENTED_EDGE ( 'NONE', *, *, #8923, .F. ) ;
#9347 = CONICAL_SURFACE ( 'NONE', #3515, 0.1816956969207695061, 0.6457718229302262802 ) ;
#9348 = FACE_OUTER_BOUND ( 'NONE', #43, .T. ) ;
#9349 = ORIENTED_EDGE ( 'NONE', *, *, #395, .F. ) ;
#9350 = SURFACE_SIDE_STYLE ('',( #1026 ) ) ;
#9351 =( GEOMETRIC_REPRESENTATION_CONTEXT ( 3 ) GLOBAL_UNCERTAINTY_ASSIGNED_CONTEXT ( ( #2892 ) ) GLOBAL_UNIT_ASSIGNED_CONTEXT ( ( #8778, #5876, #3648 ) ) REPRESENTATION_CONTEXT ( 'NONE', 'WORKASPACE' ) );
#9352 = EDGE_LOOP ( 'NONE', ( #7328, #6666, #6983, #3121, #8653, #2512, #6660, #7629, #4056, #9244, #2280, #2607, #3248, #3284, #2726, #3156, #8318, #5205 ) ) ;
#9353 = EDGE_CURVE ( 'NONE', #2272, #5243, #3747, .T. ) ;
#9354 = VECTOR ( 'NONE', #5246, 100.0000000000000142 ) ;
#9355 = CARTESIAN_POINT ( 'NONE',  ( 0.3396831083848697586, -0.2250000000000000611, -0.1068564751664359408 ) ) ;
#9356 = CARTESIAN_POINT ( 'NONE',  ( 0.3499999999999999778, 0.1074999999999999845, 0.01500000024499757896 ) ) ;
#9357 = CARTESIAN_POINT ( 'NONE',  ( 0.07071067811865475172, 1.360630357348626929E-16, 0.3150000000000001132 ) ) ;
#9358 = DIRECTION ( 'NONE',  ( 0.7071067811865461294, 0.7071067811865489050, -0.000000000000000000 ) ) ;
#9359 = SURFACE_STYLE_USAGE ( .BOTH. , #6366 ) ;
#9360 = ORIENTED_EDGE ( 'NONE', *, *, #6289, .T. ) ;
#9361 = DIRECTION ( 'NONE',  ( 1.000000000000000000, 0.000000000000000000, 0.000000000000000000 ) ) ;
#9362 = EDGE_CURVE ( 'NONE', #6810, #5429, #6049, .T. ) ;
#9363 = ORIENTED_EDGE ( 'NONE', *, *, #5572, .T. ) ;
#9364 = FACE_OUTER_BOUND ( 'NONE', #313, .T. ) ;
#9365 = COLOUR_RGB ( '',0.6470588235294117974, 0.6196078431372549211, 0.5882352941176470784 ) ;
#9366 = CARTESIAN_POINT ( 'NONE',  ( -0.2651650429449546875, -0.3288046532517451825, 0.1729999999999999871 ) ) ;
#9367 = DIRECTION ( 'NONE',  ( 0.000000000000000000, 0.000000000000000000, -1.000000000000000000 ) ) ;
#9368 = STYLED_ITEM ( 'NONE', ( #2595 ), #1198 ) ;
#9369 = PRESENTATION_STYLE_ASSIGNMENT (( #5632 ) ) ;
#9370 = EDGE_CURVE ( 'NONE', #7439, #7389, #184, .T. ) ;
#9371 = STYLED_ITEM ( 'NONE', ( #1669 ), #4977 ) ;
#9372 = DIRECTION ( 'NONE',  ( 0.000000000000000000, 0.000000000000000000, -1.000000000000000000 ) ) ;
#9373 = DIRECTION ( 'NONE',  ( 0.000000000000000000, -3.423796334774424149E-16, 1.000000000000000000 ) ) ;
#9374 = EDGE_CURVE ( 'NONE', #8849, #9408, #8511, .T. ) ;
#9375 = VECTOR ( 'NONE', #9622, 100.0000000000000000 ) ;
#9376 = ORIENTED_EDGE ( 'NONE', *, *, #3, .T. ) ;
#9377 = CARTESIAN_POINT ( 'NONE',  ( 0.3724999999999999978, 0.2425000000000000488, 0.1680000000000000937 ) ) ;
#9378 = LINE ( 'NONE', #2603, #9762 ) ;
#9379 = AXIS2_PLACEMENT_3D ( 'NONE', #7921, #4173, #1083 ) ;
#9380 = PRESENTATION_STYLE_ASSIGNMENT (( #4800 ) ) ;
#9381 = PRESENTATION_STYLE_ASSIGNMENT (( #6385 ) ) ;
#9382 = CARTESIAN_POINT ( 'NONE',  ( 0.3499999999999999778, -0.1775000000000000189, 0.01500000000000001679 ) ) ;
#9383 = EDGE_CURVE ( 'NONE', #9306, #1172, #6939, .T. ) ;
#9384 = VERTEX_POINT ( 'NONE', #1717 ) ;
#9385 = DIRECTION ( 'NONE',  ( 1.000000000000000000, 0.000000000000000000, 5.421009534293425364E-15 ) ) ;
#9386 = CIRCLE ( 'NONE', #5773, 0.01499999999999999598 ) ;
#9387 = FILL_AREA_STYLE ('',( #1809 ) ) ;
#9388 = EDGE_CURVE ( 'NONE', #3096, #6724, #1668, .T. ) ;
#9389 = CARTESIAN_POINT ( 'NONE',  ( 0.03535533905932773668, -0.1060660171779818778, 0.3150000000000001132 ) ) ;
#9390 = VERTEX_POINT ( 'NONE', #9047 ) ;
#9391 = VERTEX_POINT ( 'NONE', #8456 ) ;
#9392 = CYLINDRICAL_SURFACE ( 'NONE', #7521, 0.01499999999999999598 ) ;
#9393 = DIRECTION ( 'NONE',  ( -1.224646799147353207E-16, 1.000000000000000000, 0.000000000000000000 ) ) ;
#9394 = CARTESIAN_POINT ( 'NONE',  ( 0.1254999999999999727, -0.3725000000000002753, 0.09950000000000017164 ) ) ;
#9395 = VERTEX_POINT ( 'NONE', #4714 ) ;
#9396 = STYLED_ITEM ( 'NONE', ( #3444 ), #4292 ) ;
#9397 = EDGE_CURVE ( 'NONE', #6318, #2509, #3821, .T. ) ;
#9398 = ORIENTED_EDGE ( 'NONE', *, *, #5024, .T. ) ;
#9399 = DIRECTION ( 'NONE',  ( 0.7071067811865461294, 0.7071067811865489050, -7.683492615482358283E-17 ) ) ;
#9400 = UNCERTAINTY_MEASURE_WITH_UNIT (LENGTH_MEASURE( 1.000000000000000082E-05 ), #3626, 'distance_accuracy_value', 'NONE');
#9401 = EDGE_LOOP ( 'NONE', ( #6889, #2330, #1126, #3528 ) ) ;
#9402 = LINE ( 'NONE', #3530, #4287 ) ;
#9403 = ADVANCED_FACE ( 'NONE', ( #6095 ), #6844, .F. ) ;
#9404 = AXIS2_PLACEMENT_3D ( 'NONE', #328, #6498, #9437 ) ;
#9405 = VECTOR ( 'NONE', #9620, 100.0000000000000000 ) ;
#9406 = LINE ( 'NONE', #8669, #686 ) ;
#9407 = DIRECTION ( 'NONE',  ( 0.000000000000000000, -1.000000000000000000, 4.678559327375966378E-16 ) ) ;
#9408 = VERTEX_POINT ( 'NONE', #3870 ) ;
#9409 = CIRCLE ( 'NONE', #8308, 0.02000000000000001082 ) ;
#9410 = FACE_OUTER_BOUND ( 'NONE', #8945, .T. ) ;
#9411 = DIRECTION ( 'NONE',  ( -0.7071067811865474617, 0.7071067811865474617, 0.000000000000000000 ) ) ;
#9412 = VECTOR ( 'NONE', #2760, 100.0000000000000000 ) ;
#9413 = LINE ( 'NONE', #8580, #2020 ) ;
#9414 = CARTESIAN_POINT ( 'NONE',  ( 0.1254999999999999727, 0.3750000000000000000, 0.1010000000000000064 ) ) ;
#9415 = ADVANCED_FACE ( 'NONE', ( #923 ), #1577, .F. ) ;
#9416 = CARTESIAN_POINT ( 'NONE',  ( 0.2793071785686857544, 0.3500000000000000333, 0.1879999999999999727 ) ) ;
#9417 = PRESENTATION_LAYER_ASSIGNMENT (  '', '', ( #5003 ) ) ;
#9418 = CARTESIAN_POINT ( 'NONE',  ( -0.2500000000000000000, 0.2449999999999999956, 0.000000000000000000 ) ) ;
#9419 = ADVANCED_FACE ( 'NONE', ( #6395 ), #327, .F. ) ;
#9420 = CARTESIAN_POINT ( 'NONE',  ( 0.000000000000000000, -0.1900000000000000022, -0.03000000000383805029 ) ) ;
#9421 = ORIENTED_EDGE ( 'NONE', *, *, #5137, .T. ) ;
#9422 =( GEOMETRIC_REPRESENTATION_CONTEXT ( 3 ) GLOBAL_UNCERTAINTY_ASSIGNED_CONTEXT ( ( #875 ) ) GLOBAL_UNIT_ASSIGNED_CONTEXT ( ( #4752, #7943, #3314 ) ) REPRESENTATION_CONTEXT ( 'NONE', 'WORKASPACE' ) );
#9423 = PLANE ( 'NONE',  #7994 ) ;
#9424 = CARTESIAN_POINT ( 'NONE',  ( 0.07141778489984128286, 1.306053729075370178E-16, 0.3150000000000001132 ) ) ;
#9425 = EDGE_CURVE ( 'NONE', #8001, #8479, #6497, .T. ) ;
#9426 =( GEOMETRIC_REPRESENTATION_CONTEXT ( 3 ) GLOBAL_UNCERTAINTY_ASSIGNED_CONTEXT ( ( #383 ) ) GLOBAL_UNIT_ASSIGNED_CONTEXT ( ( #296, #8615, #8472 ) ) REPRESENTATION_CONTEXT ( 'NONE', 'WORKASPACE' ) );
#9427 = LINE ( 'NONE', #3408, #7985 ) ;
#9428 = FILL_AREA_STYLE ('',( #6340 ) ) ;
#9429 = ORIENTED_EDGE ( 'NONE', *, *, #8281, .F. ) ;
#9430 = VECTOR ( 'NONE', #5801, 100.0000000000000000 ) ;
#9431 = DIRECTION ( 'NONE',  ( 1.000000000000000000, 0.000000000000000000, -5.421009534293425364E-15 ) ) ;
#9432 = DIRECTION ( 'NONE',  ( 0.9848077530122085754, 0.000000000000000000, 0.1736481776669270838 ) ) ;
#9433 = DIRECTION ( 'NONE',  ( 1.227642196848865785E-50, -1.000000000000000000, -1.132300070967879485E-31 ) ) ;
#9434 = ORIENTED_EDGE ( 'NONE', *, *, #5516, .F. ) ;
#9435 = VERTEX_POINT ( 'NONE', #4110 ) ;
#9436 = DIRECTION ( 'NONE',  ( 0.000000000000000000, 0.000000000000000000, 1.000000000000000000 ) ) ;
#9437 = DIRECTION ( 'NONE',  ( -1.000000000000000000, 0.000000000000000000, 0.000000000000000000 ) ) ;
#9438 = MECHANICAL_DESIGN_GEOMETRIC_PRESENTATION_REPRESENTATION (  '', ( #3458 ), #1534 ) ;
#9439 = LINE ( 'NONE', #8703, #1602 ) ;
#9440 = CARTESIAN_POINT ( 'NONE',  ( 0.3499999999999999778, 0.1775000000000000189, 0.003999999877501220734 ) ) ;
#9441 = ORIENTED_EDGE ( 'NONE', *, *, #3139, .T. ) ;
#9442 = SURFACE_STYLE_USAGE ( .BOTH. , #1676 ) ;
#9443 = PRESENTATION_LAYER_ASSIGNMENT (  '', '', ( #5042 ) ) ;
#9444 = VERTEX_POINT ( 'NONE', #4859 ) ;
#9445 = DIRECTION ( 'NONE',  ( 0.7071067811865489050, -0.7071067811865461294, 1.720874317173267428E-16 ) ) ;
#9446 = ORIENTED_EDGE ( 'NONE', *, *, #6415, .T. ) ;
#9447 = LINE ( 'NONE', #490, #1588 ) ;
#9448 = SURFACE_STYLE_USAGE ( .BOTH. , #7972 ) ;
#9449 = CYLINDRICAL_SURFACE ( 'NONE', #9526, 0.001000000244997557852 ) ;
#9450 = DIRECTION ( 'NONE',  ( 0.000000000000000000, -0.000000000000000000, 1.000000000000000000 ) ) ;
#9451 = CARTESIAN_POINT ( 'NONE',  ( 0.3300000000000000155, 0.3399999999999999689, 0.1729999999999999871 ) ) ;
#9452 = EDGE_LOOP ( 'NONE', ( #8759, #6201, #7820, #597 ) ) ;
#9453 = DIRECTION ( 'NONE',  ( 0.000000000000000000, 0.000000000000000000, 1.000000000000000000 ) ) ;
#9454 = LINE ( 'NONE', #7189, #4067 ) ;
#9455 = EDGE_CURVE ( 'NONE', #3589, #3784, #9570, .T. ) ;
#9456 =( NAMED_UNIT ( * ) PLANE_ANGLE_UNIT ( ) SI_UNIT ( $, .RADIAN. ) );
#9457 = LINE ( 'NONE', #6520, #3532 ) ;
#9458 = PLANE ( 'NONE',  #4509 ) ;
#9459 = DIRECTION ( 'NONE',  ( 0.000000000000000000, 1.000000000000000000, 0.000000000000000000 ) ) ;
#9460 = EDGE_LOOP ( 'NONE', ( #6218, #7274, #8120, #7964 ) ) ;
#9461 = UNCERTAINTY_MEASURE_WITH_UNIT (LENGTH_MEASURE( 1.000000000000000082E-05 ), #553, 'distance_accuracy_value', 'NONE');
#9462 = FILL_AREA_STYLE_COLOUR ( '', #6045 ) ;
#9463 = CIRCLE ( 'NONE', #2842, 0.001000000244997557852 ) ;
#9464 = LINE ( 'NONE', #7253, #8801 ) ;
#9465 = CYLINDRICAL_SURFACE ( 'NONE', #8440, 0.005000000246747557386 ) ;
#9466 = ORIENTED_EDGE ( 'NONE', *, *, #5918, .F. ) ;
#9467 = DIRECTION ( 'NONE',  ( -5.433049731604327253E-17, -5.433049731604348207E-17, -1.000000000000000000 ) ) ;
#9468 = ADVANCED_FACE ( 'NONE', ( #282 ), #9392, .T. ) ;
#9469 = CARTESIAN_POINT ( 'NONE',  ( 0.2356854249492379982, 0.3500000000000000333, 0.004000000000000010492 ) ) ;
#9470 = AXIS2_PLACEMENT_3D ( 'NONE', #6540, #2157, #9524 ) ;
#9471 = EDGE_CURVE ( 'NONE', #5265, #1064, #2714, .T. ) ;
#9472 = CARTESIAN_POINT ( 'NONE',  ( 0.1310000000000000608, -0.3399999999999999134, 0.1729999999999999871 ) ) ;
#9473 =( NAMED_UNIT ( * ) PLANE_ANGLE_UNIT ( ) SI_UNIT ( $, .RADIAN. ) );
#9474 = PRESENTATION_STYLE_ASSIGNMENT (( #1152 ) ) ;
#9475 = CARTESIAN_POINT ( 'NONE',  ( 0.3725000000000001088, -0.2425000000000000488, 0.1430000000000000437 ) ) ;
#9476 = EDGE_LOOP ( 'NONE', ( #7472, #7653, #7581, #1120, #7408, #3994, #4117, #9316, #3477, #9482, #5469, #8623, #7781, #9755, #8203, #3741, #9252, #9254, #8883, #2178, #128, #5852, #2984, #742, #8375, #7756, #2487, #8173, #5128, #8673 ) ) ;
#9477 = LINE ( 'NONE', #5142, #2208 ) ;
#9478 = EDGE_CURVE ( 'NONE', #1271, #8383, #7810, .T. ) ;
#9479 = FACE_OUTER_BOUND ( 'NONE', #3371, .T. ) ;
#9480 = ORIENTED_EDGE ( 'NONE', *, *, #9293, .T. ) ;
#9481 = EDGE_CURVE ( 'NONE', #1679, #4400, #373, .T. ) ;
#9482 = ORIENTED_EDGE ( 'NONE', *, *, #3212, .T. ) ;
#9483 = CARTESIAN_POINT ( 'NONE',  ( -0.3500000000000000333, -0.03499999999999996864, 0.1729999999999999871 ) ) ;
#9484 = CARTESIAN_POINT ( 'NONE',  ( 1.717674305083495271E-17, -0.3399999999999999689, 0.1879999999999999727 ) ) ;
#9485 = LINE ( 'NONE', #6596, #6848 ) ;
#9486 = VECTOR ( 'NONE', #4614, 100.0000000000000142 ) ;
#9487 = CARTESIAN_POINT ( 'NONE',  ( 0.2780547203178223570, 0.3229860436907429633, 0.1879999999999999727 ) ) ;
#9488 = EDGE_CURVE ( 'NONE', #135, #5705, #1862, .T. ) ;
#9489 = ORIENTED_EDGE ( 'NONE', *, *, #730, .F. ) ;
#9490 = LINE ( 'NONE', #7176, #9576 ) ;
#9491 = VERTEX_POINT ( 'NONE', #5655 ) ;
#9492 = ORIENTED_EDGE ( 'NONE', *, *, #2201, .F. ) ;
#9493 = ORIENTED_EDGE ( 'NONE', *, *, #1111, .F. ) ;
#9494 = DIRECTION ( 'NONE',  ( 0.000000000000000000, -0.000000000000000000, 1.000000000000000000 ) ) ;
#9495 = STYLED_ITEM ( 'NONE', ( #2015 ), #2591 ) ;
#9496 = LINE ( 'NONE', #2731, #8591 ) ;
#9497 = PLANE ( 'NONE',  #4140 ) ;
#9498 = AXIS2_PLACEMENT_3D ( 'NONE', #5036, #9372, #9323 ) ;
#9499 = ORIENTED_EDGE ( 'NONE', *, *, #6149, .F. ) ;
#9500 =( NAMED_UNIT ( * ) SI_UNIT ( $, .STERADIAN. ) SOLID_ANGLE_UNIT ( ) );
#9501 = EDGE_CURVE ( 'NONE', #3971, #5265, #7221, .T. ) ;
#9502 = ORIENTED_EDGE ( 'NONE', *, *, #5751, .F. ) ;
#9503 = CARTESIAN_POINT ( 'NONE',  ( 0.1310000000000000608, 0.3429467888754760829, 0.1729999999999999871 ) ) ;
#9504 = CARTESIAN_POINT ( 'NONE',  ( -0.3393574793692383240, -0.2393170669641905002, 0.1729999395605556767 ) ) ;
#9505 = DIRECTION ( 'NONE',  ( 1.216841899242989572E-16, -1.216841899242984888E-16, -1.000000000000000000 ) ) ;
#9506 = DIRECTION ( 'NONE',  ( -0.000000000000000000, 1.000000000000000000, -0.000000000000000000 ) ) ;
#9507 = STYLED_ITEM ( 'NONE', ( #6974 ), #805 ) ;
#9508 = VERTEX_POINT ( 'NONE', #4057 ) ;
#9509 = CARTESIAN_POINT ( 'NONE',  ( 0.1060660171779820582, -0.03535533905932729259, 0.3150000000000001132 ) ) ;
#9510 = CARTESIAN_POINT ( 'NONE',  ( -0.2149999999999999134, 0.3575000000616871398, 0.06999999999999977074 ) ) ;
#9511 = AXIS2_PLACEMENT_3D ( 'NONE', #2791, #2241, #7345 ) ;
#9512 = LINE ( 'NONE', #7937, #5767 ) ;
#9513 = VERTEX_POINT ( 'NONE', #4906 ) ;
#9514 = VECTOR ( 'NONE', #8914, 100.0000000000000000 ) ;
#9515 =( NAMED_UNIT ( * ) SI_UNIT ( $, .STERADIAN. ) SOLID_ANGLE_UNIT ( ) );
#9516 = CARTESIAN_POINT ( 'NONE',  ( -0.3575000000000001510, 0.2425000000000000488, 0.1430000000000000437 ) ) ;
#9517 = COLOUR_RGB ( '',1.000000000000000000, 1.000000000000000000, 1.000000000000000000 ) ;
#9518 = DIRECTION ( 'NONE',  ( -0.7071067811865461294, -0.7071067811865489050, 7.683492615482358283E-17 ) ) ;
#9519 = PLANE ( 'NONE',  #2459 ) ;
#9520 = DIRECTION ( 'NONE',  ( 0.000000000000000000, -0.8574929257125440962, 0.5144957554275266798 ) ) ;
#9521 = EDGE_CURVE ( 'NONE', #3971, #9395, #4998, .T. ) ;
#9522 = VECTOR ( 'NONE', #1806, 100.0000000000000000 ) ;
#9523 = EDGE_LOOP ( 'NONE', ( #4850, #4991, #8415, #5756, #1269, #7515, #7372, #7418, #5505, #6867, #2447, #1665, #1021, #7028, #9158, #1581, #1868, #637, #2727, #4473, #1459, #301, #7083, #1173, #8182, #4048, #6871, #9337, #8339, #3227, #4567, #481, #15, #8521, #3064, #8378 ) ) ;
#9524 = DIRECTION ( 'NONE',  ( 1.000000000000000000, 2.775557561562890118E-17, 0.000000000000000000 ) ) ;
#9525 = UNCERTAINTY_MEASURE_WITH_UNIT (LENGTH_MEASURE( 1.000000000000000082E-05 ), #8627, 'distance_accuracy_value', 'NONE');
#9526 = AXIS2_PLACEMENT_3D ( 'NONE', #4219, #5019, #3484 ) ;
#9527 = ORIENTED_EDGE ( 'NONE', *, *, #2091, .T. ) ;
#9528 = EDGE_LOOP ( 'NONE', ( #1716, #9636, #2162, #5604 ) ) ;
#9529 = LINE ( 'NONE', #2919, #1351 ) ;
#9530 = CARTESIAN_POINT ( 'NONE',  ( -0.3725000000000001088, -0.2425000000000000488, 0.1730000000000000149 ) ) ;
#9531 = DIRECTION ( 'NONE',  ( -1.548860246407863829E-16, -1.000000000000000000, 0.000000000000000000 ) ) ;
#9532 = EDGE_CURVE ( 'NONE', #5841, #4949, #3419, .T. ) ;
#9533 = DIRECTION ( 'NONE',  ( -0.7071067811865435759, -0.7071067811865515695, -1.008697416034608702E-15 ) ) ;
#9534 = AXIS2_PLACEMENT_3D ( 'NONE', #4077, #6409, #7092 ) ;
#9535 = VERTEX_POINT ( 'NONE', #3471 ) ;
#9536 = EDGE_CURVE ( 'NONE', #8419, #6687, #8746, .T. ) ;
#9537 = PRESENTATION_STYLE_ASSIGNMENT (( #5153 ) ) ;
#9538 = EDGE_LOOP ( 'NONE', ( #5485, #4402 ) ) ;
#9539 = DIRECTION ( 'NONE',  ( 0.000000000000000000, -1.000000000000000000, 0.000000000000000000 ) ) ;
#9540 = ORIENTED_EDGE ( 'NONE', *, *, #3579, .T. ) ;
#9541 = CARTESIAN_POINT ( 'NONE',  ( -0.3509848079942876620, 0.07129477650116627929, 0.01482635177978974296 ) ) ;
#9542 = VERTEX_POINT ( 'NONE', #4158 ) ;
#9543 = AXIS2_PLACEMENT_3D ( 'NONE', #8480, #6170, #202 ) ;
#9544 = ORIENTED_EDGE ( 'NONE', *, *, #4369, .F. ) ;
#9545 = CARTESIAN_POINT ( 'NONE',  ( -0.3370710678118654657, 0.2427564927611038370, 0.1729999999999999871 ) ) ;
#9546 = PLANE ( 'NONE',  #7474 ) ;
#9547 = EDGE_CURVE ( 'NONE', #1709, #9789, #3100, .T. ) ;
#9548 = FILL_AREA_STYLE_COLOUR ( '', #6440 ) ;
#9549 = DIRECTION ( 'NONE',  ( 0.7071067811865474617, 0.7071067811865474617, 0.000000000000000000 ) ) ;
#9550 = DIRECTION ( 'NONE',  ( 0.000000000000000000, 0.000000000000000000, -1.000000000000000000 ) ) ;
#9551 = DIRECTION ( 'NONE',  ( 2.208151064125263996E-16, -1.000000000000000000, 0.000000000000000000 ) ) ;
#9552 = EDGE_LOOP ( 'NONE', ( #3188, #3966, #4904, #636 ) ) ;
#9553 = DIRECTION ( 'NONE',  ( -0.000000000000000000, 0.000000000000000000, 1.000000000000000000 ) ) ;
#9554 = DIRECTION ( 'NONE',  ( 0.000000000000000000, 0.000000000000000000, 1.000000000000000000 ) ) ;
#9555 = AXIS2_PLACEMENT_3D ( 'NONE', #7477, #7625, #8955 ) ;
#9556 = AXIS2_PLACEMENT_3D ( 'NONE', #2052, #8830, #2855 ) ;
#9557 =( LENGTH_UNIT ( ) NAMED_UNIT ( * ) SI_UNIT ( .CENTI., .METRE. ) );
#9558 = CARTESIAN_POINT ( 'NONE',  ( -0.3229860436907419086, -0.2780547203178234672, 0.1879999999999999727 ) ) ;
#9559 = VERTEX_POINT ( 'NONE', #5610 ) ;
#9560 = AXIS2_PLACEMENT_3D ( 'NONE', #7308, #4896, #4246 ) ;
#9561 = SURFACE_SIDE_STYLE ('',( #5230 ) ) ;
#9562 = CARTESIAN_POINT ( 'NONE',  ( 0.3288046532517441278, -0.2651650429449559643, 0.1879999999999999727 ) ) ;
#9563 = SURFACE_STYLE_USAGE ( .BOTH. , #8731 ) ;
#9564 = PRESENTATION_LAYER_ASSIGNMENT (  '', '', ( #1975 ) ) ;
#9565 = PLANE ( 'NONE',  #9556 ) ;
#9566 = VECTOR ( 'NONE', #500, 100.0000000000000000 ) ;
#9567 = AXIS2_PLACEMENT_3D ( 'NONE', #5382, #7733, #8569 ) ;
#9568 = DIRECTION ( 'NONE',  ( 0.000000000000000000, 1.606956701768064271E-16, -1.000000000000000000 ) ) ;
#9569 = SURFACE_SIDE_STYLE ('',( #8277 ) ) ;
#9570 = CIRCLE ( 'NONE', #5650, 0.005000000246747557386 ) ;
#9571 = DIRECTION ( 'NONE',  ( -0.7071067811865489050, 0.7071067811865461294, 0.000000000000000000 ) ) ;
#9572 = ORIENTED_EDGE ( 'NONE', *, *, #1916, .F. ) ;
#9573 = PLANE ( 'NONE',  #9470 ) ;
#9574 = CARTESIAN_POINT ( 'NONE',  ( -0.3514696961967002098, -0.2424999999999999933, 0.1879999999999999727 ) ) ;
#9575 = VECTOR ( 'NONE', #3158, 100.0000000000000000 ) ;
#9576 = VECTOR ( 'NONE', #4265, 100.0000000000000000 ) ;
#9577 = EDGE_CURVE ( 'NONE', #9508, #8398, #1815, .T. ) ;
#9578 = VERTEX_POINT ( 'NONE', #9680 ) ;
#9579 = COLOUR_RGB ( '',1.000000000000000000, 1.000000000000000000, 1.000000000000000000 ) ;
#9580 = ORIENTED_EDGE ( 'NONE', *, *, #2757, .T. ) ;
#9581 = CARTESIAN_POINT ( 'NONE',  ( -0.2651650429449546875, -0.3288046532517451825, 0.1879999999999999727 ) ) ;
#9582 = LINE ( 'NONE', #5893, #5323 ) ;
#9583 = LINE ( 'NONE', #8888, #660 ) ;
#9584 = LINE ( 'NONE', #1961, #8714 ) ;
#9585 = AXIS2_PLACEMENT_3D ( 'NONE', #5209, #8211, #4458 ) ;
#9586 = COLOUR_RGB ( '',1.000000000000000000, 1.000000000000000000, 1.000000000000000000 ) ;
#9587 = ORIENTED_EDGE ( 'NONE', *, *, #9080, .F. ) ;
#9588 = CARTESIAN_POINT ( 'NONE',  ( -0.1255000000000000004, -0.3500000000000000333, 0.1630000000000000060 ) ) ;
#9589 = ORIENTED_EDGE ( 'NONE', *, *, #6164, .T. ) ;
#9590 = DIRECTION ( 'NONE',  ( 0.000000000000000000, 0.000000000000000000, -1.000000000000000000 ) ) ;
#9591 = ORIENTED_EDGE ( 'NONE', *, *, #3926, .F. ) ;
#9592 = EDGE_CURVE ( 'NONE', #6394, #4882, #9103, .T. ) ;
#9593 = ORIENTED_EDGE ( 'NONE', *, *, #5031, .F. ) ;
#9594 = COLOUR_RGB ( '',1.000000000000000000, 1.000000000000000000, 1.000000000000000000 ) ;
#9595 = VERTEX_POINT ( 'NONE', #3714 ) ;
#9596 = ADVANCED_FACE ( 'NONE', ( #525 ), #9630, .T. ) ;
#9597 = CARTESIAN_POINT ( 'NONE',  ( -0.1831611487205008770, 2.243077145087137614E-17, 0.2129999999851861503 ) ) ;
#9598 = PLANE ( 'NONE',  #2960 ) ;
#9599 = CYLINDRICAL_SURFACE ( 'NONE', #9021, 0.05000000000000000278 ) ;
#9600 = VECTOR ( 'NONE', #4984, 100.0000000000000000 ) ;
#9601 = CARTESIAN_POINT ( 'NONE',  ( 0.3441421356237308604, -0.2498275605729692872, 0.004000000000000010492 ) ) ;
#9602 = VERTEX_POINT ( 'NONE', #5102 ) ;
#9603 = DIRECTION ( 'NONE',  ( 0.000000000000000000, 1.000000000000000000, 0.000000000000000000 ) ) ;
#9604 = CARTESIAN_POINT ( 'NONE',  ( -0.3396337102015701825, -0.2386412805409739990, 0.1729999636503325999 ) ) ;
#9605 = EDGE_CURVE ( 'NONE', #2686, #9435, #8158, .T. ) ;
#9606 = DIRECTION ( 'NONE',  ( 0.000000000000000000, 1.000000000000000000, 0.000000000000000000 ) ) ;
#9607 = ORIENTED_EDGE ( 'NONE', *, *, #8364, .F. ) ;
#9608 = EDGE_CURVE ( 'NONE', #1788, #2126, #9529, .T. ) ;
#9609 = CARTESIAN_POINT ( 'NONE',  ( -0.3509848079341076343, -0.03499999999999997558, 0.01482635179121278603 ) ) ;
#9610 = AXIS2_PLACEMENT_3D ( 'NONE', #7836, #306, #635 ) ;
#9611 = CARTESIAN_POINT ( 'NONE',  ( 0.1310000000000000331, -0.3575000000822493029, 0.1019349540849361913 ) ) ;
#9612 = ORIENTED_EDGE ( 'NONE', *, *, #3683, .T. ) ;
#9613 = MECHANICAL_DESIGN_GEOMETRIC_PRESENTATION_REPRESENTATION (  '', ( #4893 ), #3623 ) ;
#9614 = DIRECTION ( 'NONE',  ( 0.000000000000000000, 0.000000000000000000, -1.000000000000000000 ) ) ;
#9615 = CARTESIAN_POINT ( 'NONE',  ( 0.2500000000000000000, -0.2449999999999999956, 0.000000000000000000 ) ) ;
#9616 = VECTOR ( 'NONE', #6617, 100.0000000000000000 ) ;
#9617 = COLOUR_RGB ( '',0.6470588235294117974, 0.6196078431372549211, 0.5882352941176470784 ) ;
#9618 = CARTESIAN_POINT ( 'NONE',  ( 0.3525000000000000355, -0.2425000000000000488, 0.1680000000000000382 ) ) ;
#9619 = ADVANCED_FACE ( 'NONE', ( #5055 ), #3516, .T. ) ;
#9620 = DIRECTION ( 'NONE',  ( 0.1736481760924826201, -1.414993390029876454E-16, -0.9848077532898257269 ) ) ;
#9621 = CARTESIAN_POINT ( 'NONE',  ( -0.3500000000000000333, 0.000000000000000000, 0.01399999975500245894 ) ) ;
#9622 = DIRECTION ( 'NONE',  ( -0.000000000000000000, -1.000000000000000000, -0.000000000000000000 ) ) ;
#9623 = ORIENTED_EDGE ( 'NONE', *, *, #1166, .F. ) ;
#9624 = DIRECTION ( 'NONE',  ( 0.000000000000000000, -0.000000000000000000, -1.000000000000000000 ) ) ;
#9625 = EDGE_CURVE ( 'NONE', #3757, #5705, #2310, .T. ) ;
#9626 = VECTOR ( 'NONE', #760, 100.0000000000000000 ) ;
#9627 = LINE ( 'NONE', #5936, #7707 ) ;
#9628 = ORIENTED_EDGE ( 'NONE', *, *, #8520, .F. ) ;
#9629 = ORIENTED_EDGE ( 'NONE', *, *, #3459, .T. ) ;
#9630 = PLANE ( 'NONE',  #5653 ) ;
#9631 = CARTESIAN_POINT ( 'NONE',  ( 0.1254999999999999727, -0.3500000000000000333, 0.08600000000000000699 ) ) ;
#9632 = CARTESIAN_POINT ( 'NONE',  ( -0.3514696961967002098, 0.2425000000000000488, 0.1729999999999999871 ) ) ;
#9633 = CIRCLE ( 'NONE', #776, 0.01000000000000001409 ) ;
#9634 =( NAMED_UNIT ( * ) PLANE_ANGLE_UNIT ( ) SI_UNIT ( $, .RADIAN. ) );
#9635 = ADVANCED_FACE ( 'NONE', ( #577 ), #7364, .T. ) ;
#9636 = ORIENTED_EDGE ( 'NONE', *, *, #5633, .F. ) ;
#9637 = FACE_OUTER_BOUND ( 'NONE', #6312, .T. ) ;
#9638 = ORIENTED_EDGE ( 'NONE', *, *, #5206, .F. ) ;
#9639 = CARTESIAN_POINT ( 'NONE',  ( -0.2406949267651995461, 0.3386768041623584580, 0.1729999913571935444 ) ) ;
#9640 = EDGE_LOOP ( 'NONE', ( #2745, #3690, #1535, #2865 ) ) ;
#9641 = FACE_OUTER_BOUND ( 'NONE', #1952, .T. ) ;
#9642 = ORIENTED_EDGE ( 'NONE', *, *, #3699, .F. ) ;
#9643 = VERTEX_POINT ( 'NONE', #7462 ) ;
#9644 = VECTOR ( 'NONE', #1273, 100.0000000000000000 ) ;
#9645 = AXIS2_PLACEMENT_3D ( 'NONE', #2997, #6768, #5375 ) ;
#9646 = CARTESIAN_POINT ( 'NONE',  ( 0.3642901512833205402, -0.03499999999999991313, 0.09028470468954055694 ) ) ;
#9647 = FACE_OUTER_BOUND ( 'NONE', #3276, .T. ) ;
#9648 = CARTESIAN_POINT ( 'NONE',  ( -0.2149999999999999689, 0.3524999999999999800, 0.1880000001233737561 ) ) ;
#9649 = EDGE_CURVE ( 'NONE', #8288, #3784, #5794, .T. ) ;
#9650 = AXIS2_PLACEMENT_3D ( 'NONE', #6011, #9550, #5815 ) ;
#9651 = DIRECTION ( 'NONE',  ( -1.000000000000000000, -0.000000000000000000, 0.000000000000000000 ) ) ;
#9652 = ORIENTED_EDGE ( 'NONE', *, *, #854, .F. ) ;
#9653 = CARTESIAN_POINT ( 'NONE',  ( 3.980102097228892192E-18, 0.1575000000000000566, 0.05271330261681254209 ) ) ;
#9654 = EDGE_CURVE ( 'NONE', #9287, #4346, #5842, .T. ) ;
#9655 = ORIENTED_EDGE ( 'NONE', *, *, #6624, .T. ) ;
#9656 = CARTESIAN_POINT ( 'NONE',  ( 0.09758073580374325429, -0.02616295090390196795, 0.4900000000000001577 ) ) ;
#9657 = CARTESIAN_POINT ( 'NONE',  ( 0.2356854249492379982, -0.3500000000000000333, 0.1729999999999999871 ) ) ;
#9658 = ORIENTED_EDGE ( 'NONE', *, *, #3579, .F. ) ;
#9659 = PRESENTATION_LAYER_ASSIGNMENT (  '', '', ( #10 ) ) ;
#9660 = CARTESIAN_POINT ( 'NONE',  ( 0.1149999999999998662, -0.3500000000000000333, 0.06800000000000000488 ) ) ;
#9661 = DIRECTION ( 'NONE',  ( -1.000000000000000000, -7.311082709387417497E-18, 0.000000000000000000 ) ) ;
#9662 = VERTEX_POINT ( 'NONE', #3665 ) ;
#9663 =( LENGTH_UNIT ( ) NAMED_UNIT ( * ) SI_UNIT ( .CENTI., .METRE. ) );
#9664 = EDGE_CURVE ( 'NONE', #3464, #3614, #2973, .T. ) ;
#9665 = CARTESIAN_POINT ( 'NONE',  ( 0.2793071785686857544, -0.3429467888754760829, 0.1729999999999999871 ) ) ;
#9666 = EDGE_CURVE ( 'NONE', #2931, #4185, #2212, .T. ) ;
#9667 = VECTOR ( 'NONE', #9450, 100.0000000000000000 ) ;
#9668 = SURFACE_STYLE_USAGE ( .BOTH. , #4337 ) ;
#9669 = DIRECTION ( 'NONE',  ( 0.000000000000000000, 1.000000000000000000, 0.000000000000000000 ) ) ;
#9670 = PRESENTATION_LAYER_ASSIGNMENT (  '', '', ( #7152 ) ) ;
#9671 = PRESENTATION_LAYER_ASSIGNMENT (  '', '', ( #6384 ) ) ;
#9672 = PLANE ( 'NONE',  #2943 ) ;
#9673 = ADVANCED_FACE ( 'NONE', ( #8249 ), #4255, .T. ) ;
#9674 = VERTEX_POINT ( 'NONE', #8351 ) ;
#9675 = DIRECTION ( 'NONE',  ( -1.000000000000000000, 0.000000000000000000, 0.000000000000000000 ) ) ;
#9676 = CIRCLE ( 'NONE', #1136, 0.04999999999999998196 ) ;
#9677 = STYLED_ITEM ( 'NONE', ( #9369 ), #1127 ) ;
#9678 = VERTEX_POINT ( 'NONE', #8442 ) ;
#9679 = VERTEX_POINT ( 'NONE', #6968 ) ;
#9680 = CARTESIAN_POINT ( 'NONE',  ( -0.2498275605729689264, 0.3441421356237310269, 0.1630000000000000060 ) ) ;
#9681 = DIRECTION ( 'NONE',  ( -1.000000000000000000, 0.000000000000000000, 0.000000000000000000 ) ) ;
#9682 = CARTESIAN_POINT ( 'NONE',  ( -0.2439696961966995037, 0.3500000000000000888, 0.1729999999999999871 ) ) ;
#9683 = PRESENTATION_LAYER_ASSIGNMENT (  '', '', ( #4169 ) ) ;
#9684 = ORIENTED_EDGE ( 'NONE', *, *, #6487, .F. ) ;
#9685 =( NAMED_UNIT ( * ) SI_UNIT ( $, .STERADIAN. ) SOLID_ANGLE_UNIT ( ) );
#9686 = ADVANCED_FACE ( 'NONE', ( #1509 ), #171, .T. ) ;
#9687 = VERTEX_POINT ( 'NONE', #6131 ) ;
#9688 = CIRCLE ( 'NONE', #7953, 0.01999999999999996572 ) ;
#9689 = CARTESIAN_POINT ( 'NONE',  ( -0.2417871515341439848, 0.3379530021977295018, 0.1730000010243324393 ) ) ;
#9690 = ORIENTED_EDGE ( 'NONE', *, *, #7293, .T. ) ;
#9691 = CARTESIAN_POINT ( 'NONE',  ( 0.2149999999999999967, 0.3724999999999999978, 0.1879999999999999727 ) ) ;
#9692 = CARTESIAN_POINT ( 'NONE',  ( -0.2427564927611034207, -0.3370710678118654657, 0.1729999999999999871 ) ) ;
#9693 = ORIENTED_EDGE ( 'NONE', *, *, #8385, .F. ) ;
#9694 = ORIENTED_EDGE ( 'NONE', *, *, #4740, .T. ) ;
#9695 = CARTESIAN_POINT ( 'NONE',  ( 0.2406949267651994906, -0.3386768041623584580, 0.1729999913571936276 ) ) ;
#9696 = FILL_AREA_STYLE ('',( #5017 ) ) ;
#9697 = VECTOR ( 'NONE', #9358, 100.0000000000000142 ) ;
#9698 = PLANE ( 'NONE',  #8394 ) ;
#9699 = EDGE_CURVE ( 'NONE', #2336, #6040, #8788, .T. ) ;
#9700 = CARTESIAN_POINT ( 'NONE',  ( 0.2793071785686857544, 0.3524999999999999800, 0.1879999999999999727 ) ) ;
#9701 = ORIENTED_EDGE ( 'NONE', *, *, #580, .T. ) ;
#9702 = CARTESIAN_POINT ( 'NONE',  ( -0.08000000000000001554, -0.3575000000000004285, 0.06999999999999979849 ) ) ;
#9703 = ORIENTED_EDGE ( 'NONE', *, *, #9478, .T. ) ;
#9704 = FACE_OUTER_BOUND ( 'NONE', #2879, .T. ) ;
#9705 = UNCERTAINTY_MEASURE_WITH_UNIT (LENGTH_MEASURE( 1.000000000000000082E-05 ), #2980, 'distance_accuracy_value', 'NONE');
#9706 = PRESENTATION_LAYER_ASSIGNMENT (  '', '', ( #2119 ) ) ;
#9707 = CARTESIAN_POINT ( 'NONE',  ( -0.2389082749236456082, -0.3394948589294401464, 0.1729999775287096309 ) ) ;
#9708 = ORIENTED_EDGE ( 'NONE', *, *, #2644, .T. ) ;
#9709 = ADVANCED_FACE ( 'NONE', ( #2463 ), #9135, .F. ) ;
#9710 = CARTESIAN_POINT ( 'NONE',  ( 0.3396831083848697586, 0.1774999999999999911, -0.1068564751664359408 ) ) ;
#9711 = CARTESIAN_POINT ( 'NONE',  ( -0.1499999999999999944, -8.274266934669021853E-18, 0.3000000000000000999 ) ) ;
#9712 = ORIENTED_EDGE ( 'NONE', *, *, #5272, .F. ) ;
#9713 = FILL_AREA_STYLE ('',( #2044 ) ) ;
#9714 = DIRECTION ( 'NONE',  ( 0.000000000000000000, 0.000000000000000000, -1.000000000000000000 ) ) ;
#9715 = LINE ( 'NONE', #2955, #4981 ) ;
#9716 = UNCERTAINTY_MEASURE_WITH_UNIT (LENGTH_MEASURE( 1.000000000000000082E-05 ), #547, 'distance_accuracy_value', 'NONE');
#9717 = CARTESIAN_POINT ( 'NONE',  ( -0.1149999999999998662, -0.3500000000000000333, 0.1729999999999999871 ) ) ;
#9718 = COLOUR_RGB ( '',1.000000000000000000, 1.000000000000000000, 1.000000000000000000 ) ;
#9719 = CARTESIAN_POINT ( 'NONE',  ( 0.2356854249492379982, -0.3500000000000000333, 0.1630000000000000060 ) ) ;
#9720 = EDGE_CURVE ( 'NONE', #6514, #9595, #3261, .T. ) ;
#9721 = VECTOR ( 'NONE', #5192, 100.0000000000000000 ) ;
#9722 = ADVANCED_FACE ( 'NONE', ( #1053 ), #7016, .F. ) ;
#9723 = DIRECTION ( 'NONE',  ( 0.000000000000000000, 0.000000000000000000, -1.000000000000000000 ) ) ;
#9724 = PLANE ( 'NONE',  #9225 ) ;
#9725 = MECHANICAL_DESIGN_GEOMETRIC_PRESENTATION_REPRESENTATION (  '', ( #1975 ), #5791 ) ;
#9726 = CIRCLE ( 'NONE', #9084, 0.04700000000000001399 ) ;
#9727 = ORIENTED_EDGE ( 'NONE', *, *, #4296, .F. ) ;
#9728 = DIRECTION ( 'NONE',  ( 0.000000000000000000, -1.000000000000000000, -3.423796334774424642E-16 ) ) ;
#9729 = DIRECTION ( 'NONE',  ( 1.720409151025122665E-16, -6.925359060216257350E-17, -1.000000000000000000 ) ) ;
#9730 = EDGE_CURVE ( 'NONE', #6402, #519, #1849, .T. ) ;
#9731 = AXIS2_PLACEMENT_3D ( 'NONE', #415, #8738, #8690 ) ;
#9732 = MECHANICAL_DESIGN_GEOMETRIC_PRESENTATION_REPRESENTATION (  '', ( #1190 ), #1507 ) ;
#9733 = ORIENTED_EDGE ( 'NONE', *, *, #9174, .F. ) ;
#9734 = CARTESIAN_POINT ( 'NONE',  ( 0.1849999999999999423, 0.3575000000000003175, 0.1019349540849362190 ) ) ;
#9735 = FACE_OUTER_BOUND ( 'NONE', #3364, .T. ) ;
#9736 = PLANE ( 'NONE',  #5190 ) ;
#9737 = ORIENTED_EDGE ( 'NONE', *, *, #1761, .F. ) ;
#9738 = VECTOR ( 'NONE', #1494, 100.0000000000000000 ) ;
#9739 = DIRECTION ( 'NONE',  ( 1.000000000000000000, -7.311082709387417497E-18, 0.000000000000000000 ) ) ;
#9740 = DIRECTION ( 'NONE',  ( 0.000000000000000000, 0.000000000000000000, -1.000000000000000000 ) ) ;
#9741 = AXIS2_PLACEMENT_3D ( 'NONE', #7318, #5892, #2064 ) ;
#9742 = CARTESIAN_POINT ( 'NONE',  ( 0.3500000000000000333, 0.1074999999999999845, 0.1729999999999999871 ) ) ;
#9743 = VERTEX_POINT ( 'NONE', #1804 ) ;
#9744 = ORIENTED_EDGE ( 'NONE', *, *, #1604, .F. ) ;
#9745 = CARTESIAN_POINT ( 'NONE',  ( 0.3525000000000000355, 0.000000000000000000, 0.1729999999999999871 ) ) ;
#9746 = STYLED_ITEM ( 'NONE', ( #29 ), #8140 ) ;
#9747 = FACE_OUTER_BOUND ( 'NONE', #1170, .T. ) ;
#9748 = VECTOR ( 'NONE', #8235, 100.0000000000000142 ) ;
#9749 = AXIS2_PLACEMENT_3D ( 'NONE', #468, #9568, #7262 ) ;
#9750 = CARTESIAN_POINT ( 'NONE',  ( 0.1310000000000000331, 0.3400000000000000244, 0.1729999999999999871 ) ) ;
#9751 = ORIENTED_EDGE ( 'NONE', *, *, #2664, .T. ) ;
#9752 = LINE ( 'NONE', #2941, #8201 ) ;
#9753 = ORIENTED_EDGE ( 'NONE', *, *, #7337, .T. ) ;
#9754 = CARTESIAN_POINT ( 'NONE',  ( -0.3500000000000000333, -0.1074999999999999845, 0.01399999975500243812 ) ) ;
#9755 = ORIENTED_EDGE ( 'NONE', *, *, #287, .F. ) ;
#9756 = DIRECTION ( 'NONE',  ( -1.000000000000000000, 1.776356839400250465E-15, 0.000000000000000000 ) ) ;
#9757 = EDGE_LOOP ( 'NONE', ( #4817, #1992, #3054, #6308 ) ) ;
#9758 = DIRECTION ( 'NONE',  ( -0.1736481776669273336, 0.000000000000000000, -0.9848077530122085754 ) ) ;
#9759 = VERTEX_POINT ( 'NONE', #9472 ) ;
#9760 = DIRECTION ( 'NONE',  ( -0.000000000000000000, -1.000000000000000000, 0.000000000000000000 ) ) ;
#9761 = LINE ( 'NONE', #4331, #1439 ) ;
#9762 = VECTOR ( 'NONE', #5550, 100.0000000000000000 ) ;
#9763 = DIRECTION ( 'NONE',  ( -1.000000000000000000, 0.000000000000000000, 0.000000000000000000 ) ) ;
#9764 = CARTESIAN_POINT ( 'NONE',  ( -0.03323401871576810163, 0.1046518036156088710, 0.5000000000000001110 ) ) ;
#9765 = EDGE_CURVE ( 'NONE', #9602, #6446, #6338, .T. ) ;
#9766 = CARTESIAN_POINT ( 'NONE',  ( 0.03323401871576795591, -0.1046518036156089126, 0.5000000000000001110 ) ) ;
#9767 =( NAMED_UNIT ( * ) PLANE_ANGLE_UNIT ( ) SI_UNIT ( $, .RADIAN. ) );
#9768 = CARTESIAN_POINT ( 'NONE',  ( -0.2356854249492379982, 0.3300000000000000155, 0.1729999999999999871 ) ) ;
#9769 = VECTOR ( 'NONE', #6142, 100.0000000000000000 ) ;
#9770 = ADVANCED_FACE ( 'NONE', ( #2702 ), #5185, .T. ) ;
#9771 = ORIENTED_EDGE ( 'NONE', *, *, #1008, .F. ) ;
#9772 = LINE ( 'NONE', #712, #5393 ) ;
#9773 = DIRECTION ( 'NONE',  ( -6.735369260825570315E-17, 1.760146872403420140E-16, 1.000000000000000000 ) ) ;
#9774 = ADVANCED_FACE ( 'NONE', ( #3460 ), #1704, .F. ) ;
#9775 = ORIENTED_EDGE ( 'NONE', *, *, #5822, .T. ) ;
#9776 = DIRECTION ( 'NONE',  ( -0.7071067811865474617, -0.7071067811865474617, 0.000000000000000000 ) ) ;
#9777 = LINE ( 'NONE', #7705, #8870 ) ;
#9778 = PRESENTATION_STYLE_ASSIGNMENT (( #3909 ) ) ;
#9779 = ADVANCED_FACE ( 'NONE', ( #4393 ), #3505, .T. ) ;
#9780 = AXIS2_PLACEMENT_3D ( 'NONE', #3615, #9739, #8165 ) ;
#9781 = EDGE_LOOP ( 'NONE', ( #3688, #6267, #927, #7374 ) ) ;
#9782 = PLANE ( 'NONE',  #8681 ) ;
#9783 = ORIENTED_EDGE ( 'NONE', *, *, #4654, .T. ) ;
#9784 = CARTESIAN_POINT ( 'NONE',  ( -0.3575000000000000400, -0.2425000000000000488, 0.1680000000000000659 ) ) ;
#9785 = EDGE_CURVE ( 'NONE', #4799, #2124, #513, .T. ) ;
#9786 = DIRECTION ( 'NONE',  ( 0.000000000000000000, -0.000000000000000000, -1.000000000000000000 ) ) ;
#9787 = ORIENTED_EDGE ( 'NONE', *, *, #112, .T. ) ;
#9788 = VECTOR ( 'NONE', #5197, 100.0000000000000000 ) ;
#9789 = VERTEX_POINT ( 'NONE', #2150 ) ;
#9790 = DIRECTION ( 'NONE',  ( -0.9848077530122070211, 0.000000000000000000, 0.1736481776669362154 ) ) ;
#9791 = CARTESIAN_POINT ( 'NONE',  ( 0.03323401871576762978, 0.1046518036156089820, 0.3150000000000000577 ) ) ;
#9792 = FACE_OUTER_BOUND ( 'NONE', #5917, .T. ) ;
#9793 = DIRECTION ( 'NONE',  ( 1.000000000000000000, 0.000000000000000000, -0.000000000000000000 ) ) ;
#9794 = DIRECTION ( 'NONE',  ( 0.000000000000000000, 0.000000000000000000, 1.000000000000000000 ) ) ;
#9795 = ADVANCED_FACE ( 'NONE', ( #8925 ), #5929, .T. ) ;
#9796 = VERTEX_POINT ( 'NONE', #1253 ) ;
#9797 = FACE_OUTER_BOUND ( 'NONE', #3677, .T. ) ;
#9798 = ORIENTED_EDGE ( 'NONE', *, *, #6494, .T. ) ;
#9799 =( NAMED_UNIT ( * ) PLANE_ANGLE_UNIT ( ) SI_UNIT ( $, .RADIAN. ) );
#9800 = VERTEX_POINT ( 'NONE', #5043 ) ;
#9801 = CARTESIAN_POINT ( 'NONE',  ( 0.06999999999999999278, 0.3049999999999999933, 0.06800000000000000488 ) ) ;
#9802 = MECHANICAL_DESIGN_GEOMETRIC_PRESENTATION_REPRESENTATION (  '', ( #3183 ), #1898 ) ;
#9803 = ORIENTED_EDGE ( 'NONE', *, *, #3793, .F. ) ;
ENDSEC;
END-ISO-10303-21;
